"Row_ID","Accounting_Date","Amount","Date_Stamp","Description","JC_Transaction_Type","Transaction_Date","Unit_Cost","Units","Cost_Code","Job","Unique_Job_Number"
"3287","2026-01-10","232.5","2026-01-29","Granulated Sugar 25lb Bag","IV Cost","2026-01-10","23.25","10","57-9000","07009-26-01","07009-26-01-job"
"3295","2026-01-18","93","2026-01-29","Granulated Sugar 25lb Bag","IV Cost","2026-01-18","23.25","4","57-9000","07254-26-01","07254-26-01-job"
"3303","2026-01-24","93","2026-01-29","Granulated Sugar 25lb Bag","IV Cost","2026-01-24","23.25","4","57-9000","07238-26-01","07238-26-01-job"
"4417","2026-01-05","325.6","2026-01-31","DT-EPIC2-110-R140 Stratx, EPIC Gen 2V Detonator Module, R140","IV Cost","2026-01-05","32.56","10","54-8400","07241-26-01","07241-26-01-job"
"5339","2026-02-03","381","2026-02-04","Air Hose yellow Gorilla 3/4 500psi","IV Cost","2026-02-03","5.08","75","47-0250","07147-26-01","07147-26-01-job"
"5368","2026-02-03","1104","2026-02-05","Liner 5"" TT560 Tulsa 4001034","IV Cost","2026-02-03","368","3","58-4000","07223-26-01","07223-26-01-job"
"5494","2026-02-03","19.28","2026-02-04","BREAK CLEANER RED CAN","IV Cost","2026-02-03","4.82","4","47-0810","07201-26-01","07201-26-01-job"
"5563","2026-02-03","119.82","2026-02-04","Dawn Pro 5 gal","IV Cost","2026-02-03","59.91","2","49-0810","07229-26-01","07229-26-01-job"
"5642","2026-02-03","9.68","2026-02-04","2 X 3 XH BLK NIPPLE","IV Cost","2026-02-03","4.84","2","49-0810","07229-26-01","07229-26-01-job"
"5674","2026-02-03","210","2026-02-04","Rig Mat Spiilfyter M-151 poly backed 57x80","IV Cost","2026-02-03","210","1","58-4000","07213-26-01","07213-26-01-job"
"5753","2026-02-03","3692.1","2026-02-04","DRILL PIPE 3.5OD 13.30# DBL WHITE BAND DRILL PIPE","IV Cost","2026-02-03","7.94","465","47-0600","07222-26-01","07222-26-01-job"
"5804","2026-02-03","48.51","2026-02-04","Blade 44 7/8""x1/2""x.020"" 14TPI Morse ZWEP4418MC","IV Cost","2026-02-03","16.17","3","47-0810","07226-26-01","07226-26-01-job"
"5894","2026-02-03","34.56","2026-02-04","Drinking water 16.9 oz bottle","IV Cost","2026-02-03","4.32","8","47-0250","07212-26-01","07212-26-01-job"
"5990","2026-02-03","17","2026-02-04","RAGS (BAG) 10LB t-shirt","IV Cost","2026-02-03","8.5","2","47-0810","07147-26-01","07147-26-01-job"
"6029","2026-02-03","221.85","2026-02-04","Packing 560-680 Pony Rod 5001085","IV Cost","2026-02-03","24.65","9","58-4000","07234-26-01","07234-26-01-job"
"6511","2026-02-04","397.8","2026-02-05","Bolt tension assy Shaker Screen","IV Cost","2026-02-04","66.3","6","47-0810","07211-26-01","07211-26-01-job"
"6542","2026-02-04","47.5","2026-02-05","WD-40 11 oz Spray Can","IV Cost","2026-02-04","9.5","5","48-0810","07241-26-01","07241-26-01-job"
"6717","2026-02-04","7.42","2026-02-05","3/4 X 6 XH BLK NIPPLE","IV Cost","2026-02-04","3.71","2","48-0810","07241-26-01","07241-26-01-job"
"6754","2026-02-04","106","2026-02-05","OIL SOAKS (DIAPERS) BAG","IV Cost","2026-02-04","26.5","4","47-0810","07233-26-01","07233-26-01-job"
"7169","2026-02-05","25.56","2026-02-06","Flourscent Red paint stick","IV Cost","2026-02-05","2.13","12","58-4000","07257-26-01","07257-26-01-job"
"7262","2026-02-05","222","2026-02-06","3/8 Winch Line x 120'","IV Cost","2026-02-05","222","1","58-4000","07232-26-01","07232-26-01-job"
"7355","2026-02-05","1907.98","2026-02-06","Class L API Oilwell Bulk Cement","IV Cost","2026-02-05","237.4","8.037","57-9000","07009-26-01","07009-26-01-job"
"7372","2026-02-05","1584.41","2026-02-06","Class L API Oilwell Bulk Cement","IV Cost","2026-02-05","237.4","6.674","57-9000","07238-26-01","07238-26-01-job"
"7399","2026-02-05","17","2026-02-06","RAGS (BAG) 10LB t-shirt","IV Cost","2026-02-05","8.5","2","47-0810","07211-26-01","07211-26-01-job"
"7499","2026-02-05","7.65","2026-02-06","3"" Alum Male Adapter x Male NPT","IV Cost","2026-02-05","7.65","1","47-4111","07233-26-01","07233-26-01-job"
"7627","2026-02-05","68.22","2026-02-06","shackle 1""","IV Cost","2026-02-05","68.22","1","51-0810","07262-26-01","07262-26-01-job"
"7803","2026-02-06","8.5","2026-02-07","Tape Electrical 3/4"" Wide","IV Cost","2026-02-06",".85","10","47-0810","07232-26-01","07232-26-01-job"
"7865","2026-02-06","34.44","2026-02-07","RV & Marine Antifreeze -75","IV Cost","2026-02-06","5.74","6","58-4000","07171-26-01","07171-26-01-job"
"8644","2026-02-06","174.7","2026-02-07","SAFETY GAS CAN 5 gal","IV Cost","2026-02-06","87.35","2","47-0810","07198-26-01","07198-26-01-job"
"10604","2026-02-11","62.94","2026-02-12","NAPA ANTI FREEZE (1 gal)","IV Cost","2026-02-11","10.49","6","48-0810","07221-26-01","07221-26-01-job"
"10635","2026-02-11","106","2026-02-12","OIL SOAKS (DIAPERS) BAG","IV Cost","2026-02-11","26.5","4","47-0810","07147-26-01","07147-26-01-job"
"10788","2026-02-11","414.08","2026-02-12","Glove Metacarpal Lg","IV Cost","2026-02-11","12.94","32","47-0250","07236-26-01","07236-26-01-job"
"10825","2026-02-11","17.28","2026-02-12","SHADED SAFETY GLASSES","IV Cost","2026-02-11","1.44","12","48-0250","07221-26-01","07221-26-01-job"
"11549","2026-02-12","34.56","2026-02-13","CLEAR SAFETY GLASSES","IV Cost","2026-02-12","1.44","24","47-0250","07230-26-01","07230-26-01-job"
"12600","2026-02-13","86.4","2026-02-14","Wire Rope 9/16""  6x25","IV Cost","2026-02-13","2.88","30","48-0810","07257-26-01","07257-26-01-job"
"12789","2026-01-01","89.43","2026-02-15","DET-3050-009-LS, DET ASSY FOR EXPLOSICE BOLTS","IV Cost","2026-01-01","89.43","1","54-8400","07245-26-01","07245-26-01-job"
"12791","2026-01-05","32.56","2026-02-15","DT-EPIC2-110-R140 Stratx, EPIC Gen 2V Detonator Module, R140","IV Cost","2026-01-05","32.56","1","54-8400","07245-26-01","07245-26-01-job"
"12799","2026-01-06","32.56","2026-02-15","DT-EPIC2-110-R140 Stratx, EPIC Gen 2V Detonator Module, R140","IV Cost","2026-01-06","32.56","1","54-8400","07250-26-01","07250-26-01-job"
"12807","2026-01-07","121.11","2026-02-15","DET-3050-009-E, DETONATOR, 009E, BIG BOOT WITH SPRING","IV Cost","2026-01-07","121.11","1","54-8400","07241-26-01","07241-26-01-job"
"12810","2026-01-08","242.22","2026-02-15","DET-3050-009-E, DETONATOR, 009E, BIG BOOT WITH SPRING","IV Cost","2026-01-08","121.11","2","54-8400","07241-26-01","07241-26-01-job"
"12814","2026-01-09","58.3","2026-02-15","RDX BLACK DET CORD 80 GR","IV Cost","2026-01-09","1.06","55","54-8400","07147-26-01","07147-26-01-job"
"12816","2026-01-12","0","2026-02-14","DT-0425-101 POWER CHARGE IGNITOR W/GROUND CLIP ASS","IV Cost","2026-01-12","0","1","54-8400","07245-26-01","07245-26-01-job"
"12819","2026-01-12","455.84","2026-02-15","DT-EPIC2-110-R140 Stratx, EPIC Gen 2V Detonator Module, R140","IV Cost","2026-01-12","32.56","14","54-8400","07197-26-01","07197-26-01-job"
"12825","2026-01-13","97.68","2026-02-15","DT-EPIC2-110-R140 Stratx, EPIC Gen 2V Detonator Module, R140","IV Cost","2026-01-13","32.56","3","54-8400","07245-26-01","07245-26-01-job"
"12834","2026-01-13","40.72","2026-02-15","A-105, DETONATORS","IV Cost","2026-01-13","40.72","1","54-8400","07187-26-01","07187-26-01-job"
"12836","2026-01-14","357.72","2026-02-15","DET-3050-009-LS, DET ASSY FOR EXPLOSICE BOLTS","IV Cost","2026-01-14","89.43","4","54-8400","07245-26-01","07245-26-01-job"
"12839","2026-01-14","162.8","2026-02-15","DT-EPIC2-110-R140 Stratx, EPIC Gen 2V Detonator Module, R140","IV Cost","2026-01-14","32.56","5","54-8400","07245-26-01","07245-26-01-job"
"12845","2026-01-13","65.12","2026-02-15","DT-EPIC2-110-R140 Stratx, EPIC Gen 2V Detonator Module, R140","IV Cost","2026-01-13","32.56","2","54-8400","07222-26-01","07222-26-01-job"
"12851","2026-01-14","325.6","2026-02-15","DT-EPIC2-110-R140 Stratx, EPIC Gen 2V Detonator Module, R140","IV Cost","2026-01-14","32.56","10","54-8400","07194-26-01","07194-26-01-job"
"12857","2026-01-16","268.29","2026-02-15","DET-3050-009-LS, DET ASSY FOR EXPLOSICE BOLTS","IV Cost","2026-01-16","89.43","3","54-8400","07245-26-01","07245-26-01-job"
"12859","2026-01-16","366.48","2026-02-15","A-105, DETONATORS","IV Cost","2026-01-16","40.72","9","54-8400","07212-26-01","07212-26-01-job"
"12862","2026-01-19","178.86","2026-02-15","DET-3050-009-LS, DET ASSY FOR EXPLOSICE BOLTS","IV Cost","2026-01-19","89.43","2","54-8400","07254-26-01","07254-26-01-job"
"12864","2026-01-21","89.43","2026-02-15","DET-3050-009-LS, DET ASSY FOR EXPLOSICE BOLTS","IV Cost","2026-01-21","89.43","1","54-8400","07245-26-01","07245-26-01-job"
"12866","2026-01-21","89.43","2026-02-15","DET-3050-009-LS, DET ASSY FOR EXPLOSICE BOLTS","IV Cost","2026-01-21","89.43","1","54-8400","07245-26-01","07245-26-01-job"
"12868","2026-01-22","97.68","2026-02-15","DT-EPIC2-110-R140 Stratx, EPIC Gen 2V Detonator Module, R140","IV Cost","2026-01-22","32.56","3","54-8400","07245-26-01","07245-26-01-job"
"13410","2026-01-29","130.24","2026-02-16","DT-EPIC2-110-R140 Stratx, EPIC Gen 2V Detonator Module, R140","IV Cost","2026-01-29","32.56","4","54-8400","07241-26-01","07241-26-01-job"
"13419","2026-01-22","195.36","2026-02-16","DT-EPIC2-110-R140 Stratx, EPIC Gen 2V Detonator Module, R140","IV Cost","2026-01-22","32.56","6","54-8400","07241-26-01","07241-26-01-job"
"13425","2026-01-22","121.11","2026-02-16","DET-3050-009-E, DETONATOR, 009E, BIG BOOT WITH SPRING","IV Cost","2026-01-22","121.11","1","54-8400","07198-26-01","07198-26-01-job"
"13428","2026-01-23","97.68","2026-02-16","DT-EPIC2-110-R140 Stratx, EPIC Gen 2V Detonator Module, R140","IV Cost","2026-01-23","32.56","3","54-8400","07247-26-01","07247-26-01-job"
"13434","2026-01-23","227.92","2026-02-16","DT-EPIC2-110-R140 Stratx, EPIC Gen 2V Detonator Module, R140","IV Cost","2026-01-23","32.56","7","54-8400","07245-26-01","07245-26-01-job"
"13442","2026-01-28","121.11","2026-02-16","DET-3050-009-E, DETONATOR, 009E, BIG BOOT WITH SPRING","IV Cost","2026-01-28","121.11","1","54-8400","07198-26-01","07198-26-01-job"
"13616","2026-02-16","34.56","2026-02-17","CLEAR SAFETY GLASSES","IV Cost","2026-02-16","1.44","24","47-0250","07235-26-01","07235-26-01-job"
"13650","2026-02-16","95.88","2026-02-17","WD-40 11 oz Spray Can","IV Cost","2026-02-16","7.99","12","47-0810","07212-26-01","07212-26-01-job"
"14443","2026-02-18","4641.64","2026-02-19","Class L API Oilwell Bulk Cement","IV Cost","2026-02-18","237.4","19.552","57-9000","07226-26-01","07226-26-01-job"
"14677","2026-02-18","76.5","2026-02-19","2"" x 20' Nylon Sling 2 ply","IV Cost","2026-02-18","38.25","2","47-0250","07235-26-01","07235-26-01-job"
"15585","2026-02-20","298.08","2026-02-21","15W-40 MOTOR OIL GL","IV Cost","2026-02-20","16.56","18","58-4000","07257-26-01","07257-26-01-job"
"16333","2026-02-23","0","2026-02-23","Chain 3/8"" domestic grade 70","IV Cost","2026-02-23","0","100","51-0810","07280-26-01","07280-26-01-job"
"16696","2026-02-24","1.7","2026-02-25","Tape Electrical 3/4"" Wide","IV Cost","2026-02-24",".85","2","47-0810","07230-26-01","07230-26-01-job"
"16768","2026-02-24","63.92","2026-02-25","WD-40 11 oz Spray Can","IV Cost","2026-02-24","7.99","8","58-4000","07271-26-01","07271-26-01-job"
"18655","2026-03-02","31.96","2026-03-03","WD-40 11 oz Spray Can","IV Cost","2026-03-02","7.99","4","47-0810","07147-26-01","07147-26-01-job"
"19184","2026-03-02","10242.86","2026-03-03","Class A API Oilwell Bulk Cement","IV Cost","2026-03-02","237.4000194609","43.146","57-9000","07246-26-01","07246-26-01-job"
"19442","2026-03-02","310.56","2026-03-03","Glove Metacarpal XL","IV Cost","2026-03-02","12.94","24","48-0250","07257-26-01","07257-26-01-job"
"19533","2026-03-02","25.92","2026-03-03","Drinking water 16.9 oz bottle","IV Cost","2026-03-02","4.32","6","47-0250","07240-26-01","07240-26-01-job"
"20513","2026-03-03","2.24","2026-03-04","1/2 X 3/8 FS HEX BUSHING","IV Cost","2026-03-03","1.12","2","47-0810","07267-26-01","07267-26-01-job"
"22719","2026-03-06","106","2026-03-07","OIL SOAKS (DIAPERS) BAG","IV Cost","2026-03-06","26.5","4","47-0810","07147-26-01","07147-26-01-job"
"23535","2026-03-10","8.5","2026-03-11","RAGS (BAG) 10LB t-shirt","IV Cost","2026-03-10","8.5","1","48-0810","07227-26-01","07227-26-01-job"
"23654","2026-03-10","17","2026-03-11","RAGS (BAG) 10LB t-shirt","IV Cost","2026-03-10","8.5","2","47-0810","07147-26-01","07147-26-01-job"
"23794","2026-03-11","2153.46","2026-03-12","Class A API Oilwell Bulk Cement","IV Cost","2026-03-11","237.4","9.071","57-9000","07240-26-01","07240-26-01-job"
"24878","2026-03-11","298.72","2026-03-12","Hose 3"" suction MxF cam  25' pvc","IV Cost","2026-03-11","149.36","2","47-0810","07235-26-01","07235-26-01-job"
"28148","2026-03-16","77.94","2026-03-17","NAPA ANTI FREEZE (1 gal)","IV Cost","2026-03-16","12.99","6","47-0250","07235-26-01","07235-26-01-job"
"29764","2026-03-17","157.56","2026-03-18","ISO/AW-46 HYD OIL","IV Cost","2026-03-17","39.39","4","48-0810","07221-26-01","07221-26-01-job"
"30260","2026-03-18","29.76","2026-03-19","BREAK CLEANER RED CAN","IV Cost","2026-03-18","4.96","6","47-0810","07147-26-01","07147-26-01-job"
"31116","2026-03-19","19.84","2026-03-20","BREAK CLEANER RED CAN","IV Cost","2026-03-19","4.96","4","47-0810","07219-26-01","07219-26-01-job"
"31423","2026-03-20","155.88","2026-03-21","Glove Metacarpal XL","IV Cost","2026-03-20","12.99","12","49-0250","07288-26-01","07288-26-01-job"
"33280","2026-03-24","8814.66","2026-03-25","Class A API Oilwell Bulk Cement","IV Cost","2026-03-24","237.4","37.13","57-9000","07257-26-01","07257-26-01-job"
"33687","2026-03-24","176.32","2026-03-25","Pipe 48"" x 20' Corrugated Galv 16 Ga","IV Cost","2026-03-24","88.16","2","58-4000","07280-26-01","07280-26-01-job"
"34428","2026-03-26","184.38","2026-03-27","3/8 Winch Line","IV Cost","2026-03-26","1.8438","100","47-0810","07267-26-01","07267-26-01-job"
"35727","2026-03-30","210","2026-03-31","Rig Mat Spiilfyter M-151 poly backed 57x80","IV Cost","2026-03-30","210","1","58-4000","07147-26-01","07147-26-01-job"
"36310","2026-03-31","44.64","2026-04-01","Fluid film AS11 11.75oz","IV Cost","2026-03-31","11.16","4","47-0810","07258-26-01","07258-26-01-job"
"36398","2026-03-31","4195.33","2026-04-01","Class A API Oilwell Bulk Cement","IV Cost","2026-03-31","237.4","17.672","57-9000","07274-26-01","07274-26-01-job"
"36412","2026-03-31","3570.5","2026-04-01","Class A API Oilwell Bulk Cement","IV Cost","2026-03-31","237.4","15.04","57-9000","07278-26-01","07278-26-01-job"
"36781","2026-03-31","51.99","2026-04-01","Garbage Bags 60 gal 100/cs 38x58 2 mil","IV Cost","2026-03-31","51.99","1","46-0250","07251-26-01","07251-26-01-job"
"37664","2026-04-02","45.96","2026-04-03","citrus blast cleaning solvent 5 gal pail","IV Cost","2026-04-02","45.96","1","47-0810","07147-26-01","07147-26-01-job"
"37915","2026-04-02","17.28","2026-04-03","Drinking Water 16.9 oz Bottle Case","IV Cost","2026-04-02","4.32","4","48-0250","07227-26-01","07227-26-01-job"
"39293","2026-04-06","24.51","2026-04-07","Starter Fluid NAPA 7212 11oz","IV Cost","2026-04-06","4.085","6","47-0810","07147-26-01","07147-26-01-job"
"39326","2026-04-06","34.56","2026-04-07","Drinking Water 16.9 oz Bottle Case","IV Cost","2026-04-06","4.32","8","48-0250","07266-26-01","07266-26-01-job"
"39814","2026-04-07","128.16","2026-04-09","Tube Grease Wolfhead Red 88301","IV Cost","2026-04-07","4.272","30","47-0810","07266-26-01","07266-26-01-job"
"39877","2026-04-07","93","2026-04-09","Fuel Filter CAT 326-1644","IV Cost","2026-04-07","31","3","47-0810","07299-26-01","07299-26-01-job"
"40229","2026-04-08","209.78","2026-04-09","Pit Liner 6 Mil 40'x100'","IV Cost","2026-04-08","209.78","1","47-4111","07289-26-01","07289-26-01-job"
"40289","2026-04-08","14.22","2026-04-09","Brush Wire Wooden Shoe Handle","IV Cost","2026-04-08","2.37","6","47-0810","07147-26-01","07147-26-01-job"
"41397","2026-04-09","1104","2026-04-10","Liner 5"" TT560 Tulsa 4001034","IV Cost","2026-04-09","368","3","58-4000","07299-26-01","07299-26-01-job"
"41596","2026-04-10","54.81","2026-04-11","Towel Scrim Roll D-570","IV Cost","2026-04-10","54.81","1","48-0250","07293-26-01","07293-26-01-job"
"43943","2026-04-14","7855.09","2026-04-16","Class A API Oilwell Bulk Cement","IV Cost","2026-04-14","237.4","33.088","57-9000","07187-26-01","07187-26-01-job"
"44765","2026-04-15","14728.29","2026-04-16","Class A API Oilwell Bulk Cement","IV Cost","2026-04-15","237.3999734854","62.04","57-9000","07221-26-01","07221-26-01-job"
"46034","2026-04-17","9.48","2026-04-18","Brush Wire Wooden Shoe Handle","IV Cost","2026-04-17","2.37","4","48-0810","07290-26-01","07290-26-01-job"
"46725","2026-04-20","17","2026-04-21","Rags 10# Bag","IV Cost","2026-04-20","8.5","2","47-0810","07147-26-01","07147-26-01-job"
"3288","2026-01-10","93","2026-01-29","Granulated Sugar 25lb Bag","IV Cost","2026-01-10","23.25","4","57-9000","07224-26-01","07224-26-01-job"
"3296","2026-01-18","46.5","2026-01-29","Granulated Sugar 25lb Bag","IV Cost","2026-01-18","23.25","2","57-9000","07250-26-01","07250-26-01-job"
"3304","2026-01-24","93","2026-01-29","Granulated Sugar 25lb Bag","IV Cost","2026-01-24","23.25","4","57-9000","07211-26-01","07211-26-01-job"
"4419","2026-01-05","17.8","2026-01-31","A370010, FIRELINE 17/80 PETN PLASTIC, 500'","IV Cost","2026-01-05",".89","20","54-8400","07241-26-01","07241-26-01-job"
"5340","2026-02-03","310.56","2026-02-04","Glove Metacarpal Lg","IV Cost","2026-02-03","12.94","24","47-0250","07147-26-01","07147-26-01-job"
"5369","2026-02-03","564.6","2026-02-06","15W40 Oil 55gal Drum","IV Cost","2026-02-03","564.6","1","58-4000","07223-26-01","07223-26-01-job"
"5495","2026-02-03","38","2026-02-04","WD-40 11 oz Spray Can","IV Cost","2026-02-03","9.5","4","47-0810","07201-26-01","07201-26-01-job"
"5564","2026-02-03","17","2026-02-04","RAGS (BAG) 10LB t-shirt","IV Cost","2026-02-03","8.5","2","49-0810","07229-26-01","07229-26-01-job"
"5643","2026-02-03","5.81","2026-02-04","2 X 4 XH BLK NIPPLE","IV Cost","2026-02-03","5.81","1","49-0810","07229-26-01","07229-26-01-job"
"5675","2026-02-03","447.54","2026-02-04","Piston Asm 5 X 1.5 Tulsa 4001063","IV Cost","2026-02-03","149.18","3","47-4111","07222-26-01","07222-26-01-job"
"5754","2026-02-03","65.58","2026-02-04","Handle for 8LB Sledge Hammer","IV Cost","2026-02-03","10.93","6","47-0810","07197-26-01","07197-26-01-job"
"5805","2026-02-03","711.86","2026-02-04","Rotary Gear Pump Brown Sharpe 713-2-1","IV Cost","2026-02-03","711.86","1","58-4000","07226-26-01","07226-26-01-job"
"5895","2026-02-03","10.34","2026-02-04","TIE WIRE","IV Cost","2026-02-03","5.17","2","47-0810","07212-26-01","07212-26-01-job"
"5991","2026-02-03","59.91","2026-02-04","Dawn Pro 5 gal","IV Cost","2026-02-03","59.91","1","47-0810","07147-26-01","07147-26-01-job"
"6030","2026-02-03","14.79","2026-02-04","REPLACEMENT HANDLE 4 LB HAMMER","IV Cost","2026-02-03","4.93","3","58-4000","07234-26-01","07234-26-01-job"
"6512","2026-02-04","766.68","2026-02-05","Isolator rubber F/std & JSS shale shaker mounts","IV Cost","2026-02-04","191.67","4","47-0810","07211-26-01","07211-26-01-job"
"6543","2026-02-04","21.48","2026-02-05","Chain & cable Lub (WRL Lube) aerosol spray","IV Cost","2026-02-04","7.16","3","48-0810","07241-26-01","07241-26-01-job"
"6718","2026-02-04","12.76","2026-02-05","GROUND CLAMP 1/2 G4  2-10","IV Cost","2026-02-04","3.19","4","48-0250","07241-26-01","07241-26-01-job"
"6755","2026-02-04","8.1","2026-02-05","Copper Ground Wire #6","IV Cost","2026-02-04","1.35","6","47-0810","07233-26-01","07233-26-01-job"
"7170","2026-02-05","52.86","2026-02-06","Air Brake Antifreeze and Rust Guard M2834","IV Cost","2026-02-05","26.43","2","48-0810","07257-26-01","07257-26-01-job"
"7263","2026-02-05","17","2026-02-06","RAGS (BAG) 10LB t-shirt","IV Cost","2026-02-05","8.5","2","47-0810","07232-26-01","07232-26-01-job"
"7356","2026-02-05","5184.2","2026-02-06","Class L API Oilwell Bulk Cement","IV Cost","2026-02-05","225.4","23","57-9000","07224-26-01","07224-26-01-job"
"7373","2026-02-05","8256.77","2026-02-06","Class L API Oilwell Bulk Cement","IV Cost","2026-02-05","237.4","34.78","57-9000","07211-26-01","07211-26-01-job"
"7400","2026-02-05","43.5","2026-02-06","Long handle flat shovel","IV Cost","2026-02-05","14.5","3","47-0810","07211-26-01","07211-26-01-job"
"7500","2026-02-05","9.7","2026-02-06","3"" Alum Dust Cap","IV Cost","2026-02-05","9.7","1","47-4111","07233-26-01","07233-26-01-job"
"7628","2026-02-05","76.5","2026-02-06","2"" x 20' Nylon Sling 2 ply","IV Cost","2026-02-05","38.25","2","51-0810","07262-26-01","07262-26-01-job"
"7804","2026-02-06","32.92","2026-02-07","3/8"" Sash Cord 100' Roll","IV Cost","2026-02-06","16.46","2","58-4000","07232-26-01","07232-26-01-job"
"7866","2026-02-06","416","2026-02-07","Valve Cover Stud 1501562","IV Cost","2026-02-06","26","16","58-4000","07171-26-01","07171-26-01-job"
"8645","2026-02-06","63.22","2026-02-07","Diesel Conditioner 9600","IV Cost","2026-02-06","9.0314285714","7","47-0810","07198-26-01","07198-26-01-job"
"10605","2026-02-11","39.96","2026-02-12","Rock salt 50# bag","IV Cost","2026-02-11","9.99","4","48-0250","07221-26-01","07221-26-01-job"
"10636","2026-02-11","52.86","2026-02-12","Air Brake Antifreeze and Rust Guard M2834","IV Cost","2026-02-11","26.43","2","47-0810","07147-26-01","07147-26-01-job"
"10789","2026-02-11","51.76","2026-02-12","Glove Metacarpal XL","IV Cost","2026-02-11","12.94","4","47-0250","07236-26-01","07236-26-01-job"
"10826","2026-02-11","17.28","2026-02-12","CLEAR SAFETY GLASSES","IV Cost","2026-02-11","1.44","12","48-0250","07221-26-01","07221-26-01-job"
"11550","2026-02-12","10.38","2026-02-13","DUCT TAPE 2"" X 60 YRD","IV Cost","2026-02-12","3.46","3","47-0810","07230-26-01","07230-26-01-job"
"12601","2026-02-13","447.53","2026-02-14","Piston Asm 5 X 1.5 Tulsa 4001063","IV Cost","2026-02-13","149.175","3","48-4111","07221-26-01","07221-26-01-job"
"12790","2026-01-01","1018.49","2026-02-15","SSC-2000-312, ASSY 2"" SPLIT SHOT 18"" 1200 SEG RDX","IV Cost","2026-01-01","1018.49","1","54-8400","07245-26-01","07245-26-01-job"
"12792","2026-01-05","1.78","2026-02-15","A370010, FIRELINE 17/80 PETN PLASTIC, 500'","IV Cost","2026-01-05",".89","2","54-8400","07245-26-01","07245-26-01-job"
"12800","2026-01-06","1.78","2026-02-15","A370010, FIRELINE 17/80 PETN PLASTIC, 500'","IV Cost","2026-01-06",".89","2","54-8400","07250-26-01","07250-26-01-job"
"12808","2026-01-07","90.95","2026-02-15","CUT-1500-024, SHICK SUB MANDREL 1-1/2"" OD X 24""","IV Cost","2026-01-07","90.95","1","54-8400","07241-26-01","07241-26-01-job"
"12811","2026-01-08","181.9","2026-02-15","CUT-1500-024, SHICK SUB MANDREL 1-1/2"" OD X 24""","IV Cost","2026-01-08","90.95","2","54-8400","07241-26-01","07241-26-01-job"
"12815","2026-01-09","81.44","2026-02-15","A-105, DETONATORS","IV Cost","2026-01-09","40.72","2","54-8400","07147-26-01","07147-26-01-job"
"12817","2026-01-12","0","2026-02-14","PC-3500-201 POWER CHARGE 3 1/2 SHORTY","IV Cost","2026-01-12","0","1","54-8400","07245-26-01","07245-26-01-job"
"12820","2026-01-12","24.92","2026-02-15","A370010, FIRELINE 17/80 PETN PLASTIC, 500'","IV Cost","2026-01-12",".89","28","54-8400","07197-26-01","07197-26-01-job"
"12826","2026-01-13","5.34","2026-02-15","A370010, FIRELINE 17/80 PETN PLASTIC, 500'","IV Cost","2026-01-13",".89","6","54-8400","07245-26-01","07245-26-01-job"
"12835","2026-01-13","31.8","2026-02-15","RDX BLACK DET CORD 80 GR","IV Cost","2026-01-13","1.06","30","54-8400","07187-26-01","07187-26-01-job"
"12837","2026-01-14","3145.92","2026-02-15","SSC-2000-311, ASSY 2"" SPLIT SHOT 18"" 2000 SEG RDX","IV Cost","2026-01-14","1048.64","3","54-8400","07245-26-01","07245-26-01-job"
"12840","2026-01-14","8.9","2026-02-15","A370010, FIRELINE 17/80 PETN PLASTIC, 500'","IV Cost","2026-01-14",".89","10","54-8400","07245-26-01","07245-26-01-job"
"12846","2026-01-13","3.56","2026-02-15","A370010, FIRELINE 17/80 PETN PLASTIC, 500'","IV Cost","2026-01-13",".89","4","54-8400","07222-26-01","07222-26-01-job"
"12852","2026-01-14","17.8","2026-02-15","A370010, FIRELINE 17/80 PETN PLASTIC, 500'","IV Cost","2026-01-14",".89","20","54-8400","07194-26-01","07194-26-01-job"
"12858","2026-01-16","2725.36","2026-02-15","SSC-2000-321, ASSY, 2"" SPLIT SHOT 24"" 2000 SEG RDX","IV Cost","2026-01-16","1362.68","2","54-8400","07245-26-01","07245-26-01-job"
"12860","2026-01-16","24.03","2026-02-15","A370010, FIRELINE 17/80 PETN PLASTIC, 500'","IV Cost","2026-01-16",".89","27","54-8400","07212-26-01","07212-26-01-job"
"12863","2026-01-19","1048.64","2026-02-15","SSC-2000-311, ASSY 2"" SPLIT SHOT 18"" 2000 SEG RDX","IV Cost","2026-01-19","1048.64","1","54-8400","07254-26-01","07254-26-01-job"
"12865","2026-01-21","1362.68","2026-02-15","SSC-2000-321, ASSY, 2"" SPLIT SHOT 24"" 2000 SEG RDX","IV Cost","2026-01-21","1362.68","1","54-8400","07245-26-01","07245-26-01-job"
"12867","2026-01-21","1362.68","2026-02-15","SSC-2000-321, ASSY, 2"" SPLIT SHOT 24"" 2000 SEG RDX","IV Cost","2026-01-21","1362.68","1","54-8400","07245-26-01","07245-26-01-job"
"12869","2026-01-22","5.34","2026-02-15","A370010, FIRELINE 17/80 PETN PLASTIC, 500'","IV Cost","2026-01-22",".89","6","54-8400","07245-26-01","07245-26-01-job"
"13411","2026-01-29","8.01","2026-02-16","A370010, FIRELINE 17/80 PETN PLASTIC, 500'","IV Cost","2026-01-29",".89","9","54-8400","07241-26-01","07241-26-01-job"
"13420","2026-01-22","10.68","2026-02-16","A370010, FIRELINE 17/80 PETN PLASTIC, 500'","IV Cost","2026-01-22",".89","12","54-8400","07241-26-01","07241-26-01-job"
"13426","2026-01-22","90.95","2026-02-16","CUT-1500-024, SHICK SUB MANDREL 1-1/2"" OD X 24""","IV Cost","2026-01-22","90.95","1","54-8400","07198-26-01","07198-26-01-job"
"13429","2026-01-23","5.34","2026-02-16","A370010, FIRELINE 17/80 PETN PLASTIC, 500'","IV Cost","2026-01-23",".89","6","54-8400","07247-26-01","07247-26-01-job"
"13435","2026-01-23","12.46","2026-02-16","A370010, FIRELINE 17/80 PETN PLASTIC, 500'","IV Cost","2026-01-23",".89","14","54-8400","07245-26-01","07245-26-01-job"
"13443","2026-01-28","61.85","2026-02-16","CUT-1500-016, SHOCK SUB MANDREL 1-1/2"" OD X 16""","IV Cost","2026-01-28","61.85","1","54-8400","07198-26-01","07198-26-01-job"
"13617","2026-02-16","34.56","2026-02-17","SHADED SAFETY GLASSES","IV Cost","2026-02-16","1.44","24","47-0250","07235-26-01","07235-26-01-job"
"13651","2026-02-16","28.92","2026-02-17","BREAK CLEANER RED CAN","IV Cost","2026-02-16","4.82","6","47-0810","07212-26-01","07212-26-01-job"
"14444","2026-02-18","46.5","2026-02-19","Granulated Sugar 25lb Bag","IV Cost","2026-02-18","23.25","2","57-9000","07226-26-01","07226-26-01-job"
"14678","2026-02-18","68.22","2026-02-19","shackle 1""","IV Cost","2026-02-18","68.22","1","47-0250","07235-26-01","07235-26-01-job"
"15586","2026-02-20","79.5","2026-02-21","OIL SOAKS (DIAPERS) BAG","IV Cost","2026-02-20","26.5","3","48-0810","07257-26-01","07257-26-01-job"
"16334","2026-02-23","116.88","2026-02-24","Cut 4 Maxi Glove L","IV Cost","2026-02-23","58.44","2","51-0810","07280-26-01","07280-26-01-job"
"16697","2026-02-24","3.46","2026-02-25","DUCT TAPE 2"" X 60 YRD","IV Cost","2026-02-24","3.46","1","47-0810","07230-26-01","07230-26-01-job"
"16769","2026-02-24","38.56","2026-02-25","BREAK CLEANER RED CAN","IV Cost","2026-02-24","4.82","8","49-0810","07271-26-01","07271-26-01-job"
"18656","2026-03-02","28.32","2026-03-03","PB BLASTER","IV Cost","2026-03-02","7.08","4","47-0810","07147-26-01","07147-26-01-job"
"19185","2026-03-02","465","2026-03-03","Granulated Sugar 25lb Bag","IV Cost","2026-03-02","23.25","20","57-9000","07246-26-01","07246-26-01-job"
"19443","2026-03-02","5.44","2026-03-03","Towellette Lens cleaning","IV Cost","2026-03-02","5.44","1","48-0810","07257-26-01","07257-26-01-job"
"19534","2026-03-02","51.99","2026-03-03","Garbage Bags 60 gal 100/cs 38x58 2 mil","IV Cost","2026-03-02","51.99","1","47-0810","07240-26-01","07240-26-01-job"
"20514","2026-03-03","5.34","2026-03-04","3/8 X CLOSE XH BLK NIPPLE","IV Cost","2026-03-03","2.67","2","47-0810","07267-26-01","07267-26-01-job"
"22720","2026-03-06","54.81","2026-03-07","Towel scrim blue Roll D-575","IV Cost","2026-03-06","54.81","1","47-0810","07147-26-01","07147-26-01-job"
"23536","2026-03-10","26.5","2026-03-11","OIL SOAKS (DIAPERS) BAG","IV Cost","2026-03-10","26.5","1","58-4000","07227-26-01","07227-26-01-job"
"23655","2026-03-10","51.99","2026-03-11","Garbage Bags 60 gal 100/cs 38x58 2 mil","IV Cost","2026-03-10","51.99","1","47-0810","07147-26-01","07147-26-01-job"
"23795","2026-03-11","46.5","2026-03-12","Granulated Sugar 25lb Bag","IV Cost","2026-03-11","23.25","2","57-9000","07240-26-01","07240-26-01-job"
"24879","2026-03-11","38.48","2026-03-12","Hinge Weld-On 6"" steel barrel w/grease fitting","IV Cost","2026-03-11","4.81","8","47-0810","07235-26-01","07235-26-01-job"
"28149","2026-03-16","291.2","2026-03-17","ROD GREASE- BOL CU JOINT 50# PL 630050","IV Cost","2026-03-16","145.6","2","47-0250","07235-26-01","07235-26-01-job"
"29765","2026-03-17","201","2026-03-18","TUBE GREASE Wolfhead red 88301","IV Cost","2026-03-17","4.02","50","48-0810","07221-26-01","07221-26-01-job"
"30261","2026-03-18","145.6","2026-03-19","ROD GREASE- BOL CU JOINT 50# PL 630050","IV Cost","2026-03-18","145.6","1","58-4000","07147-26-01","07147-26-01-job"
"31117","2026-03-19","39.39","2026-03-20","ISO/AW-46 HYD OIL","IV Cost","2026-03-19","39.39","1","58-4000","07219-26-01","07219-26-01-job"
"31424","2026-03-20","155.88","2026-03-21","Glove Metacarpal Lg","IV Cost","2026-03-20","12.99","12","49-0250","07288-26-01","07288-26-01-job"
"33281","2026-03-24","93","2026-03-25","Granulated Sugar 25lb Bag","IV Cost","2026-03-24","23.25","4","57-9000","07257-26-01","07257-26-01-job"
"33688","2026-03-24","210","2026-03-25","Screen Shaker 4x5 14 Mesh","IV Cost","2026-03-24","105","2","47-4111","07235-26-01","07235-26-01-job"
"34429","2026-03-26","17.6","2026-03-27","2 X 12 XH BLK NIPPLE","IV Cost","2026-03-26","17.6","1","47-0810","07267-26-01","07267-26-01-job"
"35728","2026-03-30","79.19","2026-03-31","Dawn Pro 5 gal","IV Cost","2026-03-30","79.19","1","47-0810","07147-26-01","07147-26-01-job"
"36311","2026-03-31","22.68","2026-04-01","PB Blaster 16-PB-DS 11oz","IV Cost","2026-03-31","5.67","4","47-0810","07258-26-01","07258-26-01-job"
"36399","2026-03-31","93","2026-04-01","Granulated Sugar 25lb Bag","IV Cost","2026-03-31","23.25","4","57-9000","07274-26-01","07274-26-01-job"
"36782","2026-03-31","105","2026-04-01","Screen Shaker 4x5 14 Mesh","IV Cost","2026-03-31","105","1","58-4000","07251-26-01","07251-26-01-job"
"37665","2026-04-02","192","2026-04-03","Glove Metacarpal XLG orange rubber","IV Cost","2026-04-02","192","1","47-0250","07147-26-01","07147-26-01-job"
"37916","2026-04-02","15.09","2026-04-03","Power Tong Die 3-1/2"" BJ CDI-1505","IV Cost","2026-04-02","5.03","3","48-0810","07227-26-01","07227-26-01-job"
"39294","2026-04-06","8.5","2026-04-07","Tape Electrical 3/4"" Wide","IV Cost","2026-04-06",".85","10","47-0810","07147-26-01","07147-26-01-job"
"39327","2026-04-06","259.8","2026-04-07","Glove Metacarpal Lg","IV Cost","2026-04-06","12.99","20","48-0250","07266-26-01","07266-26-01-job"
"39815","2026-04-07","8.5","2026-04-09","Rags 10# Bag","IV Cost","2026-04-07","8.5","1","47-0810","07266-26-01","07266-26-01-job"
"39878","2026-04-07","57.94","2026-04-09","1R-0749 Fuel Filter (CAT) Air Compressor","IV Cost","2026-04-07","19.3133","3","47-0810","07299-26-01","07299-26-01-job"
"40230","2026-04-08","39.24","2026-04-09","WD-40 11 oz Spray Can","IV Cost","2026-04-08","9.81","4","47-0250","07289-26-01","07289-26-01-job"
"40290","2026-04-08","125","2026-04-09","Cutting Wheel 4-1/2 x .45"" x 7/8""","IV Cost","2026-04-08","2.5","50","47-0810","07147-26-01","07147-26-01-job"
"41398","2026-04-09","447.53","2026-04-10","Piston Asm 5 X 1.5 Tulsa 4001063","IV Cost","2026-04-09","149.1766666667","3","58-4000","07299-26-01","07299-26-01-job"
"41597","2026-04-10","17.28","2026-04-11","Safety Glasses Shaded","IV Cost","2026-04-10","1.44","12","48-0250","07293-26-01","07293-26-01-job"
"43944","2026-04-14","46.5","2026-04-16","Granulated Sugar 25lb Bag","IV Cost","2026-04-14","23.25","2","57-9000","07187-26-01","07187-26-01-job"
"44766","2026-04-15","93","2026-04-16","Granulated Sugar 25lb Bag","IV Cost","2026-04-15","23.25","4","57-9000","07221-26-01","07221-26-01-job"
"46035","2026-04-17","43.2","2026-04-18","Drinking Water 16.9 oz Bottle Case","IV Cost","2026-04-17","4.32","10","48-0250","07290-26-01","07290-26-01-job"
"46726","2026-04-20","25.56","2026-04-21","Paint Stick Fluorescent Red (crayon) Markal 082832","IV Cost","2026-04-20","2.13","12","58-4000","07147-26-01","07147-26-01-job"
"3289","2026-01-10","46.5","2026-01-29","Granulated Sugar 25lb Bag","IV Cost","2026-01-10","23.25","2","57-9000","07229-26-01","07229-26-01-job"
"3297","2026-01-18","93","2026-01-29","Granulated Sugar 25lb Bag","IV Cost","2026-01-18","23.25","4","57-9000","07246-26-01","07246-26-01-job"
"3305","2026-01-24","93","2026-01-29","Granulated Sugar 25lb Bag","IV Cost","2026-01-24","23.25","4","57-9000","07216-26-01","07216-26-01-job"
"4420","2026-01-05","654.8","2026-01-31","GIC31-A06 STRATX CARRIER ASSY, 3.13"" x 19.5"", 6 SHOTS, 60","IV Cost","2026-01-05","65.48","10","54-8400","07241-26-01","07241-26-01-job"
"5341","2026-02-03","51.76","2026-02-04","Glove Metacarpal Med","IV Cost","2026-02-03","12.94","4","47-0250","07147-26-01","07147-26-01-job"
"5370","2026-02-03","798","2026-02-05","80W90 Gear Oil 55gal","IV Cost","2026-02-03","798","1","58-4000","07223-26-01","07223-26-01-job"
"5496","2026-02-03","1104","2026-02-04","Liner 5"" TT560 Tulsa 4001034","IV Cost","2026-02-03","368","3","47-4111","07201-26-01","07201-26-01-job"
"5565","2026-02-03","115.68","2026-02-04","BREAK CLEANER RED CAN","IV Cost","2026-02-03","4.82","24","49-0810","07229-26-01","07229-26-01-job"
"5644","2026-02-03","14.7","2026-02-04","2 X 5 XH BLK NIPPLE","IV Cost","2026-02-03","7.35","2","49-0810","07229-26-01","07229-26-01-job"
"5676","2026-02-03","51.99","2026-02-04","Garbage Bags 60 gal 100/cs 38x58 2 mil","IV Cost","2026-02-03","51.99","1","47-0810","07222-26-01","07222-26-01-job"
"5755","2026-02-03","43.5","2026-02-04","Long handle flat shovel","IV Cost","2026-02-03","14.5","3","47-0810","07197-26-01","07197-26-01-job"
"5806","2026-02-03","3.04","2026-02-04","1/2 X 2 XH BLK NIPPLE","IV Cost","2026-02-03","1.52","2","58-4000","07226-26-01","07226-26-01-job"
"5896","2026-02-03","8.5","2026-02-04","Tape Electrical 3/4"" Wide","IV Cost","2026-02-03",".85","10","47-0810","07212-26-01","07212-26-01-job"
"5992","2026-02-03","45.96","2026-02-04","citrus blast cleaning solvent 5 gal pail","IV Cost","2026-02-03","45.96","1","47-0810","07147-26-01","07147-26-01-job"
"6031","2026-02-03","114.66","2026-02-04","36"" J-JAW","IV Cost","2026-02-03","114.66","1","58-4000","07234-26-01","07234-26-01-job"
"6513","2026-02-04","145.6","2026-02-05","ROD GREASE- BOL CU JOINT 50# PL 630050","IV Cost","2026-02-04","145.6","1","47-4111","07201-26-01","07201-26-01-job"
"6544","2026-02-04","27.72","2026-02-05","PB BLASTER","IV Cost","2026-02-04","6.93","4","48-0810","07241-26-01","07241-26-01-job"
"6719","2026-02-04","149.88","2026-02-05","15W-40 MOTOR OIL GL","IV Cost","2026-02-04","12.49","12","58-4000","07241-26-01","07241-26-01-job"
"6756","2026-02-04","75.25","2026-02-05","Clamp Wire Rope 5/8"" Crosby G-450","IV Cost","2026-02-04","15.05","5","47-0810","07233-26-01","07233-26-01-job"
"7171","2026-02-05","51.99","2026-02-06","Garbage Bags 60 gal 100/cs 38x58 2 mil","IV Cost","2026-02-05","51.99","1","48-0810","07257-26-01","07257-26-01-job"
"7264","2026-02-05","20.46","2026-02-06","WASHER FLUID 1 gal","IV Cost","2026-02-05","3.41","6","58-4000","07232-26-01","07232-26-01-job"
"7357","2026-02-05","3613.47","2026-02-06","Class L API Oilwell Bulk Cement","IV Cost","2026-02-05","237.4","15.221","57-9000","07224-26-01","07224-26-01-job"
"7374","2026-02-05","8736.56","2026-02-06","Class L API Oilwell Bulk Cement","IV Cost","2026-02-05","237.4","36.801","57-9000","07216-26-01","07216-26-01-job"
"7401","2026-02-05","117.86","2026-02-06","Valve Butterfly 4"" Water Tank","IV Cost","2026-02-05","117.86","1","47-0810","07211-26-01","07211-26-01-job"
"7501","2026-02-05","65.96","2026-02-06","4 X 3 FS HEX BUSHING","IV Cost","2026-02-05","65.96","1","47-4111","07233-26-01","07233-26-01-job"
"7629","2026-02-05","77.64","2026-02-06","Glove Metacarpal Med","IV Cost","2026-02-05","12.94","6","51-0250","07262-26-01","07262-26-01-job"
"7805","2026-02-06","81.56","2026-02-07","SAFETY YELLOW DIESEL CAN 5 GAL","IV Cost","2026-02-06","81.56","1","47-0250","07232-26-01","07232-26-01-job"
"7867","2026-02-06","17","2026-02-07","RAGS (BAG) 10LB t-shirt","IV Cost","2026-02-06","8.5","2","46-0810","07171-26-01","07171-26-01-job"
"8646","2026-02-06","50.1","2026-02-07","ground fault 3 way","IV Cost","2026-02-06","25.05","2","47-0810","07198-26-01","07198-26-01-job"
"10606","2026-02-11","71.81","2026-02-12","5001201 Graphite Packing","IV Cost","2026-02-11","35.90333","2","48-4111","07221-26-01","07221-26-01-job"
"10637","2026-02-11","53.76","2026-02-12","Diesel Conditioner 9600","IV Cost","2026-02-11","8.96","6","47-0810","07147-26-01","07147-26-01-job"
"10790","2026-02-11","13.16","2026-02-12","Starter Fluid","IV Cost","2026-02-11","3.29","4","47-0810","07236-26-01","07236-26-01-job"
"10827","2026-02-11","8.5","2026-02-12","RAGS (BAG) 10LB t-shirt","IV Cost","2026-02-11","8.5","1","48-0810","07221-26-01","07221-26-01-job"
"11551","2026-02-12","17.28","2026-02-13","CLEAR SAFETY GLASSES","IV Cost","2026-02-12","1.44","12","48-0250","07234-26-01","07234-26-01-job"
"12602","2026-02-13","766.68","2026-02-14","Isolator rubber F/std & JSS shale shaker mounts","IV Cost","2026-02-13","191.67","4","48-4111","07221-26-01","07221-26-01-job"
"12793","2026-01-05","65.48","2026-02-15","GIC31-A06 STRATX CARRIER ASSY, 3.13"" x 19.5"", 6 SHOTS, 60","IV Cost","2026-01-05","65.48","1","54-8400","07245-26-01","07245-26-01-job"
"12801","2026-01-06","65.48","2026-02-15","GIC31-A06 STRATX CARRIER ASSY, 3.13"" x 19.5"", 6 SHOTS, 60","IV Cost","2026-01-06","65.48","1","54-8400","07250-26-01","07250-26-01-job"
"12809","2026-01-07","725","2026-02-15","CUT-4500-062NT, CSG CUT, 4 1/2"", NT SEMENT RDX","IV Cost","2026-01-07","725","1","54-8400","07241-26-01","07241-26-01-job"
"12812","2026-01-08","123.7","2026-02-15","CUT-1500-016, SHOCK SUB MANDREL 1-1/2"" OD X 16""","IV Cost","2026-01-08","61.85","2","54-8400","07241-26-01","07241-26-01-job"
"12818","2026-01-12","0","2026-02-14","000-3710-002 4-1/2"" 9.5 13.5# CASING","IV Cost","2026-01-12","0","1","54-8400","07245-26-01","07245-26-01-job"
"12821","2026-01-12","916.72","2026-02-15","GIC31-A06 STRATX CARRIER ASSY, 3.13"" x 19.5"", 6 SHOTS, 60","IV Cost","2026-01-12","65.48","14","54-8400","07197-26-01","07197-26-01-job"
"12827","2026-01-13","196.44","2026-02-15","GIC31-A06 STRATX CARRIER ASSY, 3.13"" x 19.5"", 6 SHOTS, 60","IV Cost","2026-01-13","65.48","3","54-8400","07245-26-01","07245-26-01-job"
"12838","2026-01-14","1362.68","2026-02-15","SSC-2000-321, ASSY, 2"" SPLIT SHOT 24"" 2000 SEG RDX","IV Cost","2026-01-14","1362.68","1","54-8400","07245-26-01","07245-26-01-job"
"12841","2026-01-14","327.4","2026-02-15","GIC31-A06 STRATX CARRIER ASSY, 3.13"" x 19.5"", 6 SHOTS, 60","IV Cost","2026-01-14","65.48","5","54-8400","07245-26-01","07245-26-01-job"
"12847","2026-01-13","130.96","2026-02-15","GIC31-A06 STRATX CARRIER ASSY, 3.13"" x 19.5"", 6 SHOTS, 60","IV Cost","2026-01-13","65.48","2","54-8400","07222-26-01","07222-26-01-job"
"12853","2026-01-14","654.8","2026-02-15","GIC31-A06 STRATX CARRIER ASSY, 3.13"" x 19.5"", 6 SHOTS, 60","IV Cost","2026-01-14","65.48","10","54-8400","07194-26-01","07194-26-01-job"
"12861","2026-01-16","949.5","2026-02-15","STP-1687-301E PERF 1-11/16","IV Cost","2026-01-16","21.1","45","54-8400","07212-26-01","07212-26-01-job"
"12870","2026-01-22","196.44","2026-02-15","GIC31-A06 STRATX CARRIER ASSY, 3.13"" x 19.5"", 6 SHOTS, 60","IV Cost","2026-01-22","65.48","3","54-8400","07245-26-01","07245-26-01-job"
"13412","2026-01-29","261.92","2026-02-16","GIC31-A06 STRATX CARRIER ASSY, 3.13"" x 19.5"", 6 SHOTS, 60","IV Cost","2026-01-29","65.48","4","54-8400","07241-26-01","07241-26-01-job"
"13421","2026-01-22","392.88","2026-02-16","GIC31-A06 STRATX CARRIER ASSY, 3.13"" x 19.5"", 6 SHOTS, 60","IV Cost","2026-01-22","65.48","6","54-8400","07241-26-01","07241-26-01-job"
"13427","2026-01-22","725","2026-02-16","CUT-4500-062NT, CSG CUT, 4 1/2"", NT SEMENT RDX","IV Cost","2026-01-22","725","1","54-8400","07198-26-01","07198-26-01-job"
"13430","2026-01-23","196.44","2026-02-16","GIC31-A06 STRATX CARRIER ASSY, 3.13"" x 19.5"", 6 SHOTS, 60","IV Cost","2026-01-23","65.48","3","54-8400","07247-26-01","07247-26-01-job"
"13436","2026-01-23","458.36","2026-02-16","GIC31-A06 STRATX CARRIER ASSY, 3.13"" x 19.5"", 6 SHOTS, 60","IV Cost","2026-01-23","65.48","7","54-8400","07245-26-01","07245-26-01-job"
"13444","2026-01-28","90.95","2026-02-16","CUT-1500-024, SHICK SUB MANDREL 1-1/2"" OD X 24""","IV Cost","2026-01-28","90.95","1","54-8400","07198-26-01","07198-26-01-job"
"13618","2026-02-16","36.3","2026-02-17","Brush Rig Scrub","IV Cost","2026-02-16","6.05","6","47-0810","07235-26-01","07235-26-01-job"
"13652","2026-02-16","17","2026-02-17","RAGS (BAG) 10LB t-shirt","IV Cost","2026-02-16","8.5","2","47-0810","07212-26-01","07212-26-01-job"
"14445","2026-02-18","580.21","2026-02-19","Class L API Oilwell Bulk Cement","IV Cost","2026-02-18","237.4","2.444","57-9000","07254-26-01","07254-26-01-job"
"14679","2026-02-18","98.75","2026-02-19","round shovel","IV Cost","2026-02-18","19.75","5","47-0250","07235-26-01","07235-26-01-job"
"15587","2026-02-20","17","2026-02-21","RAGS (BAG) 10LB t-shirt","IV Cost","2026-02-20","8.5","2","48-0810","07257-26-01","07257-26-01-job"
"16335","2026-02-23","26.96","2026-02-24","25 ft tape measure","IV Cost","2026-02-23","13.48","2","51-0810","07280-26-01","07280-26-01-job"
"16698","2026-02-24","22.92","2026-02-25","100' tape measure","IV Cost","2026-02-24","22.92","1","47-0810","07230-26-01","07230-26-01-job"
"16770","2026-02-24","218.58","2026-02-25","36"" PIPE WRENCH RIDGID 31035","IV Cost","2026-02-24","218.58","1","58-4000","07271-26-01","07271-26-01-job"
"18657","2026-03-02","19.28","2026-03-03","BREAK CLEANER RED CAN","IV Cost","2026-03-02","4.82","4","47-0810","07147-26-01","07147-26-01-job"
"19186","2026-03-02","3458.92","2026-03-03","Class A API Oilwell Bulk Cement","IV Cost","2026-03-02","237.4000086205","14.57","57-9000","07276-26-01","07276-26-01-job"
"19444","2026-03-02","39.68","2026-03-03","Red Spray Paint Rustoleum 1660830","IV Cost","2026-03-02","6.6133333333","6","48-0810","07257-26-01","07257-26-01-job"
"19535","2026-03-02","8.5","2026-03-03","Tape Electrical 3/4"" Wide","IV Cost","2026-03-02",".85","10","47-0810","07240-26-01","07240-26-01-job"
"20515","2026-03-03","6.32","2026-03-04","1/2 XH BLK MI 90 ELL","IV Cost","2026-03-03","3.16","2","47-0810","07267-26-01","07267-26-01-job"
"22721","2026-03-06","380.13","2026-03-07","Hydraulic oil anti-wear ISO 46 Drum","IV Cost","2026-03-06","380.13","1","58-4000","07147-26-01","07147-26-01-job"
"23537","2026-03-10","8.5","2026-03-11","Tape Electrical 3/4"" Wide","IV Cost","2026-03-10",".85","10","48-0810","07227-26-01","07227-26-01-job"
"23656","2026-03-10","32.92","2026-03-11","3/8"" Sash Cord 100' Roll","IV Cost","2026-03-10","16.46","2","47-0810","07147-26-01","07147-26-01-job"
"23796","2026-03-11","3101.87","2026-03-12","Class A API Oilwell Bulk Cement","IV Cost","2026-03-11","237.4","13.066","57-9000","07255-26-01","07255-26-01-job"
"24880","2026-03-11","113.94","2026-03-12","50' Extension cord 12 gauge w/ground plug","IV Cost","2026-03-11","37.98","3","47-0810","07235-26-01","07235-26-01-job"
"28150","2026-03-16","20.9","2026-03-17","GREASE GUN HOSE","IV Cost","2026-03-16","10.45","2","47-0250","07235-26-01","07235-26-01-job"
"29766","2026-03-17","51.99","2026-03-18","Garbage Bags 60 gal 100/cs 38x58 2 mil","IV Cost","2026-03-17","51.99","1","48-0810","07221-26-01","07221-26-01-job"
"30306","2026-03-18","106","2026-03-19","Soaks Oil (Diapers) Bag 100pcs","IV Cost","2026-03-18","26.5","4","47-0810","07147-26-01","07147-26-01-job"
"31118","2026-03-19","78.66","2026-03-20","NAPA ANTI FREEZE (1 gal)","IV Cost","2026-03-19","13.11","6","47-0810","07219-26-01","07219-26-01-job"
"31425","2026-03-20","64.95","2026-03-21","Glove Metacarpal 2X","IV Cost","2026-03-20","12.99","5","49-0250","07288-26-01","07288-26-01-job"
"33282","2026-03-24","8457.61","2026-03-25","Class A API Oilwell Bulk Cement","IV Cost","2026-03-24","237.4","35.626","57-9000","07250-26-01","07250-26-01-job"
"33689","2026-03-24","14.1","2026-03-25","2"" X 6' Nylon Sling 2 ply","IV Cost","2026-03-24","14.1","1","47-0810","07230-26-01","07230-26-01-job"
"34430","2026-03-26","7.42","2026-03-27","2 X CLOSE XH BLK NIPPLE","IV Cost","2026-03-26","3.71","2","47-0810","07267-26-01","07267-26-01-job"
"35729","2026-03-30","38.8","2026-03-31","PH Strips 100/pk","IV Cost","2026-03-30","19.4","2","58-4000","07147-26-01","07147-26-01-job"
"36312","2026-03-31","8.5","2026-04-01","Tape Electrical 3/4"" Wide","IV Cost","2026-03-31",".85","10","47-0810","07258-26-01","07258-26-01-job"
"36400","2026-03-31","10086.65","2026-04-01","Class A API Oilwell Bulk Cement","IV Cost","2026-03-31","237.4","42.488","57-9000","07240-26-01","07240-26-01-job"
"36783","2026-03-31","53","2026-04-01","Oil Soaks (Diapers) Bag 100pcs","IV Cost","2026-03-31","26.5","2","46-0810","07251-26-01","07251-26-01-job"
"37666","2026-04-02","29.4","2026-04-03","Cleaner hand Zep cherry bomb gal","IV Cost","2026-04-02","29.3975","1","47-0810","07147-26-01","07147-26-01-job"
"37917","2026-04-02","259.8","2026-04-03","Glove Metacarpal Lg","IV Cost","2026-04-02","12.99","20","48-0250","07227-26-01","07227-26-01-job"
"39295","2026-04-06","17","2026-04-07","Rags 10# Bag","IV Cost","2026-04-06","8.5","2","47-0810","07147-26-01","07147-26-01-job"
"39328","2026-04-06","51.96","2026-04-07","Glove Metacarpal Med","IV Cost","2026-04-06","12.99","4","48-0250","07266-26-01","07266-26-01-job"
"39816","2026-04-07","17.28","2026-04-09","Drinking Water 16.9 oz Bottle Case","IV Cost","2026-04-07","4.32","4","47-0250","07266-26-01","07266-26-01-job"
"39879","2026-04-07","55.8","2026-04-09","Fluid film AS11 11.75oz","IV Cost","2026-04-07","11.16","5","47-0810","07299-26-01","07299-26-01-job"
"40231","2026-04-08","19.84","2026-04-09","Break Cleaner Red Can","IV Cost","2026-04-08","4.96","4","47-0250","07289-26-01","07289-26-01-job"
"40291","2026-04-08","7.59","2026-04-09","222 Barrier cream","IV Cost","2026-04-08","2.53","3","47-0250","07147-26-01","07147-26-01-job"
"41399","2026-04-09","210","2026-04-10","Rig Mat Spiilfyter M-151 poly backed 57x80","IV Cost","2026-04-09","210","1","58-4000","07258-26-01","07258-26-01-job"
"41598","2026-04-10","20.5","2026-04-11","8 ft Ground rods","IV Cost","2026-04-10","20.5","1","48-0250","07293-26-01","07293-26-01-job"
"43945","2026-04-14","1684.83","2026-04-16","Class A API Oilwell Bulk Cement","IV Cost","2026-04-14","237.4","7.097","57-9000","07307-26-01","07307-26-01-job"
"44767","2026-04-15","11339.41","2026-04-16","Class A API Oilwell Bulk Cement","IV Cost","2026-04-15","237.3999998485","47.765","57-9000","07239-26-01","07239-26-01-job"
"46036","2026-04-17","30.45","2026-04-18","Bushing 3"" x 2"" FS Hex","IV Cost","2026-04-17","30.45","1","58-4000","07300-26-01","07300-26-01-job"
"46727","2026-04-20","38.28","2026-04-21","Spray Paint White Rustoleum 1692830","IV Cost","2026-04-20","6.38","6","47-0810","07147-26-01","07147-26-01-job"
"3290","2026-01-10","46.5","2026-01-29","Granulated Sugar 25lb Bag","IV Cost","2026-01-10","23.25","2","57-9000","07231-26-01","07231-26-01-job"
"3298","2026-01-18","93","2026-01-29","Granulated Sugar 25lb Bag","IV Cost","2026-01-18","23.25","4","57-9000","07239-26-01","07239-26-01-job"
"3306","2026-01-24","46.5","2026-01-29","Granulated Sugar 25lb Bag","IV Cost","2026-01-24","23.25","2","57-9000","07255-26-01","07255-26-01-job"
"4421","2026-01-05","349.2","2026-01-31","EC2-33A1941 3-1/8"" 3319 BASIX GH, RDX","IV Cost","2026-01-05","5.82","60","54-8400","07241-26-01","07241-26-01-job"
"5342","2026-02-03","77.56","2026-02-04","Weed Burner Torch & Hose for Propane","IV Cost","2026-02-03","38.78","2","47-0810","07147-26-01","07147-26-01-job"
"5371","2026-02-03","986.28","2026-02-05","Valve Asm TT560  4001181","IV Cost","2026-02-03","328.76","3","58-4000","07223-26-01","07223-26-01-job"
"5497","2026-02-03","25.92","2026-02-04","Drinking water 16.9 oz bottle","IV Cost","2026-02-03","4.32","6","47-0250","07201-26-01","07201-26-01-job"
"5566","2026-02-03","228","2026-02-04","WD-40 11 oz Spray Can","IV Cost","2026-02-03","9.5","24","49-0810","07229-26-01","07229-26-01-job"
"5645","2026-02-03","16.78","2026-02-04","2 X 6 XH BLK NIPPLE","IV Cost","2026-02-03","8.39","2","49-0810","07229-26-01","07229-26-01-job"
"5677","2026-02-03","65.58","2026-02-04","Handle for 8LB Sledge Hammer","IV Cost","2026-02-03","10.93","6","47-0810","07222-26-01","07222-26-01-job"
"5756","2026-02-03","51.76","2026-02-04","Glove Metacarpal Med","IV Cost","2026-02-03","12.94","4","47-0250","07197-26-01","07197-26-01-job"
"5807","2026-02-03","6.32","2026-02-04","1/2 XH BLK MI 90 ELL","IV Cost","2026-02-03","3.16","2","58-4000","07226-26-01","07226-26-01-job"
"5897","2026-02-03","55.73","2026-02-04","Grinding wheel 4-1/2""x1/4""x7/8"" Type 27 20063","IV Cost","2026-02-03","2.2292","25","47-0810","07212-26-01","07212-26-01-job"
"5993","2026-02-03","52.86","2026-02-04","Air Brake Antifreeze and Rust Guard M2834","IV Cost","2026-02-03","26.43","2","47-0810","07147-26-01","07147-26-01-job"
"6032","2026-02-03","325.44","2026-02-04","48"" PIPE WRENCH","IV Cost","2026-02-03","325.44","1","58-4000","07234-26-01","07234-26-01-job"
"6514","2026-02-04","53","2026-02-05","OIL SOAKS (DIAPERS) BAG","IV Cost","2026-02-04","26.5","2","47-0810","07201-26-01","07201-26-01-job"
"6545","2026-02-04","19.28","2026-02-05","BREAK CLEANER RED CAN","IV Cost","2026-02-04","4.82","4","48-0810","07241-26-01","07241-26-01-job"
"6720","2026-02-04","39.96","2026-02-05","PWR SVC Diesel 911     8025","IV Cost","2026-02-04","9.99","4","58-4000","07241-26-01","07241-26-01-job"
"6757","2026-02-04","6.92","2026-02-05","Rebar safety cover DISCA-10","IV Cost","2026-02-04","1.73","4","47-0810","07233-26-01","07233-26-01-job"
"7172","2026-02-05","17","2026-02-06","RAGS (BAG) 10LB t-shirt","IV Cost","2026-02-05","8.5","2","48-0810","07257-26-01","07257-26-01-job"
"7265","2026-02-05","118.17","2026-02-06","ISO/AW-46 HYD OIL","IV Cost","2026-02-05","39.39","3","58-4000","07232-26-01","07232-26-01-job"
"7358","2026-02-05","1004.2","2026-02-06","Class L API Oilwell Bulk Cement","IV Cost","2026-02-05","237.4","4.23","57-9000","07229-26-01","07229-26-01-job"
"7375","2026-02-05","3291.55","2026-02-06","Class L API Oilwell Bulk Cement","IV Cost","2026-02-05","237.4","13.865","57-9000","07255-26-01","07255-26-01-job"
"7402","2026-02-05","597.44","2026-02-06","3"" suction hose F cam x steel strainer 20' pvc","IV Cost","2026-02-05","149.36","4","58-4000","07211-26-01","07211-26-01-job"
"7502","2026-02-05","3.41","2026-02-06","1 X 4 XH BLK NIPPLE","IV Cost","2026-02-05","3.41","1","47-4111","07233-26-01","07233-26-01-job"
"7630","2026-02-05","8.5","2026-02-06","RAGS (BAG) 10LB t-shirt","IV Cost","2026-02-05","8.5","1","51-0810","07262-26-01","07262-26-01-job"
"7806","2026-02-06","19.98","2026-02-07","PWR SVC Diesel 911     8025","IV Cost","2026-02-06","9.99","2","47-0810","07232-26-01","07232-26-01-job"
"7868","2026-02-06","2.67","2026-02-07","3/8 X CLOSE XH BLK NIPPLE","IV Cost","2026-02-06","2.67","1","48-0810","07221-26-01","07221-26-01-job"
"8647","2026-02-06","104.5","2026-02-07","50' Extension cord 12 gauge w/ground plug","IV Cost","2026-02-06","52.25","2","47-0810","07198-26-01","07198-26-01-job"
"10607","2026-02-11","77.08","2026-02-12","Squeegee Floor 24"" Curved wood handle","IV Cost","2026-02-11","38.54","2","48-0810","07221-26-01","07221-26-01-job"
"10638","2026-02-11","585","2026-02-12","Wash Pipe 57679722 RD-20 601633","IV Cost","2026-02-11","585","1","58-4000","07147-26-01","07147-26-01-job"
"10791","2026-02-11","31.96","2026-02-12","WD-40 11 oz Spray Can","IV Cost","2026-02-11","7.99","4","47-0810","07236-26-01","07236-26-01-job"
"10828","2026-02-11","26.5","2026-02-12","OIL SOAKS (DIAPERS) BAG","IV Cost","2026-02-11","26.5","1","48-0810","07221-26-01","07221-26-01-job"
"11552","2026-02-12","17.28","2026-02-13","SHADED SAFETY GLASSES","IV Cost","2026-02-12","1.44","12","48-0250","07234-26-01","07234-26-01-job"
"12603","2026-02-13","132.6","2026-02-14","Bolt tension assy Shaker Screen","IV Cost","2026-02-13","66.3","2","48-4111","07221-26-01","07221-26-01-job"
"12794","2026-01-05","29.1","2026-02-15","EC2-33A1941 3-1/8"" 3319 BASIX GH, RDX","IV Cost","2026-01-05","5.82","5","54-8400","07245-26-01","07245-26-01-job"
"12802","2026-01-06","11.64","2026-02-15","EC2-33A1941 3-1/8"" 3319 BASIX GH, RDX","IV Cost","2026-01-06","5.82","2","54-8400","07250-26-01","07250-26-01-job"
"12813","2026-01-08","1848.76","2026-02-15","CUT-5750-062-NT, CSG CUT, 5 3/4"", NT SEGMENT RDX","IV Cost","2026-01-08","924.38","2","54-8400","07241-26-01","07241-26-01-job"
"12822","2026-01-12","488.88","2026-02-15","EC2-33A1941 3-1/8"" 3319 BASIX GH, RDX","IV Cost","2026-01-12","5.82","84","54-8400","07197-26-01","07197-26-01-job"
"12828","2026-01-13","87.3","2026-02-15","EC2-33A1941 3-1/8"" 3319 BASIX GH, RDX","IV Cost","2026-01-13","5.82","15","54-8400","07245-26-01","07245-26-01-job"
"12842","2026-01-14","145.5","2026-02-15","EC2-33A1941 3-1/8"" 3319 BASIX GH, RDX","IV Cost","2026-01-14","5.82","25","54-8400","07245-26-01","07245-26-01-job"
"12848","2026-01-13","46.56","2026-02-15","EC2-33A1941 3-1/8"" 3319 BASIX GH, RDX","IV Cost","2026-01-13","5.82","8","54-8400","07222-26-01","07222-26-01-job"
"12854","2026-01-14","291","2026-02-15","EC2-33A1941 3-1/8"" 3319 BASIX GH, RDX","IV Cost","2026-01-14","5.82","50","54-8400","07194-26-01","07194-26-01-job"
"12871","2026-01-22","87.3","2026-02-15","EC2-33A1941 3-1/8"" 3319 BASIX GH, RDX","IV Cost","2026-01-22","5.82","15","54-8400","07245-26-01","07245-26-01-job"
"13413","2026-01-29","139.68","2026-02-16","EC2-33A1941 3-1/8"" 3319 BASIX GH, RDX","IV Cost","2026-01-29","5.82","24","54-8400","07241-26-01","07241-26-01-job"
"13422","2026-01-22","209.52","2026-02-16","EC2-33A1941 3-1/8"" 3319 BASIX GH, RDX","IV Cost","2026-01-22","5.82","36","54-8400","07241-26-01","07241-26-01-job"
"13431","2026-01-23","104.76","2026-02-16","EC2-33A1941 3-1/8"" 3319 BASIX GH, RDX","IV Cost","2026-01-23","5.82","18","54-8400","07247-26-01","07247-26-01-job"
"13437","2026-01-23","203.7","2026-02-16","EC2-33A1941 3-1/8"" 3319 BASIX GH, RDX","IV Cost","2026-01-23","5.82","35","54-8400","07245-26-01","07245-26-01-job"
"13445","2026-01-28","924.38","2026-02-16","CUT-5750-062-NT, CSG CUT, 5 3/4"", NT SEGMENT RDX","IV Cost","2026-01-28","924.38","1","54-8400","07198-26-01","07198-26-01-job"
"13619","2026-02-16","49.38","2026-02-17","3/8"" Sash Cord 100' Roll","IV Cost","2026-02-16","16.46","3","47-0810","07235-26-01","07235-26-01-job"
"13653","2026-02-16","124.18","2026-02-17","18"" PIPE WRENCH RIDGID 31025","IV Cost","2026-02-16","62.09","2","58-4000","07212-26-01","07212-26-01-job"
"14446","2026-02-18","46.5","2026-02-19","Granulated Sugar 25lb Bag","IV Cost","2026-02-18","23.25","2","57-9000","07254-26-01","07254-26-01-job"
"14680","2026-02-18","315.9","2026-02-19","2000 PSI balon ball valve 3"" thrd std port","IV Cost","2026-02-18","315.9","1","47-4111","07240-26-01","07240-26-01-job"
"15588","2026-02-20","32.79","2026-02-21","Handle for 8LB Sledge Hammer","IV Cost","2026-02-20","10.93","3","58-4000","07257-26-01","07257-26-01-job"
"16336","2026-02-23","18.33","2026-02-24","4 LB HAMMER","IV Cost","2026-02-23","18.33","1","51-0810","07280-26-01","07280-26-01-job"
"16699","2026-02-24","51.99","2026-02-25","Garbage Bags 60 gal 100/cs 38x58 2 mil","IV Cost","2026-02-24","51.99","1","47-0810","07230-26-01","07230-26-01-job"
"16771","2026-02-24","17","2026-02-25","RAGS (BAG) 10LB t-shirt","IV Cost","2026-02-24","8.5","2","49-0810","07271-26-01","07271-26-01-job"
"18658","2026-03-02","6","2026-03-03","Striker Torch single","IV Cost","2026-03-02","2","3","47-0810","07147-26-01","07147-26-01-job"
"19187","2026-03-02","93","2026-03-03","Granulated Sugar 25lb Bag","IV Cost","2026-03-02","23.25","4","57-9000","07276-26-01","07276-26-01-job"
"19445","2026-03-02","40.38","2026-03-03","Safety Blue Rustoleum 1624830 spray","IV Cost","2026-03-02","6.73","6","48-0810","07257-26-01","07257-26-01-job"
"19536","2026-03-02","145.6","2026-03-03","ROD GREASE- BOL CU JOINT 50# PL 630050","IV Cost","2026-03-02","145.6","1","47-4111","07240-26-01","07240-26-01-job"
"20516","2026-03-03","3.9","2026-03-04","1/2 X CLOSE XH BLK NIPPLE","IV Cost","2026-03-03","1.3","3","47-0810","07267-26-01","07267-26-01-job"
"22722","2026-03-06","77.94","2026-03-07","NAPA ANTI FREEZE (1 gal)","IV Cost","2026-03-06","12.99","6","47-0810","07147-26-01","07147-26-01-job"
"23538","2026-03-10","5.88","2026-03-11","Punch Lok Clamp 3""","IV Cost","2026-03-10","1.47","4","48-0810","07227-26-01","07227-26-01-job"
"23657","2026-03-10","22.28","2026-03-11","25 ft tape measure","IV Cost","2026-03-10","11.14","2","47-0810","07147-26-01","07147-26-01-job"
"23797","2026-03-11","93","2026-03-12","Granulated Sugar 25lb Bag","IV Cost","2026-03-11","23.25","4","57-9000","07255-26-01","07255-26-01-job"
"24881","2026-03-11","41","2026-03-12","8 ft Ground rods","IV Cost","2026-03-11","20.5","2","47-0250","07235-26-01","07235-26-01-job"
"28151","2026-03-16","13.98","2026-03-17","GREASE GUN FITTING","IV Cost","2026-03-16","6.99","2","47-0810","07235-26-01","07235-26-01-job"
"29767","2026-03-17","25.58","2026-03-18","Flourscent Red paint stick","IV Cost","2026-03-17","2.132","12","48-0810","07221-26-01","07221-26-01-job"
"30307","2026-03-18","19.72","2026-03-19","REPLACEMENT HANDLE 4 LB HAMMER","IV Cost","2026-03-18","4.93","4","47-0810","07147-26-01","07147-26-01-job"
"31119","2026-03-19","22.32","2026-03-20","Fluid film AS11 11.75oz","IV Cost","2026-03-19","11.16","2","47-0810","07219-26-01","07219-26-01-job"
"31426","2026-03-20","26.5","2026-03-21","Soaks Oil (Diapers) Bag 100pcs","IV Cost","2026-03-20","26.5","1","49-0250","07288-26-01","07288-26-01-job"
"33283","2026-03-24","93","2026-03-25","Granulated Sugar 25lb Bag","IV Cost","2026-03-24","23.25","4","57-9000","07250-26-01","07250-26-01-job"
"33690","2026-03-24","10.65","2026-03-25","2"" X 4' Nylon Sling 2 ply","IV Cost","2026-03-24","10.65","1","47-0810","07230-26-01","07230-26-01-job"
"34431","2026-03-26","9.2","2026-03-27","2"" 3M FULL COUPLING","IV Cost","2026-03-26","9.2","1","47-0810","07267-26-01","07267-26-01-job"
"35730","2026-03-30","32.2","2026-03-31","Pin shear PRV 20 red pop off pins 10/pk","IV Cost","2026-03-30","32.2","1","58-4000","07147-26-01","07147-26-01-job"
"36313","2026-03-31","17.28","2026-04-01","Safety Glasses Clear","IV Cost","2026-03-31","1.44","12","47-0250","07258-26-01","07258-26-01-job"
"36401","2026-03-31","46.5","2026-04-01","Granulated Sugar 25lb Bag","IV Cost","2026-03-31","23.25","2","57-9000","07240-26-01","07240-26-01-job"
"36784","2026-03-31","209.78","2026-04-01","Pit Liner 6 Mil 40'x100'","IV Cost","2026-03-31","209.78","1","58-4000","07251-26-01","07251-26-01-job"
"37667","2026-04-02","29.76","2026-04-03","Break Cleaner Red Can","IV Cost","2026-04-02","4.96","6","47-0810","07147-26-01","07147-26-01-job"
"37918","2026-04-02","103.92","2026-04-03","Glove Metacarpal XL","IV Cost","2026-04-02","12.99","8","48-0250","07227-26-01","07227-26-01-job"
"39296","2026-04-06","15","2026-04-07","Fire Extinguisher 10#","IV Cost","2026-04-06","15","1","47-0810","07147-26-01","07147-26-01-job"
"39329","2026-04-06","17","2026-04-07","Rags 10# Bag","IV Cost","2026-04-06","8.5","2","48-0250","07266-26-01","07266-26-01-job"
"39817","2026-04-07","60.64","2026-04-09","SAFETY GAS CAN 5 gal","IV Cost","2026-04-07","60.64","1","47-0810","07267-26-01","07267-26-01-job"
"39880","2026-04-07","49.05","2026-04-09","WD-40 11 oz Spray Can","IV Cost","2026-04-07","9.81","5","47-0810","07299-26-01","07299-26-01-job"
"40232","2026-04-08","51.99","2026-04-09","Garbage Bags 60 gal 100/cs 38x58 2 mil","IV Cost","2026-04-08","51.99","1","47-0250","07289-26-01","07289-26-01-job"
"40292","2026-04-08","51.99","2026-04-09","Garbage Bags 60 gal 100/cs 38x58 2 mil","IV Cost","2026-04-08","51.99","1","47-0250","07147-26-01","07147-26-01-job"
"41400","2026-04-09","210.12","2026-04-10","Oil Hyd ISO/AW-46","IV Cost","2026-04-09","52.53","4","47-0810","07258-26-01","07258-26-01-job"
"41599","2026-04-10","10.35","2026-04-11","Sash Cord 1/4"" 100' roll","IV Cost","2026-04-10","10.35","1","48-0810","07293-26-01","07293-26-01-job"
"43946","2026-04-14","93","2026-04-16","Granulated Sugar 25lb Bag","IV Cost","2026-04-14","23.25","4","57-9000","07307-26-01","07307-26-01-job"
"44768","2026-04-15","139.5","2026-04-16","Granulated Sugar 25lb Bag","IV Cost","2026-04-15","23.25","6","57-9000","07239-26-01","07239-26-01-job"
"46037","2026-04-17","9.57","2026-04-18","Ground Clamp 1/2 G4  2-10","IV Cost","2026-04-17","3.19","3","47-0250","07300-26-01","07300-26-01-job"
"46728","2026-04-20","39.5","2026-04-21","Shovel Round Wood Handle","IV Cost","2026-04-20","19.75","2","47-0810","07147-26-01","07147-26-01-job"
"3291","2026-01-10","93","2026-01-29","Granulated Sugar 25lb Bag","IV Cost","2026-01-10","23.25","4","57-9000","07242-26-01","07242-26-01-job"
"3299","2026-01-18","46.5","2026-01-29","Granulated Sugar 25lb Bag","IV Cost","2026-01-18","23.25","2","57-9000","07256-26-01","07256-26-01-job"
"4269","2026-01-23","214.25","2026-01-31","MISC ROCKSHIELD 3/8X3X30 TFF3X30","IV Cost","2026-01-23","214.25","1","46-0810","07239-26-01","07239-26-01-job"
"4422","2026-01-05","28.2","2026-01-31","DT-0875-400 BOOSTER, INITIATION, HMX","IV Cost","2026-01-05","2.82","10","54-8400","07241-26-01","07241-26-01-job"
"5343","2026-02-03","43.71","2026-02-04","20lb propane cylinder w/gas","IV Cost","2026-02-03","14.57","3","58-4000","07147-26-01","07147-26-01-job"
"5372","2026-02-03","1.76","2026-02-05","Striker Torch single","IV Cost","2026-02-03","1.76","1","47-0810","07223-26-01","07223-26-01-job"
"5498","2026-02-03","258.8","2026-02-04","Glove Metacarpal Med","IV Cost","2026-02-03","12.94","20","47-0250","07201-26-01","07201-26-01-job"
"5567","2026-02-03","83.16","2026-02-04","PB BLASTER","IV Cost","2026-02-03","6.93","12","49-0810","07229-26-01","07229-26-01-job"
"5646","2026-02-03","4.4","2026-02-04","1X2 XH BLK NIPPLE","IV Cost","2026-02-03","2.2","2","49-0810","07229-26-01","07229-26-01-job"
"5678","2026-02-03","19.72","2026-02-04","REPLACEMENT HANDLE 4 LB HAMMER","IV Cost","2026-02-03","4.93","4","47-0810","07222-26-01","07222-26-01-job"
"5757","2026-02-03","51.76","2026-02-04","Glove Metacarpal 2X","IV Cost","2026-02-03","12.94","4","47-0250","07197-26-01","07197-26-01-job"
"5808","2026-02-03","2.24","2026-02-04","1/2 X 3/8 FS HEX BUSHING","IV Cost","2026-02-03","1.12","2","58-4000","07226-26-01","07226-26-01-job"
"5898","2026-02-03","13.84","2026-02-04","DUCT TAPE 2"" X 60 YRD","IV Cost","2026-02-03","3.46","4","47-0810","07212-26-01","07212-26-01-job"
"5994","2026-02-03","20.7","2026-02-04","1/4"" Sash Cord 100' roll","IV Cost","2026-02-03","10.35","2","47-0810","07147-26-01","07147-26-01-job"
"6033","2026-02-03","32.79","2026-02-04","Handle for 8LB Sledge Hammer","IV Cost","2026-02-03","10.93","3","58-4000","07234-26-01","07234-26-01-job"
"6515","2026-02-04","62.52","2026-02-05","Tong Die 1/2""x1-1/4""x5"" BJ/wolley Type C CDI-1602","IV Cost","2026-02-04","5.21","12","47-4111","07201-26-01","07201-26-01-job"
"6673","2026-02-04","47.04","2026-02-05","pulley tire","IV Cost","2026-02-04","7.84","6","48-0810","07241-26-01","07241-26-01-job"
"6721","2026-02-04","5.65","2026-02-05","Torch Tip #1 Victor 1-1-101","IV Cost","2026-02-04","5.65","1","48-0810","07241-26-01","07241-26-01-job"
"6758","2026-02-04","596.72","2026-02-05","Piston Asm 5 X 1.5 Tulsa 4001063","IV Cost","2026-02-04","149.18","4","47-4111","07233-26-01","07233-26-01-job"
"7173","2026-02-05","34.56","2026-02-06","CLEAR SAFETY GLASSES","IV Cost","2026-02-05","1.44","24","47-0250","07233-26-01","07233-26-01-job"
"7266","2026-02-05","19.4","2026-02-06","PH Strips 100/pk","IV Cost","2026-02-05","19.4","1","58-4000","07232-26-01","07232-26-01-job"
"7359","2026-02-05","6583.1","2026-02-06","Class L API Oilwell Bulk Cement","IV Cost","2026-02-05","237.4","27.73","57-9000","07231-26-01","07231-26-01-job"
"7376","2026-02-05","2668.14","2026-02-06","Class L API Oilwell Bulk Cement","IV Cost","2026-02-05","237.4","11.239","57-9000","07254-26-01","07254-26-01-job"
"7403","2026-02-05","277.5","2026-02-06","3/8 Winch Line","IV Cost","2026-02-05","1.85","150","58-4000","07232-26-01","07232-26-01-job"
"7503","2026-02-05","35.9","2026-02-06","5001201 Graphite Packing","IV Cost","2026-02-05","35.9","1","47-4111","07233-26-01","07233-26-01-job"
"7631","2026-02-05","24.5","2026-02-06","3"" Alum Female Coupler x Female","IV Cost","2026-02-05","12.25","2","48-0810","07221-26-01","07221-26-01-job"
"7807","2026-02-06","22.92","2026-02-07","100' tape measure","IV Cost","2026-02-06","22.92","1","58-4000","07232-26-01","07232-26-01-job"
"7869","2026-02-06","3.03","2026-02-07","3/8 X 2 XH BLK NIPPLE","IV Cost","2026-02-06","3.03","1","48-0810","07221-26-01","07221-26-01-job"
"8648","2026-02-06","36.66","2026-02-07","4 LB HAMMER","IV Cost","2026-02-06","18.33","2","47-0810","07198-26-01","07198-26-01-job"
"10608","2026-02-11","207.04","2026-02-12","Glove Metacarpal Lg","IV Cost","2026-02-11","12.94","16","47-0250","07230-26-01","07230-26-01-job"
"10639","2026-02-11","98.28","2026-02-12","Packing washpipe Swivel King N10MB20","IV Cost","2026-02-11","98.28","1","58-4000","07147-26-01","07147-26-01-job"
"10792","2026-02-11","62.94","2026-02-12","NAPA ANTI FREEZE (1 gal)","IV Cost","2026-02-11","10.49","6","47-0810","07236-26-01","07236-26-01-job"
"10829","2026-02-11","54","2026-02-12","20lb propane cylinder w/gas","IV Cost","2026-02-11","13.5","4","48-0810","07221-26-01","07221-26-01-job"
"11553","2026-02-12","804","2026-02-13","Flange Bearing F4RS2200RE 070477","IV Cost","2026-02-12","402","2","48-0810","07234-26-01","07234-26-01-job"
"12604","2026-02-13","22.6","2026-02-14","#2 VICTOR TORCH TIP","IV Cost","2026-02-13","5.65","4","48-0810","07221-26-01","07221-26-01-job"
"12795","2026-01-05","2.82","2026-02-15","DT-0875-400 BOOSTER, INITIATION, HMX","IV Cost","2026-01-05","2.82","1","54-8400","07245-26-01","07245-26-01-job"
"12803","2026-01-06","2.82","2026-02-15","DT-0875-400 BOOSTER, INITIATION, HMX","IV Cost","2026-01-06","2.82","1","54-8400","07250-26-01","07250-26-01-job"
"12823","2026-01-12","39.48","2026-02-15","DT-0875-400 BOOSTER, INITIATION, HMX","IV Cost","2026-01-12","2.82","14","54-8400","07197-26-01","07197-26-01-job"
"12829","2026-01-13","8.46","2026-02-15","DT-0875-400 BOOSTER, INITIATION, HMX","IV Cost","2026-01-13","2.82","3","54-8400","07245-26-01","07245-26-01-job"
"12843","2026-01-14","14.1","2026-02-15","DT-0875-400 BOOSTER, INITIATION, HMX","IV Cost","2026-01-14","2.82","5","54-8400","07245-26-01","07245-26-01-job"
"12849","2026-01-13","5.64","2026-02-15","DT-0875-400 BOOSTER, INITIATION, HMX","IV Cost","2026-01-13","2.82","2","54-8400","07222-26-01","07222-26-01-job"
"12855","2026-01-14","28.2","2026-02-15","DT-0875-400 BOOSTER, INITIATION, HMX","IV Cost","2026-01-14","2.82","10","54-8400","07194-26-01","07194-26-01-job"
"12872","2026-01-22","8.46","2026-02-15","DT-0875-400 BOOSTER, INITIATION, HMX","IV Cost","2026-01-22","2.82","3","54-8400","07245-26-01","07245-26-01-job"
"13414","2026-01-29","11.28","2026-02-16","DT-0875-400 BOOSTER, INITIATION, HMX","IV Cost","2026-01-29","2.82","4","54-8400","07241-26-01","07241-26-01-job"
"13423","2026-01-22","16.92","2026-02-16","DT-0875-400 BOOSTER, INITIATION, HMX","IV Cost","2026-01-22","2.82","6","54-8400","07241-26-01","07241-26-01-job"
"13432","2026-01-23","8.46","2026-02-16","DT-0875-400 BOOSTER, INITIATION, HMX","IV Cost","2026-01-23","2.82","3","54-8400","07247-26-01","07247-26-01-job"
"13438","2026-01-23","19.74","2026-02-16","DT-0875-400 BOOSTER, INITIATION, HMX","IV Cost","2026-01-23","2.82","7","54-8400","07245-26-01","07245-26-01-job"
"13620","2026-02-16","31.96","2026-02-17","WD-40 11 oz Spray Can","IV Cost","2026-02-16","7.99","4","47-0810","07235-26-01","07235-26-01-job"
"13654","2026-02-16","145.22","2026-02-17","24"" PIPE WRENCH RIDGID 31030","IV Cost","2026-02-16","72.61","2","58-4000","07212-26-01","07212-26-01-job"
"14447","2026-02-18","557.89","2026-02-19","Class L API Oilwell Bulk Cement","IV Cost","2026-02-18","237.4","2.35","57-9000","07250-26-01","07250-26-01-job"
"14681","2026-02-18","10.56","2026-02-19","BROWN JERSEY GLOVE","IV Cost","2026-02-18","10.56","1","47-0810","07240-26-01","07240-26-01-job"
"15589","2026-02-20","14.79","2026-02-21","REPLACEMENT HANDLE 4 LB HAMMER","IV Cost","2026-02-20","4.93","3","58-4000","07257-26-01","07257-26-01-job"
"16337","2026-02-23","68.22","2026-02-24","shackle 1""","IV Cost","2026-02-23","68.22","1","51-0810","07280-26-01","07280-26-01-job"
"16700","2026-02-24","8.5","2026-02-25","RAGS (BAG) 10LB t-shirt","IV Cost","2026-02-24","8.5","1","47-0810","07230-26-01","07230-26-01-job"
"16772","2026-02-24","17.28","2026-02-25","CLEAR SAFETY GLASSES","IV Cost","2026-02-24","1.44","12","49-0250","07271-26-01","07271-26-01-job"
"18659","2026-03-02","45.84","2026-03-03","100' tape measure","IV Cost","2026-03-02","22.92","2","47-0810","07147-26-01","07147-26-01-job"
"19188","2026-03-02","2901.03","2026-03-03","Class A API Oilwell Bulk Cement","IV Cost","2026-03-02","237.4","12.22","57-9000","07271-26-01","07271-26-01-job"
"19446","2026-03-02","40.38","2026-03-03","Safety yellow spray paint Rustoleum 1644830","IV Cost","2026-03-02","6.73","6","48-0810","07257-26-01","07257-26-01-job"
"19537","2026-03-02","17.28","2026-03-03","CLEAR SAFETY GLASSES","IV Cost","2026-03-02","1.44","12","47-0250","07201-26-01","07201-26-01-job"
"20517","2026-03-03","4.04","2026-03-04","Tee 1/2"" XH Blk mi","IV Cost","2026-03-03","4.04","1","47-0810","07267-26-01","07267-26-01-job"
"22723","2026-03-06","7.74","2026-03-07","3/4"" BALL VALVE","IV Cost","2026-03-06","7.74","1","47-0810","07147-26-01","07147-26-01-job"
"23539","2026-03-10","8.4","2026-03-11","Punch Lok Clamp 4""","IV Cost","2026-03-10","2.1","4","48-0810","07227-26-01","07227-26-01-job"
"23658","2026-03-10","1315.05","2026-03-11","Valve Asm TT560  4001181","IV Cost","2026-03-10","328.763","4","58-4000","07147-26-01","07147-26-01-job"
"23798","2026-03-11","4965.22","2026-03-12","Class A API Oilwell Bulk Cement","IV Cost","2026-03-11","237.4","20.915","57-9000","07271-26-01","07271-26-01-job"
"24882","2026-03-11","798","2026-03-12","80W90 Gear Oil 55gal","IV Cost","2026-03-11","798","1","58-4000","07147-26-01","07147-26-01-job"
"28152","2026-03-16","170.56","2026-03-17","Grab hook clevis 1/2"" grade 70 Domestic","IV Cost","2026-03-16","42.64","4","47-0810","07235-26-01","07235-26-01-job"
"29768","2026-03-17","579","2026-03-18","15W40 Oil 55gal Drum","IV Cost","2026-03-17","579","1","58-4000","07266-26-01","07266-26-01-job"
"30308","2026-03-18","43.72","2026-03-19","Handle for 8LB Sledge Hammer","IV Cost","2026-03-18","10.93","4","47-0810","07147-26-01","07147-26-01-job"
"31120","2026-03-19","17.08","2026-03-20","Large Rain Suits","IV Cost","2026-03-19","8.54","2","47-0250","07219-26-01","07219-26-01-job"
"31427","2026-03-20","20.7","2026-03-21","1/4"" Sash Cord 100' roll","IV Cost","2026-03-20","10.35","2","49-0810","07288-26-01","07288-26-01-job"
"33284","2026-03-24","12.07","2026-03-25","Bentonite 50lb Bag","IV Cost","2026-03-24","12.07","1","57-9000","07250-26-01","07250-26-01-job"
"33691","2026-03-24","9.81","2026-03-25","2"" X 3' Nylon Sling 2 ply","IV Cost","2026-03-24","9.81","1","47-0810","07230-26-01","07230-26-01-job"
"34432","2026-03-26","20.4","2026-03-27","2 XH BLK MI TEE","IV Cost","2026-03-26","20.4","1","47-0810","07267-26-01","07267-26-01-job"
"35753","2026-03-30","383.28","2026-03-31","Insert Slip  Baash Ross DU 4-1/2""x3-1/2"" CDI3404","IV Cost","2026-03-30","15.97","24","58-4000","07147-26-01","07147-26-01-job"
"36314","2026-03-31","17.28","2026-04-01","Safety Glasses Shaded","IV Cost","2026-03-31","1.44","12","47-0250","07258-26-01","07258-26-01-job"
"36402","2026-03-31","6527.31","2026-04-01","Class A API Oilwell Bulk Cement","IV Cost","2026-03-31","237.4","27.495","57-9000","07239-26-01","07239-26-01-job"
"36785","2026-03-31","5.44","2026-04-01","Towellette Lens cleaning","IV Cost","2026-03-31","5.44","1","47-0250","07201-26-01","07201-26-01-job"
"37668","2026-04-02","12.31","2026-04-03","Duct Tape 2"" X 60 YRD","IV Cost","2026-04-02","4.1033","3","47-0810","07147-26-01","07147-26-01-job"
"37919","2026-04-02","51.96","2026-04-03","Glove Metacarpal 2X","IV Cost","2026-04-02","12.99","4","48-0250","07227-26-01","07227-26-01-job"
"39297","2026-04-06","54.81","2026-04-07","Towel Scrim Roll D-570","IV Cost","2026-04-06","54.81","1","47-0810","07147-26-01","07147-26-01-job"
"39330","2026-04-06","244.53","2026-04-07","Motor Oil GL 15W40","IV Cost","2026-04-06","13.585","18","58-4000","07266-26-01","07266-26-01-job"
"39818","2026-04-07","291.2","2026-04-09","Joint Compound Copper 50# PL","IV Cost","2026-04-07","145.6","2","47-4111","07260-26-01","07260-26-01-job"
"39881","2026-04-07","65.58","2026-04-09","Handle Wooden 8# Sledgehammer","IV Cost","2026-04-07","10.93","6","47-0810","07299-26-01","07299-26-01-job"
"40233","2026-04-08","135","2026-04-09","Gear Oil 80W-140 Synthetic 5 gal","IV Cost","2026-04-08","135","1","47-4111","07289-26-01","07289-26-01-job"
"40293","2026-04-08","43.72","2026-04-09","Handle Wooden 8# Sledgehammer","IV Cost","2026-04-08","10.93","4","47-0810","07147-26-01","07147-26-01-job"
"41401","2026-04-09","24.2","2026-04-10","Brush Scrub Wooden Handle","IV Cost","2026-04-09","6.05","4","47-0810","07258-26-01","07258-26-01-job"
"41600","2026-04-10","16.46","2026-04-11","Sash Cord 3/8"" 100' Roll","IV Cost","2026-04-10","16.46","1","48-0810","07293-26-01","07293-26-01-job"
"43947","2026-04-14","1115.78","2026-04-16","Class A API Oilwell Bulk Cement","IV Cost","2026-04-14","237.4","4.7","57-9000","07305-26-01","07305-26-01-job"
"44045","2026-04-14","168.94","2026-04-15","Valve Rubbers 5001067","IV Cost","2026-04-14","11.2626666667","15","47-4111","07230-26-01","07230-26-01-job"
"44769","2026-04-15","120.7","2026-04-16","Bentonite 50lb Bag","IV Cost","2026-04-15","12.07","10","57-9000","07239-26-01","07239-26-01-job"
"46038","2026-04-17","876.4","2026-04-18","Steel Pipe 16""x312x20 ft P/E","IV Cost","2026-04-17","43.82","20","58-1000","07332-26-01","07332-26-01-job"
"46729","2026-04-20","48.95","2026-04-21","Kit Cyl End R432012512 Rexroth","IV Cost","2026-04-20","48.95","1","58-4000","07147-26-01","07147-26-01-job"
"3292","2026-01-10","93","2026-01-29","Granulated Sugar 25lb Bag","IV Cost","2026-01-10","23.25","4","57-9000","07246-26-01","07246-26-01-job"
"3300","2026-01-18","46.5","2026-01-29","Granulated Sugar 25lb Bag","IV Cost","2026-01-18","23.25","2","57-9000","07255-26-01","07255-26-01-job"
"4423","2026-01-05","250","2026-01-31","GN-R31-T076-A STRATX 3.13"" DISPOSABLE PORTLESS TANDEM SUB ASSY","IV Cost","2026-01-05","25","10","54-8400","07241-26-01","07241-26-01-job"
"5344","2026-02-03","7.9","2026-02-04","Valve Stud Nuts 1501555 75CN2Z 0124748","IV Cost","2026-02-03",".79","10","58-4000","07147-26-01","07147-26-01-job"
"5373","2026-02-03","1.2","2026-02-05","Flint Replacement Single Striker (5 per PK)","IV Cost","2026-02-03","1.2","1","47-0810","07223-26-01","07223-26-01-job"
"5499","2026-02-03","103.52","2026-02-04","Glove Metacarpal Lg","IV Cost","2026-02-03","12.94","8","47-0250","07201-26-01","07201-26-01-job"
"5568","2026-02-03","118.5","2026-02-04","TUBE GREASE Wolfhead red 88301","IV Cost","2026-02-03","3.95","30","49-0810","07229-26-01","07229-26-01-job"
"5647","2026-02-03","5.48","2026-02-04","1 X 3 XH BLK NIPPLE","IV Cost","2026-02-03","2.74","2","49-0810","07229-26-01","07229-26-01-job"
"5679","2026-02-03","395.28","2026-02-04","Hydraulic oil anti-wear ISO 46 Drum","IV Cost","2026-02-03","395.28","1","47-4111","07222-26-01","07222-26-01-job"
"5758","2026-02-03","103.52","2026-02-04","Glove Metacarpal Lg","IV Cost","2026-02-03","12.94","8","47-0250","07197-26-01","07197-26-01-job"
"5809","2026-02-03","3.7","2026-02-04","1/2 X 3 XH BLK NIPPLE","IV Cost","2026-02-03","1.85","2","58-4000","07226-26-01","07226-26-01-job"
"5899","2026-02-03","11.6","2026-02-04","Brush Wire Wooden Shoe Handle","IV Cost","2026-02-03","2.9","4","47-0810","07212-26-01","07212-26-01-job"
"5995","2026-02-03","564.6","2026-02-04","15W40 Oil 55gal Drum","IV Cost","2026-02-03","564.6","1","58-4000","07147-26-01","07147-26-01-job"
"6034","2026-02-03","7.65","2026-02-04","3"" Alum Male Adapter x Male NPT","IV Cost","2026-02-03","7.65","1","58-4000","07234-26-01","07234-26-01-job"
"6516","2026-02-04","27.72","2026-02-05","PB BLASTER","IV Cost","2026-02-04","6.93","4","47-0810","07201-26-01","07201-26-01-job"
"6674","2026-02-04","42.06","2026-02-05","round shovel","IV Cost","2026-02-04","21.03","2","48-0810","07241-26-01","07241-26-01-job"
"6722","2026-02-04","5.65","2026-02-05","Tip #3 Victor Torch 3-1-101","IV Cost","2026-02-04","5.65","1","48-0810","07241-26-01","07241-26-01-job"
"6759","2026-02-04","657.52","2026-02-05","Valve Asm TT560  4001181","IV Cost","2026-02-04","328.76","2","47-4111","07233-26-01","07233-26-01-job"
"7174","2026-02-05","51.99","2026-02-06","Garbage Bags 60 gal 100/cs 38x58 2 mil","IV Cost","2026-02-05","51.99","1","47-4111","07233-26-01","07233-26-01-job"
"7267","2026-02-05","28.5","2026-02-06","WD-40 11 oz Spray Can","IV Cost","2026-02-05","9.5","3","47-0810","07232-26-01","07232-26-01-job"
"7360","2026-02-05","3481.23","2026-02-06","Class L API Oilwell Bulk Cement","IV Cost","2026-02-05","237.4","14.664","57-9000","07242-26-01","07242-26-01-job"
"7377","2026-02-05","2402.25","2026-02-06","Class L API Oilwell Bulk Cement","IV Cost","2026-02-05","237.4","10.119","57-9000","07250-26-01","07250-26-01-job"
"7404","2026-02-05","1.12","2026-02-06","1/2 X 3/8 FS HEX BUSHING","IV Cost","2026-02-05","1.12","1","47-0810","07232-26-01","07232-26-01-job"
"7519","2026-02-05","3.66","2026-02-06","1/4 3M THR FULL COUPLING","IV Cost","2026-02-05","1.83","2","47-4111","07233-26-01","07233-26-01-job"
"7632","2026-02-05","15.3","2026-02-06","3"" Alum Male Adapter x Male NPT","IV Cost","2026-02-05","7.65","2","48-0810","07221-26-01","07221-26-01-job"
"7808","2026-02-06","31.95","2026-02-07","2"" X 4' Nylon Sling 2 ply","IV Cost","2026-02-06","10.65","3","47-0250","07232-26-01","07232-26-01-job"
"7870","2026-02-06","22.92","2026-02-07","100' tape measure","IV Cost","2026-02-06","22.92","1","48-0810","07221-26-01","07221-26-01-job"
"8649","2026-02-06","51.76","2026-02-07","Glove Metacarpal Med","IV Cost","2026-02-06","12.94","4","47-0810","07198-26-01","07198-26-01-job"
"10609","2026-02-11","51.12","2026-02-12","Flourscent Red paint stick","IV Cost","2026-02-11","2.13","24","47-4111","07230-26-01","07230-26-01-job"
"10640","2026-02-11","20.46","2026-02-12","WASHER FLUID 1 gal","IV Cost","2026-02-11","3.41","6","58-4000","07147-26-01","07147-26-01-job"
"10793","2026-02-11","17.28","2026-02-12","CLEAR SAFETY GLASSES","IV Cost","2026-02-11","1.44","12","47-0250","07236-26-01","07236-26-01-job"
"10830","2026-02-11","4.76","2026-02-12","4 1/2x.45x7/8"" CUTTING WHEEL","IV Cost","2026-02-11","2.38","2","48-0810","07221-26-01","07221-26-01-job"
"11554","2026-02-12","447.53","2026-02-13","Piston Asm 5 X 1.5 Tulsa 4001063","IV Cost","2026-02-12","149.1766666667","3","47-4111","07201-26-01","07201-26-01-job"
"12605","2026-02-13","19.28","2026-02-14","BREAK CLEANER RED CAN","IV Cost","2026-02-13","4.82","4","48-0810","07221-26-01","07221-26-01-job"
"12796","2026-01-05","25","2026-02-15","GN-R31-T076-A STRATX 3.13"" DISPOSABLE PORTLESS TANDEM SUB ASSY","IV Cost","2026-01-05","25","1","54-8400","07245-26-01","07245-26-01-job"
"12804","2026-01-06","25","2026-02-15","GN-R31-T076-A STRATX 3.13"" DISPOSABLE PORTLESS TANDEM SUB ASSY","IV Cost","2026-01-06","25","1","54-8400","07250-26-01","07250-26-01-job"
"12824","2026-01-12","350","2026-02-15","GN-R31-T076-A STRATX 3.13"" DISPOSABLE PORTLESS TANDEM SUB ASSY","IV Cost","2026-01-12","25","14","54-8400","07197-26-01","07197-26-01-job"
"12830","2026-01-13","75","2026-02-15","GN-R31-T076-A STRATX 3.13"" DISPOSABLE PORTLESS TANDEM SUB ASSY","IV Cost","2026-01-13","25","3","54-8400","07245-26-01","07245-26-01-job"
"12844","2026-01-14","125","2026-02-15","GN-R31-T076-A STRATX 3.13"" DISPOSABLE PORTLESS TANDEM SUB ASSY","IV Cost","2026-01-14","25","5","54-8400","07245-26-01","07245-26-01-job"
"12850","2026-01-13","50","2026-02-15","GN-R31-T076-A STRATX 3.13"" DISPOSABLE PORTLESS TANDEM SUB ASSY","IV Cost","2026-01-13","25","2","54-8400","07222-26-01","07222-26-01-job"
"12856","2026-01-14","250","2026-02-15","GN-R31-T076-A STRATX 3.13"" DISPOSABLE PORTLESS TANDEM SUB ASSY","IV Cost","2026-01-14","25","10","54-8400","07194-26-01","07194-26-01-job"
"12873","2026-01-22","75","2026-02-15","GN-R31-T076-A STRATX 3.13"" DISPOSABLE PORTLESS TANDEM SUB ASSY","IV Cost","2026-01-22","25","3","54-8400","07245-26-01","07245-26-01-job"
"13415","2026-01-29","100","2026-02-16","GN-R31-T076-A STRATX 3.13"" DISPOSABLE PORTLESS TANDEM SUB ASSY","IV Cost","2026-01-29","25","4","54-8400","07241-26-01","07241-26-01-job"
"13424","2026-01-22","150","2026-02-16","GN-R31-T076-A STRATX 3.13"" DISPOSABLE PORTLESS TANDEM SUB ASSY","IV Cost","2026-01-22","25","6","54-8400","07241-26-01","07241-26-01-job"
"13433","2026-01-23","75","2026-02-16","GN-R31-T076-A STRATX 3.13"" DISPOSABLE PORTLESS TANDEM SUB ASSY","IV Cost","2026-01-23","25","3","54-8400","07247-26-01","07247-26-01-job"
"13439","2026-01-23","175","2026-02-16","GN-R31-T076-A STRATX 3.13"" DISPOSABLE PORTLESS TANDEM SUB ASSY","IV Cost","2026-01-23","25","7","54-8400","07245-26-01","07245-26-01-job"
"13621","2026-02-16","42.48","2026-02-17","PB BLASTER","IV Cost","2026-02-16","7.08","6","47-0810","07235-26-01","07235-26-01-job"
"13655","2026-02-16","9.48","2026-02-17","Brush Wire Wooden Shoe Handle","IV Cost","2026-02-16","2.37","4","47-0810","07212-26-01","07212-26-01-job"
"14448","2026-02-18","46.5","2026-02-19","Granulated Sugar 25lb Bag","IV Cost","2026-02-18","23.25","2","57-9000","07250-26-01","07250-26-01-job"
"14682","2026-02-18","1130.74","2026-02-19","2"" trash pump honda","IV Cost","2026-02-18","1130.74","1","47-4111","07240-26-01","07240-26-01-job"
"15590","2026-02-20","17.28","2026-02-21","CLEAR SAFETY GLASSES","IV Cost","2026-02-20","1.44","12","48-0250","07257-26-01","07257-26-01-job"
"16338","2026-02-23","59.94","2026-02-24","Rock salt 50# bag","IV Cost","2026-02-23","9.99","6","51-0810","07280-26-01","07280-26-01-job"
"16701","2026-02-24","124.96","2026-02-25","Coverall FR 9oz LG navy w/reflective stripes","IV Cost","2026-02-24","62.48","2","47-0250","07230-26-01","07230-26-01-job"
"16773","2026-02-24","17.28","2026-02-25","SHADED SAFETY GLASSES","IV Cost","2026-02-24","1.44","12","49-0250","07271-26-01","07271-26-01-job"
"18660","2026-03-02","17.28","2026-03-03","SHADED SAFETY GLASSES","IV Cost","2026-03-02","1.44","12","47-0250","07147-26-01","07147-26-01-job"
"19189","2026-03-02","93","2026-03-03","Granulated Sugar 25lb Bag","IV Cost","2026-03-02","23.25","4","57-9000","07271-26-01","07271-26-01-job"
"19447","2026-03-02","47.94","2026-03-03","WD-40 11 oz Spray Can","IV Cost","2026-03-02","7.99","6","58-4000","07257-26-01","07257-26-01-job"
"19538","2026-03-02","17","2026-03-03","RAGS (BAG) 10LB t-shirt","IV Cost","2026-03-02","8.5","2","47-0810","07201-26-01","07201-26-01-job"
"20518","2026-03-03","2.22","2026-03-04","1 X 1/2 FS HEX BUSHING","IV Cost","2026-03-03","2.22","1","47-0810","07267-26-01","07267-26-01-job"
"22724","2026-03-06","14.46","2026-03-07","Thimble HD 5/8""","IV Cost","2026-03-06","3.615","4","47-0810","07147-26-01","07147-26-01-job"
"23540","2026-03-10","51.96","2026-03-11","Glove Metacarpal Lg","IV Cost","2026-03-10","12.99","4","48-0250","07227-26-01","07227-26-01-job"
"23659","2026-03-10","18.17","2026-03-11","Valve Stud Nuts 1501555 75CN2Z 0124748","IV Cost","2026-03-10",".79","23","58-4000","07147-26-01","07147-26-01-job"
"23799","2026-03-11","46.5","2026-03-12","Granulated Sugar 25lb Bag","IV Cost","2026-03-11","23.25","2","57-9000","07271-26-01","07271-26-01-job"
"24883","2026-03-11","380.13","2026-03-12","Hydraulic oil anti-wear ISO 46 Drum","IV Cost","2026-03-11","380.13","1","58-4000","07147-26-01","07147-26-01-job"
"28153","2026-03-16","86.24","2026-03-17","Hook 3/8"" Grade 70 clevis grab domestic","IV Cost","2026-03-16","21.56","4","47-0810","07235-26-01","07235-26-01-job"
"29769","2026-03-17","12.76","2026-03-18","GROUND CLAMP 1/2 G4  2-10","IV Cost","2026-03-17","3.19","4","47-0250","07266-26-01","07266-26-01-job"
"30309","2026-03-18","17.28","2026-03-19","CLEAR SAFETY GLASSES","IV Cost","2026-03-18","1.44","12","47-0250","07147-26-01","07147-26-01-job"
"31121","2026-03-19","25.38","2026-03-20","XL RAIN SUITS","IV Cost","2026-03-19","12.69","2","47-0250","07219-26-01","07219-26-01-job"
"31428","2026-03-20","59.52","2026-03-21","BREAK CLEANER RED CAN","IV Cost","2026-03-20","4.96","12","49-0810","07288-26-01","07288-26-01-job"
"33285","2026-03-24","1896.83","2026-03-25","Class A API Oilwell Bulk Cement","IV Cost","2026-03-24","237.4","7.99","57-9000","07239-26-01","07239-26-01-job"
"33692","2026-03-24","14.12","2026-03-25","Deck Brush","IV Cost","2026-03-24","7.06","2","47-0810","07230-26-01","07230-26-01-job"
"34433","2026-03-26","6.84","2026-03-27","2 FS SQ HD PLUG","IV Cost","2026-03-26","6.84","1","47-0810","07267-26-01","07267-26-01-job"
"35754","2026-03-30","62.52","2026-03-31","Tong Die 1/2""x1-1/4""x5"" BJ/wolley Type C CDI-1602","IV Cost","2026-03-30","5.21","12","58-4000","07147-26-01","07147-26-01-job"
"36315","2026-03-31","17","2026-04-01","Rags 10# Bag","IV Cost","2026-03-31","8.5","2","47-0810","07258-26-01","07258-26-01-job"
"36403","2026-03-31","46.5","2026-04-01","Granulated Sugar 25lb Bag","IV Cost","2026-03-31","23.25","2","57-9000","07239-26-01","07239-26-01-job"
"36786","2026-03-31","20.7","2026-04-01","Sash Cord 1/4"" 100' roll","IV Cost","2026-03-31","10.35","2","47-0810","07201-26-01","07201-26-01-job"
"37669","2026-04-02","8.5","2026-04-03","Tape Electrical 3/4"" Wide","IV Cost","2026-04-02",".85","10","47-0810","07147-26-01","07147-26-01-job"
"37920","2026-04-02","45.96","2026-04-03","Cleaning Solvent Citra Blast 5 gal pail","IV Cost","2026-04-02","45.96","1","58-4000","07227-26-01","07227-26-01-job"
"39298","2026-04-06","291.2","2026-04-07","Joint Compound Copper 50# PL","IV Cost","2026-04-06","145.6","2","58-4000","07147-26-01","07147-26-01-job"
"39331","2026-04-06","106","2026-04-07","Oil Soaks (Diapers) Bag 100pcs","IV Cost","2026-04-06","26.5","4","58-4000","07266-26-01","07266-26-01-job"
"39819","2026-04-07","2208","2026-04-09","Liner 5"" TT560 Tulsa 4001034","IV Cost","2026-04-07","368","6","47-4111","07260-26-01","07260-26-01-job"
"39882","2026-04-07","17.28","2026-04-09","Safety Glasses Clear","IV Cost","2026-04-07","1.44","12","47-0250","07299-26-01","07299-26-01-job"
"40234","2026-04-08","1417.97","2026-04-09","Pump Trash 3"" Honda WT30X","IV Cost","2026-04-08","1417.97","1","47-4111","07289-26-01","07289-26-01-job"
"40294","2026-04-08","19.72","2026-04-09","Handle 4# Hammer Wood","IV Cost","2026-04-08","4.93","4","47-0810","07147-26-01","07147-26-01-job"
"41402","2026-04-09","45.96","2026-04-10","Cleaning Solvent Citra Blast 5 gal pail","IV Cost","2026-04-09","45.96","1","47-0810","07258-26-01","07258-26-01-job"
"41601","2026-04-10","77.94","2026-04-11","Motor Oil GL 15W40","IV Cost","2026-04-10","12.99","6","58-4000","07207-26-01","07207-26-01-job"
"43948","2026-04-14","46.5","2026-04-16","Granulated Sugar 25lb Bag","IV Cost","2026-04-14","23.25","2","57-9000","07305-26-01","07305-26-01-job"
"44046","2026-04-14","657.53","2026-04-15","Valve Asm TT560  4001181","IV Cost","2026-04-14","328.763","2","47-4111","07230-26-01","07230-26-01-job"
"44770","2026-04-15","10086.65","2026-04-16","Class A API Oilwell Bulk Cement","IV Cost","2026-04-15","237.4","42.488","57-9000","07240-26-01","07240-26-01-job"
"46730","2026-04-20","33.62","2026-04-21","Rod Clevis Kit R432012516 Rexroth","IV Cost","2026-04-20","33.62","1","58-4000","07147-26-01","07147-26-01-job"
"3293","2026-01-10","93","2026-01-29","Granulated Sugar 25lb Bag","IV Cost","2026-01-10","23.25","4","57-9000","07250-26-01","07250-26-01-job"
"3301","2026-01-18","93","2026-01-29","Granulated Sugar 25lb Bag","IV Cost","2026-01-18","23.25","4","57-9000","07234-26-01","07234-26-01-job"
"5345","2026-02-03","25.92","2026-02-04","Drinking water 16.9 oz bottle","IV Cost","2026-02-03","4.32","6","47-0250","07147-26-01","07147-26-01-job"
"5374","2026-02-03","26.5","2026-02-05","OIL SOAKS (DIAPERS) BAG","IV Cost","2026-02-03","26.5","1","47-0810","07223-26-01","07223-26-01-job"
"5500","2026-02-03","103.44","2026-02-04","Glove Metacarpal XL","IV Cost","2026-02-03","12.93","8","47-0250","07201-26-01","07201-26-01-job"
"5569","2026-02-03","22.46","2026-02-04","Diesel exhaust fluid 2.5 gal 729566","IV Cost","2026-02-03","11.23","2","49-0810","07229-26-01","07229-26-01-job"
"5648","2026-02-03","6.82","2026-02-04","1 X 4 XH BLK NIPPLE","IV Cost","2026-02-03","3.41","2","49-0810","07229-26-01","07229-26-01-job"
"5680","2026-02-03","74.94","2026-02-04","15W-40 MOTOR OIL GL","IV Cost","2026-02-03","12.49","6","58-4000","07171-26-01","07171-26-01-job"
"5759","2026-02-03","14","2026-02-04","2 GAL PUMP SPRAYER 86430170","IV Cost","2026-02-03","14","1","47-0810","07197-26-01","07197-26-01-job"
"5810","2026-02-03","8.5","2026-02-04","RAGS (BAG) 10LB t-shirt","IV Cost","2026-02-03","8.5","1","47-0810","07226-26-01","07226-26-01-job"
"5900","2026-02-03","119","2026-02-04","Cutting Wheel 4.5""x.045""x7/8"" t27 A60S Sait 22021","IV Cost","2026-02-03","2.38","50","47-0810","07212-26-01","07212-26-01-job"
"5996","2026-02-03","53","2026-02-04","OIL SOAKS (DIAPERS) BAG","IV Cost","2026-02-03","26.5","2","47-0250","07147-26-01","07147-26-01-job"
"6035","2026-02-03","4.05","2026-02-04","3"" Alum Male Adapter x Female NPT","IV Cost","2026-02-03","4.05","1","58-4000","07234-26-01","07234-26-01-job"
"6517","2026-02-04","38","2026-02-05","WD-40 11 oz Spray Can","IV Cost","2026-02-04","9.5","4","47-0810","07201-26-01","07201-26-01-job"
"6675","2026-02-04","29","2026-02-05","Long handle flat shovel","IV Cost","2026-02-04","14.5","2","48-0810","07241-26-01","07241-26-01-job"
"6723","2026-02-04","38.78","2026-02-05","Weed Burner Torch & Hose for Propane","IV Cost","2026-02-04","38.78","1","48-0810","07241-26-01","07241-26-01-job"
"6760","2026-02-04","351.34","2026-02-05","Insert Slip  Baash Ross DU 4-1/2""x3-1/2"" CDI3404","IV Cost","2026-02-04","15.97","22","47-4111","07233-26-01","07233-26-01-job"
"7175","2026-02-05","395.28","2026-02-06","Hydraulic oil anti-wear ISO 46 Drum","IV Cost","2026-02-05","395.28","1","47-4111","07233-26-01","07233-26-01-job"
"7268","2026-02-05","19.28","2026-02-06","BREAK CLEANER RED CAN","IV Cost","2026-02-05","4.82","4","47-0810","07232-26-01","07232-26-01-job"
"7361","2026-02-05","446.31","2026-02-06","Class L API Oilwell Bulk Cement","IV Cost","2026-02-05","237.4","1.88","57-9000","07246-26-01","07246-26-01-job"
"7378","2026-02-05","3525.86","2026-02-06","Class L API Oilwell Bulk Cement","IV Cost","2026-02-05","237.4","14.852","57-9000","07246-26-01","07246-26-01-job"
"7405","2026-02-05","6.49","2026-02-06","1/2 XH BLK MI 90 ST ELL","IV Cost","2026-02-05","6.49","1","47-0810","07232-26-01","07232-26-01-job"
"7520","2026-02-05","3.3","2026-02-06","3/4 X 1/4 XH BMI REDUCER","IV Cost","2026-02-05","3.3","1","47-4111","07233-26-01","07233-26-01-job"
"7633","2026-02-05","24","2026-02-06","3"" Alum Fem x 3"" Male NPT","IV Cost","2026-02-05","12","2","48-0810","07221-26-01","07221-26-01-job"
"7809","2026-02-06","20.79","2026-02-07","PB BLASTER","IV Cost","2026-02-06","6.93","3","47-0810","07232-26-01","07232-26-01-job"
"7871","2026-02-06","10.52","2026-02-07","BROWN JERSEY GLOVE","IV Cost","2026-02-06","10.52","1","48-0250","07221-26-01","07221-26-01-job"
"8650","2026-02-06","155.28","2026-02-07","Glove Metacarpal Lg","IV Cost","2026-02-06","12.94","12","47-0810","07198-26-01","07198-26-01-job"
"9890","2026-02-10","8.5","2026-02-11","Tape Electrical 3/4"" Wide","IV Cost","2026-02-10",".85","10","58-4000","07212-26-01","07212-26-01-job"
"10610","2026-02-11","4","2026-02-12","Striker Torch single","IV Cost","2026-02-11","2","2","47-4111","07230-26-01","07230-26-01-job"
"10641","2026-02-11","54.81","2026-02-12","Towel scrim blue Roll D-575","IV Cost","2026-02-11","54.81","1","47-0810","07147-26-01","07147-26-01-job"
"10794","2026-02-11","17.28","2026-02-12","SHADED SAFETY GLASSES","IV Cost","2026-02-11","1.44","12","47-0250","07236-26-01","07236-26-01-job"
"10831","2026-02-11","21.6","2026-02-12","Drinking water 16.9 oz bottle","IV Cost","2026-02-11","4.32","5","47-0250","07212-26-01","07212-26-01-job"
"11555","2026-02-12","136","2026-02-13","Coverall FR 9oz 3X navy w/reflective stripes","IV Cost","2026-02-12","68","2","47-0250","07201-26-01","07201-26-01-job"
"12606","2026-02-13","58.58","2026-02-14","Dawn Pro 5 gal","IV Cost","2026-02-13","58.58","1","48-0250","07221-26-01","07221-26-01-job"
"12797","2026-01-05","89.43","2026-02-15","DET-3050-009-LS, DET ASSY FOR EXPLOSICE BOLTS","IV Cost","2026-01-05","89.43","1","54-8400","07245-26-01","07245-26-01-job"
"12805","2026-01-06","178.86","2026-02-15","DET-3050-009-LS, DET ASSY FOR EXPLOSICE BOLTS","IV Cost","2026-01-06","89.43","2","54-8400","07250-26-01","07250-26-01-job"
"12831","2026-01-13","15.75","2026-02-15","DT-0425-101 POWER CHARGE IGNITOR W/GROUND CLIP ASS","IV Cost","2026-01-13","15.75","1","54-8400","07245-26-01","07245-26-01-job"
"12874","2026-01-22","268.29","2026-02-15","DET-3050-009-LS, DET ASSY FOR EXPLOSICE BOLTS","IV Cost","2026-01-22","89.43","3","54-8400","07245-26-01","07245-26-01-job"
"13416","2026-01-29","363.33","2026-02-16","DET-3050-009-E, DETONATOR, 009E, BIG BOOT WITH SPRING","IV Cost","2026-01-29","121.11","3","54-8400","07241-26-01","07241-26-01-job"
"13440","2026-01-23","89.43","2026-02-16","DET-3050-009-LS, DET ASSY FOR EXPLOSICE BOLTS","IV Cost","2026-01-23","89.43","1","54-8400","07245-26-01","07245-26-01-job"
"13622","2026-02-16","25.56","2026-02-17","Flourscent Red paint stick","IV Cost","2026-02-16","2.13","12","47-4111","07235-26-01","07235-26-01-job"
"13656","2026-02-16","51.99","2026-02-17","Garbage Bags 60 gal 100/cs 38x58 2 mil","IV Cost","2026-02-16","51.99","1","47-0810","07212-26-01","07212-26-01-job"
"14449","2026-02-18","1740.62","2026-02-19","Class L API Oilwell Bulk Cement","IV Cost","2026-02-18","237.4","7.332","57-9000","07240-26-01","07240-26-01-job"
"14683","2026-02-18","2.29","2026-02-19","2"" Alum Male Adapter x Female NPT","IV Cost","2026-02-18","2.29","1","47-0810","07240-26-01","07240-26-01-job"
"15591","2026-02-20","17.28","2026-02-21","SHADED SAFETY GLASSES","IV Cost","2026-02-20","1.44","12","48-0250","07257-26-01","07257-26-01-job"
"16339","2026-02-23","177.01","2026-02-24","Hook 3/8"" Grade 70 clevis grab domestic","IV Cost","2026-02-23","22.12625","8","51-0810","07280-26-01","07280-26-01-job"
"16702","2026-02-24","17.28","2026-02-25","CLEAR SAFETY GLASSES","IV Cost","2026-02-24","1.44","12","47-0250","07230-26-01","07230-26-01-job"
"16774","2026-02-24","329.94","2026-02-25","48"" PIPE WRENCH RIDGID 31040","IV Cost","2026-02-24","329.94","1","58-4000","07271-26-01","07271-26-01-job"
"18661","2026-03-02","17.28","2026-03-03","CLEAR SAFETY GLASSES","IV Cost","2026-03-02","1.44","12","47-0250","07147-26-01","07147-26-01-job"
"19190","2026-03-02","893.18","2026-03-03","Bentonite 50lb Bag","IV Cost","2026-03-02","12.07","74","57-9000","07271-26-01","07271-26-01-job"
"19448","2026-03-02","13.16","2026-03-03","Starter Fluid","IV Cost","2026-03-02","3.29","4","58-4000","07257-26-01","07257-26-01-job"
"19539","2026-03-02","20.7","2026-03-03","1/4"" Sash Cord 100' roll","IV Cost","2026-03-02","10.35","2","47-0810","07201-26-01","07201-26-01-job"
"20519","2026-03-03","8.5","2026-03-04","RAGS (BAG) 10LB t-shirt","IV Cost","2026-03-03","8.5","1","47-0810","07147-26-01","07147-26-01-job"
"22725","2026-03-06","25.56","2026-03-07","Flourscent Red paint stick","IV Cost","2026-03-06","2.13","12","58-4000","07147-26-01","07147-26-01-job"
"23541","2026-03-10","17.28","2026-03-11","CLEAR SAFETY GLASSES","IV Cost","2026-03-10","1.44","12","48-0250","07227-26-01","07227-26-01-job"
"23660","2026-03-10","90.42","2026-03-11","Clamp Wire Rope 5/8"" Crosby G-450","IV Cost","2026-03-10","15.07","6","47-0810","07147-26-01","07147-26-01-job"
"23800","2026-03-11","2811.77","2026-03-12","Class A API Oilwell Bulk Cement","IV Cost","2026-03-11","237.4","11.844","57-9000","07277-26-01","07277-26-01-job"
"24884","2026-03-11","19.28","2026-03-12","BREAK CLEANER RED CAN","IV Cost","2026-03-11","4.82","4","47-0810","07147-26-01","07147-26-01-job"
"28154","2026-03-16","11.35","2026-03-17","#1 VICTOR TORCH TIP","IV Cost","2026-03-16","5.675","2","47-0810","07235-26-01","07235-26-01-job"
"29770","2026-03-17","20.46","2026-03-18","6","IV Cost","2026-03-17","3.41","6","58-4000","07266-26-01","07266-26-01-job"
"30310","2026-03-18","27.8","2026-03-19","8 LB SLEDGE HAMMER","IV Cost","2026-03-18","27.8","1","47-0810","07147-26-01","07147-26-01-job"
"31122","2026-03-19","17.82","2026-03-20","5XL RAIN SUITS","IV Cost","2026-03-19","8.91","2","47-0250","07219-26-01","07219-26-01-job"
"31429","2026-03-20","17.28","2026-03-21","CLEAR SAFETY GLASSES","IV Cost","2026-03-20","1.44","12","49-0250","07288-26-01","07288-26-01-job"
"33286","2026-03-24","46.5","2026-03-25","Granulated Sugar 25lb Bag","IV Cost","2026-03-24","23.25","2","57-9000","07239-26-01","07239-26-01-job"
"33693","2026-03-24","4.23","2026-03-25","Deck brush Handles","IV Cost","2026-03-24","4.23","1","47-0810","07230-26-01","07230-26-01-job"
"34434","2026-03-26","41.93","2026-03-27","Ball Valve 2"" Brass","IV Cost","2026-03-26","41.93","1","47-0810","07267-26-01","07267-26-01-job"
"35755","2026-03-30","17","2026-03-31","Rags (bag) 10 Lb","IV Cost","2026-03-30","8.5","2","47-0810","07147-26-01","07147-26-01-job"
"36316","2026-03-31","25.58","2026-04-01","Flourscent Red paint stick","IV Cost","2026-03-31","2.132","12","47-0810","07258-26-01","07258-26-01-job"
"36404","2026-03-31","14728.3","2026-04-01","Class A API Oilwell Bulk Cement","IV Cost","2026-03-31","237.4","62.04","57-9000","07221-26-01","07221-26-01-job"
"36787","2026-03-31","62.09","2026-04-01","18"" PIPE WRENCH RIDGID 31025","IV Cost","2026-03-31","62.09","1","47-0810","07201-26-01","07201-26-01-job"
"37670","2026-04-02","62.52","2026-04-03","Tong Die 1/2""x1-1/4""x5"" BJ/wolley Type C CDI-1602","IV Cost","2026-04-02","5.21","12","58-4000","07147-26-01","07147-26-01-job"
"37921","2026-04-02","25.58","2026-04-03","Flourscent Red paint stick","IV Cost","2026-04-02","2.132","12","58-4000","07227-26-01","07227-26-01-job"
"39299","2026-04-06","798","2026-04-07","80W90 Gear Oil 55gal","IV Cost","2026-04-06","798","1","58-4000","07147-26-01","07147-26-01-job"
"39332","2026-04-06","115.62","2026-04-07","Squeegee Floor 24"" Curved wood handle","IV Cost","2026-04-06","38.54","3","48-0250","07266-26-01","07266-26-01-job"
"39820","2026-04-07","1643.8","2026-04-09","Valve Asm TT560  4001181","IV Cost","2026-04-07","328.76","5","47-4111","07260-26-01","07260-26-01-job"
"39883","2026-04-07","17.28","2026-04-09","Safety Glasses Shaded","IV Cost","2026-04-07","1.44","12","47-0250","07299-26-01","07299-26-01-job"
"40235","2026-04-08","15.04","2026-04-09","White Lithium Grease Spray CRC (Red Can)","IV Cost","2026-04-08","7.52","2","47-4111","07289-26-01","07289-26-01-job"
"40295","2026-04-08","13.08","2026-04-09","Deck Brush","IV Cost","2026-04-08","6.54","2","47-0810","07147-26-01","07147-26-01-job"
"41403","2026-04-09","54.81","2026-04-10","Towel Scrim Roll D-570","IV Cost","2026-04-09","54.81","1","47-0810","07258-26-01","07258-26-01-job"
"41602","2026-04-10","207.84","2026-04-11","Glove Metacarpal Lg","IV Cost","2026-04-10","12.99","16","46-0250","07207-26-01","07207-26-01-job"
"43949","2026-04-14","410.38","2026-04-16","Bentonite 50lb Bag","IV Cost","2026-04-14","12.07","34","57-9000","07305-26-01","07305-26-01-job"
"44047","2026-04-14","87.6","2026-04-15","Tube Grease Wolfhead Red 88301","IV Cost","2026-04-14","4.38","20","47-4111","07230-26-01","07230-26-01-job"
"44771","2026-04-15","46.5","2026-04-16","Granulated Sugar 25lb Bag","IV Cost","2026-04-15","23.25","2","57-9000","07240-26-01","07240-26-01-job"
"46731","2026-04-20","210","2026-04-21","Rig Mat Spiilfyter M-151 Poly Backed 57x80","IV Cost","2026-04-20","210","1","47-0250","07147-26-01","07147-26-01-job"
"3294","2026-01-10","46.5","2026-01-29","Granulated Sugar 25lb Bag","IV Cost","2026-01-10","23.25","2","57-9000","07254-26-01","07254-26-01-job"
"3302","2026-01-18","93","2026-01-29","Granulated Sugar 25lb Bag","IV Cost","2026-01-18","23.25","4","57-9000","07194-26-01","07194-26-01-job"
"5346","2026-02-03","395.28","2026-02-04","Hydraulic oil anti-wear ISO 46 Drum","IV Cost","2026-02-03","395.28","1","58-4000","07147-26-01","07147-26-01-job"
"5375","2026-02-03","28.5","2026-02-05","WD-40 11 oz Spray Can","IV Cost","2026-02-03","9.5","3","47-0810","07223-26-01","07223-26-01-job"
"5501","2026-02-03","24.2","2026-02-04","Brush Rig Scrub","IV Cost","2026-02-03","6.05","4","47-0810","07201-26-01","07201-26-01-job"
"5570","2026-02-03","20.7","2026-02-04","1/4"" Sash Cord 100' roll","IV Cost","2026-02-03","10.35","2","49-0810","07229-26-01","07229-26-01-job"
"5649","2026-02-03","7.98","2026-02-04","1 X 5 XH BLK NIPPLE","IV Cost","2026-02-03","3.99","2","49-0810","07229-26-01","07229-26-01-job"
"5681","2026-02-03","121","2026-02-04","Chevron Clarity Hyd AW46 5 gal","IV Cost","2026-02-03","121","1","58-4000","07226-26-01","07226-26-01-job"
"5760","2026-02-03","91.92","2026-02-04","2","IV Cost","2026-02-03","45.96","2","47-0810","07197-26-01","07197-26-01-job"
"5811","2026-02-03","27.04","2026-02-04","EAR PLUGS","IV Cost","2026-02-03","27.04","1","48-0250","07194-26-01","07194-26-01-job"
"5901","2026-02-03","192","2026-02-04","Glove Metacarpal 2XL orange rubber","IV Cost","2026-02-03","192","1","47-0250","07212-26-01","07212-26-01-job"
"5997","2026-02-03","17.28","2026-02-04","Drinking water 16.9 oz bottle","IV Cost","2026-02-03","4.32","4","47-0250","07147-26-01","07147-26-01-job"
"6036","2026-02-03","216.14","2026-02-04","20 LBS Fire Ext","IV Cost","2026-02-03","72.0466666667","3","48-0250","07234-26-01","07234-26-01-job"
"6518","2026-02-04","1972.56","2026-02-05","Valve Asm TT560  4001181","IV Cost","2026-02-04","328.76","6","47-4111","07201-26-01","07201-26-01-job"
"6676","2026-02-04","13.84","2026-02-05","DUCT TAPE 2"" X 60 YRD","IV Cost","2026-02-04","3.46","4","48-0810","07241-26-01","07241-26-01-job"
"6724","2026-02-04","43.2","2026-02-05","Drinking water 16.9 oz bottle","IV Cost","2026-02-04","4.32","10","47-0250","07230-26-01","07230-26-01-job"
"6761","2026-02-04","62.94","2026-02-05","NAPA ANTI FREEZE (1 gal)","IV Cost","2026-02-04","10.49","6","47-0250","07233-26-01","07233-26-01-job"
"7176","2026-02-05","87.44","2026-02-06","Handle for 8LB Sledge Hammer","IV Cost","2026-02-05","10.93","8","47-4111","07233-26-01","07233-26-01-job"
"7269","2026-02-05","145.6","2026-02-06","ROD GREASE- BOL CU JOINT 50# PL 630050","IV Cost","2026-02-05","145.6","1","48-0810","07241-26-01","07241-26-01-job"
"7362","2026-02-05","1751.77","2026-02-06","Class L API Oilwell Bulk Cement","IV Cost","2026-02-05","237.4","7.379","57-9000","07250-26-01","07250-26-01-job"
"7379","2026-02-05","3615.13","2026-02-06","Class L API Oilwell Bulk Cement","IV Cost","2026-02-05","237.4","15.228","57-9000","07239-26-01","07239-26-01-job"
"7406","2026-02-05",".7","2026-02-06","1/2 HD PLUG","IV Cost","2026-02-05",".7","1","47-0810","07232-26-01","07232-26-01-job"
"7521","2026-02-05","81.84","2026-02-06","WASHER FLUID 1 gal","IV Cost","2026-02-05","3.41","24","47-4111","07233-26-01","07233-26-01-job"
"7634","2026-02-05","8.1","2026-02-06","3"" Alum Male Adapter x Female NPT","IV Cost","2026-02-05","4.05","2","48-0810","07221-26-01","07221-26-01-job"
"7810","2026-02-06","14.46","2026-02-07","BREAK CLEANER RED CAN","IV Cost","2026-02-06","4.82","3","47-0810","07232-26-01","07232-26-01-job"
"7872","2026-02-06","465.84","2026-02-07","Glove Metacarpal Lg","IV Cost","2026-02-06","12.94","36","48-0250","07221-26-01","07221-26-01-job"
"8651","2026-02-06","155.28","2026-02-07","Glove Metacarpal XL","IV Cost","2026-02-06","12.94","12","47-0810","07198-26-01","07198-26-01-job"
"9891","2026-02-10","106","2026-02-11","OIL SOAKS (DIAPERS) BAG","IV Cost","2026-02-10","26.5","4","58-4000","07212-26-01","07212-26-01-job"
"10611","2026-02-11","6.92","2026-02-12","Rebar safety cover DISCA-10","IV Cost","2026-02-11","1.73","4","47-0250","07230-26-01","07230-26-01-job"
"10642","2026-02-11","8.5","2026-02-12","RAGS (BAG) 10LB t-shirt","IV Cost","2026-02-11","8.5","1","47-0810","07147-26-01","07147-26-01-job"
"10795","2026-02-11","736","2026-02-12","Liner 5"" TT560 Tulsa 4001034","IV Cost","2026-02-11","368","2","58-4000","07236-26-01","07236-26-01-job"
"10832","2026-02-11","577.94","2026-02-12","60"" J-JAW","IV Cost","2026-02-11","288.97","2","58-4000","07212-26-01","07212-26-01-job"
"11556","2026-02-12","111.5","2026-02-13","Coverall FR 9oz LG navy w/reflective stripes","IV Cost","2026-02-12","55.75","2","47-0250","07201-26-01","07201-26-01-job"
"12607","2026-02-13","359.61","2026-02-14","2 TON CROSBY HOOK 3/8 S3326","IV Cost","2026-02-13","359.61","1","48-0250","07221-26-01","07221-26-01-job"
"12798","2026-01-05","1362.68","2026-02-15","SSC-2000-321, ASSY, 2"" SPLIT SHOT 24"" 2000 SEG RDX","IV Cost","2026-01-05","1362.68","1","54-8400","07245-26-01","07245-26-01-job"
"12806","2026-01-06","2725.36","2026-02-15","SSC-2000-321, ASSY, 2"" SPLIT SHOT 24"" 2000 SEG RDX","IV Cost","2026-01-06","1362.68","2","54-8400","07250-26-01","07250-26-01-job"
"12832","2026-01-13","45.65","2026-02-15","PC-3500-201 POWER CHARGE 3 1/2 SHORTY","IV Cost","2026-01-13","45.65","1","54-8400","07245-26-01","07245-26-01-job"
"12875","2026-01-22","4088.04","2026-02-15","SSC-2000-321, ASSY, 2"" SPLIT SHOT 24"" 2000 SEG RDX","IV Cost","2026-01-22","1362.68","3","54-8400","07245-26-01","07245-26-01-job"
"13417","2026-01-29","545.7","2026-02-16","CUT-1500-024, SHICK SUB MANDREL 1-1/2"" OD X 24""","IV Cost","2026-01-29","90.95","6","54-8400","07241-26-01","07241-26-01-job"
"13441","2026-01-23","1362.68","2026-02-16","SSC-2000-321, ASSY, 2"" SPLIT SHOT 24"" 2000 SEG RDX","IV Cost","2026-01-23","1362.68","1","54-8400","07245-26-01","07245-26-01-job"
"13623","2026-02-16","210","2026-02-17","Rig Mat Spiilfyter M-151 poly backed 57x80","IV Cost","2026-02-16","210","1","47-4111","07235-26-01","07235-26-01-job"
"13657","2026-02-16","447.53","2026-02-17","Piston Asm 5 X 1.5 Tulsa 4001063","IV Cost","2026-02-16","149.175","3","58-4000","07212-26-01","07212-26-01-job"
"14450","2026-02-18","46.5","2026-02-19","Granulated Sugar 25lb Bag","IV Cost","2026-02-18","23.25","2","57-9000","07240-26-01","07240-26-01-job"
"14684","2026-02-18","6.3","2026-02-19","2"" Alum Female Coupler x Female","IV Cost","2026-02-18","6.3","1","47-0810","07240-26-01","07240-26-01-job"
"15592","2026-02-20","118.08","2026-02-21","Spill Kit Oil only 30 gal","IV Cost","2026-02-20","118.08","1","47-0250","07147-26-01","07147-26-01-job"
"16340","2026-02-23","8.5","2026-02-24","RAGS (BAG) 10LB t-shirt","IV Cost","2026-02-23","8.5","1","51-0810","07280-26-01","07280-26-01-job"
"16703","2026-02-24","54.81","2026-02-25","Towel scrim blue Roll D-575","IV Cost","2026-02-24","54.81","1","47-0810","07230-26-01","07230-26-01-job"
"16775","2026-02-24","9.48","2026-02-25","Brush Wire Wooden Shoe Handle","IV Cost","2026-02-24","2.37","4","49-0810","07271-26-01","07271-26-01-job"
"18662","2026-03-02","298.72","2026-03-03","Hose 3"" suction MxF cam  25' pvc","IV Cost","2026-03-02","149.36","2","48-0810","07261-26-01","07261-26-01-job"
"19191","2026-03-02","1740.62","2026-03-03","Class A API Oilwell Bulk Cement","IV Cost","2026-03-02","237.4","7.332","57-9000","07255-26-01","07255-26-01-job"
"19449","2026-03-02","28.92","2026-03-03","BREAK CLEANER RED CAN","IV Cost","2026-03-02","4.82","6","48-0810","07257-26-01","07257-26-01-job"
"19540","2026-03-02","27.04","2026-03-03","Ear Plugs w/cord 100/bx maxite low pressure foam","IV Cost","2026-03-02","27.04","1","47-0250","07201-26-01","07201-26-01-job"
"21195","2026-03-05","51.96","2026-03-06","Glove Metacarpal Lg","IV Cost","2026-03-05","12.99","4","47-0250","07240-26-01","07240-26-01-job"
"22726","2026-03-06","105","2026-03-07","Screen Shaker 4x5 12 Mesh","IV Cost","2026-03-06","105","1","58-4000","07147-26-01","07147-26-01-job"
"23542","2026-03-10","17.28","2026-03-11","Drinking water 16.9 oz bottle","IV Cost","2026-03-10","4.32","4","48-0250","07227-26-01","07227-26-01-job"
"23661","2026-03-10","17","2026-03-11","RAGS (BAG) 10LB t-shirt","IV Cost","2026-03-10","8.5","2","46-0810","07207-26-01","07207-26-01-job"
"23801","2026-03-11","139.5","2026-03-12","Granulated Sugar 25lb Bag","IV Cost","2026-03-11","23.25","6","57-9000","07277-26-01","07277-26-01-job"
"24885","2026-03-11","4407","2026-03-12","Elevator 3.5 drill pipe 100T MG Bottleneck","IV Cost","2026-03-11","4407","1","58-4000","07147-26-01","07147-26-01-job"
"28155","2026-03-16","11.3","2026-03-17","#3 VICTOR TORCH TIP","IV Cost","2026-03-16","5.65","2","47-0810","07235-26-01","07235-26-01-job"
"29771","2026-03-17","77.94","2026-03-18","NAPA ANTI FREEZE (1 gal)","IV Cost","2026-03-17","12.99","6","47-0810","07266-26-01","07266-26-01-job"
"30311","2026-03-18","85.92","2026-03-19","Chain & cable Lub (WRL Lube) aerosol spray","IV Cost","2026-03-18","7.16","12","58-4000","07227-26-01","07227-26-01-job"
"31123","2026-03-19","30.45","2026-03-20","3 X 2 FS HEX BUSHING","IV Cost","2026-03-19","30.45","1","58-4000","07219-26-01","07219-26-01-job"
"31430","2026-03-20","17.28","2026-03-21","SHADED SAFETY GLASSES","IV Cost","2026-03-20","1.44","12","49-0250","07288-26-01","07288-26-01-job"
"33287","2026-03-24","8874.25","2026-03-25","Class A API Oilwell Bulk Cement","IV Cost","2026-03-24","199.5917727498","44.462","57-9000","07214-26-01","07214-26-01-job"
"33694","2026-03-24","51.99","2026-03-25","Garbage Bags 60 gal 100/cs 38x58 2 mil","IV Cost","2026-03-24","51.99","1","47-0810","07230-26-01","07230-26-01-job"
"34435","2026-03-26","3.88","2026-03-27","2"" Alum Male Adapter x Male NPT","IV Cost","2026-03-26","3.88","1","47-0810","07267-26-01","07267-26-01-job"
"35756","2026-03-30","20.7","2026-03-31","1/4"" Sash Cord 100' roll","IV Cost","2026-03-30","10.35","2","58-4000","07147-26-01","07147-26-01-job"
"36317","2026-03-31","49.68","2026-04-01","Motor Oil GL 15W40","IV Cost","2026-03-31","16.56","3","58-4000","07258-26-01","07258-26-01-job"
"36405","2026-03-31","46.5","2026-04-01","Granulated Sugar 25lb Bag","IV Cost","2026-03-31","23.25","2","57-9000","07221-26-01","07221-26-01-job"
"36788","2026-03-31","55.56","2026-04-01","Sledge Hammer 8#","IV Cost","2026-03-31","27.78","2","47-0810","07201-26-01","07201-26-01-job"
"37671","2026-04-02","69.1","2026-04-03","Tong Spring B&C BJ009561 BJ style","IV Cost","2026-04-02","6.91","10","58-4000","07147-26-01","07147-26-01-job"
"37922","2026-04-02","21.95","2026-04-03","Qwik Stilk Zero Lemon Lime 50/pk","IV Cost","2026-04-02","21.95","1","48-0250","07227-26-01","07227-26-01-job"
"39300","2026-04-06","125.04","2026-04-07","Tong Die 1/2""x1-1/4""x5"" BJ/wolley Type C CDI-1602","IV Cost","2026-04-06","5.21","24","58-4000","07147-26-01","07147-26-01-job"
"39333","2026-04-06","12.11","2026-04-07","Glove Corded Lg","IV Cost","2026-04-06","12.11","1","48-0250","07266-26-01","07266-26-01-job"
"39821","2026-04-07","17","2026-04-09","Rags 10# Bag","IV Cost","2026-04-07","8.5","2","47-0810","07260-26-01","07260-26-01-job"
"39884","2026-04-07","17","2026-04-09","Rags 10# Bag","IV Cost","2026-04-07","8.5","2","47-0810","07299-26-01","07299-26-01-job"
"40236","2026-04-08","24.5","2026-04-09","Camlock 300D Alum Female Coupler x Female 3""","IV Cost","2026-04-08","12.25","2","47-0810","07289-26-01","07289-26-01-job"
"40296","2026-04-08","8.46","2026-04-09","Deck brush Handle Wooden","IV Cost","2026-04-08","4.23","2","47-0810","07147-26-01","07147-26-01-job"
"41404","2026-04-09","51.99","2026-04-10","Garbage Bags 60 gal 100/cs 38x58 2 mil","IV Cost","2026-04-09","51.99","1","47-0810","07258-26-01","07258-26-01-job"
"43950","2026-04-14","557.89","2026-04-16","Class A API Oilwell Bulk Cement","IV Cost","2026-04-14","237.4","2.35","57-9000","07291-26-01","07291-26-01-job"
"44048","2026-04-14","54.81","2026-04-15","Towel Scrim Roll D-570","IV Cost","2026-04-14","54.81","1","47-0250","07230-26-01","07230-26-01-job"
"46732","2026-04-20","315","2026-04-21","Screen Shaker 4x5 12 Mesh","IV Cost","2026-04-20","105","3","58-4000","07147-26-01","07147-26-01-job"
"5347","2026-02-03","38.54","2026-02-04","Squeegee Floor 24"" Curved wood handle","IV Cost","2026-02-03","38.54","1","47-0810","07147-26-01","07147-26-01-job"
"5376","2026-02-03","14.57","2026-02-05","20lb propane cylinder w/gas","IV Cost","2026-02-03","14.57","1","58-4000","07223-26-01","07223-26-01-job"
"5502","2026-02-03","6.54","2026-02-04","Deck Brush","IV Cost","2026-02-03","6.54","1","47-0810","07201-26-01","07201-26-01-job"
"5571","2026-02-03","15.32","2026-02-04","Caution tape 3"" x 100'","IV Cost","2026-02-03","7.66","2","49-0250","07229-26-01","07229-26-01-job"
"5650","2026-02-03","3.06","2026-02-04","3/4 X CLOSE XH BLK NIPPLE","IV Cost","2026-02-03","1.53","2","49-0810","07229-26-01","07229-26-01-job"
"5682","2026-02-03","20.16","2026-02-04","Gauge 0-3000 1/4 Rear, Dash Clamp","IV Cost","2026-02-03","20.16","1","47-0810","07226-26-01","07226-26-01-job"
"5761","2026-02-03","230.06","2026-02-04","3""Rotary hose 2250psi w/fig 200 hammer union","IV Cost","2026-02-03","115.03","2","47-0810","07197-26-01","07197-26-01-job"
"5812","2026-02-03","17.28","2026-02-04","SHADED SAFETY GLASSES","IV Cost","2026-02-03","1.44","12","48-0250","07194-26-01","07194-26-01-job"
"5902","2026-02-03","585","2026-02-04","Wash Pipe 57679722 RD-20 601633","IV Cost","2026-02-03","585","1","58-4000","07212-26-01","07212-26-01-job"
"5998","2026-02-03","267.12","2026-02-04","Insert Slip Varco button 5-1/2""x7"" CDI-2620","IV Cost","2026-02-03","4.24","63","58-4000","07147-26-01","07147-26-01-job"
"6037","2026-02-03","37.25","2026-02-04","18"" J-JAW","IV Cost","2026-02-03","37.25","1","58-4000","07234-26-01","07234-26-01-job"
"6519","2026-02-04","25.92","2026-02-05","Drinking water 16.9 oz bottle","IV Cost","2026-02-04","4.32","6","47-0250","07201-26-01","07201-26-01-job"
"6677","2026-02-04","10.35","2026-02-05","1/4"" Sash Cord 100' roll","IV Cost","2026-02-04","10.35","1","48-0810","07241-26-01","07241-26-01-job"
"6725","2026-02-04","8.5","2026-02-05","RAGS (BAG) 10LB t-shirt","IV Cost","2026-02-04","8.5","1","47-0810","07230-26-01","07230-26-01-job"
"6762","2026-02-04","32.9","2026-02-05","3/8"" Sash Cord 100' Roll","IV Cost","2026-02-04","16.45","2","47-4111","07233-26-01","07233-26-01-job"
"7177","2026-02-05","37","2026-02-06","Pin  1"" Turnbuckle Crosby 1097761","IV Cost","2026-02-05","18.5","2","48-0810","07221-26-01","07221-26-01-job"
"7270","2026-02-05","7.5","2026-02-06","bungee cord 15"" black","IV Cost","2026-02-05",".75","10","48-0810","07241-26-01","07241-26-01-job"
"7363","2026-02-05","1004.2","2026-02-06","Class L API Oilwell Bulk Cement","IV Cost","2026-02-05","237.4","4.23","57-9000","07254-26-01","07254-26-01-job"
"7380","2026-02-05","2789.45","2026-02-06","Class L API Oilwell Bulk Cement","IV Cost","2026-02-05","237.4","11.75","57-9000","07256-26-01","07256-26-01-job"
"7407","2026-02-05","1.85","2026-02-06","1/2 X 3 XH BLK NIPPLE","IV Cost","2026-02-05","1.85","1","47-0810","07232-26-01","07232-26-01-job"
"7522","2026-02-05","29.14","2026-02-06","20lb propane cylinder w/gas","IV Cost","2026-02-05","14.57","2","58-4000","07213-26-01","07213-26-01-job"
"7635","2026-02-05","58.03","2026-02-06","24"" J-JAW","IV Cost","2026-02-05","58.03","1","48-0810","07221-26-01","07221-26-01-job"
"7811","2026-02-06","11.6","2026-02-07","Brush Wire Wooden Shoe Handle","IV Cost","2026-02-06","2.9","4","47-0810","07232-26-01","07232-26-01-job"
"7873","2026-02-06","11.61","2026-02-07","Starter Fluid","IV Cost","2026-02-06","3.87","3","48-0810","07221-26-01","07221-26-01-job"
"8652","2026-02-06","51.76","2026-02-07","Glove Metacarpal 2X","IV Cost","2026-02-06","12.94","4","47-0810","07198-26-01","07198-26-01-job"
"9892","2026-02-10","105","2026-02-11","Screen Shaker 4x5 14 Mesh","IV Cost","2026-02-10","105","1","58-4000","07212-26-01","07212-26-01-job"
"10612","2026-02-11","3.29","2026-02-12","Starter Fluid","IV Cost","2026-02-11","3.29","1","47-0810","07230-26-01","07230-26-01-job"
"10643","2026-02-11","20.9","2026-02-12","GREASE GUN HOSE","IV Cost","2026-02-11","10.45","2","47-0810","07147-26-01","07147-26-01-job"
"10796","2026-02-11","298.36","2026-02-12","Piston Asm 5 X 1.5 Tulsa 4001063","IV Cost","2026-02-11","149.18","2","58-4000","07236-26-01","07236-26-01-job"
"10833","2026-02-11","341","2026-02-12","48"" J-JAW","IV Cost","2026-02-11","170.5","2","58-4000","07212-26-01","07212-26-01-job"
"11557","2026-02-12","368","2026-02-13","Liner 5"" TT560 Tulsa 4001034","IV Cost","2026-02-12","368","1","47-4111","07201-26-01","07201-26-01-job"
"12608","2026-02-13","93.51","2026-02-14","Glove Metacarpal LG orange rubber","IV Cost","2026-02-13","93.51","1","48-0250","07221-26-01","07221-26-01-job"
"12833","2026-01-13","640","2026-02-15","000-5610-002, BRIDGE PLUG, BIG BOY 5.61","IV Cost","2026-01-13","640","1","54-8400","07245-26-01","07245-26-01-job"
"13418","2026-01-29","8172.09","2026-02-16","CUT-7250-031 CUTTER 7.25"" RDX","IV Cost","2026-01-29","2724.03","3","54-8400","07241-26-01","07241-26-01-job"
"13624","2026-02-16","106","2026-02-17","OIL SOAKS (DIAPERS) BAG","IV Cost","2026-02-16","26.5","4","47-0810","07235-26-01","07235-26-01-job"
"13658","2026-02-16","4","2026-02-17","Striker Torch single","IV Cost","2026-02-16","2","2","47-0810","07212-26-01","07212-26-01-job"
"14451","2026-02-18","13724.1","2026-02-19","Class L API Oilwell Bulk Cement","IV Cost","2026-02-18","237.4000178989","57.81","57-9000","07246-26-01","07246-26-01-job"
"14685","2026-02-18","176.32","2026-02-19","Pipe 48"" x 20' Corrugated Galv 16 Ga","IV Cost","2026-02-18","88.16","2","58-1000","07252-26-01","07252-26-01-job"
"15593","2026-02-20","798","2026-02-21","80W90 Gear Oil 55gal","IV Cost","2026-02-20","798","1","58-4000","07147-26-01","07147-26-01-job"
"16341","2026-02-23","27.8","2026-02-24","8 LB SLEDGE HAMMER","IV Cost","2026-02-23","27.8","1","51-0810","07280-26-01","07280-26-01-job"
"16704","2026-02-24","191.67","2026-02-25","Isolator rubber F/std & JSS shale shaker mounts","IV Cost","2026-02-24","191.67","1","47-4111","07230-26-01","07230-26-01-job"
"16776","2026-02-24","21.86","2026-02-25","Handle for 8LB Sledge Hammer","IV Cost","2026-02-24","10.93","2","49-0810","07271-26-01","07271-26-01-job"
"18663","2026-03-02","12.25","2026-03-03","3"" Alum Female Coupler x Female","IV Cost","2026-03-02","12.25","1","48-0810","07261-26-01","07261-26-01-job"
"19192","2026-03-02","46.5","2026-03-03","Granulated Sugar 25lb Bag","IV Cost","2026-03-02","23.25","2","57-9000","07255-26-01","07255-26-01-job"
"19450","2026-03-02","7.11","2026-03-03","Brush Wire Wooden Shoe Handle","IV Cost","2026-03-02","2.37","3","48-0810","07257-26-01","07257-26-01-job"
"19541","2026-03-02","8.64","2026-03-03","Drinking water 16.9 oz bottle","IV Cost","2026-03-02","4.32","2","47-0250","07201-26-01","07201-26-01-job"
"20521","2026-03-03","280.42","2026-03-04","Motor Char Lynn 101-1700-009","IV Cost","2026-03-03","280.42","1","47-0810","07147-26-01","07147-26-01-job"
"21196","2026-03-05","51.76","2026-03-06","Glove Metacarpal Med","IV Cost","2026-03-05","12.94","4","47-0250","07240-26-01","07240-26-01-job"
"22727","2026-03-06","9.2","2026-03-07","Ratchet Strap 1"" x16' Round Hook","IV Cost","2026-03-06","9.2","1","47-0810","07147-26-01","07147-26-01-job"
"23543","2026-03-10","38.28","2026-03-11","Paint Spray Gloss Black Rustoleum 1679830","IV Cost","2026-03-10","6.38","6","48-0810","07227-26-01","07227-26-01-job"
"23662","2026-03-10","64.4","2026-03-11","Pin shear PRV 20 red pop off pins 10/pk","IV Cost","2026-03-10","32.2","2","58-4000","07207-26-01","07207-26-01-job"
"23802","2026-03-11","474.8","2026-03-12","Class A API Oilwell Bulk Cement","IV Cost","2026-03-11","237.4","2","57-9000","07276-26-01","07276-26-01-job"
"24886","2026-03-11","39.68","2026-03-12","Kit Cyl End R432012512 Rexroth","IV Cost","2026-03-11","39.68","1","47-0810","07147-26-01","07147-26-01-job"
"28156","2026-03-16","294.73","2026-03-17","Wand Torch ST900FC Victor","IV Cost","2026-03-16","294.73","1","47-4111","07235-26-01","07235-26-01-job"
"29772","2026-03-17","51.99","2026-03-18","Garbage Bags 60 gal 100/cs 38x58 2 mil","IV Cost","2026-03-17","51.99","1","47-0810","07266-26-01","07266-26-01-job"
"30312","2026-03-18","8.64","2026-03-19","Drinking water 16.9 oz bottle","IV Cost","2026-03-18","4.32","2","48-0250","07227-26-01","07227-26-01-job"
"31124","2026-03-19","12.25","2026-03-20","3"" Alum Female Coupler x Female","IV Cost","2026-03-19","12.25","1","58-4000","07219-26-01","07219-26-01-job"
"31431","2026-03-20","17","2026-03-21","Rags (bag) 10 Lb","IV Cost","2026-03-20","8.5","2","49-0810","07288-26-01","07288-26-01-job"
"33288","2026-03-24","93","2026-03-25","Granulated Sugar 25lb Bag","IV Cost","2026-03-24","23.25","4","57-9000","07214-26-01","07214-26-01-job"
"33695","2026-03-24","17.28","2026-03-25","Safety Glasses Clear","IV Cost","2026-03-24","1.44","12","47-0250","07230-26-01","07230-26-01-job"
"34436","2026-03-26","2.29","2026-03-27","2"" Alum Male Adapter x Female NPT","IV Cost","2026-03-26","2.29","1","47-0810","07267-26-01","07267-26-01-job"
"35757","2026-03-30","24.2","2026-03-31","Brush Rig Scrub","IV Cost","2026-03-30","6.05","4","47-0810","07147-26-01","07147-26-01-job"
"36318","2026-03-31","79.02","2026-04-01","NAPA Anti Freeze (1 gal)","IV Cost","2026-03-31","13.17","6","58-4000","07258-26-01","07258-26-01-job"
"36406","2026-03-31","8803.5","2026-04-01","Class A API Oilwell Bulk Cement","IV Cost","2026-03-31","237.4","37.083","57-9000","07187-26-01","07187-26-01-job"
"36789","2026-03-31","8.64","2026-04-01","Drinking Water 16.9 oz Bottle Case","IV Cost","2026-03-31","4.32","2","47-0250","07201-26-01","07201-26-01-job"
"37672","2026-04-02","34.02","2026-04-03","PB Blaster 16-PB-DS 11oz","IV Cost","2026-04-02","5.67","6","47-0810","07147-26-01","07147-26-01-job"
"37923","2026-04-02","21.86","2026-04-03","Drink Mix Skittles All Sport 50/pk","IV Cost","2026-04-02","21.86","1","48-0250","07227-26-01","07227-26-01-job"
"39301","2026-04-06","2.7","2026-04-07","3/4 X 4 XH BLK NIPPLE","IV Cost","2026-04-06","2.7","1","48-0810","07227-26-01","07227-26-01-job"
"39334","2026-04-06","44.64","2026-04-07","Fluid film AS11 11.75oz","IV Cost","2026-04-06","11.16","4","48-0810","07266-26-01","07266-26-01-job"
"39822","2026-04-07","384","2026-04-09","Glove Metacarpal XLG Orange Rubber","IV Cost","2026-04-07","192","2","47-0250","07260-26-01","07260-26-01-job"
"39885","2026-04-07","51.96","2026-04-09","Glove Metacarpal 2X","IV Cost","2026-04-07","12.99","4","47-0250","07299-26-01","07299-26-01-job"
"40237","2026-04-08","8.1","2026-04-09","Camlock 300A Alum Male Adapter x Female NPT 3""","IV Cost","2026-04-08","4.05","2","47-0810","07289-26-01","07289-26-01-job"
"40297","2026-04-08","571.56","2026-04-09","Glove Metacarpal Lg","IV Cost","2026-04-08","12.99","44","47-0250","07147-26-01","07147-26-01-job"
"41405","2026-04-09","25.31","2026-04-10","Track Shovel","IV Cost","2026-04-09","25.31","1","47-0810","07258-26-01","07258-26-01-job"
"41604","2026-04-10","125","2026-04-11","Cutting Wheel 4-1/2 x .45"" x 7/8""","IV Cost","2026-04-10","2.5","50","47-0810","07235-26-01","07235-26-01-job"
"43951","2026-04-14","46.5","2026-04-16","Granulated Sugar 25lb Bag","IV Cost","2026-04-14","23.25","2","57-9000","07291-26-01","07291-26-01-job"
"44049","2026-04-14","21.6","2026-04-15","Drinking Water 16.9 oz Bottle Case","IV Cost","2026-04-14","4.32","5","47-0250","07230-26-01","07230-26-01-job"
"46733","2026-04-20","89.9","2026-04-21","Dawn Pro 5 gal","IV Cost","2026-04-20","89.9","1","47-0250","07258-26-01","07258-26-01-job"
"5348","2026-02-03","9.21","2026-02-04","Ratchet Strap 1"" x16' Round Hook","IV Cost","2026-02-03","9.21","1","47-0810","07147-26-01","07147-26-01-job"
"5377","2026-02-03","88.57","2026-02-05","20 LBS Fire Ext","IV Cost","2026-02-03","88.57","1","47-0250","07223-26-01","07223-26-01-job"
"5503","2026-02-03","395.28","2026-02-04","Hydraulic oil anti-wear ISO 46 Drum","IV Cost","2026-02-03","395.28","1","47-4111","07201-26-01","07201-26-01-job"
"5572","2026-02-03","10.38","2026-02-04","DUCT TAPE 2"" X 60 YRD","IV Cost","2026-02-03","3.46","3","49-0810","07229-26-01","07229-26-01-job"
"5651","2026-02-03","3.44","2026-02-04","3/4 X 2 XH BLK NIPPLE","IV Cost","2026-02-03","1.72","2","49-0810","07229-26-01","07229-26-01-job"
"5683","2026-02-03","51.99","2026-02-04","Garbage Bags 60 gal 100/cs 38x58 2 mil","IV Cost","2026-02-03","51.99","1","47-0810","07226-26-01","07226-26-01-job"
"5762","2026-02-03","15.26","2026-02-04","2"" Hammer Union","IV Cost","2026-02-03","15.26","1","58-4000","07232-26-01","07232-26-01-job"
"5813","2026-02-03","17.28","2026-02-04","CLEAR SAFETY GLASSES","IV Cost","2026-02-03","1.44","12","48-0250","07194-26-01","07194-26-01-job"
"5903","2026-02-03","113.19","2026-02-04","Blade 44 7/8""x1/2""x.020"" 14TPI Morse ZWEP4418MC","IV Cost","2026-02-03","16.17","7","48-0810","07241-26-01","07241-26-01-job"
"5999","2026-02-03","73.49","2026-02-04","Handle-Flex  J-3767-F-NE Varco FRT","IV Cost","2026-02-03","73.49","1","58-4000","07147-26-01","07147-26-01-job"
"6038","2026-02-03","58.03","2026-02-04","24"" J-JAW","IV Cost","2026-02-03","58.03","1","58-4000","07234-26-01","07234-26-01-job"
"6520","2026-02-04","383.28","2026-02-05","Insert Slip  Baash Ross DU 4-1/2""x3-1/2"" CDI3404","IV Cost","2026-02-04","15.97","24","47-4111","07201-26-01","07201-26-01-job"
"6678","2026-02-04","8.5","2026-02-05","Tape Electrical 3/4"" Wide","IV Cost","2026-02-04",".85","10","48-0250","07241-26-01","07241-26-01-job"
"6726","2026-02-04","4.39","2026-02-05","Black Cable Tie 8""","IV Cost","2026-02-04","4.39","1","47-0810","07230-26-01","07230-26-01-job"
"6763","2026-02-04","122.76","2026-02-05","WASHER FLUID 1 gal","IV Cost","2026-02-04","3.41","36","47-4111","07233-26-01","07233-26-01-job"
"7178","2026-02-05","9.9","2026-02-06","Thimble HD 5/8""","IV Cost","2026-02-05","4.95","2","48-0810","07221-26-01","07221-26-01-job"
"7271","2026-02-05","5.66","2026-02-06","ORANGE FLAG W/2 HOLES","IV Cost","2026-02-05","5.66","1","48-0250","07241-26-01","07241-26-01-job"
"7381","2026-02-05","1740.62","2026-02-06","Class L API Oilwell Bulk Cement","IV Cost","2026-02-05","237.4","7.332","57-9000","07255-26-01","07255-26-01-job"
"7408","2026-02-05","35.96","2026-02-06","Rock salt 50# bag","IV Cost","2026-02-05","8.99","4","47-0250","07213-26-01","07213-26-01-job"
"7523","2026-02-05","64.62","2026-02-06","Fleet charge Anti Freeze 50/50 1 Gal","IV Cost","2026-02-05","10.77","6","47-0810","07198-26-01","07198-26-01-job"
"7636","2026-02-05","31.14","2026-02-06","24"" HEEL JAW & PIN","IV Cost","2026-02-05","31.14","1","48-0810","07221-26-01","07221-26-01-job"
"7812","2026-02-06","25.56","2026-02-07","Flourscent Red paint stick","IV Cost","2026-02-06","2.13","12","58-4000","07232-26-01","07232-26-01-job"
"7874","2026-02-06","20.46","2026-02-07","WASHER FLUID 1 gal","IV Cost","2026-02-06","3.41","6","48-0810","07221-26-01","07221-26-01-job"
"8653","2026-02-06","93.51","2026-02-07","Glove Metacarpal LG orange rubber","IV Cost","2026-02-06","93.51","1","47-0250","07198-26-01","07198-26-01-job"
"9893","2026-02-10","103.52","2026-02-11","Glove Metacarpal Med","IV Cost","2026-02-10","12.94","8","47-0250","07212-26-01","07212-26-01-job"
"10613","2026-02-11","235.72","2026-02-12","Valve Butterfly 4"" Water Tank","IV Cost","2026-02-11","117.86","2","47-4111","07240-26-01","07240-26-01-job"
"10644","2026-02-11","84.56","2026-02-12","GREASE GUNS","IV Cost","2026-02-11","42.28","2","47-0810","07147-26-01","07147-26-01-job"
"10797","2026-02-11","105","2026-02-12","Screen Shaker 4x5 14 Mesh","IV Cost","2026-02-11","105","1","58-4000","07236-26-01","07236-26-01-job"
"10835","2026-02-11","220","2026-02-12","Packing Washpipe RD20 52253929 601410","IV Cost","2026-02-11","110","2","58-4000","07212-26-01","07212-26-01-job"
"11558","2026-02-12","35","2026-02-13","10 LB FIRE EXT","IV Cost","2026-02-12","35","1","47-0250","07201-26-01","07201-26-01-job"
"12609","2026-02-13","34.56","2026-02-14","Drinking water 16.9 oz bottle","IV Cost","2026-02-13","4.32","8","47-0250","07247-26-01","07247-26-01-job"
"13625","2026-02-16","8.5","2026-02-17","RAGS (BAG) 10LB t-shirt","IV Cost","2026-02-16","8.5","1","47-0810","07235-26-01","07235-26-01-job"
"13659","2026-02-16","2.7","2026-02-17","Flint Replacement Single Striker (5 per PK)","IV Cost","2026-02-16","1.35","2","47-0810","07212-26-01","07212-26-01-job"
"14452","2026-02-18","697.5","2026-02-19","Granulated Sugar 25lb Bag","IV Cost","2026-02-18","23.25","30","57-9000","07246-26-01","07246-26-01-job"
"14686","2026-02-18","876.4","2026-02-19","Steel Pipe 16""x312x20 ft P/E","IV Cost","2026-02-18","43.82","20","58-1000","07252-26-01","07252-26-01-job"
"15594","2026-02-20","28.92","2026-02-21","BREAK CLEANER RED CAN","IV Cost","2026-02-20","4.82","6","47-0810","07147-26-01","07147-26-01-job"
"16342","2026-02-23","13.5","2026-02-24","20lb propane cylinder w/gas","IV Cost","2026-02-23","13.5","1","58-4000","07236-26-01","07236-26-01-job"
"16749","2026-02-24","20.46","2026-02-25","WASHER FLUID 1 gal","IV Cost","2026-02-24","3.41","6","48-0810","07221-26-01","07221-26-01-job"
"16777","2026-02-24","467.64","2026-02-25","Glove Metacarpal Lg","IV Cost","2026-02-24","12.99","36","49-0250","07271-26-01","07271-26-01-job"
"18664","2026-03-02","7.65","2026-03-03","3"" Alum Male Adapter x Male NPT","IV Cost","2026-03-02","7.65","1","48-0810","07261-26-01","07261-26-01-job"
"19193","2026-03-02","9316.76","2026-03-03","Class A API Oilwell Bulk Cement","IV Cost","2026-03-02","237.4","39.245","57-9000","07226-26-01","07226-26-01-job"
"19479","2026-03-02","40.92","2026-03-03","WASHER FLUID 1 gal","IV Cost","2026-03-02","3.41","12","58-4000","07257-26-01","07257-26-01-job"
"19542","2026-03-02","51.76","2026-03-03","Glove Metacarpal XL","IV Cost","2026-03-02","12.94","4","47-0250","07201-26-01","07201-26-01-job"
"20522","2026-03-03","51.99","2026-03-04","Garbage Bags 60 gal 100/cs 38x58 2 mil","IV Cost","2026-03-03","51.99","1","48-0810","07227-26-01","07227-26-01-job"
"21197","2026-03-05","155.88","2026-03-06","Glove Metacarpal XL","IV Cost","2026-03-05","12.99","12","47-0250","07240-26-01","07240-26-01-job"
"23544","2026-03-10","11.77","2026-03-11","2 XH BLK MI CAP","IV Cost","2026-03-10","11.77","1","48-0810","07227-26-01","07227-26-01-job"
"23663","2026-03-10","30.52","2026-03-11","2"" Hammer Union","IV Cost","2026-03-10","15.26","2","58-4000","07207-26-01","07207-26-01-job"
"24887","2026-03-11","17","2026-03-12","RAGS (BAG) 10LB t-shirt","IV Cost","2026-03-11","8.5","2","48-0810","07257-26-01","07257-26-01-job"
"28157","2026-03-16","34.56","2026-03-17","SHADED SAFETY GLASSES","IV Cost","2026-03-16","1.44","24","47-0250","07235-26-01","07235-26-01-job"
"29773","2026-03-17","8.5","2026-03-18","RAGS (BAG) 10LB t-shirt","IV Cost","2026-03-17","8.5","1","47-0810","07266-26-01","07266-26-01-job"
"30313","2026-03-18","10.35","2026-03-19","1/4"" Sash Cord 100' roll","IV Cost","2026-03-18","10.35","1","58-4000","07227-26-01","07227-26-01-job"
"31125","2026-03-19","65.96","2026-03-20","4 X 3 FS HEX BUSHING","IV Cost","2026-03-19","65.96","1","58-4000","07219-26-01","07219-26-01-job"
"33289","2026-03-24","1986.09","2026-03-25","Class A API Oilwell Bulk Cement","IV Cost","2026-03-24","237.4","8.366","57-9000","07187-26-01","07187-26-01-job"
"33696","2026-03-24","17.28","2026-03-25","Safety Glasses Shaded","IV Cost","2026-03-24","1.44","12","47-0250","07230-26-01","07230-26-01-job"
"34437","2026-03-26","44.64","2026-03-27","Break Cleaner Red Can","IV Cost","2026-03-26","4.96","9","47-0810","07267-26-01","07267-26-01-job"
"35758","2026-03-30","6.8","2026-03-31","Tape Electrical 3/4"" Wide","IV Cost","2026-03-30",".85","8","47-0810","07147-26-01","07147-26-01-job"
"36407","2026-03-31","46.5","2026-04-01","Granulated Sugar 25lb Bag","IV Cost","2026-03-31","23.25","2","57-9000","07187-26-01","07187-26-01-job"
"36790","2026-03-31","26.5","2026-04-01","Oil Soaks (Diapers) Bag 100pcs","IV Cost","2026-03-31","26.5","1","47-0810","07201-26-01","07201-26-01-job"
"37673","2026-04-02","17.28","2026-04-03","Safety Glasses Shaded","IV Cost","2026-04-02","1.44","12","47-0250","07147-26-01","07147-26-01-job"
"37924","2026-04-02","11.62","2026-04-03","Nipple 2"" x 4"" XH Blk","IV Cost","2026-04-02","5.811","2","58-4000","07227-26-01","07227-26-01-job"
"39302","2026-04-06","3.5","2026-04-07","3/4 XH BLK MI 90 ELL","IV Cost","2026-04-06","3.5","1","48-0810","07227-26-01","07227-26-01-job"
"39335","2026-04-06","14.72","2026-04-07","Brake Clean Green Can CRC95084","IV Cost","2026-04-06","3.68","4","48-0810","07266-26-01","07266-26-01-job"
"39823","2026-04-07","210","2026-04-09","Screen Shaker 4x5 12 Mesh","IV Cost","2026-04-07","105","2","47-4111","07260-26-01","07260-26-01-job"
"39886","2026-04-07","51.96","2026-04-09","Glove Metacarpal XL","IV Cost","2026-04-07","12.99","4","47-0250","07299-26-01","07299-26-01-job"
"40238","2026-04-08","18.96","2026-04-09","Valve Stud Nuts 1501555 75CN2Z 0124748","IV Cost","2026-04-08",".79","24","47-0810","07267-26-01","07267-26-01-job"
"40298","2026-04-08","51.96","2026-04-09","Glove Metacarpal XL","IV Cost","2026-04-08","12.99","4","47-0250","07147-26-01","07147-26-01-job"
"41406","2026-04-09","207.84","2026-04-10","Glove Metacarpal XL","IV Cost","2026-04-09","12.99","16","47-0250","07258-26-01","07258-26-01-job"
"41605","2026-04-10","54.19","2026-04-11","Grinding wheel 4-1/2""x1/4""x7/8""  type 27 20063","IV Cost","2026-04-10","2.1676","25","47-0810","07235-26-01","07235-26-01-job"
"43952","2026-04-14","2733.66","2026-04-16","Class A API Oilwell Bulk Cement","IV Cost","2026-04-14","237.4","11.515","57-9000","07288-26-01","07288-26-01-job"
"44050","2026-04-14","34.56","2026-04-15","Safety Glasses Clear","IV Cost","2026-04-14","1.44","24","47-0250","07230-26-01","07230-26-01-job"
"46734","2026-04-20","210","2026-04-21","Screen Shaker 4x5 12 Mesh","IV Cost","2026-04-20","105","2","58-4000","07258-26-01","07258-26-01-job"
"5349","2026-02-03","13.86","2026-02-04","ROD GREASE BRUSHES","IV Cost","2026-02-03","6.93","2","58-4000","07147-26-01","07147-26-01-job"
"5378","2026-02-03","25.92","2026-02-05","Drinking water 16.9 oz bottle","IV Cost","2026-02-03","4.32","6","47-0250","07223-26-01","07223-26-01-job"
"5504","2026-02-03","4.23","2026-02-04","Deck brush Handles","IV Cost","2026-02-03","4.23","1","47-0810","07201-26-01","07201-26-01-job"
"5573","2026-02-03","25.56","2026-02-04","Flourscent Red paint stick","IV Cost","2026-02-03","2.13","12","49-0810","07229-26-01","07229-26-01-job"
"5652","2026-02-03","4.14","2026-02-04","3/4 X 3 XH BLK NIPPLE","IV Cost","2026-02-03","2.07","2","49-0810","07229-26-01","07229-26-01-job"
"5684","2026-02-03","179.2","2026-02-04","Chain 3/8"" domestic grade 70","IV Cost","2026-02-03","4.48","40","58-4000","07234-26-01","07234-26-01-job"
"5763","2026-02-03","66.59","2026-02-04","3"" Hammer Union","IV Cost","2026-02-03","66.59","1","58-4000","07232-26-01","07232-26-01-job"
"5814","2026-02-03","8.5","2026-02-04","RAGS (BAG) 10LB t-shirt","IV Cost","2026-02-03","8.5","1","48-0810","07194-26-01","07194-26-01-job"
"5904","2026-02-03","58.44","2026-02-04","Cut 4 Maxi Glove L","IV Cost","2026-02-03","58.44","1","48-0250","07241-26-01","07241-26-01-job"
"6000","2026-02-03","150.8","2026-02-04","Handle-Flex  J-3766-F-NE Varco Rear","IV Cost","2026-02-03","75.4","2","58-4000","07147-26-01","07147-26-01-job"
"6039","2026-02-03","119","2026-02-04","Cutting Wheel 4.5""x.045""x7/8"" t27 A60S Sait 22021","IV Cost","2026-02-03","2.38","50","58-4000","07234-26-01","07234-26-01-job"
"6521","2026-02-04","119","2026-02-05","Cutting Wheel 4.5""x.045""x7/8"" t27 A60S Sait 22021","IV Cost","2026-02-04","2.38","50","47-0810","07201-26-01","07201-26-01-job"
"6679","2026-02-04","32.79","2026-02-05","Handle for 8LB Sledge Hammer","IV Cost","2026-02-04","10.93","3","47-0810","07213-26-01","07213-26-01-job"
"6727","2026-02-04","105","2026-02-05","Screen Shaker 4x5 12 Mesh","IV Cost","2026-02-04","105","1","47-4111","07230-26-01","07230-26-01-job"
"6764","2026-02-04","562.93","2026-02-06","15W40 Oil 55gal Drum","IV Cost","2026-02-04","562.93","1","47-4111","07233-26-01","07233-26-01-job"
"7179","2026-02-05","399.54","2026-02-06","Turnbuckle Crosby HG228 Jaw & Jaw 1X24","IV Cost","2026-02-05","399.54","1","48-0810","07221-26-01","07221-26-01-job"
"7272","2026-02-05","76.94","2026-02-06","2"" x 20' Nylon Sling 2 ply","IV Cost","2026-02-05","38.47","2","48-0810","07257-26-01","07257-26-01-job"
"7382","2026-02-05","2231.56","2026-02-06","Class L API Oilwell Bulk Cement","IV Cost","2026-02-05","237.4","9.4","57-9000","07234-26-01","07234-26-01-job"
"7409","2026-02-05","1972.56","2026-02-06","Valve Asm TT560  4001181","IV Cost","2026-02-05","328.76","6","58-4000","07213-26-01","07213-26-01-job"
"7524","2026-02-05","40.92","2026-02-06","WASHER FLUID 1 gal","IV Cost","2026-02-05","3.41","12","47-0810","07198-26-01","07198-26-01-job"
"7637","2026-02-05","210","2026-02-06","Screen Shaker 4x5 12 Mesh","IV Cost","2026-02-05","105","2","47-4111","07233-26-01","07233-26-01-job"
"7813","2026-02-06","17.28","2026-02-07","SHADED SAFETY GLASSES","IV Cost","2026-02-06","1.44","12","47-0250","07232-26-01","07232-26-01-job"
"7875","2026-02-06","25.92","2026-02-07","Drinking water 16.9 oz bottle","IV Cost","2026-02-06","4.32","6","48-0250","07221-26-01","07221-26-01-job"
"8654","2026-02-06","192","2026-02-07","Glove Metacarpal 2XL orange rubber","IV Cost","2026-02-06","192","1","47-0250","07198-26-01","07198-26-01-job"
"9894","2026-02-10","103.52","2026-02-11","Glove Metacarpal XL","IV Cost","2026-02-10","12.94","8","47-0250","07212-26-01","07212-26-01-job"
"10614","2026-02-11","12","2026-02-12","3"" Alum Fem x 3"" Male NPT","IV Cost","2026-02-11","12","1","47-0810","07240-26-01","07240-26-01-job"
"10645","2026-02-11","21.03","2026-02-12","round shovel","IV Cost","2026-02-11","21.03","1","48-0810","07257-26-01","07257-26-01-job"
"10798","2026-02-11","118.08","2026-02-12","Spill Kit Oil only 30 gal","IV Cost","2026-02-11","118.08","1","47-0250","07236-26-01","07236-26-01-job"
"10836","2026-02-11","24.2","2026-02-12","Brush Rig Scrub","IV Cost","2026-02-11","6.05","4","47-0810","07212-26-01","07212-26-01-job"
"11559","2026-02-12","34.99","2026-02-13","Bracket for mounting a 10 lb fire ext","IV Cost","2026-02-12","34.99","1","47-0250","07201-26-01","07201-26-01-job"
"12610","2026-02-13","13.68","2026-02-14","Yellow paint sticks","IV Cost","2026-02-13","1.14","12","47-0810","07247-26-01","07247-26-01-job"
"13626","2026-02-16","54.81","2026-02-17","Towel scrim blue Roll D-575","IV Cost","2026-02-16","54.81","1","47-0810","07235-26-01","07235-26-01-job"
"13660","2026-02-16","157.56","2026-02-17","ISO/AW-46 HYD OIL","IV Cost","2026-02-16","39.39","4","58-4000","07212-26-01","07212-26-01-job"
"14687","2026-02-18","192","2026-02-19","Glove Metacarpal XLG orange rubber","IV Cost","2026-02-18","192","1","47-0250","07201-26-01","07201-26-01-job"
"15595","2026-02-20","62.52","2026-02-21","Tong Die 1/2""x1-1/4""x5"" BJ/wolley Type C CDI-1602","IV Cost","2026-02-20","5.21","12","58-4000","07147-26-01","07147-26-01-job"
"16343","2026-02-23","11.3","2026-02-24","#3 VICTOR TORCH TIP","IV Cost","2026-02-23","5.65","2","47-0810","07236-26-01","07236-26-01-job"
"16750","2026-02-24","8.5","2026-02-25","RAGS (BAG) 10LB t-shirt","IV Cost","2026-02-24","8.5","1","48-0810","07221-26-01","07221-26-01-job"
"16778","2026-02-24","87.35","2026-02-25","SAFETY GAS CAN 5 gal","IV Cost","2026-02-24","87.35","1","49-0810","07271-26-01","07271-26-01-job"
"18665","2026-03-02","91.04","2026-03-03","PVC 8"" sch 40 connector","IV Cost","2026-03-02","45.52","2","48-0810","07261-26-01","07261-26-01-job"
"19194","2026-03-02","46.5","2026-03-03","Granulated Sugar 25lb Bag","IV Cost","2026-03-02","23.25","2","57-9000","07226-26-01","07226-26-01-job"
"19480","2026-03-02","24.2","2026-03-03","Brush Rig Scrub","IV Cost","2026-03-02","6.05","4","48-0810","07257-26-01","07257-26-01-job"
"19543","2026-03-02","181.16","2026-03-03","Glove Metacarpal Med","IV Cost","2026-03-02","12.94","14","47-0250","07201-26-01","07201-26-01-job"
"20523","2026-03-03","51.96","2026-03-04","Glove Metacarpal Lg","IV Cost","2026-03-03","12.99","4","48-0250","07227-26-01","07227-26-01-job"
"21198","2026-03-05","155.73","2026-03-06","Glove Metacarpal 2X","IV Cost","2026-03-05","12.9775","12","47-0250","07240-26-01","07240-26-01-job"
"22994","2026-03-09","17.28","2026-03-10","Drinking water 16.9 oz bottle","IV Cost","2026-03-09","4.32","4","47-0250","07201-26-01","07201-26-01-job"
"23545","2026-03-10","17","2026-03-11","RAGS (BAG) 10LB t-shirt","IV Cost","2026-03-10","8.5","2","47-0810","07230-26-01","07230-26-01-job"
"23664","2026-03-10","34.56","2026-03-11","SHADED SAFETY GLASSES","IV Cost","2026-03-10","1.44","24","47-0250","07196-26-01","07196-26-01-job"
"24888","2026-03-11","79","2026-03-12","TUBE GREASE Wolfhead red 88301","IV Cost","2026-03-11","3.95","20","58-4000","07257-26-01","07257-26-01-job"
"28158","2026-03-16","34.56","2026-03-17","CLEAR SAFETY GLASSES","IV Cost","2026-03-16","1.44","24","47-0250","07235-26-01","07235-26-01-job"
"29774","2026-03-17","79.19","2026-03-18","Dawn Pro 5 gal","IV Cost","2026-03-17","79.19","1","47-0810","07266-26-01","07266-26-01-job"
"30314","2026-03-18","235.84","2026-03-19","Thimble 1"" Winch Line 60016FWBLUE","IV Cost","2026-03-18","58.96","4","48-0810","07227-26-01","07227-26-01-job"
"31126","2026-03-19","4.05","2026-03-20","3"" Alum Male Adapter x Female NPT","IV Cost","2026-03-19","4.05","1","58-4000","07219-26-01","07219-26-01-job"
"33290","2026-03-24","46.5","2026-03-25","Granulated Sugar 25lb Bag","IV Cost","2026-03-24","23.25","2","57-9000","07187-26-01","07187-26-01-job"
"33697","2026-03-24","8.5","2026-03-25","Tape Electrical 3/4"" Wide","IV Cost","2026-03-24",".85","10","47-0810","07264-26-01","07264-26-01-job"
"34438","2026-03-26","3.6","2026-03-27","Welding Glove","IV Cost","2026-03-26","3.6","1","47-0810","07267-26-01","07267-26-01-job"
"35759","2026-03-30","13.68","2026-03-31","Plug 2"" FS SQ HD","IV Cost","2026-03-30","6.84","2","47-0810","07147-26-01","07147-26-01-job"
"36408","2026-03-31","557.89","2026-04-01","Class A API Oilwell Bulk Cement","IV Cost","2026-03-31","237.4","2.35","57-9000","07291-26-01","07291-26-01-job"
"36791","2026-03-31","36.26","2026-04-01","Elbow 2"" XH Blk MI 90 St","IV Cost","2026-03-31","36.26","1","58-4000","07207-26-01","07207-26-01-job"
"37674","2026-04-02","17.28","2026-04-03","Safety Glasses Clear","IV Cost","2026-04-02","1.44","12","47-0250","07147-26-01","07147-26-01-job"
"37925","2026-04-02","383.24","2026-04-03","Isolator Rubber F/std & JSS Shale Shaker Mounts","IV Cost","2026-04-02","191.62","2","48-0810","07227-26-01","07227-26-01-job"
"39303","2026-04-06","38.8","2026-04-07","PH Strips 100/pk","IV Cost","2026-04-06","19.4","2","46-0250","07251-26-01","07251-26-01-job"
"39336","2026-04-06","22.68","2026-04-07","PB Blaster 16-PB-DS 11oz","IV Cost","2026-04-06","5.67","4","48-0810","07266-26-01","07266-26-01-job"
"39824","2026-04-07","147.32","2026-04-09","Anti Freeze NAPA Extended Life 1EXT (1 gal)","IV Cost","2026-04-07","12.2766666667","12","47-0810","07260-26-01","07260-26-01-job"
"39887","2026-04-07","259.8","2026-04-09","Glove Metacarpal Lg","IV Cost","2026-04-07","12.99","20","47-0250","07299-26-01","07299-26-01-job"
"40239","2026-04-08","51.96","2026-04-09","Glove Metacarpal Lg","IV Cost","2026-04-08","12.99","4","47-0250","07268-26-01","07268-26-01-job"
"40299","2026-04-08","28.86","2026-04-09","Hinge Weld-On 6"" steel barrel w/grease fitting","IV Cost","2026-04-08","4.81","6","47-0810","07147-26-01","07147-26-01-job"
"41407","2026-04-09","155.88","2026-04-10","Glove Metacarpal Lg","IV Cost","2026-04-09","12.99","12","47-0250","07258-26-01","07258-26-01-job"
"41606","2026-04-10","44.41","2026-04-11","Hose Twin line 1/4""x50' Ace Grade R","IV Cost","2026-04-10","44.41","1","47-0810","07235-26-01","07235-26-01-job"
"43953","2026-04-14","46.5","2026-04-16","Granulated Sugar 25lb Bag","IV Cost","2026-04-14","23.25","2","57-9000","07288-26-01","07288-26-01-job"
"44057","2026-04-14","51.84","2026-04-15","Safety Glasses Shaded","IV Cost","2026-04-14","1.44","36","47-0250","07147-26-01","07147-26-01-job"
"46735","2026-04-20","17.28","2026-04-21","Safety Glasses Clear","IV Cost","2026-04-20","1.44","12","47-0250","07258-26-01","07258-26-01-job"
"5350","2026-02-03","235.84","2026-02-04","Thimble 1"" Winch Line 60016FWBLUE","IV Cost","2026-02-03","58.96","4","48-0810","07241-26-01","07241-26-01-job"
"5379","2026-02-03","20.46","2026-02-05","WASHER FLUID 1 gal","IV Cost","2026-02-03","3.41","6","58-4000","07223-26-01","07223-26-01-job"
"5505","2026-02-03","13.84","2026-02-04","DUCT TAPE 2"" X 60 YRD","IV Cost","2026-02-03","3.46","4","47-0810","07226-26-01","07226-26-01-job"
"5574","2026-02-03","116.06","2026-02-04","24"" J-JAW","IV Cost","2026-02-03","58.03","2","49-0810","07229-26-01","07229-26-01-job"
"5653","2026-02-03","2.7","2026-02-04","3/4 X 4 XH BLK NIPPLE","IV Cost","2026-02-03","2.7","1","49-0810","07229-26-01","07229-26-01-job"
"5685","2026-02-03","80.74","2026-02-04","Hook 3/8"" Grade 70 clevis grab domestic","IV Cost","2026-02-03","20.185","4","58-4000","07234-26-01","07234-26-01-job"
"5764","2026-02-03","30.45","2026-02-04","3 X 2 FS HEX BUSHING","IV Cost","2026-02-03","30.45","1","58-4000","07232-26-01","07232-26-01-job"
"5815","2026-02-03","229.32","2026-02-04","36"" J-JAW","IV Cost","2026-02-03","114.66","2","48-0810","07194-26-01","07194-26-01-job"
"5905","2026-02-03","54.77","2026-02-04","Towel scrim blue Roll D-575","IV Cost","2026-02-03","54.77","1","48-0250","07241-26-01","07241-26-01-job"
"6001","2026-02-03","158.41","2026-02-04","Insert Slip Cavins Type C 3-1/2 x 3-1/2 Direc teet","IV Cost","2026-02-03","158.41","1","58-4000","07226-26-01","07226-26-01-job"
"6040","2026-02-03","78.4","2026-02-04","Flapper Wheel 4-1/2""x7/8"" Grade 40 78006","IV Cost","2026-02-03","7.84","10","58-4000","07234-26-01","07234-26-01-job"
"6522","2026-02-04","56.5","2026-02-05","Grinding wheel 4-1/2""x1/4""x7/8"" Type 27 20063","IV Cost","2026-02-04","2.26","25","47-0810","07201-26-01","07201-26-01-job"
"6680","2026-02-04","114.66","2026-02-05","36"" J-JAW","IV Cost","2026-02-04","114.66","1","47-0810","07213-26-01","07213-26-01-job"
"6728","2026-02-04","368","2026-02-05","Liner 5"" TT560 Tulsa 4001034","IV Cost","2026-02-04","368","1","47-4111","07230-26-01","07230-26-01-job"
"6765","2026-02-04","798","2026-02-05","80W90 Gear Oil 55gal","IV Cost","2026-02-04","798","1","47-4111","07233-26-01","07233-26-01-job"
"7180","2026-02-05","51.99","2026-02-06","Garbage Bags 60 gal 100/cs 38x58 2 mil","IV Cost","2026-02-05","51.99","1","48-0810","07221-26-01","07221-26-01-job"
"7273","2026-02-05","68.22","2026-02-06","shackle 1""","IV Cost","2026-02-05","68.22","1","48-0810","07257-26-01","07257-26-01-job"
"7383","2026-02-05","2454.72","2026-02-06","Class L API Oilwell Bulk Cement","IV Cost","2026-02-05","237.4","10.34","57-9000","07194-26-01","07194-26-01-job"
"7410","2026-02-05","20.46","2026-02-06","WASHER FLUID 1 gal","IV Cost","2026-02-05","3.41","6","58-4000","07213-26-01","07213-26-01-job"
"7525","2026-02-05","118.5","2026-02-06","TUBE GREASE Wolfhead red 88301","IV Cost","2026-02-05","3.95","30","47-0810","07198-26-01","07198-26-01-job"
"7638","2026-02-05","161","2026-02-06","Pin shear PRV 20 red pop off pins 10/pk","IV Cost","2026-02-05","32.2","5","47-4111","07233-26-01","07233-26-01-job"
"7814","2026-02-06","119","2026-02-07","Cutting Wheel 4.5""x.045""x7/8"" t27 A60S Sait 22021","IV Cost","2026-02-06","2.38","50","47-0810","07232-26-01","07232-26-01-job"
"7876","2026-02-06","197.5","2026-02-07","TUBE GREASE Wolfhead red 88301","IV Cost","2026-02-06","3.95","50","48-0810","07221-26-01","07221-26-01-job"
"8655","2026-02-06","416","2026-02-07","Valve Cover Stud 1501562","IV Cost","2026-02-06","26","16","58-4000","07198-26-01","07198-26-01-job"
"9895","2026-02-10","362.32","2026-02-11","Glove Metacarpal Lg","IV Cost","2026-02-10","12.94","28","47-0250","07212-26-01","07212-26-01-job"
"10615","2026-02-11","17","2026-02-12","RAGS (BAG) 10LB t-shirt","IV Cost","2026-02-11","8.5","2","47-0810","07240-26-01","07240-26-01-job"
"10646","2026-02-11","14.5","2026-02-12","Long handle flat shovel","IV Cost","2026-02-11","14.5","1","48-0810","07257-26-01","07257-26-01-job"
"10799","2026-02-11","13.5","2026-02-12","20lb propane cylinder w/gas","IV Cost","2026-02-11","13.5","1","58-4000","07236-26-01","07236-26-01-job"
"10837","2026-02-11","10.56","2026-02-12","BROWN JERSEY GLOVE","IV Cost","2026-02-11","10.56","1","47-0250","07212-26-01","07212-26-01-job"
"11560","2026-02-12","876.4","2026-02-13","Steel Pipe 16""x312x20 ft P/E","IV Cost","2026-02-12","43.82","20","58-1000","07266-26-01","07266-26-01-job"
"12611","2026-02-13","12.11","2026-02-14","FULLY CORDED GLOVE","IV Cost","2026-02-13","12.11","1","47-0250","07247-26-01","07247-26-01-job"
"13627","2026-02-16","225.02","2026-02-17","Flange ball bearing F4BSC108 Dodge 4 bolt","IV Cost","2026-02-16","112.51","2","47-0810","07235-26-01","07235-26-01-job"
"13661","2026-02-16","74.9","2026-02-17","80W90 Gear Oil 5gal","IV Cost","2026-02-16","74.9","1","58-4000","07212-26-01","07212-26-01-job"
"14688","2026-02-18","106.35","2026-02-19","t-post 6' for safety fence","IV Cost","2026-02-18","7.09","15","47-0250","07201-26-01","07201-26-01-job"
"15596","2026-02-20","210","2026-02-21","Rig Mat Spiilfyter M-151 poly backed 57x80","IV Cost","2026-02-20","210","1","58-4000","07147-26-01","07147-26-01-job"
"16344","2026-02-23","8.5","2026-02-24","RAGS (BAG) 10LB t-shirt","IV Cost","2026-02-23","8.5","1","47-0810","07236-26-01","07236-26-01-job"
"16751","2026-02-24","54.81","2026-02-25","Towel scrim blue Roll D-575","IV Cost","2026-02-24","54.81","1","48-0810","07221-26-01","07221-26-01-job"
"16779","2026-02-24","6.05","2026-02-25","Brush Rig Scrub","IV Cost","2026-02-24","6.05","1","49-0810","07271-26-01","07271-26-01-job"
"18666","2026-03-02","184.8","2026-03-03","Pipe PVC 8""x20' sch 40 bell on one end","IV Cost","2026-03-02","184.8","1","48-0810","07261-26-01","07261-26-01-job"
"19481","2026-03-02","10.35","2026-03-03","1/4"" Sash Cord 100' roll","IV Cost","2026-03-02","10.35","1","58-4000","07257-26-01","07257-26-01-job"
"19544","2026-03-02","233.82","2026-03-03","Glove Metacarpal Lg","IV Cost","2026-03-02","12.99","18","47-0250","07201-26-01","07201-26-01-job"
"20524","2026-03-03","155.88","2026-03-04","Glove Metacarpal XL","IV Cost","2026-03-03","12.99","12","48-0250","07227-26-01","07227-26-01-job"
"21199","2026-03-05","9.68","2026-03-06","2 X 3 XH BLK NIPPLE","IV Cost","2026-03-05","4.84","2","58-4000","07207-26-01","07207-26-01-job"
"22730","2026-03-06","155.88","2026-03-07","Glove Metacarpal Lg","IV Cost","2026-03-06","12.99","12","48-0250","07227-26-01","07227-26-01-job"
"22995","2026-03-09","17.28","2026-03-10","CLEAR SAFETY GLASSES","IV Cost","2026-03-09","1.44","12","47-0250","07201-26-01","07201-26-01-job"
"23546","2026-03-10","36","2026-03-11","CLEAR SAFETY GLASSES","IV Cost","2026-03-10","1.44","25","47-0250","07230-26-01","07230-26-01-job"
"23665","2026-03-10","34.56","2026-03-11","CLEAR SAFETY GLASSES","IV Cost","2026-03-10","1.44","24","47-0250","07196-26-01","07196-26-01-job"
"24889","2026-03-11","197.6","2026-03-12","Chevron Clarity Hyd AW46 5 gal","IV Cost","2026-03-11","98.8","2","58-4000","07257-26-01","07257-26-01-job"
"28159","2026-03-16","106","2026-03-17","Soaks Oil (Diapers) Bag 100pcs","IV Cost","2026-03-16","26.5","4","47-0250","07235-26-01","07235-26-01-job"
"29775","2026-03-17","145.6","2026-03-18","ROD GREASE- BOL CU JOINT 50# PL 630050","IV Cost","2026-03-17","145.6","1","58-4000","07266-26-01","07266-26-01-job"
"30315","2026-03-18","19.4","2026-03-19","PH Strips 100/pk","IV Cost","2026-03-18","19.4","1","58-4000","07227-26-01","07227-26-01-job"
"31127","2026-03-19","15.26","2026-03-20","2"" Hammer Union","IV Cost","2026-03-19","15.26","1","58-4000","07219-26-01","07219-26-01-job"
"33291","2026-03-24","2666.71","2026-03-25","Class A API Oilwell Bulk Cement","IV Cost","2026-03-24","237.4","11.233","57-9000","07275-26-01","07275-26-01-job"
"33698","2026-03-24","7.2","2026-03-25","WELDING GLOVES","IV Cost","2026-03-24","3.6","2","47-0810","07264-26-01","07264-26-01-job"
"34439","2026-03-26","176.7","2026-03-27","Fire Extinguisher 10#","IV Cost","2026-03-26","58.9","3","51-0250","07286-26-01","07286-26-01-job"
"35760","2026-03-30","2.6","2026-03-31","Plug 3/4"" Blk SQ HD","IV Cost","2026-03-30","1.3","2","47-0810","07147-26-01","07147-26-01-job"
"36409","2026-03-31","46.5","2026-04-01","Granulated Sugar 25lb Bag","IV Cost","2026-03-31","23.25","2","57-9000","07291-26-01","07291-26-01-job"
"36792","2026-03-31","5.81","2026-04-01","Nipple 2"" x 4"" XH Blk","IV Cost","2026-03-31","5.811","1","58-4000","07207-26-01","07207-26-01-job"
"37675","2026-04-02","431.19","2026-04-03","Insert Slip  Baash Ross DU 4-1/2""x3-1/2"" CDI3404","IV Cost","2026-04-02","15.97","27","58-4000","07147-26-01","07147-26-01-job"
"37926","2026-04-02","167.1","2026-04-03","2000 PSI 2"" balon Gauge","IV Cost","2026-04-02","167.1","1","58-4000","07227-26-01","07227-26-01-job"
"39304","2026-04-06","8.5","2026-04-07","Tape Electrical 3/4"" Wide","IV Cost","2026-04-06",".85","10","47-0810","07268-26-01","07268-26-01-job"
"39337","2026-04-06","13.68","2026-04-07","Yellow Paint Sticks (Crayon)","IV Cost","2026-04-06","1.14","12","48-0810","07266-26-01","07266-26-01-job"
"39825","2026-04-07","103.92","2026-04-09","Glove Metacarpal XL","IV Cost","2026-04-07","12.99","8","47-0250","07260-26-01","07260-26-01-job"
"39888","2026-04-07","51.96","2026-04-09","Glove Metacarpal Med","IV Cost","2026-04-07","12.99","4","47-0250","07299-26-01","07299-26-01-job"
"40240","2026-04-08","103.92","2026-04-09","Glove Metacarpal XL","IV Cost","2026-04-08","12.99","8","47-0250","07268-26-01","07268-26-01-job"
"40300","2026-04-08","38.54","2026-04-09","Squeegee Floor 24"" Curved wood handle","IV Cost","2026-04-08","38.54","1","47-0810","07147-26-01","07147-26-01-job"
"41408","2026-04-09","103.92","2026-04-10","Glove Metacarpal Med","IV Cost","2026-04-09","12.99","8","47-0250","07258-26-01","07258-26-01-job"
"41607","2026-04-10","25.92","2026-04-11","Drinking Water 16.9 oz Bottle Case","IV Cost","2026-04-10","4.32","6","48-0250","07290-26-01","07290-26-01-job"
"43954","2026-04-14","7252.57","2026-04-16","Class A API Oilwell Bulk Cement","IV Cost","2026-04-14","237.4","30.55","57-9000","07278-26-01","07278-26-01-job"
"44058","2026-04-14","34.56","2026-04-15","Safety Glasses Clear","IV Cost","2026-04-14","1.44","24","47-0250","07147-26-01","07147-26-01-job"
"46736","2026-04-20","17.28","2026-04-21","Safety Glasses Shaded","IV Cost","2026-04-20","1.44","12","47-0250","07258-26-01","07258-26-01-job"
"5312","2026-02-03","79.02","2026-02-04","NAPA ANTI FREEZE (1 gal)","IV Cost","2026-02-03","13.17","6","47-0810","07232-26-01","07232-26-01-job"
"5351","2026-02-03","462.5","2026-02-04","3/8 Winch Line","IV Cost","2026-02-03","1.85","250","58-4000","07241-26-01","07241-26-01-job"
"5380","2026-02-03","310.56","2026-02-05","Glove Metacarpal Lg","IV Cost","2026-02-03","12.94","24","47-0250","07212-26-01","07212-26-01-job"
"5506","2026-02-03","197.5","2026-02-04","TUBE GREASE Wolfhead red 88301","IV Cost","2026-02-03","3.95","50","58-4000","07226-26-01","07226-26-01-job"
"5575","2026-02-03","25.38","2026-02-04","XL RAIN SUITS","IV Cost","2026-02-03","12.69","2","49-0250","07229-26-01","07229-26-01-job"
"5654","2026-02-03","3.8","2026-02-04","1/2 X 3 XH BLK NIPPLE","IV Cost","2026-02-03","1.9","2","49-0810","07229-26-01","07229-26-01-job"
"5686","2026-02-03","4.58","2026-02-04","2"" Alum Male Adapter x Female NPT","IV Cost","2026-02-03","2.29","2","47-0810","07147-26-01","07147-26-01-job"
"5765","2026-02-03","4.84","2026-02-04","2 X 3 XH BLK NIPPLE","IV Cost","2026-02-03","4.84","1","58-4000","07232-26-01","07232-26-01-job"
"5816","2026-02-03","19.28","2026-02-04","BREAK CLEANER RED CAN","IV Cost","2026-02-03","4.82","4","48-0810","07194-26-01","07194-26-01-job"
"5906","2026-02-03","64.22","2026-02-04","Pin shear PRV 20 red pop off pins 10/pk","IV Cost","2026-02-03","32.11","2","48-0810","07241-26-01","07241-26-01-job"
"6002","2026-02-03","27.72","2026-02-04","ROD GREASE BRUSHES","IV Cost","2026-02-03","6.93","4","47-0810","07222-26-01","07222-26-01-job"
"6041","2026-02-03","12.96","2026-02-04","Drinking water 16.9 oz bottle","IV Cost","2026-02-03","4.32","3","48-0250","07234-26-01","07234-26-01-job"
"6523","2026-02-04","19.28","2026-02-05","BREAK CLEANER RED CAN","IV Cost","2026-02-04","4.82","4","47-0810","07201-26-01","07201-26-01-job"
"6681","2026-02-04","48.07","2026-02-05","36"" HEEL JAW & PIN","IV Cost","2026-02-04","48.07","1","47-0810","07213-26-01","07213-26-01-job"
"6729","2026-02-04","54.77","2026-02-05","Towel scrim blue Roll D-575","IV Cost","2026-02-04","54.77","1","47-0810","07230-26-01","07230-26-01-job"
"6766","2026-02-04","8.5","2026-02-05","RAGS (BAG) 10LB t-shirt","IV Cost","2026-02-04","8.5","1","47-0810","07233-26-01","07233-26-01-job"
"7181","2026-02-05","17","2026-02-06","RAGS (BAG) 10LB t-shirt","IV Cost","2026-02-05","8.5","2","48-0810","07221-26-01","07221-26-01-job"
"7274","2026-02-05","210","2026-02-06","Rig Mat Spiilfyter M-151 poly backed 57x80","IV Cost","2026-02-05","210","1","58-4000","07257-26-01","07257-26-01-job"
"7411","2026-02-05","30.18","2026-02-06","Power Tong Die 3-1/2"" BJ CDI-1505","IV Cost","2026-02-05","5.03","6","58-4000","07213-26-01","07213-26-01-job"
"7526","2026-02-05","149.88","2026-02-06","15W-40 MOTOR OIL GL","IV Cost","2026-02-05","12.49","12","47-0810","07198-26-01","07198-26-01-job"
"7639","2026-02-05","399.36","2026-02-06","Valve Cover 4001145","IV Cost","2026-02-05","399.36","1","47-4111","07233-26-01","07233-26-01-job"
"7815","2026-02-06","56.5","2026-02-07","Grinding wheel 4-1/2""x1/4""x7/8"" Type 27 20063","IV Cost","2026-02-06","2.26","25","47-0810","07232-26-01","07232-26-01-job"
"7877","2026-02-06","29.14","2026-02-07","20lb propane cylinder w/gas","IV Cost","2026-02-06","14.57","2","48-0810","07221-26-01","07221-26-01-job"
"8656","2026-02-06","18.96","2026-02-07","Valve Stud Nuts 1501555 75CN2Z 0124748","IV Cost","2026-02-06",".79","24","58-4000","07198-26-01","07198-26-01-job"
"9896","2026-02-10","20.7","2026-02-11","1/4"" Sash Cord 100' roll","IV Cost","2026-02-10","10.35","2","58-4000","07212-26-01","07212-26-01-job"
"10616","2026-02-11","20.7","2026-02-12","1/4"" Sash Cord 100' roll","IV Cost","2026-02-11","10.35","2","47-0810","07240-26-01","07240-26-01-job"
"10647","2026-02-11","118.08","2026-02-12","Spill Kit Oil only 30 gal","IV Cost","2026-02-11","118.08","1","48-0250","07257-26-01","07257-26-01-job"
"10800","2026-02-11","43.5","2026-02-12","Long handle flat shovel","IV Cost","2026-02-11","14.5","3","47-0810","07236-26-01","07236-26-01-job"
"12612","2026-02-13","29","2026-02-14","Long handle flat shovel","IV Cost","2026-02-13","14.5","2","47-0810","07247-26-01","07247-26-01-job"
"13628","2026-02-16","41.96","2026-02-17","NAPA ANTI FREEZE (1 gal)","IV Cost","2026-02-16","10.49","4","47-0810","07235-26-01","07235-26-01-job"
"13662","2026-02-16","798","2026-02-17","80W90 Gear Oil 55gal","IV Cost","2026-02-16","798","1","58-4000","07213-26-01","07213-26-01-job"
"14689","2026-02-18","13.5","2026-02-19","20lb propane cylinder w/gas","IV Cost","2026-02-18","13.5","1","47-0810","07201-26-01","07201-26-01-job"
"15597","2026-02-20","8.5","2026-02-21","RAGS (BAG) 10LB t-shirt","IV Cost","2026-02-20","8.5","1","47-0810","07147-26-01","07147-26-01-job"
"16345","2026-02-23","17","2026-02-24","RAGS (BAG) 10LB t-shirt","IV Cost","2026-02-23","8.5","2","47-0810","07201-26-01","07201-26-01-job"
"16752","2026-02-24","17.28","2026-02-25","CLEAR SAFETY GLASSES","IV Cost","2026-02-24","1.44","12","48-0250","07221-26-01","07221-26-01-job"
"16780","2026-02-24","8.5","2026-02-25","Tape Electrical 3/4"" Wide","IV Cost","2026-02-24",".85","10","49-0810","07271-26-01","07271-26-01-job"
"18667","2026-03-02","2.44","2026-03-03","3"" RUBBER GASKET","IV Cost","2026-03-02",".61","4","47-0810","07201-26-01","07201-26-01-job"
"19482","2026-03-02","16.46","2026-03-03","3/8"" Sash Cord 100' Roll","IV Cost","2026-03-02","16.46","1","58-4000","07257-26-01","07257-26-01-job"
"19545","2026-03-02","28.17","2026-03-03","Cleaner hand Zep cherry bomb gal","IV Cost","2026-03-02","28.17","1","47-0250","07201-26-01","07201-26-01-job"
"20525","2026-03-03","12.1","2026-03-04","Brush Rig Scrub","IV Cost","2026-03-03","6.05","2","48-0810","07227-26-01","07227-26-01-job"
"21200","2026-03-05","11.62","2026-03-06","2 X 4 XH BLK NIPPLE","IV Cost","2026-03-05","5.81","2","58-4000","07207-26-01","07207-26-01-job"
"22996","2026-03-09","8.5","2026-03-10","Tape Electrical 3/4"" Wide","IV Cost","2026-03-09",".85","10","47-0810","07201-26-01","07201-26-01-job"
"23547","2026-03-10","7.99","2026-03-11","WD-40 11 oz Spray Can","IV Cost","2026-03-10","7.99","1","47-0810","07230-26-01","07230-26-01-job"
"23666","2026-03-10","17.28","2026-03-11","Drinking water 16.9 oz bottle","IV Cost","2026-03-10","4.32","4","47-0250","07240-26-01","07240-26-01-job"
"24890","2026-03-11","99.36","2026-03-12","15W-40 MOTOR OIL GL","IV Cost","2026-03-11","16.56","6","58-4000","07257-26-01","07257-26-01-job"
"28160","2026-03-16","51.99","2026-03-17","Garbage Bags 60 gal 100/cs 38x58 2 mil","IV Cost","2026-03-16","51.99","1","47-0250","07235-26-01","07235-26-01-job"
"29776","2026-03-17","25.92","2026-03-18","Drinking water 16.9 oz bottle","IV Cost","2026-03-17","4.32","6","47-0250","07266-26-01","07266-26-01-job"
"30316","2026-03-18","2.1","2026-03-19","Striker Torch single","IV Cost","2026-03-18","2.1","1","48-0810","07227-26-01","07227-26-01-job"
"31128","2026-03-19","5.81","2026-03-20","2 X 4 XH BLK NIPPLE","IV Cost","2026-03-19","5.81","1","58-4000","07219-26-01","07219-26-01-job"
"33292","2026-03-24","93","2026-03-25","Granulated Sugar 25lb Bag","IV Cost","2026-03-24","23.25","4","57-9000","07275-26-01","07275-26-01-job"
"33699","2026-03-24","29.43","2026-03-25","WD-40 11 oz Spray Can","IV Cost","2026-03-24","9.81","3","47-0810","07264-26-01","07264-26-01-job"
"34440","2026-03-26","447.53","2026-03-27","Piston Asm 5 X 1.5 Tulsa 4001063","IV Cost","2026-03-26","149.175","3","58-4000","07227-26-01","07227-26-01-job"
"35761","2026-03-30","4.09","2026-03-31","3/4X1/2 FS HEX BUSHING","IV Cost","2026-03-30","1.3633333333","3","47-0810","07147-26-01","07147-26-01-job"
"36410","2026-03-31","93","2026-04-01","Granulated Sugar 25lb Bag","IV Cost","2026-03-31","23.25","4","57-9000","07278-26-01","07278-26-01-job"
"36793","2026-03-31","6.28","2026-04-01","Bushing 2"" x 1-1/2"" FS Hex","IV Cost","2026-03-31","6.28","1","58-4000","07207-26-01","07207-26-01-job"
"37676","2026-04-02","766.48","2026-04-03","Isolator rubber F/std & JSS shale shaker mounts","IV Cost","2026-04-02","191.62","4","47-0810","07147-26-01","07147-26-01-job"
"37927","2026-04-02","60.5","2026-04-03","Brush Rig Scrub","IV Cost","2026-04-02","6.05","10","47-0810","07267-26-01","07267-26-01-job"
"39305","2026-04-06","53","2026-04-07","Oil Soaks (Diapers) Bag 100pcs","IV Cost","2026-04-06","26.5","2","47-0250","07268-26-01","07268-26-01-job"
"39338","2026-04-06","10.34","2026-04-07","Tie Wire 16 Gauge 3.5# Coil Annealed","IV Cost","2026-04-06","5.17","2","48-0810","07266-26-01","07266-26-01-job"
"39826","2026-04-07","363.72","2026-04-09","Glove Metacarpal Lg","IV Cost","2026-04-07","12.99","28","47-0250","07260-26-01","07260-26-01-job"
"39889","2026-04-07","51.99","2026-04-09","Garbage Bags 60 gal 100/cs 38x58 2 mil","IV Cost","2026-04-07","51.99","1","47-0810","07299-26-01","07299-26-01-job"
"40241","2026-04-08","51.96","2026-04-09","Glove Metacarpal 2X","IV Cost","2026-04-08","12.99","4","47-0250","07268-26-01","07268-26-01-job"
"41409","2026-04-09","8.5","2026-04-10","Tape Electrical 3/4"" Wide","IV Cost","2026-04-09",".85","10","48-0810","07290-26-01","07290-26-01-job"
"41608","2026-04-10","105","2026-04-11","Screen Shaker 4x5 12 Mesh","IV Cost","2026-04-10","105","1","58-4000","07290-26-01","07290-26-01-job"
"43955","2026-04-14","186","2026-04-16","Granulated Sugar 25lb Bag","IV Cost","2026-04-14","23.25","8","57-9000","07278-26-01","07278-26-01-job"
"44059","2026-04-14","12.2","2026-04-15","Aquaphor Healing Ointment 1.75oz","IV Cost","2026-04-14","6.1","2","47-0250","07147-26-01","07147-26-01-job"
"46737","2026-04-20","65.58","2026-04-21","Handle Wooden 8# Sledgehammer","IV Cost","2026-04-20","10.93","6","47-0810","07258-26-01","07258-26-01-job"
"5313","2026-02-03","3.41","2026-02-04","WASHER FLUID 1 gal","IV Cost","2026-02-03","3.41","1","58-4000","07232-26-01","07232-26-01-job"
"5352","2026-02-03","17","2026-02-04","RAGS (BAG) 10LB t-shirt","IV Cost","2026-02-03","8.5","2","48-0250","07241-26-01","07241-26-01-job"
"5381","2026-02-03","103.52","2026-02-05","Glove Metacarpal Med","IV Cost","2026-02-03","12.94","8","47-0250","07212-26-01","07212-26-01-job"
"5507","2026-02-03","8.5","2026-02-04","RAGS (BAG) 10LB t-shirt","IV Cost","2026-02-03","8.5","1","47-0810","07226-26-01","07226-26-01-job"
"5576","2026-02-03","25.38","2026-02-04","XL RAIN SUITS","IV Cost","2026-02-03","12.69","2","49-0250","07229-26-01","07229-26-01-job"
"5655","2026-02-03","1.42","2026-02-04","1/2 X 4 XH BLK NIPPLE","IV Cost","2026-02-03","1.42","1","49-0810","07229-26-01","07229-26-01-job"
"5687","2026-02-03","12.6","2026-02-04","2"" Alum Female Coupler x Female","IV Cost","2026-02-03","6.3","2","47-0810","07147-26-01","07147-26-01-job"
"5766","2026-02-03","258.8","2026-02-04","Glove Metacarpal Lg","IV Cost","2026-02-03","12.94","20","47-0250","07232-26-01","07232-26-01-job"
"5817","2026-02-03","36.24","2026-02-04","Diesel Conditioner 9600","IV Cost","2026-02-03","9.06","4","48-0810","07194-26-01","07194-26-01-job"
"5907","2026-02-03","25.92","2026-02-04","Drinking water 16.9 oz bottle","IV Cost","2026-02-03","4.32","6","48-0250","07241-26-01","07241-26-01-job"
"6003","2026-02-03","8.5","2026-02-04","Tape Electrical 3/4"" Wide","IV Cost","2026-02-03",".85","10","47-0810","07222-26-01","07222-26-01-job"
"6042","2026-02-03","21.95","2026-02-04","Qwik Stilk Zero Lemon Lime 50/pk","IV Cost","2026-02-03","21.95","1","48-0250","07234-26-01","07234-26-01-job"
"6524","2026-02-04","20.46","2026-02-05","WASHER FLUID 1 gal","IV Cost","2026-02-04","3.41","6","47-4111","07201-26-01","07201-26-01-job"
"6682","2026-02-04","218.58","2026-02-05","36"" PIPE WRENCH","IV Cost","2026-02-04","218.58","1","47-0810","07213-26-01","07213-26-01-job"
"6730","2026-02-04","149.18","2026-02-05","Piston Asm 5 X 1.5 Tulsa 4001063","IV Cost","2026-02-04","149.18","1","47-4111","07230-26-01","07230-26-01-job"
"6767","2026-02-04","55.6","2026-02-05","8 LB SLEDGE HAMMER","IV Cost","2026-02-04","27.8","2","47-0810","07233-26-01","07233-26-01-job"
"7182","2026-02-05","29","2026-02-06","Long handle flat shovel","IV Cost","2026-02-05","14.5","2","48-0810","07221-26-01","07221-26-01-job"
"7275","2026-02-05","185.64","2026-02-06","Ball Bearing Pillow Block Dodge P2BSCM200/126815","IV Cost","2026-02-05","185.64","1","58-4000","07257-26-01","07257-26-01-job"
"7412","2026-02-05","876.4","2026-02-06","Steel Pipe 16""x312x20 ft P/E","IV Cost","2026-02-05","43.82","20","58-1000","07260-26-01","07260-26-01-job"
"7527","2026-02-05","89.84","2026-02-06","Diesel exhaust fluid 2.5 gal 729566","IV Cost","2026-02-05","11.23","8","47-0810","07198-26-01","07198-26-01-job"
"7640","2026-02-05","54.81","2026-02-06","Towel scrim blue Roll D-575","IV Cost","2026-02-05","54.81","1","47-0810","07226-26-01","07226-26-01-job"
"7816","2026-02-06","78.55","2026-02-07","Flapper Wheel 4-1/2""x7/8"" Grade 40 78006","IV Cost","2026-02-06","7.855","10","47-0810","07232-26-01","07232-26-01-job"
"7878","2026-02-06","16.46","2026-02-07","3/8"" Sash Cord 100' Roll","IV Cost","2026-02-06","16.46","1","47-4111","07230-26-01","07230-26-01-job"
"8657","2026-02-06","210","2026-02-07","Screen Shaker 4x5 12 Mesh","IV Cost","2026-02-06","105","2","58-4000","07198-26-01","07198-26-01-job"
"9897","2026-02-10","157.56","2026-02-11","ISO/AW-46 HYD OIL","IV Cost","2026-02-10","39.39","4","58-4000","07212-26-01","07212-26-01-job"
"10617","2026-02-11","52.86","2026-02-12","Air Brake Antifreeze and Rust Guard M2834","IV Cost","2026-02-11","26.43","2","47-0810","07240-26-01","07240-26-01-job"
"10648","2026-02-11","12.96","2026-02-12","Drinking water 16.9 oz bottle","IV Cost","2026-02-11","4.32","3","48-0250","07257-26-01","07257-26-01-job"
"10801","2026-02-11","60.53","2026-02-12","round shovel","IV Cost","2026-02-11","20.1766666667","3","47-0810","07236-26-01","07236-26-01-job"
"12613","2026-02-13","13.86","2026-02-14","ROD GREASE BRUSHES","IV Cost","2026-02-13","6.93","2","47-0810","07247-26-01","07247-26-01-job"
"13629","2026-02-16","68.22","2026-02-17","shackle 1""","IV Cost","2026-02-16","68.22","1","47-0810","07235-26-01","07235-26-01-job"
"13663","2026-02-16","57.84","2026-02-17","BREAK CLEANER RED CAN","IV Cost","2026-02-16","4.82","12","47-0810","07213-26-01","07213-26-01-job"
"14690","2026-02-18","93.51","2026-02-19","Glove Metacarpal LG orange rubber","IV Cost","2026-02-18","93.51","1","47-0250","07201-26-01","07201-26-01-job"
"15598","2026-02-20","8.5","2026-02-21","Tape Electrical 3/4"" Wide","IV Cost","2026-02-20",".85","10","47-0810","07147-26-01","07147-26-01-job"
"16346","2026-02-23","17.28","2026-02-24","CLEAR SAFETY GLASSES","IV Cost","2026-02-23","1.44","12","47-0250","07201-26-01","07201-26-01-job"
"16753","2026-02-24","5.44","2026-02-25","Towellette Lens cleaning","IV Cost","2026-02-24","5.44","1","48-0250","07221-26-01","07221-26-01-job"
"16781","2026-02-24","99.36","2026-02-25","15W-40 MOTOR OIL GL","IV Cost","2026-02-24","16.56","6","58-4000","07271-26-01","07271-26-01-job"
"18668","2026-03-02","39.21","2026-03-03","Hard Hat Suspensions 4 point ratchet","IV Cost","2026-03-02","13.07","3","47-0250","07201-26-01","07201-26-01-job"
"19483","2026-03-02","30.76","2026-03-03","Eyewash solution 32 oz bottle","IV Cost","2026-03-02","15.38","2","48-0250","07257-26-01","07257-26-01-job"
"19546","2026-03-02","187.8","2026-03-03","Rotor Seal C-2 5/8"" Eaton 145107BG","IV Cost","2026-03-02","187.8","1","47-0810","07201-26-01","07201-26-01-job"
"20526","2026-03-03","34.99","2026-03-04","Bracket for mounting a 10 lb fire ext","IV Cost","2026-03-03","34.99","1","48-0250","07227-26-01","07227-26-01-job"
"21201","2026-03-05","18.4","2026-03-06","Ratchet Strap 1"" x16' Round Hook","IV Cost","2026-03-05","9.2","2","46-0810","07207-26-01","07207-26-01-job"
"22997","2026-03-09","17","2026-03-10","RAGS (BAG) 10LB t-shirt","IV Cost","2026-03-09","8.5","2","47-0810","07201-26-01","07201-26-01-job"
"23548","2026-03-10","22.68","2026-03-11","PB BLASTER","IV Cost","2026-03-10","5.67","4","47-0810","07230-26-01","07230-26-01-job"
"23667","2026-03-10","54.81","2026-03-11","Towel scrim blue Roll D-575","IV Cost","2026-03-10","54.81","1","47-0810","07240-26-01","07240-26-01-job"
"28161","2026-03-16","6.06","2026-03-17","3/8 X 2 XH BLK NIPPLE","IV Cost","2026-03-16","3.03","2","47-0810","07196-26-01","07196-26-01-job"
"29777","2026-03-17","380.13","2026-03-18","Hydraulic oil anti-wear ISO 46 Drum","IV Cost","2026-03-17","380.13","1","58-4000","07266-26-01","07266-26-01-job"
"30317","2026-03-18","35.9","2026-03-19","5001201 Graphite Packing","IV Cost","2026-03-18","35.90333","1","58-4000","07227-26-01","07227-26-01-job"
"31129","2026-03-19","18.59","2026-03-20","3 X 4 XH BLK NIPPLE","IV Cost","2026-03-19","18.59","1","58-4000","07219-26-01","07219-26-01-job"
"33293","2026-03-24","1171.57","2026-03-25","Class A API Oilwell Bulk Cement","IV Cost","2026-03-24","237.4","4.935","57-9000","07274-26-01","07274-26-01-job"
"33700","2026-03-24","12.69","2026-03-25","Starter Fluid","IV Cost","2026-03-24","4.23","3","47-0810","07264-26-01","07264-26-01-job"
"34441","2026-03-26","220.3","2026-03-27","Valve #4001106 540/560","IV Cost","2026-03-26","110.15","2","58-4000","07227-26-01","07227-26-01-job"
"35762","2026-03-30","2.24","2026-03-31","1/2 X 3/8 FS HEX BUSHING","IV Cost","2026-03-30","1.12","2","47-0810","07147-26-01","07147-26-01-job"
"36794","2026-03-31","3.46","2026-04-01","Nipple 1-1/2"" x 2"" XH Blk","IV Cost","2026-03-31","3.46","1","58-4000","07207-26-01","07207-26-01-job"
"37677","2026-04-02","38","2026-04-03","Rope manila 3/4""x600'","IV Cost","2026-04-02",".38","100","47-0810","07147-26-01","07147-26-01-job"
"37928","2026-04-02","27.04","2026-04-03","Ear Plugs w/cord 100/bx maxite low pressure foam","IV Cost","2026-04-02","27.04","1","47-0250","07267-26-01","07267-26-01-job"
"39306","2026-04-06","51.99","2026-04-07","Garbage Bags 60 gal 100/cs 38x58 2 mil","IV Cost","2026-04-06","51.99","1","47-0810","07268-26-01","07268-26-01-job"
"39339","2026-04-06","8.5","2026-04-07","Tape Electrical 3/4"" Wide","IV Cost","2026-04-06",".85","10","48-0810","07266-26-01","07266-26-01-job"
"39827","2026-04-07","682","2026-04-09","Hook Jaw 48""Ridgid 31745","IV Cost","2026-04-07","170.5","4","47-4111","07260-26-01","07260-26-01-job"
"39890","2026-04-07","106","2026-04-09","Oil Soaks (Diapers) Bag 100pcs","IV Cost","2026-04-07","26.5","4","47-0250","07299-26-01","07299-26-01-job"
"40242","2026-04-08","30.24","2026-04-09","Drinking Water 16.9 oz Bottle Case","IV Cost","2026-04-08","4.32","7","49-0250","07288-26-01","07288-26-01-job"
"41410","2026-04-09","12.16","2026-04-10","Tape Electrical 1 1/2"" wide","IV Cost","2026-04-09","3.04","4","48-0810","07290-26-01","07290-26-01-job"
"41609","2026-04-10","77.94","2026-04-11","Motor Oil GL 15W40","IV Cost","2026-04-10","12.99","6","58-4000","07290-26-01","07290-26-01-job"
"43956","2026-04-14","5366.9","2026-04-16","Class A API Oilwell Bulk Cement","IV Cost","2026-04-14","237.3999934356","22.607","57-9000","07274-26-01","07274-26-01-job"
"44060","2026-04-14","15.14","2026-04-15","Silver Sulfadiazine Cream tube .5oz","IV Cost","2026-04-14","7.57","2","47-0250","07147-26-01","07147-26-01-job"
"46738","2026-04-20","16.41","2026-04-21","Duct Tape 2"" X 60 Yrds","IV Cost","2026-04-20","4.1033","4","47-0810","07258-26-01","07258-26-01-job"
"5314","2026-02-03","9","2026-02-04","1/2 8901 BRASS FP BALL VALVE THRD","IV Cost","2026-02-03","4.5","2","47-0810","07232-26-01","07232-26-01-job"
"5353","2026-02-03","51.99","2026-02-04","Garbage Bags 60 gal 100/cs 38x58 2 mil","IV Cost","2026-02-03","51.99","1","48-0250","07241-26-01","07241-26-01-job"
"5382","2026-02-03","103.44","2026-02-05","Glove Metacarpal XL","IV Cost","2026-02-03","12.93","8","47-0250","07212-26-01","07212-26-01-job"
"5508","2026-02-03","30.1","2026-02-04","Eyewash solution 32 oz bottle","IV Cost","2026-02-03","15.05","2","47-0250","07226-26-01","07226-26-01-job"
"5577","2026-02-03","25.38","2026-02-04","2XL RAIN SUITS","IV Cost","2026-02-03","12.69","2","49-0250","07229-26-01","07229-26-01-job"
"5656","2026-02-03","7.1","2026-02-04","1/2 X 6 XH BLK NIPPLE","IV Cost","2026-02-03","3.55","2","49-0810","07229-26-01","07229-26-01-job"
"5688","2026-02-03","260","2026-02-04","Valve Cover Stud 1501562","IV Cost","2026-02-03","26","10","58-4000","07147-26-01","07147-26-01-job"
"5767","2026-02-03","157.56","2026-02-04","ISO/AW-46 HYD OIL","IV Cost","2026-02-03","39.39","4","58-4000","07232-26-01","07232-26-01-job"
"5818","2026-02-03","23.55","2026-02-04","Nut Piston Rod TT560 Tulsa 1501493","IV Cost","2026-02-03","23.55","1","48-0810","07194-26-01","07194-26-01-job"
"5908","2026-02-03","24.2","2026-02-04","Brush Rig Scrub","IV Cost","2026-02-03","6.05","4","48-0250","07241-26-01","07241-26-01-job"
"6004","2026-02-03","6.92","2026-02-04","DUCT TAPE 2"" X 60 YRD","IV Cost","2026-02-03","3.46","2","47-0810","07222-26-01","07222-26-01-job"
"6043","2026-02-03","21.78","2026-02-04","Qwik Stilk Zero Orange 50/pk","IV Cost","2026-02-03","21.78","1","48-0250","07234-26-01","07234-26-01-job"
"6525","2026-02-04","24.22","2026-02-05","FULLY CORDED GLOVE","IV Cost","2026-02-04","12.11","2","46-0250","07171-26-01","07171-26-01-job"
"6683","2026-02-04","20.7","2026-02-05","1/4"" Sash Cord 100' roll","IV Cost","2026-02-04","10.35","2","58-4000","07234-26-01","07234-26-01-job"
"6731","2026-02-04","564.6","2026-02-05","15W40 Oil 55gal Drum","IV Cost","2026-02-04","564.6","1","47-4111","07230-26-01","07230-26-01-job"
"6768","2026-02-04","77.56","2026-02-05","Weed Burner Torch & Hose for Propane","IV Cost","2026-02-04","38.78","2","47-0810","07233-26-01","07233-26-01-job"
"7183","2026-02-05","34.8","2026-02-06","Brush Wire Wooden Shoe Handle","IV Cost","2026-02-05","2.9","12","47-0810","07213-26-01","07213-26-01-job"
"7276","2026-02-05","67.1","2026-02-06","Pete Zorb C4 bale 2 cubic","IV Cost","2026-02-05","33.55","2","58-4000","07198-26-01","07198-26-01-job"
"7413","2026-02-05","126.55","2026-02-06","track shovel","IV Cost","2026-02-05","25.31","5","51-0810","07240-26-01","07240-26-01-job"
"7528","2026-02-05","17.28","2026-02-06","CLEAR SAFETY GLASSES","IV Cost","2026-02-05","1.44","12","47-0250","07198-26-01","07198-26-01-job"
"7641","2026-02-05","17","2026-02-06","RAGS (BAG) 10LB t-shirt","IV Cost","2026-02-05","8.5","2","47-0810","07226-26-01","07226-26-01-job"
"7817","2026-02-06","145.6","2026-02-07","ROD GREASE- BOL CU JOINT 50# PL 630050","IV Cost","2026-02-06","145.6","1","58-4000","07232-26-01","07232-26-01-job"
"7879","2026-02-06","105","2026-02-07","Screen Shaker 4x5 12 Mesh","IV Cost","2026-02-06","105","1","47-4111","07230-26-01","07230-26-01-job"
"8658","2026-02-06","20.46","2026-02-07","WASHER FLUID 1 gal","IV Cost","2026-02-06","3.41","6","58-4000","07198-26-01","07198-26-01-job"
"9837","2026-02-10","20.46","2026-02-11","WASHER FLUID 1 gal","IV Cost","2026-02-10","3.41","6","47-0810","07201-26-01","07201-26-01-job"
"9898","2026-02-10","39.96","2026-02-11","Rock salt 50# bag","IV Cost","2026-02-10","9.99","4","47-0250","07212-26-01","07212-26-01-job"
"10618","2026-02-11","21.6","2026-02-12","Drinking water 16.9 oz bottle","IV Cost","2026-02-11","4.32","5","47-0250","07240-26-01","07240-26-01-job"
"10649","2026-02-11","40.92","2026-02-12","WASHER FLUID 1 gal","IV Cost","2026-02-11","3.41","12","48-0810","07257-26-01","07257-26-01-job"
"10802","2026-02-11","10.56","2026-02-12","BROWN JERSEY GLOVE","IV Cost","2026-02-11","10.56","1","47-0250","07236-26-01","07236-26-01-job"
"12614","2026-02-13","17.28","2026-02-14","CLEAR SAFETY GLASSES","IV Cost","2026-02-13","1.44","12","47-0250","07247-26-01","07247-26-01-job"
"13630","2026-02-16","10.65","2026-02-17","2"" X 4' Nylon Sling 2 ply","IV Cost","2026-02-16","10.65","1","47-0810","07235-26-01","07235-26-01-job"
"13664","2026-02-16","28.32","2026-02-17","PB BLASTER","IV Cost","2026-02-16","7.08","4","47-0810","07213-26-01","07213-26-01-job"
"15599","2026-02-20","159","2026-02-21","OIL SOAKS (DIAPERS) BAG","IV Cost","2026-02-20","26.5","6","48-0810","07221-26-01","07221-26-01-job"
"16347","2026-02-23","25.92","2026-02-24","Drinking water 16.9 oz bottle","IV Cost","2026-02-23","4.32","6","47-0250","07201-26-01","07201-26-01-job"
"16754","2026-02-24","9.64","2026-02-25","BREAK CLEANER RED CAN","IV Cost","2026-02-24","4.82","2","48-0810","07221-26-01","07221-26-01-job"
"16782","2026-02-24","14.79","2026-02-25","REPLACEMENT HANDLE 4 LB HAMMER","IV Cost","2026-02-24","4.93","3","58-4000","07271-26-01","07271-26-01-job"
"18669","2026-03-02","12.51","2026-03-03","WHITE HARD HATS","IV Cost","2026-03-02","12.51","1","47-0250","07201-26-01","07201-26-01-job"
"19484","2026-03-02","139.57","2026-03-03","lockout tagout kit","IV Cost","2026-03-02","139.57","1","48-0250","07257-26-01","07257-26-01-job"
"19547","2026-03-02","51.84","2026-03-03","SHADED SAFETY GLASSES","IV Cost","2026-03-02","1.44","36","51-0250","07264-26-01","07264-26-01-job"
"20527","2026-03-03","124.96","2026-03-04","Coverall FR 9oz XL navy w/reflective stripes","IV Cost","2026-03-03","62.48","2","48-0250","07227-26-01","07227-26-01-job"
"21202","2026-03-05","167.1","2026-03-06","2000 PSI 2"" balon Gauge","IV Cost","2026-03-05","167.1","1","58-4000","07207-26-01","07207-26-01-job"
"22998","2026-03-09","19.28","2026-03-10","BREAK CLEANER RED CAN","IV Cost","2026-03-09","4.82","4","47-0810","07201-26-01","07201-26-01-job"
"23550","2026-03-10","381","2026-03-11","Air Hose yellow 3/4id 500psi non-conductive","IV Cost","2026-03-10","5.08","75","47-0810","07230-26-01","07230-26-01-job"
"23668","2026-03-10","17","2026-03-11","RAGS (BAG) 10LB t-shirt","IV Cost","2026-03-10","8.5","2","47-0810","07240-26-01","07240-26-01-job"
"28162","2026-03-16","3.66","2026-03-17","3/8 3M THR FULL COUPLING","IV Cost","2026-03-16","1.83","2","47-0810","07196-26-01","07196-26-01-job"
"29778","2026-03-17","1755","2026-03-18","Wash Pipe 57679722 RD-20 601633","IV Cost","2026-03-17","585","3","47-4111","07280-26-01","07280-26-01-job"
"30318","2026-03-18","79.5","2026-03-19","Soaks Oil (Diapers) Bag 100pcs","IV Cost","2026-03-18","26.5","3","47-0810","07230-26-01","07230-26-01-job"
"31130","2026-03-19","579","2026-03-20","15W40 Oil 55gal Drum","IV Cost","2026-03-19","579","1","47-4111","07240-26-01","07240-26-01-job"
"33294","2026-03-24","46.5","2026-03-25","Granulated Sugar 25lb Bag","IV Cost","2026-03-24","23.25","2","57-9000","07274-26-01","07274-26-01-job"
"33701","2026-03-24","40.5","2026-03-25","18"" CRESCENT WRENCH","IV Cost","2026-03-24","40.5","1","47-0810","07264-26-01","07264-26-01-job"
"34442","2026-03-26","1104","2026-03-27","Liner 5"" TT560 Tulsa 4001034","IV Cost","2026-03-26","368","3","58-4000","07227-26-01","07227-26-01-job"
"35763","2026-03-30","2.22","2026-03-31","1/4 X 1/8 FS HEX BUSHING","IV Cost","2026-03-30","1.11","2","47-0810","07147-26-01","07147-26-01-job"
"36795","2026-03-31","9.2","2026-04-01","Coupling 2"" 3M Full","IV Cost","2026-03-31","9.2","1","58-4000","07207-26-01","07207-26-01-job"
"37678","2026-04-02","42.28","2026-04-03","Grease Gun","IV Cost","2026-04-02","42.28","1","47-0810","07258-26-01","07258-26-01-job"
"37929","2026-04-02","34.56","2026-04-03","Safety Glasses Clear","IV Cost","2026-04-02","1.44","24","47-0250","07267-26-01","07267-26-01-job"
"39307","2026-04-06","145.6","2026-04-07","Joint Compound Copper 50# PL","IV Cost","2026-04-06","145.6","1","58-4000","07268-26-01","07268-26-01-job"
"39340","2026-04-06","5","2026-04-07","Shields side w/elastic band","IV Cost","2026-04-06","2.5","2","48-0250","07266-26-01","07266-26-01-job"
"39828","2026-04-07","59.52","2026-04-09","Break Cleaner Red Can","IV Cost","2026-04-07","4.96","12","47-0810","07260-26-01","07260-26-01-job"
"39891","2026-04-07","25.56","2026-04-09","Paint Stick Fluorescent Red (crayon) Markal 082832","IV Cost","2026-04-07","2.13","12","47-0810","07299-26-01","07299-26-01-job"
"40243","2026-04-08","20.7","2026-04-09","Sash Cord 1/4"" 100' roll","IV Cost","2026-04-08","10.35","2","49-0810","07288-26-01","07288-26-01-job"
"41411","2026-04-09","34.14","2026-04-10","Chain & Cable Lub (WRL Lube) Aerosol Spray","IV Cost","2026-04-09","5.69","6","48-0810","07290-26-01","07290-26-01-job"
"43957","2026-04-14","139.5","2026-04-16","Granulated Sugar 25lb Bag","IV Cost","2026-04-14","23.25","6","57-9000","07274-26-01","07274-26-01-job"
"44061","2026-04-14","27.04","2026-04-15","Ear Plugs w/cord 100/bx maxite low pressure foam","IV Cost","2026-04-14","27.04","1","47-0250","07147-26-01","07147-26-01-job"
"46739","2026-04-20","145.6","2026-04-21","Joint Compound Copper 50# PL","IV Cost","2026-04-20","145.6","1","58-4000","07258-26-01","07258-26-01-job"
"5315","2026-02-03","17.28","2026-02-04","SHADED SAFETY GLASSES","IV Cost","2026-02-03","1.44","12","47-0250","07232-26-01","07232-26-01-job"
"5354","2026-02-03","149.88","2026-02-04","15W-40 MOTOR OIL GL","IV Cost","2026-02-03","12.49","12","58-4000","07241-26-01","07241-26-01-job"
"5383","2026-02-03","44.95","2026-02-05","Rock salt 50# bag","IV Cost","2026-02-03","8.99","5","47-0250","07212-26-01","07212-26-01-job"
"5509","2026-02-03","83.51","2026-02-04","Coverall FR 9oz 3X navy w/reflective stripes","IV Cost","2026-02-03","83.51","1","47-0810","07226-26-01","07226-26-01-job"
"5578","2026-02-03","23.92","2026-02-04","3XL RAIN SUITS","IV Cost","2026-02-03","11.96","2","49-0250","07229-26-01","07229-26-01-job"
"5657","2026-02-03","51.99","2026-02-04","Garbage Bags 60 gal 100/cs 38x58 2 mil","IV Cost","2026-02-03","51.99","1","49-0810","07229-26-01","07229-26-01-job"
"5689","2026-02-03","798","2026-02-04","80W90 Gear Oil 55gal","IV Cost","2026-02-03","798","1","58-4000","07147-26-01","07147-26-01-job"
"5768","2026-02-03","33.55","2026-02-04","Pete Zorb C4 bale 2 cubic","IV Cost","2026-02-03","33.55","1","58-4000","07223-26-01","07223-26-01-job"
"5819","2026-02-03","106","2026-02-04","OIL SOAKS (DIAPERS) BAG","IV Cost","2026-02-03","26.5","4","48-0810","07194-26-01","07194-26-01-job"
"5909","2026-02-03","27.16","2026-02-04","3"" Alum Male Adapter x Hose Shank","IV Cost","2026-02-03","6.79","4","48-0250","07241-26-01","07241-26-01-job"
"6005","2026-02-03","96.33","2026-02-04","Pin shear PRV 20 red pop off pins 10/pk","IV Cost","2026-02-03","32.11","3","47-4111","07222-26-01","07222-26-01-job"
"6127","2026-02-03","128.28","2026-02-04","Coverall FR 9oz 2X navy w/reflective stripes","IV Cost","2026-02-03","64.14","2","48-0250","07234-26-01","07234-26-01-job"
"6526","2026-02-04","25.28","2026-02-05","Valve Stud Nuts 1501555 75CN2Z 0124748","IV Cost","2026-02-04",".79","32","58-4000","07171-26-01","07171-26-01-job"
"6684","2026-02-04","1.4","2026-02-05","Tape teflon thread sealant white 1/2"" x 520""","IV Cost","2026-02-04",".7","2","47-0810","07226-26-01","07226-26-01-job"
"6732","2026-02-04","54.77","2026-02-05","Towel scrim blue Roll D-575","IV Cost","2026-02-04","54.77","1","47-0810","07230-26-01","07230-26-01-job"
"6769","2026-02-04","29.14","2026-02-05","20lb propane cylinder w/gas","IV Cost","2026-02-04","14.57","2","58-4000","07147-26-01","07147-26-01-job"
"7184","2026-02-05","23.22","2026-02-06","Starter Fluid","IV Cost","2026-02-05","3.87","6","47-0810","07213-26-01","07213-26-01-job"
"7277","2026-02-05","209.9","2026-02-06","Rig Mat Spiilfyter M-151 poly backed 57x80","IV Cost","2026-02-05","209.9","1","58-4000","07198-26-01","07198-26-01-job"
"7414","2026-02-05","101.32","2026-02-06","3/4"" cable 5' eye to eye choker","IV Cost","2026-02-05","101.32","1","51-0810","07240-26-01","07240-26-01-job"
"7529","2026-02-05","17.28","2026-02-06","SHADED SAFETY GLASSES","IV Cost","2026-02-05","1.44","12","47-0250","07198-26-01","07198-26-01-job"
"7642","2026-02-05","17.28","2026-02-06","CLEAR SAFETY GLASSES","IV Cost","2026-02-05","1.44","12","47-0250","07226-26-01","07226-26-01-job"
"7818","2026-02-06","6.93","2026-02-07","ROD GREASE BRUSHES","IV Cost","2026-02-06","6.93","1","47-0810","07232-26-01","07232-26-01-job"
"7880","2026-02-06","192","2026-02-07","Glove Metacarpal 2XL orange rubber","IV Cost","2026-02-06","192","1","47-0250","07230-26-01","07230-26-01-job"
"8659","2026-02-06","17.28","2026-02-07","CLEAR SAFETY GLASSES","IV Cost","2026-02-06","1.44","12","47-0250","07201-26-01","07201-26-01-job"
"9838","2026-02-10","736","2026-02-11","Liner 5"" TT560 Tulsa 4001034","IV Cost","2026-02-10","368","2","58-4000","07171-26-01","07171-26-01-job"
"9899","2026-02-10","19.28","2026-02-11","BREAK CLEANER RED CAN","IV Cost","2026-02-10","4.82","4","58-4000","07212-26-01","07212-26-01-job"
"10619","2026-02-11","54.81","2026-02-12","Towel scrim blue Roll D-575","IV Cost","2026-02-11","54.81","1","47-0810","07240-26-01","07240-26-01-job"
"10650","2026-02-11","30.1","2026-02-12","Eyewash solution 32 oz bottle","IV Cost","2026-02-11","15.05","2","48-0810","07257-26-01","07257-26-01-job"
"10803","2026-02-11","17.28","2026-02-12","Drinking water 16.9 oz bottle","IV Cost","2026-02-11","4.32","4","47-0250","07236-26-01","07236-26-01-job"
"12615","2026-02-13","17.28","2026-02-14","SHADED SAFETY GLASSES","IV Cost","2026-02-13","1.44","12","47-0250","07247-26-01","07247-26-01-job"
"13631","2026-02-16","192","2026-02-17","Glove Metacarpal 2XL orange rubber","IV Cost","2026-02-16","192","1","47-0250","07235-26-01","07235-26-01-job"
"13665","2026-02-16","31.96","2026-02-17","WD-40 11 oz Spray Can","IV Cost","2026-02-16","7.99","4","47-0810","07213-26-01","07213-26-01-job"
"15600","2026-02-20","64.4","2026-02-21","Pin shear PRV 20 red pop off pins 10/pk","IV Cost","2026-02-20","32.2","2","48-4111","07221-26-01","07221-26-01-job"
"16348","2026-02-23","657.53","2026-02-24","Valve Asm TT560  4001181","IV Cost","2026-02-23","328.763","2","47-4111","07201-26-01","07201-26-01-job"
"16755","2026-02-24","28.32","2026-02-25","PB BLASTER","IV Cost","2026-02-24","7.08","4","48-0810","07221-26-01","07221-26-01-job"
"16783","2026-02-24","69.6","2026-02-25","Reducer 3""x2"" XH FS","IV Cost","2026-02-24","69.6","1","58-4000","07271-26-01","07271-26-01-job"
"18670","2026-03-02","5.44","2026-03-03","Towellette Lens cleaning","IV Cost","2026-03-02","5.44","1","47-0250","07201-26-01","07201-26-01-job"
"19485","2026-03-02","60.64","2026-03-03","SAFETY GAS CAN 5 gal","IV Cost","2026-03-02","60.64","1","48-0810","07257-26-01","07257-26-01-job"
"19548","2026-03-02","5","2026-03-03","Tape White Flaggers 1-3/16 x 300","IV Cost","2026-03-02","2.5","2","51-0250","07264-26-01","07264-26-01-job"
"20528","2026-03-03","120.72","2026-03-04","Power Tong Die 3-1/2"" BJ CDI-1505","IV Cost","2026-03-03","5.03","24","58-4000","07214-26-01","07214-26-01-job"
"21203","2026-03-05","117.86","2026-03-06","Valve Butterfly 4"" Water Tank","IV Cost","2026-03-05","117.86","1","58-4000","07207-26-01","07207-26-01-job"
"22109","2026-03-05","25.92","2026-03-06","Drinking water 16.9 oz bottle","IV Cost","2026-03-05","4.32","6","48-0250","07257-26-01","07257-26-01-job"
"22999","2026-03-09","22.68","2026-03-10","PB BLASTER","IV Cost","2026-03-09","5.67","4","47-0810","07201-26-01","07201-26-01-job"
"23551","2026-03-10","12.96","2026-03-11","Drinking water 16.9 oz bottle","IV Cost","2026-03-10","4.32","3","47-0250","07230-26-01","07230-26-01-job"
"23669","2026-03-10","34.56","2026-03-11","CLEAR SAFETY GLASSES","IV Cost","2026-03-10","1.44","24","47-0250","07267-26-01","07267-26-01-job"
"28163","2026-03-16","2.24","2026-03-17","1/2 X 3/8 FS HEX BUSHING","IV Cost","2026-03-16","1.119","2","47-0810","07196-26-01","07196-26-01-job"
"29779","2026-03-17","330","2026-03-18","Packing Washpipe RD20 52253929 601410","IV Cost","2026-03-17","110","3","47-4111","07280-26-01","07280-26-01-job"
"30319","2026-03-18","291.2","2026-03-19","ROD GREASE- BOL CU JOINT 50# PL 630050","IV Cost","2026-03-18","145.6","2","47-4111","07230-26-01","07230-26-01-job"
"31131","2026-03-19","23.55","2026-03-20","Nut Piston Rod TT560 Tulsa 1501493","IV Cost","2026-03-19","23.55","1","48-0810","07221-26-01","07221-26-01-job"
"33295","2026-03-24","5021.01","2026-03-25","Class A API Oilwell Bulk Cement","IV Cost","2026-03-24","237.4","21.15","57-9000","07272-26-01","07272-26-01-job"
"33702","2026-03-24","25.77","2026-03-25","Cresant Wrench 12""","IV Cost","2026-03-24","25.77","1","47-0810","07264-26-01","07264-26-01-job"
"34443","2026-03-26","17","2026-03-27","Rags (bag) 10 Lb","IV Cost","2026-03-26","8.5","2","47-0810","07266-26-01","07266-26-01-job"
"35764","2026-03-30","2.74","2026-03-31","Bushing 3/4""x 3/8"" FS Hex","IV Cost","2026-03-30","1.37","2","47-0810","07147-26-01","07147-26-01-job"
"36796","2026-03-31","12.96","2026-04-01","Drinking Water 16.9 oz Bottle Case","IV Cost","2026-03-31","4.32","3","46-0250","07207-26-01","07207-26-01-job"
"37679","2026-04-02","10.45","2026-04-03","GREASE GUN HOSE","IV Cost","2026-04-02","10.45","1","47-0810","07258-26-01","07258-26-01-job"
"37930","2026-04-02","34.56","2026-04-03","Safety Glasses Shaded","IV Cost","2026-04-02","1.44","24","47-0250","07267-26-01","07267-26-01-job"
"39308","2026-04-06","96.14","2026-04-07","Heel Jaw & Pin 36"" Ridgid 31725","IV Cost","2026-04-06","48.07","2","48-0810","07290-26-01","07290-26-01-job"
"39341","2026-04-06","8.21","2026-04-07","Duct Tape 2"" X 60 Yrds","IV Cost","2026-04-06","4.1033","2","48-0810","07266-26-01","07266-26-01-job"
"39829","2026-04-07","149.8","2026-04-09","80W90 Gear Oil 5gal","IV Cost","2026-04-07","74.9","2","47-0810","07260-26-01","07260-26-01-job"
"39892","2026-04-07","54.81","2026-04-09","Towel Scrim Roll D-570","IV Cost","2026-04-07","54.81","1","47-0250","07235-26-01","07235-26-01-job"
"40244","2026-04-08","14.79","2026-04-09","Handle 4# Hammer Wood","IV Cost","2026-04-08","4.93","3","49-0810","07288-26-01","07288-26-01-job"
"41412","2026-04-09","30.25","2026-04-10","Fire Extinguisher 20#","IV Cost","2026-04-09","30.25","1","48-0250","07293-26-01","07293-26-01-job"
"43958","2026-04-14","1785.25","2026-04-16","Class A API Oilwell Bulk Cement","IV Cost","2026-04-14","237.3999734854","7.52","57-9000","07251-26-01","07251-26-01-job"
"44062","2026-04-14","22.68","2026-04-15","PB Blaster 16-PB-DS 11oz","IV Cost","2026-04-14","5.67","4","47-0810","07147-26-01","07147-26-01-job"
"46740","2026-04-20","219","2026-04-21","Tube Grease Wolfhead Red 88301","IV Cost","2026-04-20","4.38","50","58-4000","07258-26-01","07258-26-01-job"
"5316","2026-02-03","38.78","2026-02-04","Weed Burner Torch & Hose for Propane","IV Cost","2026-02-03","38.78","1","47-0810","07232-26-01","07232-26-01-job"
"5355","2026-02-03","9.48","2026-02-04","Brush Wire Wooden Shoe Handle","IV Cost","2026-02-03","2.37","4","48-0250","07241-26-01","07241-26-01-job"
"5384","2026-02-03","5.8","2026-02-05","Brush Wire Wooden Shoe Handle","IV Cost","2026-02-03","2.9","2","47-0810","07212-26-01","07212-26-01-job"
"5510","2026-02-03","68.88","2026-02-04","RV & Marine Antifreeze -75","IV Cost","2026-02-03","5.74","12","58-4000","07226-26-01","07226-26-01-job"
"5579","2026-02-03","65.96","2026-02-04","4 X 3 FS HEX BUSHING","IV Cost","2026-02-03","65.96","1","49-0810","07229-26-01","07229-26-01-job"
"5658","2026-02-03","34.44","2026-02-04","RV & Marine Antifreeze -75","IV Cost","2026-02-03","5.74","6","58-4000","07222-26-01","07222-26-01-job"
"5690","2026-02-03","328.76","2026-02-04","Valve Asm TT560  4001181","IV Cost","2026-02-03","328.76","1","58-4000","07147-26-01","07147-26-01-job"
"5769","2026-02-03","10.73","2026-02-04","Oil/Floor dry","IV Cost","2026-02-03","10.73","1","58-4000","07223-26-01","07223-26-01-job"
"5820","2026-02-03","260","2026-02-04","Valve Cover Stud 1501562","IV Cost","2026-02-03","26","10","58-4000","07194-26-01","07194-26-01-job"
"5910","2026-02-03","46.04","2026-02-04","3' Alum Female Coupler x Hose","IV Cost","2026-02-03","11.51","4","48-0250","07241-26-01","07241-26-01-job"
"6006","2026-02-03","27.72","2026-02-04","PB BLASTER","IV Cost","2026-02-03","6.93","4","47-0810","07222-26-01","07222-26-01-job"
"6128","2026-02-03","736","2026-02-04","Liner 5"" TT560 Tulsa 4001034","IV Cost","2026-02-03","368","2","58-4000","07216-26-01","07216-26-01-job"
"6527","2026-02-04","34.44","2026-02-05","RV & Marine Antifreeze -75","IV Cost","2026-02-04","5.74","6","58-4000","07171-26-01","07171-26-01-job"
"6685","2026-02-04","22.78","2026-02-05","Silver Anti Sieze 1 lb Brush in Cap 76764","IV Cost","2026-02-04","22.78","1","58-4000","07226-26-01","07226-26-01-job"
"6733","2026-02-04","218.58","2026-02-05","36"" PIPE WRENCH","IV Cost","2026-02-04","218.58","1","48-0810","07221-26-01","07221-26-01-job"
"6770","2026-02-04","17","2026-02-05","RAGS (BAG) 10LB t-shirt","IV Cost","2026-02-04","8.5","2","47-0810","07201-26-01","07201-26-01-job"
"7185","2026-02-05","123.76","2026-02-06","Insert safety clamp type C BRoss w/cotter CD-3333","IV Cost","2026-02-05","15.47","8","58-4000","07213-26-01","07213-26-01-job"
"7278","2026-02-05","54.77","2026-02-06","Towel scrim blue Roll D-575","IV Cost","2026-02-05","54.77","1","47-0810","07198-26-01","07198-26-01-job"
"7415","2026-02-05","28.64","2026-02-06","Chain & cable Lub (WRL Lube) aerosol spray","IV Cost","2026-02-05","7.16","4","48-0810","07221-26-01","07221-26-01-job"
"7530","2026-02-05","53.94","2026-02-06","Rock salt 50# bag","IV Cost","2026-02-05","8.99","6","47-0250","07198-26-01","07198-26-01-job"
"7643","2026-02-05","17.28","2026-02-06","SHADED SAFETY GLASSES","IV Cost","2026-02-05","1.44","12","47-0250","07226-26-01","07226-26-01-job"
"7819","2026-02-06","45.96","2026-02-07","citrus blast cleaning solvent 5 gal pail","IV Cost","2026-02-06","45.96","1","47-0810","07232-26-01","07232-26-01-job"
"7965","2026-02-06","18.9","2026-02-07","DUST MASKS","IV Cost","2026-02-06","18.9","1","47-0250","07230-26-01","07230-26-01-job"
"8660","2026-02-06","17.28","2026-02-07","SHADED SAFETY GLASSES","IV Cost","2026-02-06","1.44","12","47-0250","07201-26-01","07201-26-01-job"
"8706","2026-02-06","14.57","2026-02-07","20lb propane cylinder w/gas","IV Cost","2026-02-06","14.57","1","58-4000","07213-26-01","07213-26-01-job"
"9839","2026-02-10","20.7","2026-02-11","1/4"" Sash Cord 100' roll","IV Cost","2026-02-10","10.35","2","49-0810","07255-26-01","07255-26-01-job"
"9900","2026-02-10","299.6","2026-02-11","80W90 Gear Oil 5gal","IV Cost","2026-02-10","74.9","4","58-4000","07212-26-01","07212-26-01-job"
"10620","2026-02-11","798","2026-02-12","80W90 Gear Oil 55gal","IV Cost","2026-02-11","798","1","58-4000","07198-26-01","07198-26-01-job"
"10651","2026-02-11","155.28","2026-02-12","Glove Metacarpal XL","IV Cost","2026-02-11","12.94","12","48-0250","07257-26-01","07257-26-01-job"
"10804","2026-02-11","52.86","2026-02-12","Air Brake Antifreeze and Rust Guard M2834","IV Cost","2026-02-11","26.43","2","47-0810","07201-26-01","07201-26-01-job"
"12616","2026-02-13","27.6","2026-02-14","Pip Glove Lg","IV Cost","2026-02-13","27.6","1","47-0250","07247-26-01","07247-26-01-job"
"13632","2026-02-16","621.12","2026-02-17","Glove Metacarpal Lg","IV Cost","2026-02-16","12.94","48","47-0250","07235-26-01","07235-26-01-job"
"13666","2026-02-16","9.87","2026-02-17","Starter Fluid","IV Cost","2026-02-16","3.29","3","47-0810","07213-26-01","07213-26-01-job"
"14694","2026-02-18","6.79","2026-02-19","3"" Alum Male Adapter x Hose Shank","IV Cost","2026-02-18","6.79","1","47-0810","07201-26-01","07201-26-01-job"
"15601","2026-02-20","157.56","2026-02-21","ISO/AW-46 HYD OIL","IV Cost","2026-02-20","39.39","4","48-0810","07234-26-01","07234-26-01-job"
"16349","2026-02-23","54.81","2026-02-24","Towel scrim blue Roll D-575","IV Cost","2026-02-23","54.81","1","47-0810","07201-26-01","07201-26-01-job"
"16756","2026-02-24","145","2026-02-25","Binder Ratchet 5/16""-3/8"" DOT Approved Crosby","IV Cost","2026-02-24","72.5","2","58-1000","07280-26-01","07280-26-01-job"
"16784","2026-02-24","17","2026-02-25","RAGS (BAG) 10LB t-shirt","IV Cost","2026-02-24","8.5","2","49-0810","07272-26-01","07272-26-01-job"
"18671","2026-03-02","68","2026-03-03","Coverall FR 9oz 3X navy w/reflective stripes","IV Cost","2026-03-02","68","1","47-0250","07201-26-01","07201-26-01-job"
"19486","2026-03-02","6.18","2026-03-03","4oz eye wash bottle","IV Cost","2026-03-02","3.09","2","48-0250","07257-26-01","07257-26-01-job"
"19549","2026-03-02","467.64","2026-03-03","Glove Metacarpal Lg","IV Cost","2026-03-02","12.99","36","51-0250","07264-26-01","07264-26-01-job"
"20529","2026-03-03","210","2026-03-04","Rig Mat Spiilfyter M-151 poly backed 57x80","IV Cost","2026-03-03","210","1","47-0250","07230-26-01","07230-26-01-job"
"21204","2026-03-05","14.7","2026-03-06","2 X 5 XH BLK NIPPLE","IV Cost","2026-03-05","7.35","2","58-4000","07207-26-01","07207-26-01-job"
"22110","2026-03-05","21.78","2026-03-06","Qwik Stilk Zero Fruit Punch 50/pk","IV Cost","2026-03-05","21.78","1","48-0250","07257-26-01","07257-26-01-job"
"23000","2026-03-09","44.12","2026-03-10","Fluid film AS11 11.75oz","IV Cost","2026-03-09","11.03","4","47-0810","07201-26-01","07201-26-01-job"
"23552","2026-03-10","5.4","2026-03-11","Punch Lok Clamp 1 3/4 ""","IV Cost","2026-03-10","1.08","5","47-0810","07230-26-01","07230-26-01-job"
"23670","2026-03-10","17.28","2026-03-11","SHADED SAFETY GLASSES","IV Cost","2026-03-10","1.44","12","47-0250","07267-26-01","07267-26-01-job"
"24688","2026-03-11","19.24","2026-03-12","Hinge Weld-On 6"" steel barrel w/grease fitting","IV Cost","2026-03-11","4.81","4","47-0810","07230-26-01","07230-26-01-job"
"25877","2026-03-12","145.6","2026-03-13","ROD GREASE- BOL CU JOINT 50# PL 630050","IV Cost","2026-03-12","145.6","1","48-0810","07221-26-01","07221-26-01-job"
"28164","2026-03-16","3.02","2026-03-17","1/2 3M THR FULL COUPLING","IV Cost","2026-03-16","1.51","2","47-0810","07196-26-01","07196-26-01-job"
"29780","2026-03-17","161","2026-03-18","Pin shear PRV 20 red pop off pins 10/pk","IV Cost","2026-03-17","32.2","5","47-4111","07280-26-01","07280-26-01-job"
"30320","2026-03-18","51.96","2026-03-19","NAPA ANTI FREEZE (1 gal)","IV Cost","2026-03-18","12.99","4","47-0810","07230-26-01","07230-26-01-job"
"31132","2026-03-19","8.5","2026-03-20","Rags (bag) 10 Lb","IV Cost","2026-03-19","8.5","1","48-0810","07221-26-01","07221-26-01-job"
"33296","2026-03-24","15.5","2026-03-25","Calcium Chloride 50lb Bag","IV Cost","2026-03-24","15.5","1","57-9000","07272-26-01","07272-26-01-job"
"33703","2026-03-24","18.38","2026-03-25","Rope Recoil starter Honda 28462-ZE2","IV Cost","2026-03-24","9.19","2","47-0810","07264-26-01","07264-26-01-job"
"34444","2026-03-26","106","2026-03-27","Oil Soaks (Diapers) Bag 100pcs","IV Cost","2026-03-26","26.5","4","47-0250","07266-26-01","07266-26-01-job"
"35765","2026-03-30","4.44","2026-03-31","1 X 3/8 FS HEX BUSHING","IV Cost","2026-03-30","2.2215","2","47-0810","07147-26-01","07147-26-01-job"
"36231","2026-03-31","19.84","2026-04-01","Break Cleaner Red Can","IV Cost","2026-03-31","4.96","4","47-0810","07268-26-01","07268-26-01-job"
"36797","2026-03-31","22.68","2026-04-01","PB Blaster 16-PB-DS 11oz","IV Cost","2026-03-31","5.67","4","46-0810","07207-26-01","07207-26-01-job"
"37680","2026-04-02","6.99","2026-04-03","GREASE GUN FITTING","IV Cost","2026-04-02","6.99","1","47-0810","07258-26-01","07258-26-01-job"
"37931","2026-04-02","17","2026-04-03","Rags 10# Bag","IV Cost","2026-04-02","8.5","2","47-0250","07267-26-01","07267-26-01-job"
"39309","2026-04-06","229.32","2026-04-07","Hook Jaw 36"" Ridgid 31720","IV Cost","2026-04-06","114.66","2","48-0810","07290-26-01","07290-26-01-job"
"39342","2026-04-06","1972.56","2026-04-07","Valve Asm TT560  4001181","IV Cost","2026-04-06","328.76","6","47-4111","07289-26-01","07289-26-01-job"
"39830","2026-04-07","105.06","2026-04-09","AW32 Hyd oil 5gal pail","IV Cost","2026-04-07","52.53","2","47-0810","07260-26-01","07260-26-01-job"
"39893","2026-04-07","8.5","2026-04-09","Rags 10# Bag","IV Cost","2026-04-07","8.5","1","47-0250","07235-26-01","07235-26-01-job"
"40245","2026-04-08","45.96","2026-04-09","Cleaning Solvent Citra Blast 5 gal pail","IV Cost","2026-04-08","45.96","1","49-0810","07288-26-01","07288-26-01-job"
"41413","2026-04-09","3.79","2026-04-10","Black Cable Tie 8""","IV Cost","2026-04-09","3.79","1","48-0810","07293-26-01","07293-26-01-job"
"43959","2026-04-14","93","2026-04-16","Granulated Sugar 25lb Bag","IV Cost","2026-04-14","23.25","4","57-9000","07251-26-01","07251-26-01-job"
"44063","2026-04-14","39.96","2026-04-15","Fluid film AS11 11.75oz","IV Cost","2026-04-14","9.99","4","47-0810","07147-26-01","07147-26-01-job"
"46741","2026-04-20","876.4","2026-04-21","Steel Pipe 16""x312x20 ft P/E","IV Cost","2026-04-20","43.82","20","58-4000","07336-26-01","07336-26-01-job"
"5317","2026-02-03","5.43","2026-02-04","Towellette Lens cleaning","IV Cost","2026-02-03","5.43","1","47-0250","07232-26-01","07232-26-01-job"
"5356","2026-02-03","5.43","2026-02-04","Towellette Lens cleaning","IV Cost","2026-02-03","5.43","1","48-0250","07241-26-01","07241-26-01-job"
"5385","2026-02-03","682","2026-02-05","48"" J-JAW","IV Cost","2026-02-03","170.5","4","58-4000","07212-26-01","07212-26-01-job"
"5511","2026-02-03","17.28","2026-02-04","CLEAR SAFETY GLASSES","IV Cost","2026-02-03","1.44","12","47-0810","07226-26-01","07226-26-01-job"
"5610","2026-02-03","60.36","2026-02-04","Power Tong Die 3-1/2"" BJ CDI-1505","IV Cost","2026-02-03","5.03","12","49-0810","07229-26-01","07229-26-01-job"
"5659","2026-02-03","368","2026-02-04","Liner 5"" TT560 Tulsa 4001034","IV Cost","2026-02-03","368","1","58-4000","07222-26-01","07222-26-01-job"
"5691","2026-02-03","25.92","2026-02-04","Drinking water 16.9 oz bottle","IV Cost","2026-02-03","4.32","6","48-0250","07149-26-01","07149-26-01-job"
"5770","2026-02-03","58.03","2026-02-04","24"" J-JAW","IV Cost","2026-02-03","58.03","1","47-0810","07201-26-01","07201-26-01-job"
"5821","2026-02-03","7.9","2026-02-04","Valve Stud Nuts 1501555 75CN2Z 0124748","IV Cost","2026-02-03",".79","10","58-4000","07194-26-01","07194-26-01-job"
"5911","2026-02-03","19.4","2026-02-04","3"" Alum Dust Cap","IV Cost","2026-02-03","9.7","2","48-0250","07241-26-01","07241-26-01-job"
"6007","2026-02-03","17","2026-02-04","RAGS (BAG) 10LB t-shirt","IV Cost","2026-02-03","8.5","2","47-0810","07222-26-01","07222-26-01-job"
"6129","2026-02-03","447.54","2026-02-04","Piston Asm 5 X 1.5 Tulsa 4001063","IV Cost","2026-02-03","149.18","3","58-4000","07216-26-01","07216-26-01-job"
"6528","2026-02-04","4715","2026-02-05","3400965 DBI SALA 130' SRL","IV Cost","2026-02-04","4715","1","47-0250","07198-26-01","07198-26-01-job"
"6686","2026-02-04","28.92","2026-02-05","BREAK CLEANER RED CAN","IV Cost","2026-02-04","4.82","6","47-0810","07226-26-01","07226-26-01-job"
"6734","2026-02-04","62.94","2026-02-05","NAPA ANTI FREEZE (1 gal)","IV Cost","2026-02-04","10.49","6","48-0810","07221-26-01","07221-26-01-job"
"6771","2026-02-04","298.72","2026-02-05","3"" suction hose F cam x steel strainer 20' pvc","IV Cost","2026-02-04","149.36","2","47-0810","07201-26-01","07201-26-01-job"
"7186","2026-02-05","15.2","2026-02-06","Spring Insert Safety Clamp Type C CDI-3334","IV Cost","2026-02-05","1.9","8","58-4000","07213-26-01","07213-26-01-job"
"7279","2026-02-05","8.5","2026-02-06","RAGS (BAG) 10LB t-shirt","IV Cost","2026-02-05","8.5","1","48-0810","07234-26-01","07234-26-01-job"
"7416","2026-02-05","9.64","2026-02-06","BREAK CLEANER RED CAN","IV Cost","2026-02-05","4.82","2","48-0810","07221-26-01","07221-26-01-job"
"7531","2026-02-05","155.28","2026-02-06","Glove Metacarpal Lg","IV Cost","2026-02-05","12.94","12","47-0250","07198-26-01","07198-26-01-job"
"7644","2026-02-05","69.24","2026-02-06","Clamp 1/2"" wire rope Crosby G-450 1010131","IV Cost","2026-02-05","11.54","6","47-0810","07226-26-01","07226-26-01-job"
"7820","2026-02-06","1972.56","2026-02-07","Valve Asm TT560  4001181","IV Cost","2026-02-06","328.76","6","58-4000","07147-26-01","07147-26-01-job"
"7966","2026-02-06","34.56","2026-02-07","CLEAR SAFETY GLASSES","IV Cost","2026-02-06","1.44","24","47-0250","07230-26-01","07230-26-01-job"
"8661","2026-02-06","28.32","2026-02-07","PB BLASTER","IV Cost","2026-02-06","7.08","4","47-0810","07201-26-01","07201-26-01-job"
"8707","2026-02-06","419.8","2026-02-07","Rig Mat Spiilfyter M-151 poly backed 57x80","IV Cost","2026-02-06","209.9","2","58-4000","07213-26-01","07213-26-01-job"
"9840","2026-02-10","39.5","2026-02-11","TUBE GREASE Wolfhead red 88301","IV Cost","2026-02-10","3.95","10","49-0810","07255-26-01","07255-26-01-job"
"9901","2026-02-10","17","2026-02-11","RAGS (BAG) 10LB t-shirt","IV Cost","2026-02-10","8.5","2","47-0810","07212-26-01","07212-26-01-job"
"10621","2026-02-11","30.09","2026-02-12","Resiprator half 3M 6000 Med","IV Cost","2026-02-11","15.045","2","47-0250","07198-26-01","07198-26-01-job"
"10652","2026-02-11","116.88","2026-02-12","Cut 4 Maxi Glove XL","IV Cost","2026-02-11","58.44","2","48-0250","07257-26-01","07257-26-01-job"
"10805","2026-02-11","17","2026-02-12","RAGS (BAG) 10LB t-shirt","IV Cost","2026-02-11","8.5","2","47-0810","07201-26-01","07201-26-01-job"
"12617","2026-02-13","3.66","2026-02-14","3"" RUBBER GASKET","IV Cost","2026-02-13",".61","6","47-0810","07247-26-01","07247-26-01-job"
"13633","2026-02-16","69.1","2026-02-17","Tong Spring B&C BJ009561 BJ style","IV Cost","2026-02-16","6.91","10","47-4111","07235-26-01","07235-26-01-job"
"13667","2026-02-16","25.56","2026-02-17","Flourscent Red paint stick","IV Cost","2026-02-16","2.13","12","58-4000","07213-26-01","07213-26-01-job"
"14695","2026-02-18","51.99","2026-02-19","Garbage Bags 60 gal 100/cs 38x58 2 mil","IV Cost","2026-02-18","51.99","1","47-0810","07226-26-01","07226-26-01-job"
"15602","2026-02-20","15.09","2026-02-21","Power Tong Die 3-1/2"" BJ CDI-1505","IV Cost","2026-02-20","5.03","3","48-0810","07234-26-01","07234-26-01-job"
"16350","2026-02-23","64.4","2026-02-24","Pin shear PRV 20 red pop off pins 10/pk","IV Cost","2026-02-23","32.2","2","47-0810","07201-26-01","07201-26-01-job"
"16757","2026-02-24","437.16","2026-02-25","36"" PIPE WRENCH RIDGID 31035","IV Cost","2026-02-24","218.58","2","48-0810","07261-26-01","07261-26-01-job"
"16785","2026-02-24","111.5","2026-02-25","Die Tong Power -- BJ 2-3/8"" X 1-1/2"" CDI-7032","IV Cost","2026-02-24","22.3","5","58-4000","07272-26-01","07272-26-01-job"
"18672","2026-03-02","736","2026-03-03","Liner 5"" TT560 Tulsa 4001034","IV Cost","2026-03-02","368","2","47-4111","07201-26-01","07201-26-01-job"
"19487","2026-03-02","103.98","2026-03-03","Garbage Bags 60 gal 100/cs 38x58 2 mil","IV Cost","2026-03-02","51.99","2","47-0810","07267-26-01","07267-26-01-job"
"19550","2026-03-02","467.04","2026-03-03","Glove Metacarpal XL","IV Cost","2026-03-02","12.9733333333","36","51-0250","07264-26-01","07264-26-01-job"
"20530","2026-03-03","21.6","2026-03-04","Drinking water 16.9 oz bottle","IV Cost","2026-03-03","4.32","5","47-0250","07230-26-01","07230-26-01-job"
"21205","2026-03-05",".7","2026-03-06","1/2 HD PLUG","IV Cost","2026-03-05",".7","1","58-4000","07207-26-01","07207-26-01-job"
"22111","2026-03-05","21.94","2026-03-06","Qwik Stilk Zero Grape 50/pk","IV Cost","2026-03-05","21.94","1","48-0250","07257-26-01","07257-26-01-job"
"23001","2026-03-09","54.81","2026-03-10","Towel scrim blue Roll D-575","IV Cost","2026-03-09","54.81","1","47-0810","07201-26-01","07201-26-01-job"
"23553","2026-03-10","34.56","2026-03-11","Drinking water 16.9 oz bottle","IV Cost","2026-03-10","4.32","8","48-0250","07261-26-01","07261-26-01-job"
"23671","2026-03-10","27.84","2026-03-11","Pip Glove Lg","IV Cost","2026-03-10","27.84","1","47-0810","07267-26-01","07267-26-01-job"
"24689","2026-03-11","55.28","2026-03-12","Tong Spring B&C BJ009561 BJ style","IV Cost","2026-03-11","6.91","8","58-4000","07187-26-01","07187-26-01-job"
"25838","2026-03-12","17.28","2026-03-13","CLEAR SAFETY GLASSES","IV Cost","2026-03-12","1.44","12","47-0250","07280-26-01","07280-26-01-job"
"25878","2026-03-12","159","2026-03-13","OIL SOAKS (DIAPERS) BAG","IV Cost","2026-03-12","26.5","6","48-0810","07221-26-01","07221-26-01-job"
"28165","2026-03-16","29.43","2026-03-17","WD-40 11 oz Spray Can","IV Cost","2026-03-16","9.81","3","47-0810","07196-26-01","07196-26-01-job"
"29781","2026-03-17","40.5","2026-03-18","20lb propane cylinder w/gas","IV Cost","2026-03-17","13.5","3","58-4000","07267-26-01","07267-26-01-job"
"30321","2026-03-18","21.6","2026-03-19","Drinking water 16.9 oz bottle","IV Cost","2026-03-18","4.32","5","47-0250","07230-26-01","07230-26-01-job"
"31133","2026-03-19","81.06","2026-03-20","Whip Checks Nylon 48""","IV Cost","2026-03-19","13.51","6","47-0250","07280-26-01","07280-26-01-job"
"33072","2026-03-23","210.12","2026-03-24","ISO/AW-46 HYD OIL","IV Cost","2026-03-23","52.53","4","47-0810","07288-26-01","07288-26-01-job"
"33297","2026-03-24","93","2026-03-25","Granulated Sugar 25lb Bag","IV Cost","2026-03-24","23.25","4","57-9000","07272-26-01","07272-26-01-job"
"33704","2026-03-24","135.1","2026-03-25","Whip Checks Nylon 48""","IV Cost","2026-03-24","13.51","10","47-0810","07264-26-01","07264-26-01-job"
"34445","2026-03-26","17.28","2026-03-27","Safety Glasses Clear","IV Cost","2026-03-26","1.44","12","47-0250","07266-26-01","07266-26-01-job"
"35766","2026-03-30","4.44","2026-03-31","1 X 1/2 FS HEX BUSHING","IV Cost","2026-03-30","2.22","2","47-0810","07147-26-01","07147-26-01-job"
"36232","2026-03-31","9.81","2026-04-01","WD-40 11 oz Spray Can","IV Cost","2026-03-31","9.81","1","47-0810","07268-26-01","07268-26-01-job"
"36798","2026-03-31","25.92","2026-04-01","Drinking Water 16.9 oz Bottle Case","IV Cost","2026-03-31","4.32","6","47-0250","07230-26-01","07230-26-01-job"
"37681","2026-04-02","207.84","2026-04-03","Glove Metacarpal Med","IV Cost","2026-04-02","12.99","16","47-0250","07258-26-01","07258-26-01-job"
"37932","2026-04-02","291.2","2026-04-03","Rod Grease- Copper Joint 50# PL","IV Cost","2026-04-02","145.6","2","58-4000","07267-26-01","07267-26-01-job"
"39310","2026-04-06","53","2026-04-07","Oil Soaks (Diapers) Bag 100pcs","IV Cost","2026-04-06","26.5","2","48-0810","07290-26-01","07290-26-01-job"
"39343","2026-04-06","259.8","2026-04-07","Glove Metacarpal Med","IV Cost","2026-04-06","12.99","20","47-0250","07289-26-01","07289-26-01-job"
"39831","2026-04-07","43.8","2026-04-09","Tube Grease Wolfhead Red 88301","IV Cost","2026-04-07","4.38","10","47-0810","07260-26-01","07260-26-01-job"
"39894","2026-04-07","383.28","2026-04-09","Insert Slip  Baash Ross DU 4-1/2""x3-1/2"" CDI3404","IV Cost","2026-04-07","15.97","24","47-0810","07235-26-01","07235-26-01-job"
"40246","2026-04-08","24.2","2026-04-09","Brush Scrub Wooden Handle","IV Cost","2026-04-08","6.05","4","49-0810","07288-26-01","07288-26-01-job"
"41414","2026-04-09","3.76","2026-04-10","Inspection Tags 4-Year Plastic Fire Extinguisher","IV Cost","2026-04-09",".1878","20","48-0250","07293-26-01","07293-26-01-job"
"44064","2026-04-14","39.24","2026-04-15","WD-40 11 oz Spray Can","IV Cost","2026-04-14","9.81","4","47-0810","07147-26-01","07147-26-01-job"
"46742","2026-04-20","103.9","2026-04-21","ROCK DRILL OIL - Pail","IV Cost","2026-04-20","103.9","1","58-4000","07314-26-01","07314-26-01-job"
"47151","2026-04-21","3.6","2026-04-22","Glove Welding","IV Cost","2026-04-21","3.6","1","47-0810","07147-26-01","07147-26-01-job"
"5318","2026-02-03","17","2026-02-04","RAGS (BAG) 10LB t-shirt","IV Cost","2026-02-03","8.5","2","47-0810","07232-26-01","07232-26-01-job"
"5357","2026-02-03","12.11","2026-02-04","FULLY CORDED GLOVE","IV Cost","2026-02-03","12.11","1","48-0250","07241-26-01","07241-26-01-job"
"5386","2026-02-03","232.08","2026-02-05","48"" HEEL JAW & PIN","IV Cost","2026-02-03","77.36","3","58-4000","07212-26-01","07212-26-01-job"
"5512","2026-02-03","17.28","2026-02-04","SHADED SAFETY GLASSES","IV Cost","2026-02-03","1.44","12","47-0810","07226-26-01","07226-26-01-job"
"5611","2026-02-03","177.14","2026-02-04","20 LBS Fire Ext","IV Cost","2026-02-03","88.57","2","49-0250","07250-26-01","07250-26-01-job"
"5660","2026-02-03","17.28","2026-02-04","Drinking water 16.9 oz bottle","IV Cost","2026-02-03","4.32","4","47-0250","07222-26-01","07222-26-01-job"
"5692","2026-02-03","6.05","2026-02-04","Brush Rig Scrub","IV Cost","2026-02-03","6.05","1","48-0810","07149-26-01","07149-26-01-job"
"5771","2026-02-03","48.07","2026-02-04","36"" HEEL JAW & PIN","IV Cost","2026-02-03","48.07","1","47-0810","07201-26-01","07201-26-01-job"
"5822","2026-02-03","6.63","2026-02-04","Gasket Valve Cover 540/560 5001054","IV Cost","2026-02-03","6.63","1","58-4000","07194-26-01","07194-26-01-job"
"5912","2026-02-03","25.2","2026-02-04","Punch Lok Clamp 4""","IV Cost","2026-02-03","2.1","12","48-0250","07241-26-01","07241-26-01-job"
"6008","2026-02-03","118.5","2026-02-04","TUBE GREASE Wolfhead red 88301","IV Cost","2026-02-03","3.95","30","47-0810","07222-26-01","07222-26-01-job"
"6130","2026-02-03","24.2","2026-02-04","Brush Rig Scrub","IV Cost","2026-02-03","6.05","4","48-0810","07216-26-01","07216-26-01-job"
"6529","2026-02-04","1315.04","2026-02-05","Valve Asm TT560  4001181","IV Cost","2026-02-04","328.76","4","58-4000","07198-26-01","07198-26-01-job"
"6687","2026-02-04","136.6","2026-02-05","NAPA ANTI FREEZE (1 gal)","IV Cost","2026-02-04","11.3833333333","12","47-0810","07226-26-01","07226-26-01-job"
"6735","2026-02-04","20.46","2026-02-05","WASHER FLUID 1 gal","IV Cost","2026-02-04","3.41","6","48-0810","07221-26-01","07221-26-01-job"
"6772","2026-02-04","8.64","2026-02-05","Drinking water 16.9 oz bottle","IV Cost","2026-02-04","4.32","2","47-0250","07201-26-01","07201-26-01-job"
"7187","2026-02-05","51.76","2026-02-06","Glove Metacarpal Lg","IV Cost","2026-02-05","12.94","4","47-0250","07213-26-01","07213-26-01-job"
"7280","2026-02-05","46.57","2026-02-06","Weed Burner Torch & Hose for Propane","IV Cost","2026-02-05","46.57","1","48-0810","07234-26-01","07234-26-01-job"
"7417","2026-02-05","20.79","2026-02-06","PB BLASTER","IV Cost","2026-02-05","6.93","3","48-0810","07221-26-01","07221-26-01-job"
"7532","2026-02-05","155.28","2026-02-06","Glove Metacarpal Med","IV Cost","2026-02-05","12.94","12","47-0250","07198-26-01","07198-26-01-job"
"7645","2026-02-05","21.6","2026-02-06","Drinking water 16.9 oz bottle","IV Cost","2026-02-05","4.32","5","47-0250","07226-26-01","07226-26-01-job"
"7821","2026-02-06","447.54","2026-02-07","Piston Asm 5 X 1.5 Tulsa 4001063","IV Cost","2026-02-06","149.18","3","58-4000","07147-26-01","07147-26-01-job"
"7967","2026-02-06","24.2","2026-02-07","Brush Rig Scrub","IV Cost","2026-02-06","6.05","4","47-0810","07230-26-01","07230-26-01-job"
"8662","2026-02-06","36.49","2026-02-07","WD-40 11 oz Spray Can","IV Cost","2026-02-06","9.1225","4","47-0810","07201-26-01","07201-26-01-job"
"8708","2026-02-06","119","2026-02-07","Cutting Wheel 4.5""x.045""x7/8"" t27 A60S Sait 22021","IV Cost","2026-02-06","2.38","50","47-0810","07213-26-01","07213-26-01-job"
"9841","2026-02-10","84.96","2026-02-11","PB BLASTER","IV Cost","2026-02-10","7.08","12","49-0810","07255-26-01","07255-26-01-job"
"9902","2026-02-10","45.16","2026-02-11","Oil/Floor dry","IV Cost","2026-02-10","11.29","4","47-0810","07212-26-01","07212-26-01-job"
"10622","2026-02-11","60","2026-02-12","RESPIRATOR Lg half face","IV Cost","2026-02-11","15","4","47-0250","07198-26-01","07198-26-01-job"
"10653","2026-02-11","36.26","2026-02-12","Golden Chore cotton (yellow fuzzy)","IV Cost","2026-02-11","18.13","2","48-0250","07257-26-01","07257-26-01-job"
"10806","2026-02-11","8.5","2026-02-12","Tape Electrical 3/4"" Wide","IV Cost","2026-02-11",".85","10","47-0810","07201-26-01","07201-26-01-job"
"12618","2026-02-13","197.5","2026-02-14","TUBE GREASE Wolfhead red 88301","IV Cost","2026-02-13","3.95","50","58-4000","07247-26-01","07247-26-01-job"
"13634","2026-02-16","22.54","2026-02-17","308-1502 Fuel Filter (CAT)","IV Cost","2026-02-16","22.54","1","48-0810","07234-26-01","07234-26-01-job"
"13668","2026-02-16","25.31","2026-02-17","track shovel","IV Cost","2026-02-16","25.31","1","47-0810","07213-26-01","07213-26-01-job"
"14696","2026-02-18","8.5","2026-02-19","RAGS (BAG) 10LB t-shirt","IV Cost","2026-02-18","8.5","1","47-0810","07226-26-01","07226-26-01-job"
"15603","2026-02-20","56.41","2026-02-21","1G-8878 Hydraulic Filter (CAT)","IV Cost","2026-02-20","56.4133333333","1","48-0810","07234-26-01","07234-26-01-job"
"16351","2026-02-23","38.8","2026-02-24","PH Strips 100/pk","IV Cost","2026-02-23","19.4","2","47-4111","07201-26-01","07201-26-01-job"
"16758","2026-02-24","383.28","2026-02-25","Insert Slip  Baash Ross DU 4-1/2""x3-1/2"" CDI3404","IV Cost","2026-02-24","15.97","24","58-4000","07147-26-01","07147-26-01-job"
"16786","2026-02-24","40.92","2026-02-25","WASHER FLUID 1 gal","IV Cost","2026-02-24","3.41","12","58-4000","07272-26-01","07272-26-01-job"
"17281","2026-02-25","77.64","2026-02-26","Glove Metacarpal Med","IV Cost","2026-02-25","12.94","6","48-0250","07221-26-01","07221-26-01-job"
"18673","2026-03-02","62.48","2026-03-03","Coverall FR 9oz LG navy w/reflective stripes","IV Cost","2026-03-02","62.48","1","47-0250","07201-26-01","07201-26-01-job"
"19488","2026-03-02","291.2","2026-03-03","ROD GREASE- BOL CU JOINT 50# PL 630050","IV Cost","2026-03-02","145.6","2","58-4000","07214-26-01","07214-26-01-job"
"19551","2026-03-02","51.96","2026-03-03","Glove Metacarpal Lg","IV Cost","2026-03-02","12.99","4","47-0250","07252-26-01","07252-26-01-job"
"20531","2026-03-03","259.8","2026-03-04","Glove Metacarpal Lg","IV Cost","2026-03-03","12.99","20","47-0250","07230-26-01","07230-26-01-job"
"21206","2026-03-05","1.3","2026-03-06","Plug 3/4"" Blk SQ HD","IV Cost","2026-03-05","1.3","1","58-4000","07207-26-01","07207-26-01-job"
"22112","2026-03-05","21.86","2026-03-06","Drink Mix Skittles All Sport 50/pk","IV Cost","2026-03-05","21.86","1","48-0250","07257-26-01","07257-26-01-job"
"23002","2026-03-09","14.12","2026-03-10","Deck Brush","IV Cost","2026-03-09","7.06","2","47-0810","07201-26-01","07201-26-01-job"
"23554","2026-03-10","17","2026-03-11","RAGS (BAG) 10LB t-shirt","IV Cost","2026-03-10","8.5","2","48-0250","07261-26-01","07261-26-01-job"
"23672","2026-03-10","43.2","2026-03-11","Drinking water 16.9 oz bottle","IV Cost","2026-03-10","4.32","10","47-0250","07280-26-01","07280-26-01-job"
"24690","2026-03-11","40.53","2026-03-12","Whip Checks Nylon 48""","IV Cost","2026-03-11","13.51","3","46-0250","07187-26-01","07187-26-01-job"
"25839","2026-03-12","17.28","2026-03-13","SHADED SAFETY GLASSES","IV Cost","2026-03-12","1.44","12","47-0250","07280-26-01","07280-26-01-job"
"25879","2026-03-12","415.68","2026-03-13","Glove Metacarpal Lg","IV Cost","2026-03-12","12.99","32","48-0250","07221-26-01","07221-26-01-job"
"28166","2026-03-16","9.48","2026-03-17","Brush Wire Wooden Shoe Handle","IV Cost","2026-03-16","2.37","4","47-0810","07196-26-01","07196-26-01-job"
"30322","2026-03-18","383.28","2026-03-19","Insert Slip  Baash Ross DU 4-1/2""x3-1/2"" CDI3404","IV Cost","2026-03-18","15.97","24","47-4111","07230-26-01","07230-26-01-job"
"31134","2026-03-19","14.5","2026-03-20","Long handle flat shovel","IV Cost","2026-03-19","14.5","1","47-4111","07280-26-01","07280-26-01-job"
"33073","2026-03-23","866.91","2026-03-24","60"" HOOK JAW RIDGID 31770","IV Cost","2026-03-23","288.97","3","47-4111","07288-26-01","07288-26-01-job"
"33298","2026-03-24","702.94","2026-03-25","Class A API Oilwell Bulk Cement","IV Cost","2026-03-24","237.4","2.961","57-9000","07270-26-01","07270-26-01-job"
"33705","2026-03-24","79.19","2026-03-25","Dawn Pro 5 gal","IV Cost","2026-03-24","79.19","1","47-0250","07264-26-01","07264-26-01-job"
"34446","2026-03-26","17.28","2026-03-27","Safety Glasses Shaded","IV Cost","2026-03-26","1.44","12","47-0250","07266-26-01","07266-26-01-job"
"35767","2026-03-30","4.44","2026-03-31","1 X 3/4 FS HEX BUSHING","IV Cost","2026-03-30","2.22","2","47-0810","07147-26-01","07147-26-01-job"
"36233","2026-03-31","79.02","2026-04-01","NAPA Anti Freeze (1 gal)","IV Cost","2026-03-31","13.17","6","47-0810","07268-26-01","07268-26-01-job"
"37682","2026-04-02","103.92","2026-04-03","Glove Metacarpal Lg","IV Cost","2026-04-02","12.99","8","47-0250","07258-26-01","07258-26-01-job"
"37933","2026-04-02","159","2026-04-03","Oil Soaks (Diapers) Bag 100pcs","IV Cost","2026-04-02","26.5","6","47-0810","07267-26-01","07267-26-01-job"
"39311","2026-04-06","79.19","2026-04-07","Dawn Pro 5 gal","IV Cost","2026-04-06","79.19","1","48-0810","07290-26-01","07290-26-01-job"
"39344","2026-04-06","103.92","2026-04-07","Glove Metacarpal Lg","IV Cost","2026-04-06","12.99","8","47-0250","07289-26-01","07289-26-01-job"
"39832","2026-04-07","895.05","2026-04-09","Piston Asm 5 X 1.5 Tulsa 4001063","IV Cost","2026-04-07","149.175","6","47-4111","07260-26-01","07260-26-01-job"
"39895","2026-04-07","8.21","2026-04-09","Duct Tape 2"" X 60 Yrds","IV Cost","2026-04-07","4.1033","2","47-0810","07235-26-01","07235-26-01-job"
"40247","2026-04-08","106","2026-04-09","Oil Soaks (Diapers) Bag 100pcs","IV Cost","2026-04-08","26.5","4","49-0810","07305-26-01","07305-26-01-job"
"41415","2026-04-09","210","2026-04-10","Rig Mat Spiilfyter M-151 poly backed 57x80","IV Cost","2026-04-09","210","1","48-4111","07293-26-01","07293-26-01-job"
"44065","2026-04-14","90","2026-04-15","Glove Metacarpal LG orange rubber","IV Cost","2026-04-14","90","1","47-0250","07147-26-01","07147-26-01-job"
"45595","2026-04-16","38.28","2026-04-17","Spray Paint Gray Primer Rustoleum 1680830","IV Cost","2026-04-16","6.38","6","48-0810","07293-26-01","07293-26-01-job"
"46743","2026-04-20","38.28","2026-04-21","Spray Paint White Rustoleum 1692830","IV Cost","2026-04-20","6.38","6","47-0810","07314-26-01","07314-26-01-job"
"47152","2026-04-21","22.51","2026-04-22","Cresant Wrench 12""","IV Cost","2026-04-21","22.51","1","47-0810","07147-26-01","07147-26-01-job"
"5319","2026-02-03","15.26","2026-02-04","2"" Hammer Union","IV Cost","2026-02-03","15.26","1","58-4000","07232-26-01","07232-26-01-job"
"5358","2026-02-03","310.56","2026-02-04","Glove Metacarpal Lg","IV Cost","2026-02-03","12.94","24","48-0250","07241-26-01","07241-26-01-job"
"5387","2026-02-03","111.63","2026-02-05","48"" WRENCH NUT","IV Cost","2026-02-03","37.21","3","58-4000","07212-26-01","07212-26-01-job"
"5513","2026-02-03","251.32","2026-02-04","Binder Ratchet 5/16""-3/8"" DOT Approved Crosby","IV Cost","2026-02-03","62.83","4","47-0810","07226-26-01","07226-26-01-job"
"5612","2026-02-03","104.32","2026-02-04","5 LB FIRE EXT","IV Cost","2026-02-03","52.16","2","49-0250","07250-26-01","07250-26-01-job"
"5661","2026-02-03","83.51","2026-02-04","Coverall FR 9oz 3X navy w/reflective stripes","IV Cost","2026-02-03","83.51","1","47-0810","07222-26-01","07222-26-01-job"
"5693","2026-02-03","465.84","2026-02-04","Glove Metacarpal Lg","IV Cost","2026-02-03","12.94","36","48-0250","07149-26-01","07149-26-01-job"
"5772","2026-02-03","31.14","2026-02-04","24"" HEEL JAW & PIN","IV Cost","2026-02-03","31.14","1","47-0810","07201-26-01","07201-26-01-job"
"5823","2026-02-03","32.11","2026-02-04","Pin shear PRV 20 red pop off pins 10/pk","IV Cost","2026-02-03","32.11","1","58-4000","07194-26-01","07194-26-01-job"
"5913","2026-02-03","158.04","2026-02-04","NAPA ANTI FREEZE (1 gal)","IV Cost","2026-02-03","13.17","12","49-0810","07254-26-01","07254-26-01-job"
"6009","2026-02-03","258.8","2026-02-04","Glove Metacarpal Lg","IV Cost","2026-02-03","12.94","20","47-0250","07222-26-01","07222-26-01-job"
"6131","2026-02-03","40.92","2026-02-04","WASHER FLUID 1 gal","IV Cost","2026-02-03","3.41","12","48-0810","07216-26-01","07216-26-01-job"
"6530","2026-02-04","17.28","2026-02-05","CLEAR SAFETY GLASSES","IV Cost","2026-02-04","1.44","12","47-0250","07198-26-01","07198-26-01-job"
"6688","2026-02-04","132.5","2026-02-05","OIL SOAKS (DIAPERS) BAG","IV Cost","2026-02-04","26.5","5","47-0810","07226-26-01","07226-26-01-job"
"6736","2026-02-04","262.29","2026-02-05","15W-40 MOTOR OIL GL","IV Cost","2026-02-04","12.49","21","48-0810","07221-26-01","07221-26-01-job"
"6773","2026-02-04","8.5","2026-02-05","Tape Electrical 3/4"" Wide","IV Cost","2026-02-04",".85","10","47-0810","07201-26-01","07201-26-01-job"
"7188","2026-02-05","3.76","2026-02-06","Striker Torch single","IV Cost","2026-02-05","1.88","2","47-0810","07213-26-01","07213-26-01-job"
"7281","2026-02-05","26.5","2026-02-06","OIL SOAKS (DIAPERS) BAG","IV Cost","2026-02-05","26.5","1","48-0810","07234-26-01","07234-26-01-job"
"7418","2026-02-05","28.5","2026-02-06","WD-40 11 oz Spray Can","IV Cost","2026-02-05","9.5","3","48-0810","07221-26-01","07221-26-01-job"
"7533","2026-02-05","155.28","2026-02-06","Glove Metacarpal XL","IV Cost","2026-02-05","12.94","12","47-0250","07198-26-01","07198-26-01-job"
"7646","2026-02-05","1.92","2026-02-06","3"" RUBBER GASKET","IV Cost","2026-02-05",".64","3","47-0810","07226-26-01","07226-26-01-job"
"7822","2026-02-06","399.36","2026-02-07","Valve Cover 4001145","IV Cost","2026-02-06","399.36","1","58-4000","07147-26-01","07147-26-01-job"
"7968","2026-02-06","12.64","2026-02-07","Valve Stud Nuts 1501555 75CN2Z 0124748","IV Cost","2026-02-06",".79","16","58-4000","07232-26-01","07232-26-01-job"
"8019","2026-02-06","42.96","2026-02-07","Cleaner Brake green can CRC95084","IV Cost","2026-02-06","3.58","12","58-4000","07234-26-01","07234-26-01-job"
"8663","2026-02-06","51.99","2026-02-07","Garbage Bags 60 gal 100/cs 38x58 2 mil","IV Cost","2026-02-06","51.99","1","47-0810","07201-26-01","07201-26-01-job"
"8709","2026-02-06","78.7","2026-02-07","Flapper Wheel 4-1/2""x7/8"" Grade 40 78006","IV Cost","2026-02-06","7.87","10","47-0810","07213-26-01","07213-26-01-job"
"9842","2026-02-10","99.36","2026-02-11","15W-40 MOTOR OIL GL","IV Cost","2026-02-10","16.56","6","49-0810","07255-26-01","07255-26-01-job"
"9903","2026-02-10","51.76","2026-02-11","Glove Metacarpal XL","IV Cost","2026-02-10","12.94","4","51-0250","07241-26-01","07241-26-01-job"
"10623","2026-02-11","17","2026-02-12","RAGS (BAG) 10LB t-shirt","IV Cost","2026-02-11","8.5","2","47-0810","07198-26-01","07198-26-01-job"
"10654","2026-02-11","27","2026-02-12","20lb propane cylinder w/gas","IV Cost","2026-02-11","13.5","2","48-0810","07257-26-01","07257-26-01-job"
"10700","2026-02-11","103.52","2026-02-12","Glove Metacarpal 2X","IV Cost","2026-02-11","12.94","8","47-0250","07240-26-01","07240-26-01-job"
"10807","2026-02-11","39.5","2026-02-12","TUBE GREASE Wolfhead red 88301","IV Cost","2026-02-11","3.95","10","47-0810","07201-26-01","07201-26-01-job"
"12619","2026-02-13","724.64","2026-02-14","Glove Metacarpal Lg","IV Cost","2026-02-13","12.94","56","47-0810","07247-26-01","07247-26-01-job"
"13635","2026-02-16","31","2026-02-17","326-1644 Fuel Filter","IV Cost","2026-02-16","31","1","48-0810","07234-26-01","07234-26-01-job"
"13669","2026-02-16","22.92","2026-02-17","100' tape measure","IV Cost","2026-02-16","22.92","1","47-0810","07213-26-01","07213-26-01-job"
"14336","2026-02-17","17.28","2026-02-18","CLEAR SAFETY GLASSES","IV Cost","2026-02-17","1.44","12","47-0250","07240-26-01","07240-26-01-job"
"14697","2026-02-18","81.06","2026-02-19","Whip Checks Nylon 48""","IV Cost","2026-02-18","13.51","6","47-0810","07226-26-01","07226-26-01-job"
"15604","2026-02-20","56.3","2026-02-21","9T-8578 CAT filter","IV Cost","2026-02-20","56.3","1","48-0810","07234-26-01","07234-26-01-job"
"16759","2026-02-24","185.64","2026-02-25","Insert safety clamp type C BRoss w/cotter CD-3333","IV Cost","2026-02-24","15.47","12","58-4000","07147-26-01","07147-26-01-job"
"16787","2026-02-24","155.88","2026-02-25","NAPA ANTI FREEZE (1 gal)","IV Cost","2026-02-24","12.99","12","58-4000","07272-26-01","07272-26-01-job"
"17282","2026-02-25","124.96","2026-02-26","Coverall FR 9oz XL navy w/reflective stripes","IV Cost","2026-02-25","62.48","2","48-0250","07221-26-01","07221-26-01-job"
"18622","2026-03-02","77.94","2026-03-03","NAPA ANTI FREEZE (1 gal)","IV Cost","2026-03-02","12.99","6","47-0810","07219-26-01","07219-26-01-job"
"18674","2026-03-02","18.25","2026-03-03","Packing 08A-178-PMSG Graphite","IV Cost","2026-03-02","18.25","1","47-0810","07201-26-01","07201-26-01-job"
"19489","2026-03-02","2","2026-03-03","Striker Torch single","IV Cost","2026-03-02","2","1","47-0810","07214-26-01","07214-26-01-job"
"19552","2026-03-02","259.8","2026-03-03","Glove Metacarpal Lg","IV Cost","2026-03-02","12.99","20","47-0250","07252-26-01","07252-26-01-job"
"20532","2026-03-03","17.28","2026-03-04","CLEAR SAFETY GLASSES","IV Cost","2026-03-03","1.44","12","47-0250","07230-26-01","07230-26-01-job"
"21207","2026-03-05","67.1","2026-03-06","Pete Zorb C4 bale 2 cubic","IV Cost","2026-03-05","33.55","2","47-0250","07219-26-01","07219-26-01-job"
"22113","2026-03-05","21.78","2026-03-06","Qwik Stilk Zero Orange 50/pk","IV Cost","2026-03-05","21.78","1","48-0250","07257-26-01","07257-26-01-job"
"23003","2026-03-09","8.46","2026-03-10","Deck brush Handles","IV Cost","2026-03-09","4.23","2","47-0810","07201-26-01","07201-26-01-job"
"23555","2026-03-10","198.72","2026-03-11","15W-40 MOTOR OIL GL","IV Cost","2026-03-10","16.56","12","58-4000","07261-26-01","07261-26-01-job"
"24691","2026-03-11","11.4","2026-03-12","Rope manila 3/4""x600'","IV Cost","2026-03-11",".38","30","58-4000","07187-26-01","07187-26-01-job"
"25840","2026-03-12","210","2026-03-13","hose 2"" suction pvc mxf cams 25'","IV Cost","2026-03-12","105","2","47-0810","07280-26-01","07280-26-01-job"
"25880","2026-03-12","51.96","2026-03-13","Glove Metacarpal Med","IV Cost","2026-03-12","12.99","4","48-0250","07221-26-01","07221-26-01-job"
"28167","2026-03-16","53","2026-03-17","Soaks Oil (Diapers) Bag 100pcs","IV Cost","2026-03-16","26.5","2","47-0810","07196-26-01","07196-26-01-job"
"30323","2026-03-18","14.88","2026-03-19","BREAK CLEANER RED CAN","IV Cost","2026-03-18","4.96","3","47-0810","07240-26-01","07240-26-01-job"
"31135","2026-03-19","62.48","2026-03-20","Coverall FR 9oz LG navy w/reflective stripes","IV Cost","2026-03-19","62.48","1","47-0250","07280-26-01","07280-26-01-job"
"33074","2026-03-23","17","2026-03-24","Rags (bag) 10 Lb","IV Cost","2026-03-23","8.5","2","47-0810","07288-26-01","07288-26-01-job"
"33299","2026-03-24","46.5","2026-03-25","Granulated Sugar 25lb Bag","IV Cost","2026-03-24","23.25","2","57-9000","07270-26-01","07270-26-01-job"
"33706","2026-03-24","8.5","2026-03-25","Rags (bag) 10 Lb","IV Cost","2026-03-24","8.5","1","48-0810","07227-26-01","07227-26-01-job"
"34447","2026-03-26","22.68","2026-03-27","PB BLASTER","IV Cost","2026-03-26","5.67","4","47-0810","07266-26-01","07266-26-01-job"
"35768","2026-03-30","27.84","2026-03-31","Pip Glove Lg","IV Cost","2026-03-30","27.84","1","47-0250","07147-26-01","07147-26-01-job"
"36234","2026-03-31","17","2026-04-01","Rags 10# Bag","IV Cost","2026-03-31","8.5","2","47-0810","07268-26-01","07268-26-01-job"
"37066","2026-04-01","30.25","2026-04-02","Fire Extinguisher 20#","IV Cost","2026-04-01","30.25","1","46-0250","07251-26-01","07251-26-01-job"
"37683","2026-04-02","155.88","2026-04-03","Glove Metacarpal XL","IV Cost","2026-04-02","12.99","12","47-0250","07258-26-01","07258-26-01-job"
"37934","2026-04-02","82.6","2026-04-03","Flapper Wheel 4-1/2""x7/8"" Grade 40 78006","IV Cost","2026-04-02","8.26","10","47-0810","07267-26-01","07267-26-01-job"
"39312","2026-04-06","45.96","2026-04-07","Cleaning Solvent Citra Blast 5 gal pail","IV Cost","2026-04-06","45.96","1","48-0810","07290-26-01","07290-26-01-job"
"39345","2026-04-06","103.92","2026-04-07","Glove Metacarpal XL","IV Cost","2026-04-06","12.99","8","47-0250","07289-26-01","07289-26-01-job"
"39833","2026-04-07","20.7","2026-04-09","Sash Cord 1/4"" 100' roll","IV Cost","2026-04-07","10.35","2","47-4111","07260-26-01","07260-26-01-job"
"39896","2026-04-07","562.93","2026-04-09","15W40 Oil 55gal Drum","IV Cost","2026-04-07","562.93","1","47-4111","07235-26-01","07235-26-01-job"
"40248","2026-04-08","17.28","2026-04-09","Drinking Water 16.9 oz Bottle Case","IV Cost","2026-04-08","4.32","4","49-0250","07305-26-01","07305-26-01-job"
"41416","2026-04-09","62.94","2026-04-10","Anti Freeze NAPA Extended Life 1EXT (1 gal)","IV Cost","2026-04-09","10.49","6","48-0810","07293-26-01","07293-26-01-job"
"43988","2026-04-14","20.7","2026-04-15","Sash Cord 1/4"" 100' roll","IV Cost","2026-04-14","10.35","2","47-0810","07299-26-01","07299-26-01-job"
"44066","2026-04-14","192","2026-04-15","Glove Metacarpal XLG Orange Rubber","IV Cost","2026-04-14","192","1","47-0250","07147-26-01","07147-26-01-job"
"45596","2026-04-16","76.56","2026-04-17","Spray Paint Rustoleum Safety Blue 1624830","IV Cost","2026-04-16","6.38","12","48-0810","07293-26-01","07293-26-01-job"
"46744","2026-04-20","24.2","2026-04-21","Brush Scrub Wooden Handle","IV Cost","2026-04-20","6.05","4","47-0810","07314-26-01","07314-26-01-job"
"47153","2026-04-21","5.15","2026-04-22","Safety glasses shade 5 green lens","IV Cost","2026-04-21","5.15","1","47-0810","07147-26-01","07147-26-01-job"
"5320","2026-02-03","27.04","2026-02-04","EAR PLUGS","IV Cost","2026-02-03","27.04","1","48-0250","07234-26-01","07234-26-01-job"
"5359","2026-02-03","51.72","2026-02-04","Glove Metacarpal XL","IV Cost","2026-02-03","12.93","4","48-0250","07241-26-01","07241-26-01-job"
"5388","2026-02-03","103.98","2026-02-05","Garbage Bags 60 gal 100/cs 38x58 2 mil","IV Cost","2026-02-03","51.99","2","47-0810","07212-26-01","07212-26-01-job"
"5514","2026-02-03","268.64","2026-02-04","Ratchet binder 3/8"" -1/2"" DOT Approved Crosby","IV Cost","2026-02-03","67.16","4","47-0810","07226-26-01","07226-26-01-job"
"5613","2026-02-03","17","2026-02-04","RAGS (BAG) 10LB t-shirt","IV Cost","2026-02-03","8.5","2","49-0810","07250-26-01","07250-26-01-job"
"5662","2026-02-03","8.5","2026-02-04","RAGS (BAG) 10LB t-shirt","IV Cost","2026-02-03","8.5","1","47-0810","07222-26-01","07222-26-01-job"
"5694","2026-02-03","145.6","2026-02-04","ROD GREASE- BOL CU JOINT 50# PL 630050","IV Cost","2026-02-03","145.6","1","48-0810","07234-26-01","07234-26-01-job"
"5773","2026-02-03","114.66","2026-02-04","36"" J-JAW","IV Cost","2026-02-03","114.66","1","47-0810","07201-26-01","07201-26-01-job"
"5824","2026-02-03","78.4","2026-02-04","Flapper Wheel 4-1/2""x7/8"" Grade 40 78006","IV Cost","2026-02-03","7.84","10","47-0810","07211-26-01","07211-26-01-job"
"5914","2026-02-03","40.92","2026-02-04","WASHER FLUID 1 gal","IV Cost","2026-02-03","3.41","12","49-0810","07254-26-01","07254-26-01-job"
"6010","2026-02-03","155.16","2026-02-04","Glove Metacarpal XL","IV Cost","2026-02-03","12.93","12","47-0250","07222-26-01","07222-26-01-job"
"6132","2026-02-03","58.58","2026-02-04","Dawn Pro 5 gal","IV Cost","2026-02-03","58.58","1","48-0810","07216-26-01","07216-26-01-job"
"6531","2026-02-04","17.28","2026-02-05","SHADED SAFETY GLASSES","IV Cost","2026-02-04","1.44","12","47-0250","07198-26-01","07198-26-01-job"
"6689","2026-02-04","9.86","2026-02-05","REPLACEMENT HANDLE 4 LB HAMMER","IV Cost","2026-02-04","4.93","2","47-0810","07226-26-01","07226-26-01-job"
"6737","2026-02-04","229.32","2026-02-05","36"" J-JAW","IV Cost","2026-02-04","114.66","2","48-0810","07221-26-01","07221-26-01-job"
"6774","2026-02-04","562.93","2026-02-05","15W40 Oil 55gal Drum","IV Cost","2026-02-04","562.93","1","47-4111","07201-26-01","07201-26-01-job"
"7189","2026-02-05","2.41","2026-02-06","Hitch Pin 5/8 ""","IV Cost","2026-02-05","2.41","1","47-0810","07213-26-01","07213-26-01-job"
"7282","2026-02-05","9.83","2026-02-06","P-4129-DI handle only f/2"" ball valve 2F-F92-SE","IV Cost","2026-02-05","9.83","1","48-0810","07234-26-01","07234-26-01-job"
"7419","2026-02-05","17.28","2026-02-06","CLEAR SAFETY GLASSES","IV Cost","2026-02-05","1.44","12","48-0250","07221-26-01","07221-26-01-job"
"7534","2026-02-05","766.68","2026-02-06","Isolator rubber F/std & JSS shale shaker mounts","IV Cost","2026-02-05","191.67","4","58-4000","07147-26-01","07147-26-01-job"
"7647","2026-02-05","41.06","2026-02-06","FIRST AID KIT 36 UNIT DELUXE VEHICLE KIT","IV Cost","2026-02-05","20.53","2","47-0250","07226-26-01","07226-26-01-job"
"7823","2026-02-06","8.5","2026-02-07","RAGS (BAG) 10LB t-shirt","IV Cost","2026-02-06","8.5","1","47-0810","07236-26-01","07236-26-01-job"
"7969","2026-02-06","416","2026-02-07","Valve Cover Stud 1501562","IV Cost","2026-02-06","26","16","58-4000","07232-26-01","07232-26-01-job"
"8072","2026-02-06","11.61","2026-02-07","Starter Fluid","IV Cost","2026-02-06","3.87","3","58-4000","07234-26-01","07234-26-01-job"
"8664","2026-02-06","20.7","2026-02-07","1/4"" Sash Cord 100' roll","IV Cost","2026-02-06","10.35","2","47-4111","07201-26-01","07201-26-01-job"
"8710","2026-02-06","4","2026-02-07","Striker Torch single","IV Cost","2026-02-06","2","2","47-0810","07213-26-01","07213-26-01-job"
"9803","2026-02-10","298.36","2026-02-11","Piston Asm 5 X 1.5 Tulsa 4001063","IV Cost","2026-02-10","149.18","2","48-4111","07221-26-01","07221-26-01-job"
"9843","2026-02-10","81.96","2026-02-11","Tong Die CDI-1506 #6415067","IV Cost","2026-02-10","6.83","12","49-0810","07255-26-01","07255-26-01-job"
"9904","2026-02-10","51.76","2026-02-11","Glove Metacarpal Lg","IV Cost","2026-02-10","12.94","4","51-0250","07241-26-01","07241-26-01-job"
"10624","2026-02-11","17.28","2026-02-12","CLEAR SAFETY GLASSES","IV Cost","2026-02-11","1.44","12","47-0250","07198-26-01","07198-26-01-job"
"10655","2026-02-11","106","2026-02-12","OIL SOAKS (DIAPERS) BAG","IV Cost","2026-02-11","26.5","4","47-0810","07213-26-01","07213-26-01-job"
"10701","2026-02-11","155.28","2026-02-12","Glove Metacarpal XL","IV Cost","2026-02-11","12.94","12","47-0250","07240-26-01","07240-26-01-job"
"10808","2026-02-11","1.88","2026-02-12","metal 4 yr tags","IV Cost","2026-02-11",".1878","10","47-0250","07201-26-01","07201-26-01-job"
"12620","2026-02-13","103.52","2026-02-14","Glove Metacarpal XL","IV Cost","2026-02-13","12.94","8","47-0250","07247-26-01","07247-26-01-job"
"13636","2026-02-16","17.03","2026-02-17","1R-0751 Fuel Filter (CAT)","IV Cost","2026-02-16","17.03","1","48-0810","07234-26-01","07234-26-01-job"
"13670","2026-02-16","20.7","2026-02-17","1/4"" Sash Cord 100' roll","IV Cost","2026-02-16","10.35","2","47-0810","07213-26-01","07213-26-01-job"
"14337","2026-02-17","17.28","2026-02-18","SHADED SAFETY GLASSES","IV Cost","2026-02-17","1.44","12","47-0250","07240-26-01","07240-26-01-job"
"14698","2026-02-18","41.4","2026-02-19","1/4"" Sash Cord 100' roll","IV Cost","2026-02-18","10.35","4","58-4000","07226-26-01","07226-26-01-job"
"15605","2026-02-20","38.48","2026-02-21","1R-0777 Cat Filter Hydraulic Cartridge","IV Cost","2026-02-20","38.48","1","48-0810","07234-26-01","07234-26-01-job"
"16760","2026-02-24","22.8","2026-02-25","Spring Insert Safety Clamp Type C CDI-3334","IV Cost","2026-02-24","1.9","12","58-4000","07147-26-01","07147-26-01-job"
"16788","2026-02-24","17.28","2026-02-25","CLEAR SAFETY GLASSES","IV Cost","2026-02-24","1.44","12","49-0250","07272-26-01","07272-26-01-job"
"17283","2026-02-25","52.86","2026-02-26","Air Brake Antifreeze and Rust Guard M2834","IV Cost","2026-02-25","26.43","2","48-0810","07221-26-01","07221-26-01-job"
"18623","2026-03-02","259.8","2026-03-03","Glove Metacarpal Lg","IV Cost","2026-03-02","12.99","20","47-0250","07219-26-01","07219-26-01-job"
"18675","2026-03-02","100","2026-03-03","10 LB FIRE EXT","IV Cost","2026-03-02","100","1","47-0250","07201-26-01","07201-26-01-job"
"19490","2026-03-02","61.04","2026-03-03","2"" Hammer Union","IV Cost","2026-03-02","15.26","4","58-4000","07214-26-01","07214-26-01-job"
"19553","2026-03-02","103.92","2026-03-03","Glove Metacarpal XL","IV Cost","2026-03-02","12.99","8","47-0250","07252-26-01","07252-26-01-job"
"20533","2026-03-03","766.68","2026-03-04","Isolator rubber F/std & JSS shale shaker mounts","IV Cost","2026-03-03","191.67","4","47-0810","07230-26-01","07230-26-01-job"
"21208","2026-03-05","17","2026-03-06","RAGS (BAG) 10LB t-shirt","IV Cost","2026-03-05","8.5","2","47-0810","07219-26-01","07219-26-01-job"
"22114","2026-03-05","21.95","2026-03-06","Qwik Stilk Zero Lemon Lime 50/pk","IV Cost","2026-03-05","21.95","1","48-0250","07257-26-01","07257-26-01-job"
"23004","2026-03-09","51.99","2026-03-10","Garbage Bags 60 gal 100/cs 38x58 2 mil","IV Cost","2026-03-09","51.99","1","47-0810","07201-26-01","07201-26-01-job"
"23556","2026-03-10","17.28","2026-03-11","12","IV Cost","2026-03-10","1.44","12","48-0250","07261-26-01","07261-26-01-job"
"24692","2026-03-11","44.41","2026-03-12","Hose Twin line 1/4""x50' Ace Grade R","IV Cost","2026-03-11","44.41","1","47-0810","07280-26-01","07280-26-01-job"
"25841","2026-03-12","562.93","2026-03-13","15W40 Oil 55gal Drum","IV Cost","2026-03-12","562.93","1","58-4000","07147-26-01","07147-26-01-job"
"25881","2026-03-12","62.48","2026-03-13","Coverall FR 9oz LG navy w/reflective stripes","IV Cost","2026-03-12","62.48","1","48-0250","07221-26-01","07221-26-01-job"
"27919","2026-03-16","448.08","2026-03-17","Hose 3"" suction MxF cam  25' pvc","IV Cost","2026-03-16","149.36","3","58-4000","07257-26-01","07257-26-01-job"
"28168","2026-03-16","579","2026-03-17","15W40 Oil 55gal Drum","IV Cost","2026-03-16","579","1","58-4000","07196-26-01","07196-26-01-job"
"30324","2026-03-18","79.5","2026-03-19","Soaks Oil (Diapers) Bag 100pcs","IV Cost","2026-03-18","26.5","3","47-0810","07240-26-01","07240-26-01-job"
"30724","2026-03-19","5.44","2026-03-20","Towellette Lens cleaning","IV Cost","2026-03-19","5.44","1","47-0250","07201-26-01","07201-26-01-job"
"31136","2026-03-19","20.46","2026-03-20","WASHER FLUID 1 gal","IV Cost","2026-03-19","3.41","6","58-4000","07227-26-01","07227-26-01-job"
"33075","2026-03-23","51.99","2026-03-24","Garbage Bags 60 gal 100/cs 38x58 2 mil","IV Cost","2026-03-23","51.99","1","47-0810","07288-26-01","07288-26-01-job"
"33300","2026-03-24","1963.77","2026-03-25","Class A API Oilwell Bulk Cement","IV Cost","2026-03-24","237.4","8.272","57-9000","07269-26-01","07269-26-01-job"
"33707","2026-03-24","40.2","2026-03-25","TUBE GREASE Wolfhead red 88301","IV Cost","2026-03-24","4.02","10","58-4000","07227-26-01","07227-26-01-job"
"34448","2026-03-26","39.24","2026-03-27","WD-40 11 oz Spray Can","IV Cost","2026-03-26","9.81","4","47-0810","07266-26-01","07266-26-01-job"
"35769","2026-03-30","79.5","2026-03-31","Oil Soaks (Diapers) Bag 100pcs","IV Cost","2026-03-30","26.5","3","49-0810","07291-26-01","07291-26-01-job"
"36235","2026-03-31","54.81","2026-04-01","Towel scrim blue Roll D-575","IV Cost","2026-03-31","54.81","1","47-0810","07268-26-01","07268-26-01-job"
"37067","2026-04-01","144.84","2026-04-02","Fire Extinguisher 10#","IV Cost","2026-04-01","72.42","2","46-0250","07251-26-01","07251-26-01-job"
"37684","2026-04-02","40.2","2026-04-03","Tube Grease Wolfhead Red 88301","IV Cost","2026-04-02","4.02","10","58-4000","07258-26-01","07258-26-01-job"
"37935","2026-04-02","420","2026-04-03","Rig Mat Spiilfyter M-151 poly backed 57x80","IV Cost","2026-04-02","210","2","58-4000","07267-26-01","07267-26-01-job"
"38455","2026-04-03","45.78","2026-04-04","2"" Hammer Union","IV Cost","2026-04-03","15.26","3","58-4000","07258-26-01","07258-26-01-job"
"39313","2026-04-06","64.4","2026-04-07","Pin Shear PRV 20 Red Pop Off-pins 10/pk","IV Cost","2026-04-06","32.2","2","48-0810","07290-26-01","07290-26-01-job"
"39346","2026-04-06","17","2026-04-07","Rags 10# Bag","IV Cost","2026-04-06","8.5","2","47-0810","07289-26-01","07289-26-01-job"
"39834","2026-04-07","265.2","2026-04-09","Bolt Tension Assy Shaker Screen","IV Cost","2026-04-07","66.3","4","47-4111","07260-26-01","07260-26-01-job"
"40249","2026-04-08","145.6","2026-04-09","Joint Compound Copper 50# PL","IV Cost","2026-04-08","145.6","1","49-0810","07305-26-01","07305-26-01-job"
"41417","2026-04-09","22.92","2026-04-10","Tape Measure 100' Engineers Scale Lufkin FM030DM","IV Cost","2026-04-09","22.92","1","46-0810","07251-26-01","07251-26-01-job"
"43822","2026-04-14","51.99","2026-04-15","Garbage Bags 60 gal 100/cs 38x58 2 mil","IV Cost","2026-04-14","51.99","1","47-0810","07267-26-01","07267-26-01-job"
"43989","2026-04-14","15","2026-04-15","Fire Extinguisher 10#","IV Cost","2026-04-14","15","1","47-0250","07299-26-01","07299-26-01-job"
"44067","2026-04-14","562.93","2026-04-15","Oil 15W40 55Gal Drum","IV Cost","2026-04-14","562.93","1","58-4000","07147-26-01","07147-26-01-job"
"45597","2026-04-16","38.28","2026-04-17","Spray Paint Gloss Black Rustoleum 1679830","IV Cost","2026-04-16","6.38","6","48-0810","07293-26-01","07293-26-01-job"
"46745","2026-04-20","17","2026-04-21","Rags 10# Bag","IV Cost","2026-04-20","8.5","2","47-0810","07314-26-01","07314-26-01-job"
"47154","2026-04-21","12.11","2026-04-22","Glove Corded Lg","IV Cost","2026-04-21","12.11","1","47-0810","07147-26-01","07147-26-01-job"
"5321","2026-02-03","17.28","2026-02-04","SHADED SAFETY GLASSES","IV Cost","2026-02-03","1.44","12","48-0250","07234-26-01","07234-26-01-job"
"5360","2026-02-03","40.92","2026-02-04","WASHER FLUID 1 gal","IV Cost","2026-02-03","3.41","12","48-0250","07241-26-01","07241-26-01-job"
"5389","2026-02-03","20.46","2026-02-05","WASHER FLUID 1 gal","IV Cost","2026-02-03","3.41","6","58-4000","07212-26-01","07212-26-01-job"
"5515","2026-02-03","155.16","2026-02-04","Glove Metacarpal XL","IV Cost","2026-02-03","12.93","12","47-0250","07226-26-01","07226-26-01-job"
"5614","2026-02-03","158","2026-02-04","TUBE GREASE Wolfhead red 88301","IV Cost","2026-02-03","3.95","40","49-0810","07250-26-01","07250-26-01-job"
"5663","2026-02-03","4","2026-02-04","metal 4 yr tags","IV Cost","2026-02-03",".2","20","47-0250","07222-26-01","07222-26-01-job"
"5695","2026-02-03","20.46","2026-02-04","WASHER FLUID 1 gal","IV Cost","2026-02-03","3.41","6","58-4000","07234-26-01","07234-26-01-job"
"5774","2026-02-03","17","2026-02-04","RAGS (BAG) 10LB t-shirt","IV Cost","2026-02-03","8.5","2","47-0810","07201-26-01","07201-26-01-job"
"5825","2026-02-03","19.28","2026-02-04","BREAK CLEANER RED CAN","IV Cost","2026-02-03","4.82","4","47-0810","07211-26-01","07211-26-01-job"
"5915","2026-02-03","465.84","2026-02-04","Glove Metacarpal Lg","IV Cost","2026-02-03","12.94","36","49-0250","07254-26-01","07254-26-01-job"
"6011","2026-02-03","34.56","2026-02-04","CLEAR SAFETY GLASSES","IV Cost","2026-02-03","1.44","24","47-0250","07222-26-01","07222-26-01-job"
"6133","2026-02-03","207.04","2026-02-04","Glove Metacarpal Lg","IV Cost","2026-02-03","12.94","16","47-0250","07213-26-01","07213-26-01-job"
"6532","2026-02-04","30.1","2026-02-05","Eyewash solution 32 oz bottle","IV Cost","2026-02-04","15.05","2","49-0250","07250-26-01","07250-26-01-job"
"6690","2026-02-04","52.86","2026-02-05","Air Brake Antifreeze and Rust Guard M2834","IV Cost","2026-02-04","26.43","2","47-0810","07226-26-01","07226-26-01-job"
"6738","2026-02-04","116.06","2026-02-05","24"" J-JAW","IV Cost","2026-02-04","58.03","2","48-0810","07221-26-01","07221-26-01-job"
"6775","2026-02-04","447.54","2026-02-05","Piston Asm 5 X 1.5 Tulsa 4001063","IV Cost","2026-02-04","149.18","3","58-4000","07236-26-01","07236-26-01-job"
"7190","2026-02-05","1.35","2026-02-06","Flint Replacement Single Striker (5 per PK)","IV Cost","2026-02-05","1.35","1","47-0810","07213-26-01","07213-26-01-job"
"7283","2026-02-05","22.92","2026-02-06","100' tape measure","IV Cost","2026-02-05","22.92","1","48-0810","07234-26-01","07234-26-01-job"
"7420","2026-02-05","17.28","2026-02-06","SHADED SAFETY GLASSES","IV Cost","2026-02-05","1.44","12","48-0250","07221-26-01","07221-26-01-job"
"7535","2026-02-05","10.38","2026-02-06","DUCT TAPE 2"" X 60 YRD","IV Cost","2026-02-05","3.46","3","47-0810","07147-26-01","07147-26-01-job"
"7648","2026-02-05","29.14","2026-02-06","20lb propane cylinder w/gas","IV Cost","2026-02-05","14.57","2","58-4000","07198-26-01","07198-26-01-job"
"7824","2026-02-06","51.99","2026-02-07","Garbage Bags 60 gal 100/cs 38x58 2 mil","IV Cost","2026-02-06","51.99","1","47-0810","07236-26-01","07236-26-01-job"
"7970","2026-02-06","19.89","2026-02-07","Gasket Valve Cover 540/560 5001054","IV Cost","2026-02-06","6.63","3","58-4000","07232-26-01","07232-26-01-job"
"8073","2026-02-06","155.28","2026-02-07","Glove Metacarpal XL","IV Cost","2026-02-06","12.94","12","48-0250","07234-26-01","07234-26-01-job"
"8665","2026-02-06","986.28","2026-02-07","Valve Asm TT560  4001181","IV Cost","2026-02-06","328.76","3","47-4111","07201-26-01","07201-26-01-job"
"8711","2026-02-06","17.28","2026-02-07","SHADED SAFETY GLASSES","IV Cost","2026-02-06","1.44","12","47-0250","07213-26-01","07213-26-01-job"
"9774","2026-02-10","103.52","2026-02-11","Glove Metacarpal Med","IV Cost","2026-02-10","12.94","8","47-0250","07226-26-01","07226-26-01-job"
"9804","2026-02-10","16.46","2026-02-11","3/8"" Sash Cord 100' Roll","IV Cost","2026-02-10","16.46","1","48-0810","07221-26-01","07221-26-01-job"
"9844","2026-02-10","17.28","2026-02-11","CLEAR SAFETY GLASSES","IV Cost","2026-02-10","1.44","12","49-0250","07255-26-01","07255-26-01-job"
"9905","2026-02-10","36.66","2026-02-11","4 LB HAMMER","IV Cost","2026-02-10","18.33","2","47-0810","07226-26-01","07226-26-01-job"
"10524","2026-02-11","40.92","2026-02-12","WASHER FLUID 1 gal","IV Cost","2026-02-11","3.41","12","58-4000","07232-26-01","07232-26-01-job"
"10625","2026-02-11","17.28","2026-02-12","SHADED SAFETY GLASSES","IV Cost","2026-02-11","1.44","12","47-0250","07198-26-01","07198-26-01-job"
"10702","2026-02-11","155.28","2026-02-12","Glove Metacarpal Lg","IV Cost","2026-02-11","12.94","12","47-0250","07240-26-01","07240-26-01-job"
"10809","2026-02-11","19.28","2026-02-12","BREAK CLEANER RED CAN","IV Cost","2026-02-11","4.82","4","47-0810","07201-26-01","07201-26-01-job"
"12621","2026-02-13","24.2","2026-02-14","Brush Rig Scrub","IV Cost","2026-02-13","6.05","4","47-0250","07247-26-01","07247-26-01-job"
"13637","2026-02-16","13.21","2026-02-17","462-1171 oil filter CAT","IV Cost","2026-02-16","13.21","1","48-0810","07234-26-01","07234-26-01-job"
"13671","2026-02-16","17.28","2026-02-17","Drinking water 16.9 oz bottle","IV Cost","2026-02-16","4.32","4","47-0250","07213-26-01","07213-26-01-job"
"14338","2026-02-17","25.56","2026-02-18","Flourscent Red paint stick","IV Cost","2026-02-17","2.13","12","47-0810","07240-26-01","07240-26-01-job"
"14699","2026-02-18","58.58","2026-02-19","Dawn Pro 5 gal","IV Cost","2026-02-18","58.58","1","47-0250","07226-26-01","07226-26-01-job"
"15606","2026-02-20","79.5","2026-02-21","OIL SOAKS (DIAPERS) BAG","IV Cost","2026-02-20","26.5","3","49-0810","07255-26-01","07255-26-01-job"
"16761","2026-02-24","145.6","2026-02-25","ROD GREASE- BOL CU JOINT 50# PL 630050","IV Cost","2026-02-24","145.6","1","58-4000","07147-26-01","07147-26-01-job"
"16789","2026-02-24","17.28","2026-02-25","SHADED SAFETY GLASSES","IV Cost","2026-02-24","1.44","12","49-0250","07272-26-01","07272-26-01-job"
"17284","2026-02-25","25.56","2026-02-26","Flourscent Red paint stick","IV Cost","2026-02-25","2.13","12","48-0810","07221-26-01","07221-26-01-job"
"18624","2026-03-02","46.96","2026-03-03","safety fence orange 4 x 100","IV Cost","2026-03-02","23.48","2","47-0250","07219-26-01","07219-26-01-job"
"18676","2026-03-02","20.46","2026-03-03","WASHER FLUID 1 gal","IV Cost","2026-03-02","3.41","6","47-0250","07201-26-01","07201-26-01-job"
"19491","2026-03-02","353.58","2026-03-03","Valve Butterfly 4"" Water Tank","IV Cost","2026-03-02","117.86","3","58-4000","07214-26-01","07214-26-01-job"
"19554","2026-03-02","51.76","2026-03-03","Glove Metacarpal 2X","IV Cost","2026-03-02","12.94","4","47-0250","07252-26-01","07252-26-01-job"
"20534","2026-03-03","62.52","2026-03-04","Tong Die 1/2""x1-1/4""x5"" BJ/wolley Type C CDI-1602","IV Cost","2026-03-03","5.21","12","47-4111","07230-26-01","07230-26-01-job"
"21209","2026-03-05","14","2026-03-06","2 GAL PUMP SPRAYER 86430170","IV Cost","2026-03-05","14","1","47-0810","07219-26-01","07219-26-01-job"
"22641","2026-03-06","24.22","2026-03-07","FULLY CORDED GLOVE","IV Cost","2026-03-06","12.11","2","46-0250","07207-26-01","07207-26-01-job"
"23005","2026-03-09","22.96","2026-03-10","3' Alum Female Coupler x Hose","IV Cost","2026-03-09","11.48","2","47-0810","07201-26-01","07201-26-01-job"
"23557","2026-03-10","17.28","2026-03-11","CLEAR SAFETY GLASSES","IV Cost","2026-03-10","1.44","12","48-0250","07261-26-01","07261-26-01-job"
"24693","2026-03-11","105.06","2026-03-12","ISO/AW-46 HYD OIL","IV Cost","2026-03-11","52.53","2","47-0810","07280-26-01","07280-26-01-job"
"25842","2026-03-12","30.76","2026-03-13","Eyewash solution 32 oz bottle","IV Cost","2026-03-12","15.38","2","48-0250","07257-26-01","07257-26-01-job"
"25882","2026-03-12","79.19","2026-03-13","Dawn Pro 5 gal","IV Cost","2026-03-12","79.19","1","48-0810","07221-26-01","07221-26-01-job"
"27920","2026-03-16","876.4","2026-03-17","Steel Pipe 16""x312x20 ft P/E","IV Cost","2026-03-16","43.82","20","58-1000","07290-26-01","07290-26-01-job"
"28169","2026-03-16","21.6","2026-03-17","Drinking water 16.9 oz bottle","IV Cost","2026-03-16","4.32","5","47-0250","07280-26-01","07280-26-01-job"
"30325","2026-03-18","36.66","2026-03-19","4 LB HAMMER","IV Cost","2026-03-18","18.33","2","47-0810","07240-26-01","07240-26-01-job"
"31137","2026-03-19","531.4","2026-03-20","Evco Pwr Swivel EPS85 washpipe 25094","IV Cost","2026-03-19","531.4","1","58-4000","07227-26-01","07227-26-01-job"
"33076","2026-03-23","8.5","2026-03-24","Tape Electrical 3/4"" Wide","IV Cost","2026-03-23",".85","10","47-0810","07201-26-01","07201-26-01-job"
"33301","2026-03-24","46.5","2026-03-25","Granulated Sugar 25lb Bag","IV Cost","2026-03-24","23.25","2","57-9000","07269-26-01","07269-26-01-job"
"33708","2026-03-24","26.5","2026-03-25","Soaks Oil (Diapers) Bag 100pcs","IV Cost","2026-03-24","26.5","1","58-4000","07227-26-01","07227-26-01-job"
"34449","2026-03-26","368","2026-03-27","Liner 5"" TT560 Tulsa 4001034","IV Cost","2026-03-26","368","1","58-4000","07266-26-01","07266-26-01-job"
"35770","2026-03-30","25.5","2026-03-31","Rags (bag) 10 Lb","IV Cost","2026-03-30","8.5","3","49-0810","07291-26-01","07291-26-01-job"
"36173","2026-03-30","19.36","2026-03-31","Nipple 2"" x 3"" XH Blk","IV Cost","2026-03-30","4.84","4","58-4000","07290-26-01","07290-26-01-job"
"36236","2026-03-31","4.2","2026-04-01","Striker Torch single","IV Cost","2026-03-31","2.1","2","47-0810","07268-26-01","07268-26-01-job"
"37685","2026-04-02","8.7","2026-04-03","Pressure gauge 600 PSI 2.5"" oil filled 1/4"" M npt","IV Cost","2026-04-02","8.7","1","47-0810","07289-26-01","07289-26-01-job"
"37936","2026-04-02","30.76","2026-04-03","Eyewash solution 32 oz bottle","IV Cost","2026-04-02","15.38","2","47-0250","07267-26-01","07267-26-01-job"
"38456","2026-04-03","29.11","2026-04-04","Hand cleaner Mt Shine","IV Cost","2026-04-03","29.11","1","47-0810","07258-26-01","07258-26-01-job"
"39314","2026-04-06","34.02","2026-04-07","PB Blaster 16-PB-DS 11oz","IV Cost","2026-04-06","5.67","6","48-0810","07290-26-01","07290-26-01-job"
"39347","2026-04-06","8.5","2026-04-07","Tape Electrical 3/4"" Wide","IV Cost","2026-04-06",".85","10","47-0810","07289-26-01","07289-26-01-job"
"39835","2026-04-07","207.84","2026-04-09","Glove Metacarpal Lg","IV Cost","2026-04-07","12.99","16","48-0250","07293-26-01","07293-26-01-job"
"40250","2026-04-08","38.58","2026-04-09","Spray Paint Gray Primer Rustoleum 1680830","IV Cost","2026-04-08","6.43","6","49-0810","07305-26-01","07305-26-01-job"
"41418","2026-04-09","79","2026-04-10","Shovel Round Wood Handle","IV Cost","2026-04-09","19.75","4","51-0810","07244-26-01","07244-26-01-job"
"43823","2026-04-14","27.16","2026-04-15","Camlock 300E Alum Male Adapter x Hose Shank 3""","IV Cost","2026-04-14","6.79","4","47-0810","07267-26-01","07267-26-01-job"
"43990","2026-04-14","34.99","2026-04-15","Bracket for mounting a 10 lb fire ext","IV Cost","2026-04-14","34.99","1","47-0250","07299-26-01","07299-26-01-job"
"44068","2026-04-14","22.58","2026-04-15","Oil/Floor dry 50# bag","IV Cost","2026-04-14","11.29","2","46-0250","07251-26-01","07251-26-01-job"
"45335","2026-04-16","9.2","2026-04-17","Ratchet Strap 1"" x16' Round Hook","IV Cost","2026-04-16","9.2","1","47-0810","07258-26-01","07258-26-01-job"
"45598","2026-04-16","76.56","2026-04-17","Spray Paint Safety Yellow Rustoleum 1644830","IV Cost","2026-04-16","6.38","12","48-0810","07293-26-01","07293-26-01-job"
"46746","2026-04-20","21.6","2026-04-21","Drinking Water 16.9 oz Bottle Case","IV Cost","2026-04-20","4.32","5","47-0250","07314-26-01","07314-26-01-job"
"47155","2026-04-21","21.6","2026-04-22","Drinking Water 16.9 oz Bottle Case","IV Cost","2026-04-21","4.32","5","47-0250","07230-26-01","07230-26-01-job"
"5322","2026-02-03","17.28","2026-02-04","CLEAR SAFETY GLASSES","IV Cost","2026-02-03","1.44","12","48-0250","07234-26-01","07234-26-01-job"
"5361","2026-02-03","19.72","2026-02-04","REPLACEMENT HANDLE 4 LB HAMMER","IV Cost","2026-02-03","4.93","4","48-0810","07241-26-01","07241-26-01-job"
"5390","2026-02-03","77.08","2026-02-05","Squeegee Floor 24"" Curved wood handle","IV Cost","2026-02-03","38.54","2","47-0810","07212-26-01","07212-26-01-job"
"5516","2026-02-03","103.52","2026-02-04","Glove Metacarpal Lg","IV Cost","2026-02-03","12.94","8","47-0250","07226-26-01","07226-26-01-job"
"5615","2026-02-03","34.65","2026-02-04","PB BLASTER","IV Cost","2026-02-03","6.93","5","49-0810","07250-26-01","07250-26-01-job"
"5664","2026-02-03","17","2026-02-04","RAGS (BAG) 10LB t-shirt","IV Cost","2026-02-03","8.5","2","47-0810","07211-26-01","07211-26-01-job"
"5696","2026-02-03","15.05","2026-02-04","Eyewash solution 32 oz bottle","IV Cost","2026-02-03","15.05","1","48-0250","07234-26-01","07234-26-01-job"
"5775","2026-02-03","17.28","2026-02-04","SHADED SAFETY GLASSES","IV Cost","2026-02-03","1.44","12","47-0250","07201-26-01","07201-26-01-job"
"5826","2026-02-03","51.99","2026-02-04","Garbage Bags 60 gal 100/cs 38x58 2 mil","IV Cost","2026-02-03","51.99","1","47-0810","07211-26-01","07211-26-01-job"
"5916","2026-02-03","34.56","2026-02-04","CLEAR SAFETY GLASSES","IV Cost","2026-02-03","1.44","24","49-0250","07254-26-01","07254-26-01-job"
"6012","2026-02-03","149.18","2026-02-04","Piston Asm 5 X 1.5 Tulsa 4001063","IV Cost","2026-02-03","149.18","1","47-4111","07222-26-01","07222-26-01-job"
"6134","2026-02-03","103.46","2026-02-04","Glove Metacarpal XL","IV Cost","2026-02-03","12.9325","8","47-0250","07213-26-01","07213-26-01-job"
"6533","2026-02-04","1.2","2026-02-05","metal 4 yr tags","IV Cost","2026-02-04",".2","6","49-0250","07250-26-01","07250-26-01-job"
"6691","2026-02-04","20.46","2026-02-05","WASHER FLUID 1 gal","IV Cost","2026-02-04","3.41","6","48-0810","07234-26-01","07234-26-01-job"
"6739","2026-02-04","58.28","2026-02-05","20lb propane cylinder w/gas","IV Cost","2026-02-04","14.57","4","58-4000","07212-26-01","07212-26-01-job"
"6783","2026-02-04","383.28","2026-02-05","Insert Slip  Baash Ross DU 4-1/2""x3-1/2"" CDI3404","IV Cost","2026-02-04","15.97","24","58-4000","07236-26-01","07236-26-01-job"
"7191","2026-02-05","229.32","2026-02-06","36"" J-JAW","IV Cost","2026-02-05","114.66","2","47-0810","07213-26-01","07213-26-01-job"
"7284","2026-02-05","54.77","2026-02-06","Towel scrim blue Roll D-575","IV Cost","2026-02-05","54.77","1","48-0810","07234-26-01","07234-26-01-job"
"7421","2026-02-05","5.44","2026-02-06","Towellette Lens cleaning","IV Cost","2026-02-05","5.44","1","48-0250","07221-26-01","07221-26-01-job"
"7536","2026-02-05","17","2026-02-06","RAGS (BAG) 10LB t-shirt","IV Cost","2026-02-05","8.5","2","47-0810","07147-26-01","07147-26-01-job"
"7649","2026-02-05","93.14","2026-02-06","Weed Burner Torch & Hose for Propane","IV Cost","2026-02-05","46.57","2","47-0810","07198-26-01","07198-26-01-job"
"7825","2026-02-06","52.86","2026-02-07","Air Brake Antifreeze and Rust Guard M2834","IV Cost","2026-02-06","26.43","2","47-0810","07236-26-01","07236-26-01-job"
"7971","2026-02-06","21.6","2026-02-07","Drinking water 16.9 oz bottle","IV Cost","2026-02-06","4.32","5","47-0250","07233-26-01","07233-26-01-job"
"8074","2026-02-06","51.76","2026-02-07","Glove Metacarpal Lg","IV Cost","2026-02-06","12.94","4","48-0250","07234-26-01","07234-26-01-job"
"8666","2026-02-06","4.74","2026-02-07","Valve Stud Nuts 1501555 75CN2Z 0124748","IV Cost","2026-02-06",".79","6","47-4111","07201-26-01","07201-26-01-job"
"8712","2026-02-06","94.35","2026-02-07","100' Extension cord 12 gauge w/ground plug","IV Cost","2026-02-06","94.35","1","47-0810","07213-26-01","07213-26-01-job"
"9775","2026-02-10","155.28","2026-02-11","Glove Metacarpal Lg","IV Cost","2026-02-10","12.94","12","47-0250","07226-26-01","07226-26-01-job"
"9805","2026-02-10","10.35","2026-02-11","1/4"" Sash Cord 100' roll","IV Cost","2026-02-10","10.35","1","48-0810","07221-26-01","07221-26-01-job"
"9845","2026-02-10","17.28","2026-02-11","SHADED SAFETY GLASSES","IV Cost","2026-02-10","1.44","12","49-0250","07255-26-01","07255-26-01-job"
"9906","2026-02-10","31.96","2026-02-11","WD-40 11 oz Spray Can","IV Cost","2026-02-10","7.99","4","47-0810","07226-26-01","07226-26-01-job"
"10525","2026-02-11","62.94","2026-02-12","NAPA ANTI FREEZE (1 gal)","IV Cost","2026-02-11","10.49","6","47-0810","07232-26-01","07232-26-01-job"
"10626","2026-02-11","28.32","2026-02-12","PB BLASTER","IV Cost","2026-02-11","7.08","4","47-0810","07198-26-01","07198-26-01-job"
"10657","2026-02-11",".19","2026-02-12","metal 4 yr tags","IV Cost","2026-02-11",".1878","1","47-0250","07213-26-01","07213-26-01-job"
"10703","2026-02-11","30.25","2026-02-12","Brush Rig Scrub","IV Cost","2026-02-11","6.05","5","47-0810","07240-26-01","07240-26-01-job"
"10810","2026-02-11","21.6","2026-02-12","Drinking water 16.9 oz bottle","IV Cost","2026-02-11","4.32","5","47-0250","07201-26-01","07201-26-01-job"
"12622","2026-02-13","6.54","2026-02-14","Deck Brush","IV Cost","2026-02-13","6.54","1","47-0250","07247-26-01","07247-26-01-job"
"13638","2026-02-16","101.24","2026-02-17","252-5001 Primary Air Filter (CAT)","IV Cost","2026-02-16","101.24","1","48-0810","07234-26-01","07234-26-01-job"
"13672","2026-02-16","447.53","2026-02-17","Piston Asm 5 X 1.5 Tulsa 4001063","IV Cost","2026-02-16","149.175","3","47-4111","07201-26-01","07201-26-01-job"
"14339","2026-02-17","42.56","2026-02-18","Fluid film AS11 11.75oz","IV Cost","2026-02-17","10.64","4","47-0810","07240-26-01","07240-26-01-job"
"14700","2026-02-18","68.88","2026-02-19","RV & Marine Antifreeze -75","IV Cost","2026-02-18","5.74","12","58-4000","07226-26-01","07226-26-01-job"
"15607","2026-02-20","8.38","2026-02-21","DUCT TAPE 2"" X 60 YRD","IV Cost","2026-02-20","4.1883333333","2","49-0810","07255-26-01","07255-26-01-job"
"16762","2026-02-24","6","2026-02-25","Striker Torch single","IV Cost","2026-02-24","2","3","47-0810","07147-26-01","07147-26-01-job"
"16790","2026-02-24","13.86","2026-02-25","ROD GREASE BRUSHES","IV Cost","2026-02-24","6.93","2","49-0810","07272-26-01","07272-26-01-job"
"17285","2026-02-25","157.56","2026-02-26","ISO/AW-46 HYD OIL","IV Cost","2026-02-25","39.39","4","48-0810","07221-26-01","07221-26-01-job"
"18625","2026-03-02","12.76","2026-03-03","GROUND CLAMP 1/2 G4  2-10","IV Cost","2026-03-02","3.19","4","47-0250","07219-26-01","07219-26-01-job"
"18677","2026-03-02","34.56","2026-03-03","CLEAR SAFETY GLASSES","IV Cost","2026-03-02","1.44","24","47-0250","07252-26-01","07252-26-01-job"
"19492","2026-03-02","12.51","2026-03-03","WHITE HARD HATS","IV Cost","2026-03-02","12.51","1","47-0250","07214-26-01","07214-26-01-job"
"19555","2026-03-02","30.76","2026-03-03","Eyewash solution 32 oz bottle","IV Cost","2026-03-02","15.38","2","47-0250","07252-26-01","07252-26-01-job"
"20535","2026-03-03","288","2026-03-04","Wire Rope 9/16""  6x25","IV Cost","2026-03-03","2.88","100","47-4111","07230-26-01","07230-26-01-job"
"21210","2026-03-05","54.81","2026-03-06","Towel scrim blue Roll D-575","IV Cost","2026-03-05","54.81","1","47-0810","07219-26-01","07219-26-01-job"
"22642","2026-03-06","158","2026-03-07","5/8 Winch Line 6x26","IV Cost","2026-03-06","3.16","50","58-4000","07267-26-01","07267-26-01-job"
"23006","2026-03-09","798","2026-03-10","80W90 Gear Oil 55gal","IV Cost","2026-03-09","798","1","47-4111","07201-26-01","07201-26-01-job"
"23517","2026-03-10","54.81","2026-03-11","Towel scrim blue Roll D-575","IV Cost","2026-03-10","54.81","1","47-0810","07266-26-01","07266-26-01-job"
"23558","2026-03-10","207.84","2026-03-11","Glove Metacarpal Lg","IV Cost","2026-03-10","12.99","16","48-0250","07261-26-01","07261-26-01-job"
"24694","2026-03-11","436.8","2026-03-12","ROD GREASE- BOL CU JOINT 50# PL 630050","IV Cost","2026-03-11","145.6","3","47-4111","07280-26-01","07280-26-01-job"
"25843","2026-03-12","229.32","2026-03-13","36"" HOOK JAW RIDGID 31720","IV Cost","2026-03-12","114.66","2","58-4000","07257-26-01","07257-26-01-job"
"25883","2026-03-12","34.02","2026-03-13","PB BLASTER","IV Cost","2026-03-12","5.67","6","48-0810","07221-26-01","07221-26-01-job"
"27921","2026-03-16","17","2026-03-17","RAGS (BAG) 10LB t-shirt","IV Cost","2026-03-16","8.5","2","47-0810","07267-26-01","07267-26-01-job"
"28170","2026-03-16","49","2026-03-17","3"" Alum Female Coupler x Female","IV Cost","2026-03-16","12.25","4","47-0810","07280-26-01","07280-26-01-job"
"30326","2026-03-18","19","2026-03-19","Rope manila 3/4""x600'","IV Cost","2026-03-18",".38","50","47-0810","07240-26-01","07240-26-01-job"
"31138","2026-03-19","150.24","2026-03-20","Evco Pwr Swivel EPS85 Packing set 25327","IV Cost","2026-03-19","150.24","1","58-4000","07227-26-01","07227-26-01-job"
"33077","2026-03-23","17.28","2026-03-24","CLEAR SAFETY GLASSES","IV Cost","2026-03-23","1.44","12","47-0250","07201-26-01","07201-26-01-job"
"33709","2026-03-24","209.78","2026-03-25","Pit Liner 6 Mil 40'x100'","IV Cost","2026-03-24","209.78","1","48-0810","07227-26-01","07227-26-01-job"
"34450","2026-03-26","149.18","2026-03-27","Piston Asm 5 X 1.5 Tulsa 4001063","IV Cost","2026-03-26","149.175","1","58-4000","07266-26-01","07266-26-01-job"
"35771","2026-03-30","30.25","2026-03-31","Brush Rig Scrub","IV Cost","2026-03-30","6.05","5","49-0810","07291-26-01","07291-26-01-job"
"36174","2026-03-30","5.81","2026-03-31","Nipple 2"" x 4"" XH Blk","IV Cost","2026-03-30","5.81","1","58-4000","07290-26-01","07290-26-01-job"
"36237","2026-03-31","2.7","2026-04-01","Flint Replacement Single Striker (5 per PK)","IV Cost","2026-03-31","1.35","2","47-0810","07268-26-01","07268-26-01-job"
"37686","2026-04-02","15.7","2026-04-03","2 XH BLK MI 90 ELL","IV Cost","2026-04-02","15.7","1","47-0810","07289-26-01","07289-26-01-job"
"37937","2026-04-02","76.56","2026-04-03","Spray Paint Safety Yellow Rustoleum 1644830","IV Cost","2026-04-02","6.38","12","47-0810","07267-26-01","07267-26-01-job"
"38457","2026-04-03","17.43","2026-04-04","Pipe dope 4oz","IV Cost","2026-04-03","8.715","2","47-0810","07258-26-01","07258-26-01-job"
"39315","2026-04-06","8.5","2026-04-07","Rags 10# Bag","IV Cost","2026-04-06","8.5","1","46-0810","07207-26-01","07207-26-01-job"
"39348","2026-04-06","17.28","2026-04-07","Safety Glasses Shaded","IV Cost","2026-04-06","1.44","12","47-0250","07289-26-01","07289-26-01-job"
"39836","2026-04-07","51.96","2026-04-09","Glove Metacarpal XL","IV Cost","2026-04-07","12.99","4","48-0250","07293-26-01","07293-26-01-job"
"40251","2026-04-08","38.28","2026-04-09","Spray Paint Gloss Black Rustoleum 1679830","IV Cost","2026-04-08","6.38","6","49-0810","07305-26-01","07305-26-01-job"
"43824","2026-04-14","57.4","2026-04-15","Camlock 300C Alum Female Coupler x Hose 3""","IV Cost","2026-04-14","11.48","5","47-0810","07267-26-01","07267-26-01-job"
"43991","2026-04-14","368","2026-04-15","Liner 5"" TT560 Tulsa 4001034","IV Cost","2026-04-14","368","1","58-4000","07299-26-01","07299-26-01-job"
"44069","2026-04-14","210","2026-04-15","Rig Mat Spiilfyter M-151 Poly Backed 57x80","IV Cost","2026-04-14","210","1","46-0250","07251-26-01","07251-26-01-job"
"45336","2026-04-16","158.41","2026-04-17","Insert Slip Cavins Type C 3-1/2 x 3-1/2 Direc teet","IV Cost","2026-04-16","158.41","1","58-4000","07258-26-01","07258-26-01-job"
"45599","2026-04-16","34.14","2026-04-17","Chain & Cable Lube (WRL) Aerosol Spray","IV Cost","2026-04-16","5.69","6","48-0810","07293-26-01","07293-26-01-job"
"45902","2026-04-17","45.96","2026-04-18","Cleaning Solvent Citra Blast 5 gal pail","IV Cost","2026-04-17","45.96","1","47-0810","07235-26-01","07235-26-01-job"
"46747","2026-04-20","39.96","2026-04-21","Fluid film AS11 11.75oz","IV Cost","2026-04-20","9.99","4","47-0810","07314-26-01","07314-26-01-job"
"47156","2026-04-21","8.5","2026-04-22","Rags 10# Bag","IV Cost","2026-04-21","8.5","1","47-0810","07230-26-01","07230-26-01-job"
"5323","2026-02-03","11.13","2026-02-04","2 X CLOSE XH BLK NIPPLE","IV Cost","2026-02-03","3.71","3","48-0810","07234-26-01","07234-26-01-job"
"5362","2026-02-03","74","2026-02-04","Pin  1"" Turnbuckle Crosby 1097761","IV Cost","2026-02-03","18.5","4","48-0810","07241-26-01","07241-26-01-job"
"5391","2026-02-03","17.28","2026-02-05","CLEAR SAFETY GLASSES","IV Cost","2026-02-03","1.44","12","48-0250","07216-26-01","07216-26-01-job"
"5517","2026-02-03","103.52","2026-02-04","Glove Metacarpal Med","IV Cost","2026-02-03","12.94","8","47-0250","07226-26-01","07226-26-01-job"
"5616","2026-02-03","7.74","2026-02-04","Starter Fluid","IV Cost","2026-02-03","3.87","2","49-0810","07250-26-01","07250-26-01-job"
"5665","2026-02-03","88.57","2026-02-04","20 LBS Fire Ext","IV Cost","2026-02-03","88.57","1","47-0250","07211-26-01","07211-26-01-job"
"5697","2026-02-03","22.78","2026-02-04","Silver Anti Sieze 1 lb Brush in Cap 76764","IV Cost","2026-02-03","22.78","1","48-0820","07234-26-01","07234-26-01-job"
"5776","2026-02-03","17.28","2026-02-04","CLEAR SAFETY GLASSES","IV Cost","2026-02-03","1.44","12","47-0250","07201-26-01","07201-26-01-job"
"5827","2026-02-03","17.28","2026-02-04","Drinking water 16.9 oz bottle","IV Cost","2026-02-03","4.32","4","47-0250","07211-26-01","07211-26-01-job"
"5917","2026-02-03","34.56","2026-02-04","SHADED SAFETY GLASSES","IV Cost","2026-02-03","1.44","24","49-0250","07254-26-01","07254-26-01-job"
"6013","2026-02-03","368","2026-02-04","Liner 5"" TT560 Tulsa 4001034","IV Cost","2026-02-03","368","1","47-4111","07222-26-01","07222-26-01-job"
"6135","2026-02-03","38.8","2026-02-04","PH Strips 100/pk","IV Cost","2026-02-03","19.4","2","47-0810","07213-26-01","07213-26-01-job"
"6534","2026-02-04","105.06","2026-02-05","AW32 Hyd oil 5gal pail","IV Cost","2026-02-04","52.53","2","49-0810","07250-26-01","07250-26-01-job"
"6692","2026-02-04","167.1","2026-02-05","2000 PSI 2"" balon Gauge","IV Cost","2026-02-04","167.1","1","48-0810","07234-26-01","07234-26-01-job"
"6740","2026-02-04","25.88","2026-02-05","Glove Metacarpal XL","IV Cost","2026-02-04","12.94","2","47-0250","07212-26-01","07212-26-01-job"
"6784","2026-02-04","105","2026-02-05","Screen Shaker 4x5 12 Mesh","IV Cost","2026-02-04","105","1","58-4000","07236-26-01","07236-26-01-job"
"7192","2026-02-05","96.14","2026-02-06","36"" HEEL JAW & PIN","IV Cost","2026-02-05","48.07","2","47-0810","07213-26-01","07213-26-01-job"
"7285","2026-02-05","105","2026-02-06","Screen Shaker 4x5 14 Mesh","IV Cost","2026-02-05","105","1","58-4000","07234-26-01","07234-26-01-job"
"7422","2026-02-05","76.5","2026-02-06","2"" x 20' Nylon Sling 2 ply","IV Cost","2026-02-05","38.25","2","48-0810","07221-26-01","07221-26-01-job"
"7537","2026-02-05","20.7","2026-02-06","1/4"" Sash Cord 100' roll","IV Cost","2026-02-05","10.35","2","58-4000","07147-26-01","07147-26-01-job"
"7650","2026-02-05","21.46","2026-02-06","Oil/Floor dry","IV Cost","2026-02-05","10.73","2","47-0250","07212-26-01","07212-26-01-job"
"7826","2026-02-06","20.79","2026-02-07","PB BLASTER","IV Cost","2026-02-06","6.93","3","47-0810","07236-26-01","07236-26-01-job"
"7972","2026-02-06","40.92","2026-02-07","WASHER FLUID 1 gal","IV Cost","2026-02-06","3.41","12","47-0810","07233-26-01","07233-26-01-job"
"8075","2026-02-06","83.16","2026-02-07","PB BLASTER","IV Cost","2026-02-06","6.93","12","58-4000","07234-26-01","07234-26-01-job"
"8667","2026-02-06","156","2026-02-07","Valve Cover Stud 1501562","IV Cost","2026-02-06","26","6","47-4111","07201-26-01","07201-26-01-job"
"8713","2026-02-06","52.25","2026-02-07","50' Extension cord 12 gauge w/ground plug","IV Cost","2026-02-06","52.25","1","47-0810","07213-26-01","07213-26-01-job"
"9776","2026-02-10","207.04","2026-02-11","Glove Metacarpal XL","IV Cost","2026-02-10","12.94","16","47-0250","07226-26-01","07226-26-01-job"
"9806","2026-02-10","13.48","2026-02-11","25 ft tape measure","IV Cost","2026-02-10","13.48","1","48-0810","07221-26-01","07221-26-01-job"
"9846","2026-02-10","9.86","2026-02-11","REPLACEMENT HANDLE 4 LB HAMMER","IV Cost","2026-02-10","4.93","2","49-0810","07255-26-01","07255-26-01-job"
"9907","2026-02-10","28.32","2026-02-11","PB BLASTER","IV Cost","2026-02-10","7.08","4","47-0810","07226-26-01","07226-26-01-job"
"10526","2026-02-11","13.5","2026-02-12","20lb propane cylinder w/gas","IV Cost","2026-02-11","13.5","1","58-4000","07226-26-01","07226-26-01-job"
"10627","2026-02-11","31.96","2026-02-12","WD-40 11 oz Spray Can","IV Cost","2026-02-11","7.99","4","47-0810","07198-26-01","07198-26-01-job"
"10658","2026-02-11","12.96","2026-02-12","Punch Lok Clamp 1 3/4 ""","IV Cost","2026-02-11","1.08","12","47-0810","07213-26-01","07213-26-01-job"
"10704","2026-02-11","531.4","2026-02-12","Evco Pwr Swivel EPS85 washpipe 25094","IV Cost","2026-02-11","531.4","1","47-4111","07240-26-01","07240-26-01-job"
"10811","2026-02-11","147.9","2026-02-12","Packing 560-680 Pony Rod 5001085","IV Cost","2026-02-11","24.65","6","47-0810","07201-26-01","07201-26-01-job"
"12623","2026-02-13","4.23","2026-02-14","Deck brush Handles","IV Cost","2026-02-13","4.23","1","47-0250","07247-26-01","07247-26-01-job"
"13639","2026-02-16","69.69","2026-02-17","252-5002 Secondary Air Filter (CAT)","IV Cost","2026-02-16","69.69","1","48-0810","07234-26-01","07234-26-01-job"
"13673","2026-02-16","1972.57","2026-02-17","Valve Asm TT560  4001181","IV Cost","2026-02-16","328.762","6","47-4111","07201-26-01","07201-26-01-job"
"14340","2026-02-17","32.79","2026-02-18","Handle for 8LB Sledge Hammer","IV Cost","2026-02-17","10.93","3","47-0810","07240-26-01","07240-26-01-job"
"14701","2026-02-18","22.78","2026-02-19","Silver Anti Sieze 1 lb Brush in Cap 76764","IV Cost","2026-02-18","22.78","1","47-0810","07226-26-01","07226-26-01-job"
"15608","2026-02-20","8.5","2026-02-21","Tape Electrical 3/4"" Wide","IV Cost","2026-02-20",".85","10","49-0810","07255-26-01","07255-26-01-job"
"16763","2026-02-24","78","2026-02-25","Handle-Flex  J-3766-F-NE Varco Rear","IV Cost","2026-02-24","78","1","47-0810","07147-26-01","07147-26-01-job"
"16791","2026-02-24","10.35","2026-02-25","1/4"" Sash Cord 100' roll","IV Cost","2026-02-24","10.35","1","58-4000","07272-26-01","07272-26-01-job"
"17286","2026-02-25","29","2026-02-26","Long handle flat shovel","IV Cost","2026-02-25","14.5","2","48-0810","07257-26-01","07257-26-01-job"
"18626","2026-03-02","8.5","2026-03-03","Tape Electrical 3/4"" Wide","IV Cost","2026-03-02",".85","10","47-0810","07219-26-01","07219-26-01-job"
"18678","2026-03-02","34.56","2026-03-03","SHADED SAFETY GLASSES","IV Cost","2026-03-02","1.44","24","47-0250","07252-26-01","07252-26-01-job"
"19493","2026-03-02","8.5","2026-03-03","Tape Electrical 3/4"" Wide","IV Cost","2026-03-02",".85","10","47-0810","07214-26-01","07214-26-01-job"
"19556","2026-03-02","23.02","2026-03-03","eyesline 16ox","IV Cost","2026-03-02","11.51","2","47-0250","07252-26-01","07252-26-01-job"
"21211","2026-03-05","17.28","2026-03-06","SHADED SAFETY GLASSES","IV Cost","2026-03-05","1.44","12","47-0250","07219-26-01","07219-26-01-job"
"22643","2026-03-06","106","2026-03-07","OIL SOAKS (DIAPERS) BAG","IV Cost","2026-03-06","26.5","4","58-4000","07267-26-01","07267-26-01-job"
"23007","2026-03-09","22.92","2026-03-10","100' tape measure","IV Cost","2026-03-09","22.92","1","47-4111","07201-26-01","07201-26-01-job"
"23518","2026-03-10","8.5","2026-03-11","RAGS (BAG) 10LB t-shirt","IV Cost","2026-03-10","8.5","1","47-0810","07266-26-01","07266-26-01-job"
"23559","2026-03-10","51.96","2026-03-11","Glove Metacarpal XL","IV Cost","2026-03-10","12.99","4","48-0250","07261-26-01","07261-26-01-job"
"24695","2026-03-11","106","2026-03-12","OIL SOAKS (DIAPERS) BAG","IV Cost","2026-03-11","26.5","4","47-0810","07280-26-01","07280-26-01-job"
"25844","2026-03-12","96.14","2026-03-13","36"" HEEL JAW & PIN RIDGID 31725","IV Cost","2026-03-12","48.07","2","58-4000","07257-26-01","07257-26-01-job"
"25884","2026-03-12","28.92","2026-03-13","BREAK CLEANER RED CAN","IV Cost","2026-03-12","4.82","6","48-0810","07221-26-01","07221-26-01-job"
"27922","2026-03-16","490.49","2026-03-17","Rig Mat Spiilfyter M-151 poly backed 57x80","IV Cost","2026-03-16","245.245","2","58-4000","07267-26-01","07267-26-01-job"
"28171","2026-03-16","29.76","2026-03-17","BREAK CLEANER RED CAN","IV Cost","2026-03-16","4.96","6","47-0810","07280-26-01","07280-26-01-job"
"30327","2026-03-18","437.16","2026-03-19","36"" PIPE WRENCH RIDGID 31035","IV Cost","2026-03-18","218.58","2","47-0810","07240-26-01","07240-26-01-job"
"30727","2026-03-19","17.28","2026-03-20","CLEAR SAFETY GLASSES","IV Cost","2026-03-19","1.44","12","47-0250","07201-26-01","07201-26-01-job"
"31139","2026-03-19","5.25","2026-03-20","Evco Pwr Swivel EPS85 O-Ring 2568-010","IV Cost","2026-03-19","5.25","1","58-4000","07227-26-01","07227-26-01-job"
"31405","2026-03-20","876.4","2026-03-21","Steel Pipe 16""x312x20 ft P/E","IV Cost","2026-03-20","43.82","20","58-1000","07295-26-01","07295-26-01-job"
"33078","2026-03-23","8.64","2026-03-24","Drinking water 16.9 oz bottle","IV Cost","2026-03-23","4.32","2","47-0250","07201-26-01","07201-26-01-job"
"33710","2026-03-24","19.84","2026-03-25","BREAK CLEANER RED CAN","IV Cost","2026-03-24","4.96","4","58-4000","07227-26-01","07227-26-01-job"
"34451","2026-03-26","25.58","2026-03-27","Flourscent Red paint stick","IV Cost","2026-03-26","2.132","12","47-0810","07266-26-01","07266-26-01-job"
"35772","2026-03-30","248.4","2026-03-31","15W-40 MOTOR OIL GL","IV Cost","2026-03-30","16.56","15","49-0810","07291-26-01","07291-26-01-job"
"36175","2026-03-30","30.52","2026-03-31","2"" Hammer Union","IV Cost","2026-03-30","15.26","2","58-4000","07290-26-01","07290-26-01-job"
"36238","2026-03-31","380.13","2026-04-01","Hydraulic oil anti-wear ISO 46 Drum","IV Cost","2026-03-31","380.13","1","58-4000","07268-26-01","07268-26-01-job"
"37687","2026-04-02","2.22","2026-04-03","Bushing 1 X 1/4 FS Hex","IV Cost","2026-04-02","2.22","1","47-0810","07289-26-01","07289-26-01-job"
"37938","2026-04-02","76.56","2026-04-03","Rustoleum Safety Blue Spray 1624830","IV Cost","2026-04-02","6.38","12","47-0810","07267-26-01","07267-26-01-job"
"38458","2026-04-03","60.5","2026-04-04","Fire Extinguisher 20#","IV Cost","2026-04-03","30.25","2","47-0250","07258-26-01","07258-26-01-job"
"39316","2026-04-06","149.18","2026-04-07","Piston Asm 5 X 1.5 Tulsa 4001063","IV Cost","2026-04-06","149.175","1","58-4000","07207-26-01","07207-26-01-job"
"39349","2026-04-06","17.28","2026-04-07","Safety Glasses Clear","IV Cost","2026-04-06","1.44","12","47-0250","07289-26-01","07289-26-01-job"
"39837","2026-04-07","210.12","2026-04-09","Oil Hyd ISO/AW-46","IV Cost","2026-04-07","52.53","4","48-0810","07293-26-01","07293-26-01-job"
"40252","2026-04-08","21.86","2026-04-09","Handle Wooden 8# Sledgehammer","IV Cost","2026-04-08","10.93","2","49-0810","07305-26-01","07305-26-01-job"
"43825","2026-04-14","311.76","2026-04-15","Glove Metacarpal Lg","IV Cost","2026-04-14","12.99","24","47-0250","07267-26-01","07267-26-01-job"
"43992","2026-04-14","447.54","2026-04-15","Piston Asm 5 X 1.5 Tulsa 4001063","IV Cost","2026-04-14","149.18","3","58-4000","07299-26-01","07299-26-01-job"
"45337","2026-04-16","876.4","2026-04-17","Steel Pipe 16""x312x20 ft P/E","IV Cost","2026-04-16","43.82","20","58-1000","07310-26-01","07310-26-01-job"
"45600","2026-04-16","28.35","2026-04-17","PB Blaster 16-PB-DS 11oz","IV Cost","2026-04-16","5.67","5","48-0810","07293-26-01","07293-26-01-job"
"45903","2026-04-17","106","2026-04-18","Oil Soaks (Diapers) Bag 100pcs","IV Cost","2026-04-17","26.5","4","47-0810","07235-26-01","07235-26-01-job"
"46748","2026-04-20","125","2026-04-21","Cutting Wheel 4-1/2 x .45"" x 7/8""","IV Cost","2026-04-20","2.5","50","47-0810","07314-26-01","07314-26-01-job"
"47157","2026-04-21","17.28","2026-04-22","Safety Glasses Shaded","IV Cost","2026-04-21","1.44","12","47-0250","07230-26-01","07230-26-01-job"
"5324","2026-02-03","14.52","2026-02-04","2 X 3 XH BLK NIPPLE","IV Cost","2026-02-03","4.84","3","48-0810","07234-26-01","07234-26-01-job"
"5363","2026-02-03","119","2026-02-04","Cutting Wheel 4.5""x.045""x7/8"" t27 A60S Sait 22021","IV Cost","2026-02-03","2.38","50","48-0810","07241-26-01","07241-26-01-job"
"5392","2026-02-03","17.28","2026-02-05","SHADED SAFETY GLASSES","IV Cost","2026-02-03","1.44","12","48-0250","07216-26-01","07216-26-01-job"
"5518","2026-02-03","157.56","2026-02-04","ISO/AW-46 HYD OIL","IV Cost","2026-02-03","39.39","4","58-4000","07226-26-01","07226-26-01-job"
"5617","2026-02-03","52.25","2026-02-04","50' Extension cord 12 gauge w/ground plug","IV Cost","2026-02-03","52.25","1","49-0810","07250-26-01","07250-26-01-job"
"5666","2026-02-03","48.79","2026-02-04","10 LB FIRE EXT","IV Cost","2026-02-03","48.79","1","47-0250","07211-26-01","07211-26-01-job"
"5698","2026-02-03","8.64","2026-02-04","Drinking water 16.9 oz bottle","IV Cost","2026-02-03","4.32","2","48-0250","07234-26-01","07234-26-01-job"
"5777","2026-02-03","19.76","2026-02-04","Rope manila 3/4""x600'","IV Cost","2026-02-03",".38","52","47-0810","07201-26-01","07201-26-01-job"
"5918","2026-02-03","93.51","2026-02-04","Glove Metacarpal LG orange rubber","IV Cost","2026-02-03","93.51","1","49-0250","07254-26-01","07254-26-01-job"
"6014","2026-02-03","45.78","2026-02-04","2"" Hammer Union","IV Cost","2026-02-03","15.26","3","58-4000","07147-26-01","07147-26-01-job"
"6136","2026-02-03","40.92","2026-02-04","WASHER FLUID 1 gal","IV Cost","2026-02-03","3.41","12","58-4000","07213-26-01","07213-26-01-job"
"6535","2026-02-04","17","2026-02-05","RAGS (BAG) 10LB t-shirt","IV Cost","2026-02-04","8.5","2","49-0810","07250-26-01","07250-26-01-job"
"6693","2026-02-04","39.5","2026-02-05","TUBE GREASE Wolfhead red 88301","IV Cost","2026-02-04","3.95","10","48-0810","07234-26-01","07234-26-01-job"
"6741","2026-02-04","20.46","2026-02-05","WASHER FLUID 1 gal","IV Cost","2026-02-04","3.41","6","58-4000","07212-26-01","07212-26-01-job"
"6785","2026-02-04","145.6","2026-02-05","ROD GREASE- BOL CU JOINT 50# PL 630050","IV Cost","2026-02-04","145.6","1","58-4000","07236-26-01","07236-26-01-job"
"7193","2026-02-05","876.4","2026-02-06","Steel Pipe 16""x312x20 ft P/E","IV Cost","2026-02-05","43.82","20","58-1000","07261-26-01","07261-26-01-job"
"7286","2026-02-05","58.58","2026-02-06","Dawn Pro 5 gal","IV Cost","2026-02-05","58.58","1","48-0810","07234-26-01","07234-26-01-job"
"7423","2026-02-05","44.95","2026-02-06","Rock salt 50# bag","IV Cost","2026-02-05","8.99","5","47-0250","07147-26-01","07147-26-01-job"
"7538","2026-02-05","52.86","2026-02-06","Air Brake Antifreeze and Rust Guard M2834","IV Cost","2026-02-05","26.43","2","47-0810","07147-26-01","07147-26-01-job"
"7651","2026-02-05","98.9","2026-02-06","Rock salt 50# bag","IV Cost","2026-02-05","9.89","10","47-0250","07212-26-01","07212-26-01-job"
"7827","2026-02-06","27.18","2026-02-07","Diesel Conditioner 9600","IV Cost","2026-02-06","9.06","3","47-0810","07236-26-01","07236-26-01-job"
"7973","2026-02-06","8.5","2026-02-07","RAGS (BAG) 10LB t-shirt","IV Cost","2026-02-06","8.5","1","47-0810","07233-26-01","07233-26-01-job"
"8076","2026-02-06","19.8","2026-02-07","Thimble HD 5/8""","IV Cost","2026-02-06","4.95","4","48-0810","07234-26-01","07234-26-01-job"
"8668","2026-02-06","54.81","2026-02-07","Towel scrim blue Roll D-575","IV Cost","2026-02-06","54.81","1","47-0810","07201-26-01","07201-26-01-job"
"8714","2026-02-06","25.15","2026-02-07","ground fault 3 way","IV Cost","2026-02-06","25.15","1","47-0810","07213-26-01","07213-26-01-job"
"9777","2026-02-10","53","2026-02-11","OIL SOAKS (DIAPERS) BAG","IV Cost","2026-02-10","26.5","2","47-0810","07201-26-01","07201-26-01-job"
"9807","2026-02-10","736","2026-02-11","Liner 5"" TT560 Tulsa 4001034","IV Cost","2026-02-10","368","2","48-4111","07221-26-01","07221-26-01-job"
"9847","2026-02-10","78.78","2026-02-11","ISO/AW-46 HYD OIL","IV Cost","2026-02-10","39.39","2","49-0810","07255-26-01","07255-26-01-job"
"9908","2026-02-10","5115","2026-02-11","3.5"" 13..30# Rng 2 3.5"" IF 4-11/16""-4-7/8"" OD","IV Cost","2026-02-10","16.5","310","58-4000","07226-26-01","07226-26-01-job"
"10527","2026-02-11","68.04","2026-02-12","Whip Check 36""","IV Cost","2026-02-11","11.34","6","48-0810","07234-26-01","07234-26-01-job"
"10628","2026-02-11","53","2026-02-12","OIL SOAKS (DIAPERS) BAG","IV Cost","2026-02-11","26.5","2","47-0810","07198-26-01","07198-26-01-job"
"10659","2026-02-11","8.5","2026-02-12","Tape Electrical 3/4"" Wide","IV Cost","2026-02-11",".85","10","47-0810","07213-26-01","07213-26-01-job"
"10705","2026-02-11","150.24","2026-02-12","Evco Pwr Swivel EPS85 Packing set 25327","IV Cost","2026-02-11","150.24","1","47-4111","07240-26-01","07240-26-01-job"
"10812","2026-02-11","17.28","2026-02-12","CLEAR SAFETY GLASSES","IV Cost","2026-02-11","1.44","12","47-0250","07201-26-01","07201-26-01-job"
"13640","2026-02-16","8.5","2026-02-17","RAGS (BAG) 10LB t-shirt","IV Cost","2026-02-16","8.5","1","48-0810","07234-26-01","07234-26-01-job"
"13674","2026-02-16","24.2","2026-02-17","Brush Rig Scrub","IV Cost","2026-02-16","6.05","4","47-0810","07201-26-01","07201-26-01-job"
"14341","2026-02-17","14.79","2026-02-18","REPLACEMENT HANDLE 4 LB HAMMER","IV Cost","2026-02-17","4.93","3","47-0810","07240-26-01","07240-26-01-job"
"14702","2026-02-18","12.15","2026-02-19","3"" Alum Male Adapter x Female NPT","IV Cost","2026-02-18","4.05","3","47-0810","07226-26-01","07226-26-01-job"
"15609","2026-02-20","47.94","2026-02-21","WD-40 11 oz Spray Can","IV Cost","2026-02-20","7.99","6","49-0810","07255-26-01","07255-26-01-job"
"16764","2026-02-24","75.4","2026-02-25","Handle-Flex Safety Baash Ross DU Rear J-7613-5195F","IV Cost","2026-02-24","75.4","1","47-0810","07147-26-01","07147-26-01-job"
"16792","2026-02-24","95.88","2026-02-25","WD-40 11 oz Spray Can","IV Cost","2026-02-24","7.99","12","58-4000","07272-26-01","07272-26-01-job"
"17287","2026-02-25","4","2026-02-26","Striker Torch single","IV Cost","2026-02-25","2","2","48-0810","07257-26-01","07257-26-01-job"
"18627","2026-03-02","105","2026-03-03","Screen Shaker 4x5 14 Mesh","IV Cost","2026-03-02","105","1","58-4000","07247-26-01","07247-26-01-job"
"18679","2026-03-02","198.51","2026-03-03","Regulator Oxygen Victor CSR450D","IV Cost","2026-03-02","198.51","1","47-0810","07252-26-01","07252-26-01-job"
"19494","2026-03-02","16.75","2026-03-03","DUCT TAPE 2"" X 60 YRD","IV Cost","2026-03-02","4.1883333333","4","47-0810","07214-26-01","07214-26-01-job"
"19557","2026-03-02","47","2026-03-03","Lanyard Rope 15' w/locking snaps 410-15","IV Cost","2026-03-02","47","1","47-0250","07252-26-01","07252-26-01-job"
"21212","2026-03-05","20.7","2026-03-06","1/4"" Sash Cord 100' roll","IV Cost","2026-03-05","10.35","2","47-0810","07219-26-01","07219-26-01-job"
"22644","2026-03-06","6.06","2026-03-07","3/8 X 2 XH BLK NIPPLE","IV Cost","2026-03-06","3.03","2","47-0810","07267-26-01","07267-26-01-job"
"23008","2026-03-09","79.5","2026-03-10","OIL SOAKS (DIAPERS) BAG","IV Cost","2026-03-09","26.5","3","49-0810","07271-26-01","07271-26-01-job"
"23519","2026-03-10","24.2","2026-03-11","Brush Rig Scrub","IV Cost","2026-03-10","6.05","4","47-0810","07266-26-01","07266-26-01-job"
"23560","2026-03-10","45.96","2026-03-11","citrus blast cleaning solvent 5 gal pail","IV Cost","2026-03-10","45.96","1","48-0810","07261-26-01","07261-26-01-job"
"24696","2026-03-11","17","2026-03-12","RAGS (BAG) 10LB t-shirt","IV Cost","2026-03-11","8.5","2","47-0810","07280-26-01","07280-26-01-job"
"25845","2026-03-12","52.86","2026-03-13","Air Brake Antifreeze and Rust Guard M2834","IV Cost","2026-03-12","26.43","2","58-4000","07257-26-01","07257-26-01-job"
"25885","2026-03-12","17.28","2026-03-13","SHADED SAFETY GLASSES","IV Cost","2026-03-12","1.44","12","48-0250","07221-26-01","07221-26-01-job"
"27923","2026-03-16","20.7","2026-03-17","1/4"" Sash Cord 100' roll","IV Cost","2026-03-16","10.35","2","47-0810","07267-26-01","07267-26-01-job"
"28172","2026-03-16","20.46","2026-03-17","WASHER FLUID 1 gal","IV Cost","2026-03-16","3.41","6","47-4111","07280-26-01","07280-26-01-job"
"30328","2026-03-18","65.58","2026-03-19","Handle for 8LB Sledge Hammer","IV Cost","2026-03-18","10.93","6","47-0810","07240-26-01","07240-26-01-job"
"30728","2026-03-19","17.28","2026-03-20","SHADED SAFETY GLASSES","IV Cost","2026-03-19","1.44","12","47-0250","07201-26-01","07201-26-01-job"
"31140","2026-03-19","4.27","2026-03-20","Evco Pwr Swivel EPS85 O-Ring 2530-14","IV Cost","2026-03-19","4.27","1","58-4000","07227-26-01","07227-26-01-job"
"31406","2026-03-20","17.28","2026-03-21","Drinking water 16.9 oz bottle","IV Cost","2026-03-20","4.32","4","47-0250","07201-26-01","07201-26-01-job"
"33079","2026-03-23","176.32","2026-03-24","Pipe 48"" x 20' Corrugated Galv 16 Ga","IV Cost","2026-03-23","88.16","2","58-1000","07264-26-01","07264-26-01-job"
"33711","2026-03-24","38.28","2026-03-25","Safety Blue Rustoleum 1624830 spray","IV Cost","2026-03-24","6.38","6","48-0810","07227-26-01","07227-26-01-job"
"34452","2026-03-26","5.44","2026-03-27","Towellette Lens cleaning","IV Cost","2026-03-26","5.44","1","47-0250","07266-26-01","07266-26-01-job"
"35773","2026-03-30","79.02","2026-03-31","NAPA Anti Freeze (1 gal)","IV Cost","2026-03-30","13.17","6","49-0810","07291-26-01","07291-26-01-job"
"36176","2026-03-30","17","2026-03-31","Rags (bag) 10 Lb","IV Cost","2026-03-30","8.5","2","48-0810","07290-26-01","07290-26-01-job"
"36239","2026-03-31","169.6","2026-04-01","Insert Slip Varco button 5-1/2""x7"" CDI-2620","IV Cost","2026-03-31","4.24","40","58-4000","07268-26-01","07268-26-01-job"
"37688","2026-04-02","6.28","2026-04-03","Bushing 2"" x 1"" FS Hex","IV Cost","2026-04-02","6.28","1","47-0810","07289-26-01","07289-26-01-job"
"37939","2026-04-02","76.56","2026-04-03","White Spray Paint Rustoleum 1692830","IV Cost","2026-04-02","6.38","12","47-0810","07267-26-01","07267-26-01-job"
"38459","2026-04-03","251.05","2026-04-04","Fire Extinguisher 5#","IV Cost","2026-04-03","41.8416666667","6","47-0250","07258-26-01","07258-26-01-job"
"39317","2026-04-06","986.29","2026-04-07","Valve Asm TT560  4001181","IV Cost","2026-04-06","328.762","3","58-4000","07207-26-01","07207-26-01-job"
"39350","2026-04-06","79.19","2026-04-07","Dawn Pro 5 gal","IV Cost","2026-04-06","79.19","1","47-0810","07289-26-01","07289-26-01-job"
"39838","2026-04-07","25.92","2026-04-09","Drinking Water 16.9 oz Bottle Case","IV Cost","2026-04-07","4.32","6","48-0250","07293-26-01","07293-26-01-job"
"40253","2026-04-08","9.86","2026-04-09","Handle 4# Hammer Wood","IV Cost","2026-04-08","4.93","2","49-0810","07305-26-01","07305-26-01-job"
"43826","2026-04-14","155.88","2026-04-15","Glove Metacarpal XL","IV Cost","2026-04-14","12.99","12","47-0250","07267-26-01","07267-26-01-job"
"43993","2026-04-14","22.28","2026-04-15","Tape Measure 25'","IV Cost","2026-04-14","11.14","2","47-0810","07299-26-01","07299-26-01-job"
"45353","2026-04-16","105","2026-04-17","Screen Shaker 4x5 12 Mesh","IV Cost","2026-04-16","105","1","58-4000","07251-26-01","07251-26-01-job"
"45601","2026-04-16","29.43","2026-04-17","WD-40 11 oz Spray Can","IV Cost","2026-04-16","9.81","3","48-0810","07293-26-01","07293-26-01-job"
"45904","2026-04-17","210","2026-04-18","Rig Mat Spiilfyter M-151 Poly Backed 57x80","IV Cost","2026-04-17","210","1","47-4111","07235-26-01","07235-26-01-job"
"46749","2026-04-20","51.99","2026-04-21","Garbage Bags 60 gal 100/cs 38x58 2 mil","IV Cost","2026-04-20","51.99","1","47-0810","07262-26-01","07262-26-01-job"
"47158","2026-04-21","82.6","2026-04-22","Flapper Wheel 4-1/2""x7/8"" Grade 40 78006","IV Cost","2026-04-21","8.26","10","47-0810","07230-26-01","07230-26-01-job"
"5325","2026-02-03","51.76","2026-02-04","Glove Metacarpal Lg","IV Cost","2026-02-03","12.94","4","48-0250","07234-26-01","07234-26-01-job"
"5364","2026-02-03","829.35","2026-02-04","Compressor Oil IR Protech  5 gal pail","IV Cost","2026-02-03","276.45","3","58-4000","07234-26-01","07234-26-01-job"
"5393","2026-02-03","24.22","2026-02-05","FULLY CORDED GLOVE2","IV Cost","2026-02-03","12.11","2","48-0250","07216-26-01","07216-26-01-job"
"5519","2026-02-03","210","2026-02-04","Rig Mat Spiilfyter M-151 poly backed 57x80","IV Cost","2026-02-03","210","1","58-4000","07226-26-01","07226-26-01-job"
"5618","2026-02-03","1972.56","2026-02-04","Valve Asm TT560  4001181","IV Cost","2026-02-03","328.76","6","49-0810","07224-26-01","07224-26-01-job"
"5667","2026-02-03","54.77","2026-02-04","Towel scrim blue Roll D-575","IV Cost","2026-02-03","54.77","1","47-0810","07211-26-01","07211-26-01-job"
"5699","2026-02-03","8.5","2026-02-04","RAGS (BAG) 10LB t-shirt","IV Cost","2026-02-03","8.5","1","48-0810","07234-26-01","07234-26-01-job"
"5778","2026-02-03","38","2026-02-04","Rope manila 3/4""x600'","IV Cost","2026-02-03",".38","100","47-0810","07213-26-01","07213-26-01-job"
"5919","2026-02-03","17","2026-02-04","Tape Electrical 3/4"" Wide","IV Cost","2026-02-03",".85","20","49-0810","07254-26-01","07254-26-01-job"
"6015","2026-02-03","18.4","2026-02-04","2"" 3M FULL COUPLING","IV Cost","2026-02-03","9.2","2","58-4000","07147-26-01","07147-26-01-job"
"6137","2026-02-03","17","2026-02-04","RAGS (BAG) 10LB t-shirt","IV Cost","2026-02-03","8.5","2","47-0810","07213-26-01","07213-26-01-job"
"6536","2026-02-04","53","2026-02-05","OIL SOAKS (DIAPERS) BAG","IV Cost","2026-02-04","26.5","2","49-0810","07255-26-01","07255-26-01-job"
"6742","2026-02-04","62.94","2026-02-05","NAPA ANTI FREEZE (1 gal)","IV Cost","2026-02-04","10.49","6","47-0810","07212-26-01","07212-26-01-job"
"6786","2026-02-04","40.92","2026-02-05","WASHER FLUID 1 gal","IV Cost","2026-02-04","3.41","12","58-4000","07236-26-01","07236-26-01-job"
"7287","2026-02-05","41.93","2026-02-06","Ball Valve 2"" Brass","IV Cost","2026-02-05","41.93","1","48-0810","07234-26-01","07234-26-01-job"
"7424","2026-02-05","20.46","2026-02-06","WASHER FLUID 1 gal","IV Cost","2026-02-05","3.41","6","58-4000","07147-26-01","07147-26-01-job"
"7539","2026-02-05","22.92","2026-02-06","100' tape measure","IV Cost","2026-02-05","22.92","1","58-4000","07147-26-01","07147-26-01-job"
"7652","2026-02-05","17.28","2026-02-06","CLEAR SAFETY GLASSES","IV Cost","2026-02-05","1.44","12","47-0250","07212-26-01","07212-26-01-job"
"7828","2026-02-06","8.17","2026-02-07","Brush Wire Wooden Shoe Handle","IV Cost","2026-02-06","2.7233333333","3","47-0810","07236-26-01","07236-26-01-job"
"7974","2026-02-06","62.94","2026-02-07","NAPA ANTI FREEZE (1 gal)","IV Cost","2026-02-06","10.49","6","47-0810","07233-26-01","07233-26-01-job"
"8077","2026-02-06","8.64","2026-02-07","Drinking water 16.9 oz bottle","IV Cost","2026-02-06","4.32","2","48-0250","07234-26-01","07234-26-01-job"
"8669","2026-02-06","38","2026-02-07","Rope manila 3/4""x600'","IV Cost","2026-02-06",".38","100","47-4111","07201-26-01","07201-26-01-job"
"8715","2026-02-06","27.6","2026-02-07","Pip Glove Lg","IV Cost","2026-02-06","27.6","1","47-0810","07213-26-01","07213-26-01-job"
"9778","2026-02-10","12.6","2026-02-11","Punch Lok Clamp 4""","IV Cost","2026-02-10","2.1","6","47-0810","07201-26-01","07201-26-01-job"
"9808","2026-02-10","1.4","2026-02-11","Tape teflon thread sealant white 1/2"" x 520""","IV Cost","2026-02-10",".7","2","48-4111","07221-26-01","07221-26-01-job"
"9848","2026-02-10","17","2026-02-11","RAGS (BAG) 10LB t-shirt","IV Cost","2026-02-10","8.5","2","49-0810","07255-26-01","07255-26-01-job"
"9909","2026-02-10","447.54","2026-02-11","Piston Asm 5 X 1.5 Tulsa 4001063","IV Cost","2026-02-10","149.18","3","58-4000","07213-26-01","07213-26-01-job"
"10528","2026-02-11","26.5","2026-02-12","OIL SOAKS (DIAPERS) BAG","IV Cost","2026-02-11","26.5","1","48-0250","07234-26-01","07234-26-01-job"
"10629","2026-02-11","118.08","2026-02-12","Spill Kit Oil only 30 gal","IV Cost","2026-02-11","118.08","1","47-0250","07198-26-01","07198-26-01-job"
"10660","2026-02-11","1.35","2026-02-12","Flint Replacement Single Striker (5 per PK)","IV Cost","2026-02-11","1.35","1","47-0810","07213-26-01","07213-26-01-job"
"10706","2026-02-11","39.21","2026-02-12","Hard Hat Suspensions 4 point ratchet","IV Cost","2026-02-11","13.07","3","47-0250","07240-26-01","07240-26-01-job"
"10813","2026-02-11","17.28","2026-02-12","SHADED SAFETY GLASSES","IV Cost","2026-02-11","1.44","12","47-0250","07201-26-01","07201-26-01-job"
"13641","2026-02-16","8.64","2026-02-17","Drinking water 16.9 oz bottle","IV Cost","2026-02-16","4.32","2","48-0250","07234-26-01","07234-26-01-job"
"13675","2026-02-16","6.54","2026-02-17","Deck Brush","IV Cost","2026-02-16","6.54","1","47-0810","07201-26-01","07201-26-01-job"
"14342","2026-02-17","17.28","2026-02-18","Drinking water 16.9 oz bottle","IV Cost","2026-02-17","4.32","4","47-0250","07240-26-01","07240-26-01-job"
"14703","2026-02-18","54.65","2026-02-19","Handle for 8LB Sledge Hammer","IV Cost","2026-02-18","10.93","5","47-0810","07226-26-01","07226-26-01-job"
"16765","2026-02-24","562.93","2026-02-25","15W40 Oil 55gal Drum","IV Cost","2026-02-24","562.93","1","58-4000","07147-26-01","07147-26-01-job"
"16793","2026-02-24","53.02","2026-02-25","BREAK CLEANER RED CAN","IV Cost","2026-02-24","4.82","11","49-0810","07272-26-01","07272-26-01-job"
"17288","2026-02-25","25.56","2026-02-26","Flourscent Red paint stick","IV Cost","2026-02-25","2.13","12","48-0810","07257-26-01","07257-26-01-job"
"18628","2026-03-02","766.68","2026-03-03","Isolator rubber F/std & JSS shale shaker mounts","IV Cost","2026-03-02","191.67","4","58-4000","07247-26-01","07247-26-01-job"
"18680","2026-03-02","28.32","2026-03-03","PB BLASTER","IV Cost","2026-03-02","7.08","4","47-0810","07252-26-01","07252-26-01-job"
"19495","2026-03-02","56.4","2026-03-03","2"" X 6' Nylon Sling 2 ply","IV Cost","2026-03-02","14.1","4","47-0810","07214-26-01","07214-26-01-job"
"19558","2026-03-02","54.59","2026-03-03","Lanyard  6ft 86701","IV Cost","2026-03-02","54.59","1","47-0250","07252-26-01","07252-26-01-job"
"21213","2026-03-05","114.66","2026-03-06","36"" HOOK JAW RIDGID 31720","IV Cost","2026-03-05","114.66","1","58-4000","07219-26-01","07219-26-01-job"
"22645","2026-03-06","187.02","2026-03-07","Glove Metacarpal LG orange rubber","IV Cost","2026-03-06","93.51","2","47-0250","07267-26-01","07267-26-01-job"
"23009","2026-03-09","27.5","2026-03-10","Pad gray 16x18x3/8 for antifreeze","IV Cost","2026-03-09","27.5","1","49-0810","07271-26-01","07271-26-01-job"
"23520","2026-03-10","20.7","2026-03-11","1/4"" Sash Cord 100' roll","IV Cost","2026-03-10","10.35","2","58-4000","07266-26-01","07266-26-01-job"
"23561","2026-03-10","58.58","2026-03-11","Dawn Pro 5 gal","IV Cost","2026-03-10","58.58","1","48-0250","07261-26-01","07261-26-01-job"
"24697","2026-03-11","20.7","2026-03-12","1/4"" Sash Cord 100' roll","IV Cost","2026-03-11","10.35","2","47-4111","07280-26-01","07280-26-01-job"
"25846","2026-03-12","145.6","2026-03-13","ROD GREASE- BOL CU JOINT 50# PL 630050","IV Cost","2026-03-12","145.6","1","58-4000","07257-26-01","07257-26-01-job"
"25886","2026-03-12","17.28","2026-03-13","CLEAR SAFETY GLASSES","IV Cost","2026-03-12","1.44","12","48-0250","07221-26-01","07221-26-01-job"
"27924","2026-03-16","59.52","2026-03-17","BREAK CLEANER RED CAN","IV Cost","2026-03-16","4.96","12","47-0810","07267-26-01","07267-26-01-job"
"28173","2026-03-16","210.12","2026-03-17","ISO/AW-46 HYD OIL","IV Cost","2026-03-16","52.53","4","47-4111","07280-26-01","07280-26-01-job"
"30329","2026-03-18","7.11","2026-03-19","Brush Wire Wooden Shoe Handle","IV Cost","2026-03-18","2.37","3","47-0810","07240-26-01","07240-26-01-job"
"30729","2026-03-19","17","2026-03-20","Rags (bag) 10 Lb","IV Cost","2026-03-19","8.5","2","47-0810","07201-26-01","07201-26-01-job"
"31141","2026-03-19",".7","2026-03-20","Tape teflon thread sealant white 1/2"" x 520""","IV Cost","2026-03-19",".7","1","48-0810","07227-26-01","07227-26-01-job"
"31407","2026-03-20","32.79","2026-03-21","Handle for 8LB Sledge Hammer","IV Cost","2026-03-20","10.93","3","47-0810","07201-26-01","07201-26-01-job"
"33080","2026-03-23","468.16","2026-03-24","Spill Kit Oil only 30 gal","IV Cost","2026-03-23","117.04","4","51-0250","07243-26-01","07243-26-01-job"
"33712","2026-03-24","17.28","2026-03-25","Safety Glasses Shaded","IV Cost","2026-03-24","1.44","12","48-0250","07227-26-01","07227-26-01-job"
"35774","2026-03-30","311.76","2026-03-31","Glove Metacarpal Lg","IV Cost","2026-03-30","12.99","24","49-0250","07291-26-01","07291-26-01-job"
"36177","2026-03-30","53","2026-03-31","Oil Soaks (Diapers) Bag 100pcs","IV Cost","2026-03-30","26.5","2","48-0810","07290-26-01","07290-26-01-job"
"36264","2026-03-31","22.92","2026-04-01","100' tape measure","IV Cost","2026-03-31","22.92","1","47-0810","07266-26-01","07266-26-01-job"
"37689","2026-04-02",".7","2026-04-03","Tape teflon thread sealant white 1/2"" x 520""","IV Cost","2026-04-02",".7","1","47-0810","07289-26-01","07289-26-01-job"
"37940","2026-04-02","44.64","2026-04-03","Fluid film AS11 11.75oz","IV Cost","2026-04-02","11.16","4","47-0810","07267-26-01","07267-26-01-job"
"38460","2026-04-03","76.71","2026-04-04","Spray Paint Gray Primer Rustoleum 1680830","IV Cost","2026-04-03","6.3925","12","47-0810","07267-26-01","07267-26-01-job"
"39318","2026-04-06","368","2026-04-07","Liner 5"" TT560 Tulsa 4001034","IV Cost","2026-04-06","368","1","58-4000","07207-26-01","07207-26-01-job"
"39351","2026-04-06","9.48","2026-04-07","Brush Wire Wooden Shoe Handle","IV Cost","2026-04-06","2.37","4","47-0810","07289-26-01","07289-26-01-job"
"39839","2026-04-07","149.8","2026-04-09","80W90 Gear Oil 5gal","IV Cost","2026-04-07","74.9","2","48-0810","07293-26-01","07293-26-01-job"
"40254","2026-04-08","149.8","2026-04-09","80W90 Gear Oil 5gal","IV Cost","2026-04-08","74.9","2","49-0810","07305-26-01","07305-26-01-job"
"43827","2026-04-14","25.23","2026-04-15","Nylon Sling 2 ply 1"" x 4'","IV Cost","2026-04-14","8.41","3","46-0250","07207-26-01","07207-26-01-job"
"43994","2026-04-14","176.32","2026-04-15","Pipe 48"" x 20' Corrugated Galv 16 Ga","IV Cost","2026-04-14","88.16","2","58-4000","07299-26-01","07299-26-01-job"
"45354","2026-04-16","17","2026-04-17","Rags 10# Bag","IV Cost","2026-04-16","8.5","2","47-0810","07267-26-01","07267-26-01-job"
"45602","2026-04-16","39.96","2026-04-17","Fluid film AS11 11.75oz","IV Cost","2026-04-16","9.99","4","48-0810","07293-26-01","07293-26-01-job"
"45905","2026-04-17","89.9","2026-04-18","Dawn Pro 5 gal","IV Cost","2026-04-17","89.9","1","47-0810","07235-26-01","07235-26-01-job"
"46750","2026-04-20","17","2026-04-21","Rags 10# Bag","IV Cost","2026-04-20","8.5","2","47-0810","07262-26-01","07262-26-01-job"
"5326","2026-02-03","155.16","2026-02-04","Glove Metacarpal XL","IV Cost","2026-02-03","12.93","12","48-0250","07234-26-01","07234-26-01-job"
"5394","2026-02-03","116.88","2026-02-05","Cut 4 Maxi Glove XL","IV Cost","2026-02-03","58.44","2","48-0250","07216-26-01","07216-26-01-job"
"5619","2026-02-03","368","2026-02-04","Liner 5"" TT560 Tulsa 4001034","IV Cost","2026-02-03","368","1","49-0810","07224-26-01","07224-26-01-job"
"5700","2026-02-03","67.56","2026-02-04","5001067 Valve Rubbers","IV Cost","2026-02-03","11.26","6","58-4000","07234-26-01","07234-26-01-job"
"5779","2026-02-03","876.4","2026-02-04","Steel Pipe 16""x312x20 ft P/E","IV Cost","2026-02-03","43.82","20","58-1000","07251-26-01","07251-26-01-job"
"5920","2026-02-03","6.08","2026-02-04","Tape Electrical 1 1/2"" wide","IV Cost","2026-02-03","3.04","2","49-0810","07254-26-01","07254-26-01-job"
"6016","2026-02-03","17.6","2026-02-04","2 X 12 XH BLK NIPPLE","IV Cost","2026-02-03","17.6","1","58-4000","07147-26-01","07147-26-01-job"
"6138","2026-02-03","57.84","2026-02-04","BREAK CLEANER RED CAN","IV Cost","2026-02-03","4.82","12","47-0810","07213-26-01","07213-26-01-job"
"6537","2026-02-04","17","2026-02-05","RAGS (BAG) 10LB t-shirt","IV Cost","2026-02-04","8.5","2","49-0810","07255-26-01","07255-26-01-job"
"6743","2026-02-04","17","2026-02-05","RAGS (BAG) 10LB t-shirt","IV Cost","2026-02-04","8.5","2","47-0810","07212-26-01","07212-26-01-job"
"6787","2026-02-04","10.52","2026-02-05","BROWN JERSEY GLOVE","IV Cost","2026-02-04","10.52","1","47-0250","07236-26-01","07236-26-01-job"
"7288","2026-02-05","798","2026-02-06","80W90 Gear Oil 55gal","IV Cost","2026-02-05","798","1","58-4000","07198-26-01","07198-26-01-job"
"7540","2026-02-05","780.61","2026-02-06","Gauge Mud Pump Type D 2"" 6000psi repaired","IV Cost","2026-02-05","780.61","1","58-4000","07147-26-01","07147-26-01-job"
"7653","2026-02-05","17.28","2026-02-06","SHADED SAFETY GLASSES","IV Cost","2026-02-05","1.44","12","47-0250","07212-26-01","07212-26-01-job"
"7829","2026-02-06","13.86","2026-02-07","ROD GREASE BRUSHES","IV Cost","2026-02-06","6.93","2","47-0810","07236-26-01","07236-26-01-job"
"7975","2026-02-06","105","2026-02-07","Screen Shaker 4x5 12 Mesh","IV Cost","2026-02-06","105","1","58-4000","07187-26-01","07187-26-01-job"
"8078","2026-02-06","1972.56","2026-02-07","Valve Asm TT560  4001181","IV Cost","2026-02-06","328.76","6","58-4000","07234-26-01","07234-26-01-job"
"8716","2026-02-06","42.28","2026-02-07","GREASE GUNS","IV Cost","2026-02-06","42.28","1","47-0810","07213-26-01","07213-26-01-job"
"9779","2026-02-10",".2","2026-02-11","metal 4 yr tags","IV Cost","2026-02-10",".2","1","47-0250","07201-26-01","07201-26-01-job"
"9809","2026-02-10","262.29","2026-02-11","15W-40 MOTOR OIL GL","IV Cost","2026-02-10","12.49","21","48-0810","07221-26-01","07221-26-01-job"
"9849","2026-02-10","258.8","2026-02-11","Glove Metacarpal Med","IV Cost","2026-02-10","12.94","20","47-0250","07201-26-01","07201-26-01-job"
"9910","2026-02-10","1104","2026-02-11","Liner 5"" TT560 Tulsa 4001034","IV Cost","2026-02-10","368","3","58-4000","07213-26-01","07213-26-01-job"
"10529","2026-02-11","155.28","2026-02-12","Glove Metacarpal 2X","IV Cost","2026-02-11","12.94","12","48-0250","07234-26-01","07234-26-01-job"
"10630","2026-02-11","105","2026-02-12","hose 2"" suction pvc mxf cams 25'","IV Cost","2026-02-11","105","1","58-4000","07198-26-01","07198-26-01-job"
"10661","2026-02-11","71.81","2026-02-12","5001201 Graphite Packing","IV Cost","2026-02-11","35.90333","2","58-4000","07213-26-01","07213-26-01-job"
"10814","2026-02-11","798","2026-02-12","80W90 Gear Oil 55gal","IV Cost","2026-02-11","798","1","47-0810","07201-26-01","07201-26-01-job"
"13676","2026-02-16","20.7","2026-02-17","1/4"" Sash Cord 100' roll","IV Cost","2026-02-16","10.35","2","47-4111","07201-26-01","07201-26-01-job"
"14343","2026-02-17","58.58","2026-02-18","Dawn Pro 5 gal","IV Cost","2026-02-17","58.58","1","47-0250","07230-26-01","07230-26-01-job"
"14704","2026-02-18","17.28","2026-02-19","CLEAR SAFETY GLASSES","IV Cost","2026-02-18","1.44","12","47-0250","07226-26-01","07226-26-01-job"
"16766","2026-02-24","288","2026-02-25","Wire Rope 9/16""  6x25","IV Cost","2026-02-24","2.88","100","47-0810","07147-26-01","07147-26-01-job"
"16794","2026-02-24","1104","2026-02-25","Liner 5"" TT560 Tulsa 4001034","IV Cost","2026-02-24","368","3","58-4000","07272-26-01","07272-26-01-job"
"17289","2026-02-25","22.92","2026-02-26","100' tape measure","IV Cost","2026-02-25","22.92","1","48-0810","07257-26-01","07257-26-01-job"
"18629","2026-03-02","924.69","2026-03-03","Lifeline retracting repaired Guardian","IV Cost","2026-03-02","924.69","1","47-0250","07247-26-01","07247-26-01-job"
"18681","2026-03-02","31.96","2026-03-03","WD-40 11 oz Spray Can","IV Cost","2026-03-02","7.99","4","47-0810","07252-26-01","07252-26-01-job"
"19496","2026-03-02","42.6","2026-03-03","2"" X 4' Nylon Sling 2 ply","IV Cost","2026-03-02","10.65","4","47-0810","07214-26-01","07214-26-01-job"
"19559","2026-03-02","54.81","2026-03-03","Towel scrim blue Roll D-575","IV Cost","2026-03-02","54.81","1","47-0810","07252-26-01","07252-26-01-job"
"21214","2026-03-05","37.25","2026-03-06","18"" HOOK JAW RIDGID 31670","IV Cost","2026-03-05","37.25","1","58-4000","07219-26-01","07219-26-01-job"
"22646","2026-03-06","5.52","2026-03-07","4"" RUBBER GASKET","IV Cost","2026-03-06",".92","6","47-0810","07267-26-01","07267-26-01-job"
"23010","2026-03-09","99.36","2026-03-10","15W-40 MOTOR OIL GL","IV Cost","2026-03-09","16.56","6","49-0810","07271-26-01","07271-26-01-job"
"23521","2026-03-10","311.76","2026-03-11","Glove Metacarpal Lg","IV Cost","2026-03-10","12.99","24","47-0250","07266-26-01","07266-26-01-job"
"23562","2026-03-10","24.2","2026-03-11","Brush Rig Scrub","IV Cost","2026-03-10","6.05","4","48-0810","07261-26-01","07261-26-01-job"
"24698","2026-03-11","18.24","2026-03-12","Tape Electrical 1 1/2"" wide","IV Cost","2026-03-11","3.04","6","47-0810","07280-26-01","07280-26-01-job"
"25847","2026-03-12","25.52","2026-03-13","Red Spray Paint Rustoleum 1660830","IV Cost","2026-03-12","6.38","4","48-0810","07227-26-01","07227-26-01-job"
"27925","2026-03-16","44.64","2026-03-17","Fluid film AS11 11.75oz","IV Cost","2026-03-16","11.16","4","47-0810","07267-26-01","07267-26-01-job"
"28174","2026-03-16","866.91","2026-03-17","60"" HOOK JAW RIDGID 31770","IV Cost","2026-03-16","288.97","3","47-0810","07280-26-01","07280-26-01-job"
"30330","2026-03-18","79.19","2026-03-19","Dawn Pro 5 gal","IV Cost","2026-03-18","79.19","1","47-0810","07240-26-01","07240-26-01-job"
"30730","2026-03-19","657.53","2026-03-20","Valve Asm TT560  4001181","IV Cost","2026-03-19","328.763","2","47-4111","07201-26-01","07201-26-01-job"
"31142","2026-03-19","4.05","2026-03-20","3"" Alum Male Adapter x Female NPT","IV Cost","2026-03-19","4.05","1","48-0810","07227-26-01","07227-26-01-job"
"31408","2026-03-20","38.54","2026-03-21","Squeegee Floor 24"" Curved wood handle","IV Cost","2026-03-20","38.54","1","47-0810","07201-26-01","07201-26-01-job"
"33081","2026-03-23","8.5","2026-03-24","Rags (bag) 10 Lb","IV Cost","2026-03-23","8.5","1","51-0810","07243-26-01","07243-26-01-job"
"33713","2026-03-24","4.74","2026-03-25","Brush Wire Wooden Shoe Handle","IV Cost","2026-03-24","2.37","2","48-0810","07227-26-01","07227-26-01-job"
"35775","2026-03-30","11.38","2026-03-31","Chain & cable Lub (WRL Lube) aerosol spray","IV Cost","2026-03-30","5.69","2","49-0810","07291-26-01","07291-26-01-job"
"36178","2026-03-30","21.6","2026-03-31","Drinking water 16.9 oz bottle","IV Cost","2026-03-30","4.32","5","48-0250","07290-26-01","07290-26-01-job"
"36265","2026-03-31","135.12","2026-04-01","5001067 Valve Rubbers","IV Cost","2026-03-31","11.2602222222","12","58-4000","07266-26-01","07266-26-01-job"
"37690","2026-04-02","17.28","2026-04-03","Drinking Water 16.9 oz Bottle Case","IV Cost","2026-04-02","4.32","4","47-0250","07289-26-01","07289-26-01-job"
"37941","2026-04-02","22.68","2026-04-03","PB Blaster 16-PB-DS 11oz","IV Cost","2026-04-02","5.67","4","47-0810","07267-26-01","07267-26-01-job"
"38461","2026-04-03","1.76","2026-04-04","Flapper Wheel 1"" x 1"" x 1/4"" Grit 80 70011","IV Cost","2026-04-03",".44","4","47-0810","07267-26-01","07267-26-01-job"
"39319","2026-04-06","383.24","2026-04-07","Shale Shaker Mounts Isolator Rubber F/std & JSS","IV Cost","2026-04-06","191.62","2","58-4000","07207-26-01","07207-26-01-job"
"39352","2026-04-06","334.2","2026-04-07","Ball Valve Balon 2000 PSI 2"" 2F-F92-SE","IV Cost","2026-04-06","167.1","2","47-4111","07289-26-01","07289-26-01-job"
"39840","2026-04-07","47.34","2026-04-09","Filter Inlet 1/2NP #800986 for pressure washer","IV Cost","2026-04-07","23.67","2","48-0810","07293-26-01","07293-26-01-job"
"40255","2026-04-08","35.9","2026-04-09","5001201 Graphite Packing","IV Cost","2026-04-08","35.90333","1","49-0810","07305-26-01","07305-26-01-job"
"43828","2026-04-14","80.78","2026-04-15","Coupling 4"" XH Blk Stl","IV Cost","2026-04-14","80.78","1","58-4000","07207-26-01","07207-26-01-job"
"43995","2026-04-14","291.2","2026-04-15","Joint Compound Copper 50# PL","IV Cost","2026-04-14","145.6","2","47-4111","07235-26-01","07235-26-01-job"
"45603","2026-04-16","53","2026-04-17","Fire Extinguisher 20#","IV Cost","2026-04-16","53","1","47-0250","07314-26-01","07314-26-01-job"
"45906","2026-04-17","25.92","2026-04-18","Drinking Water 16.9 oz Bottle Case","IV Cost","2026-04-17","4.32","6","47-0250","07235-26-01","07235-26-01-job"
"46751","2026-04-20","145.6","2026-04-21","Joint Compound Copper 50# PL","IV Cost","2026-04-20","145.6","1","58-4000","07262-26-01","07262-26-01-job"
"5327","2026-02-03","154.62","2026-02-04","Glove Metacarpal 2X","IV Cost","2026-02-03","12.885","12","48-0250","07234-26-01","07234-26-01-job"
"5395","2026-02-03","206.88","2026-02-05","Glove Metacarpal XL","IV Cost","2026-02-03","12.93","16","48-0250","07216-26-01","07216-26-01-job"
"5701","2026-02-03","399.54","2026-02-04","Turnbuckle Crosby HG228 Jaw & Jaw 1X24","IV Cost","2026-02-03","399.54","1","58-4000","07234-26-01","07234-26-01-job"
"5921","2026-02-03","442.85","2026-02-04","20 LBS Fire Ext","IV Cost","2026-02-03","88.57","5","49-0250","07254-26-01","07254-26-01-job"
"6017","2026-02-03","13.23","2026-02-04","2 X 8 XH BLK NIPPLE","IV Cost","2026-02-03","13.23","1","58-4000","07147-26-01","07147-26-01-job"
"6139","2026-02-03","41.58","2026-02-04","PB BLASTER","IV Cost","2026-02-03","6.93","6","47-0810","07213-26-01","07213-26-01-job"
"6538","2026-02-04","25.92","2026-02-05","Drinking water 16.9 oz bottle","IV Cost","2026-02-04","4.32","6","49-0250","07255-26-01","07255-26-01-job"
"6744","2026-02-04","23.52","2026-02-05","pulley tire","IV Cost","2026-02-04","7.84","3","47-0810","07212-26-01","07212-26-01-job"
"6796","2026-02-04","29.14","2026-02-05","20lb propane cylinder w/gas","IV Cost","2026-02-04","14.57","2","58-4000","07226-26-01","07226-26-01-job"
"7289","2026-02-05","562.93","2026-02-06","15W40 Oil 55gal Drum","IV Cost","2026-02-05","562.93","1","58-4000","07198-26-01","07198-26-01-job"
"7541","2026-02-05","28.92","2026-02-06","BREAK CLEANER RED CAN","IV Cost","2026-02-05","4.82","6","47-0810","07147-26-01","07147-26-01-job"
"7654","2026-02-05","52.86","2026-02-06","Air Brake Antifreeze and Rust Guard M2834","IV Cost","2026-02-05","26.43","2","47-0810","07212-26-01","07212-26-01-job"
"7830","2026-02-06","14.57","2026-02-07","20lb propane cylinder w/gas","IV Cost","2026-02-06","14.57","1","58-4000","07236-26-01","07236-26-01-job"
"7976","2026-02-06","6.82","2026-02-07","WASHER FLUID 1 gal","IV Cost","2026-02-06","3.41","2","58-4000","07187-26-01","07187-26-01-job"
"8079","2026-02-06","26.52","2026-02-07","CLEAR SILICONE","IV Cost","2026-02-06","6.63","4","58-4000","07234-26-01","07234-26-01-job"
"8717","2026-02-06","369.75","2026-02-07","Packing 560-680 Pony Rod 5001085","IV Cost","2026-02-06","24.65","15","58-4000","07213-26-01","07213-26-01-job"
"9780","2026-02-10","48.79","2026-02-11","10 LB FIRE EXT","IV Cost","2026-02-10","48.79","1","48-0250","07234-26-01","07234-26-01-job"
"9810","2026-02-10","8.5","2026-02-11","Tape Electrical 3/4"" Wide","IV Cost","2026-02-10",".85","10","48-0810","07221-26-01","07221-26-01-job"
"9850","2026-02-10","103.52","2026-02-11","Glove Metacarpal Lg","IV Cost","2026-02-10","12.94","8","47-0250","07201-26-01","07201-26-01-job"
"10530","2026-02-11","29.97","2026-02-12","PWR SVC Diesel 911     8025","IV Cost","2026-02-11","9.99","3","47-4111","07230-26-01","07230-26-01-job"
"10631","2026-02-11","1.13","2026-02-12","metal 4 yr tags","IV Cost","2026-02-11",".1878","6","47-0250","07198-26-01","07198-26-01-job"
"10662","2026-02-11","207.04","2026-02-12","Glove Metacarpal Lg","IV Cost","2026-02-11","12.94","16","47-0250","07232-26-01","07232-26-01-job"
"10815","2026-02-11","876.4","2026-02-12","Steel Pipe 16""x312x20 ft P/E","IV Cost","2026-02-11","43.82","20","58-1000","07267-26-01","07267-26-01-job"
"13677","2026-02-16","5.44","2026-02-17","Towellette Lens cleaning","IV Cost","2026-02-16","5.44","1","47-0250","07201-26-01","07201-26-01-job"
"14344","2026-02-17","22.96","2026-02-18","3' Alum Female Coupler x Hose","IV Cost","2026-02-17","11.48","2","47-0810","07230-26-01","07230-26-01-job"
"14705","2026-02-18","17.28","2026-02-19","SHADED SAFETY GLASSES","IV Cost","2026-02-18","1.44","12","47-0250","07226-26-01","07226-26-01-job"
"16795","2026-02-24","447.53","2026-02-25","Piston Asm 5 X 1.5 Tulsa 4001063","IV Cost","2026-02-24","149.175","3","58-4000","07272-26-01","07272-26-01-job"
"17290","2026-02-25","117.92","2026-02-26","Thimble 1"" Winch Line 60016FWBLUE","IV Cost","2026-02-25","58.96","2","48-0810","07257-26-01","07257-26-01-job"
"18630","2026-03-02","562.93","2026-03-03","15W40 Oil 55gal Drum","IV Cost","2026-03-02","562.93","1","58-4000","07267-26-01","07267-26-01-job"
"18682","2026-03-02","562.93","2026-03-03","15W40 Oil 55gal Drum","IV Cost","2026-03-02","562.93","1","58-4000","07219-26-01","07219-26-01-job"
"19497","2026-03-02","9.48","2026-03-03","Brush Wire Wooden Shoe Handle","IV Cost","2026-03-02","2.37","4","47-0810","07214-26-01","07214-26-01-job"
"19560","2026-03-02","38.54","2026-03-03","Squeegee Floor 24"" Curved wood handle","IV Cost","2026-03-02","38.54","1","47-0810","07252-26-01","07252-26-01-job"
"21215","2026-03-05","48.07","2026-03-06","36"" HEEL JAW & PIN RIDGID 31725","IV Cost","2026-03-05","48.07","1","58-4000","07219-26-01","07219-26-01-job"
"23522","2026-03-10","51.96","2026-03-11","Glove Metacarpal XL","IV Cost","2026-03-10","12.99","4","47-0250","07266-26-01","07266-26-01-job"
"23563","2026-03-10","30.76","2026-03-11","Eyewash solution 32 oz bottle","IV Cost","2026-03-10","15.38","2","48-0250","07261-26-01","07261-26-01-job"
"24699","2026-03-11","210","2026-03-12","Screen Shaker 4x5 14 Mesh","IV Cost","2026-03-11","105","2","47-4111","07280-26-01","07280-26-01-job"
"25848","2026-03-12","40.38","2026-03-13","Safety Blue Rustoleum 1624830 spray","IV Cost","2026-03-12","6.73","6","48-0810","07227-26-01","07227-26-01-job"
"27926","2026-03-16","8.78","2026-03-17","Black Cable Tie 8""","IV Cost","2026-03-16","4.39","2","47-0810","07267-26-01","07267-26-01-job"
"28175","2026-03-16","682","2026-03-17","48"" HOOK JAW RIDGID 31745","IV Cost","2026-03-16","170.5","4","47-0810","07280-26-01","07280-26-01-job"
"30331","2026-03-18","34.56","2026-03-19","CLEAR SAFETY GLASSES","IV Cost","2026-03-18","1.44","24","47-0250","07240-26-01","07240-26-01-job"
"30731","2026-03-19","12.96","2026-03-20","Drinking water 16.9 oz bottle","IV Cost","2026-03-19","4.32","3","47-0250","07201-26-01","07201-26-01-job"
"31143","2026-03-19","9.18","2026-03-20","3"" Alum Male Adapter x Male NPT","IV Cost","2026-03-19","9.18","1","48-0810","07227-26-01","07227-26-01-job"
"31409","2026-03-20","288","2026-03-21","Wire Rope 9/16""  6x25","IV Cost","2026-03-20","2.88","100","47-0250","07201-26-01","07201-26-01-job"
"33714","2026-03-24","62.48","2026-03-25","Coverall FR 9oz XL navy w/reflective stripes","IV Cost","2026-03-24","62.48","1","47-0250","07201-26-01","07201-26-01-job"
"35776","2026-03-30","17.28","2026-03-31","Safety Glasses Shaded","IV Cost","2026-03-30","1.44","12","49-0250","07291-26-01","07291-26-01-job"
"36179","2026-03-30","210","2026-03-31","Rig Mat Spiilfyter M-151 poly backed 57x80","IV Cost","2026-03-30","210","1","48-0810","07290-26-01","07290-26-01-job"
"36266","2026-03-31","288","2026-04-01","75W-90 Synthrtic gear oil 5 gal pail","IV Cost","2026-03-31","288","1","58-4000","07266-26-01","07266-26-01-job"
"37691","2026-04-02","13.68","2026-04-03","Yellow paint sticks","IV Cost","2026-04-02","1.14","12","47-4111","07235-26-01","07235-26-01-job"
"37942","2026-04-02","17.28","2026-04-03","Safety Glasses Shaded","IV Cost","2026-04-02","1.44","12","47-0250","07219-26-01","07219-26-01-job"
"38462","2026-04-03","8.36","2026-04-04","Flapper Whee1.5""x1""x1/4"" Grit 80 70041","IV Cost","2026-04-03","2.09","4","47-0810","07267-26-01","07267-26-01-job"
"39353","2026-04-06","20.4","2026-04-07","Tee 2"" XH Blk MI","IV Cost","2026-04-06","20.4","1","47-4111","07289-26-01","07289-26-01-job"
"39841","2026-04-07","295.8","2026-04-09","Packing 560-680 Pony Rod 5001085","IV Cost","2026-04-07","24.65","12","58-4000","07147-26-01","07147-26-01-job"
"40256","2026-04-08","83.76","2026-04-09","Whip Check nylon 24"" 2 ply","IV Cost","2026-04-08","10.47","8","49-0250","07305-26-01","07305-26-01-job"
"43829","2026-04-14","65.96","2026-04-15","Bushing 4"" x 2"" FS Hex","IV Cost","2026-04-14","65.96","1","58-4000","07207-26-01","07207-26-01-job"
"43996","2026-04-14","34.56","2026-04-15","Safety Glasses Clear","IV Cost","2026-04-14","1.44","24","47-0250","07235-26-01","07235-26-01-job"
"45604","2026-04-16","380.13","2026-04-17","Hydraulic Oil Anti-Wear ISO 46 Drum","IV Cost","2026-04-16","380.13","1","58-4000","07314-26-01","07314-26-01-job"
"46752","2026-04-20","17.28","2026-04-21","Safety Glasses Clear","IV Cost","2026-04-20","1.44","12","47-0250","07262-26-01","07262-26-01-job"
"5396","2026-02-03","29.95","2026-02-05","Hole Punch for metal tags","IV Cost","2026-02-03","29.95","1","48-0250","07216-26-01","07216-26-01-job"
"6140","2026-02-03","34.56","2026-02-04","SHADED SAFETY GLASSES","IV Cost","2026-02-03","1.44","24","47-0250","07213-26-01","07213-26-01-job"
"6539","2026-02-04","17","2026-02-05","RAGS (BAG) 10LB t-shirt","IV Cost","2026-02-04","8.5","2","49-0810","07254-26-01","07254-26-01-job"
"6745","2026-02-04","105.72","2026-02-05","Air Brake Antifreeze and Rust Guard M2834","IV Cost","2026-02-04","26.43","4","47-0810","07213-26-01","07213-26-01-job"
"7084","2026-02-04","5.44","2026-02-05","Towellette Lens cleaning","IV Cost","2026-02-04","5.44","1","47-0250","07201-26-01","07201-26-01-job"
"7290","2026-02-05","32.34","2026-02-06","Blade 44 7/8""x1/2""x.020"" 14TPI Morse ZWEP4418MC","IV Cost","2026-02-05","16.17","2","58-4000","07198-26-01","07198-26-01-job"
"7542","2026-02-05","876.4","2026-02-06","Steel Pipe 16""x312x20 ft P/E","IV Cost","2026-02-05","43.82","20","58-1000","07262-26-01","07262-26-01-job"
"7655","2026-02-05","39.96","2026-02-06","PWR SVC Diesel 911     8025","IV Cost","2026-02-05","9.99","4","47-0820","07212-26-01","07212-26-01-job"
"7831","2026-02-06","145.6","2026-02-07","ROD GREASE- BOL CU JOINT 50# PL 630050","IV Cost","2026-02-06","145.6","1","58-4000","07236-26-01","07236-26-01-job"
"8080","2026-02-06","3.37","2026-02-07","Calk gun","IV Cost","2026-02-06","3.37","1","48-0810","07234-26-01","07234-26-01-job"
"8718","2026-02-06","13.98","2026-02-07","GREASE GUN FITTING","IV Cost","2026-02-06","6.99","2","47-0810","07213-26-01","07213-26-01-job"
"9781","2026-02-10",".6","2026-02-11","metal 4 yr tags","IV Cost","2026-02-10",".2","3","48-0250","07234-26-01","07234-26-01-job"
"9851","2026-02-10","103.52","2026-02-11","Glove Metacarpal XL","IV Cost","2026-02-10","12.94","8","47-0250","07201-26-01","07201-26-01-job"
"10531","2026-02-11","17","2026-02-12","RAGS (BAG) 10LB t-shirt","IV Cost","2026-02-11","8.5","2","47-0810","07213-26-01","07213-26-01-job"
"10663","2026-02-11","10.56","2026-02-12","BROWN JERSEY GLOVE","IV Cost","2026-02-11","10.56","1","47-0250","07232-26-01","07232-26-01-job"
"13678","2026-02-16","53","2026-02-17","OIL SOAKS (DIAPERS) BAG","IV Cost","2026-02-16","26.5","2","47-0250","07201-26-01","07201-26-01-job"
"14345","2026-02-17","42","2026-02-18","Punch Lok Clamp 4""","IV Cost","2026-02-17","2.1","20","47-0810","07230-26-01","07230-26-01-job"
"14706","2026-02-18","192","2026-02-19","Glove Metacarpal XLG orange rubber","IV Cost","2026-02-18","192","1","47-0250","07226-26-01","07226-26-01-job"
"16796","2026-02-24","66.68","2026-02-25","Vehicle mount bracket #20 fire ext","IV Cost","2026-02-24","66.68","1","49-0250","07272-26-01","07272-26-01-job"
"17291","2026-02-25","420","2026-02-26","Rig Mat Spiilfyter M-151 poly backed 57x80","IV Cost","2026-02-25","210","2","58-4000","07214-26-01","07214-26-01-job"
"18631","2026-03-02","380.13","2026-03-03","Hydraulic oil anti-wear ISO 46 Drum","IV Cost","2026-03-02","380.13","1","58-4000","07267-26-01","07267-26-01-job"
"18683","2026-03-02","660","2026-03-03","20 LBS Fire Ext","IV Cost","2026-03-02","165","4","48-0250","07261-26-01","07261-26-01-job"
"19498","2026-03-02","395.2","2026-03-03","Chevron Clarity Hyd AW46 5 gal","IV Cost","2026-03-02","98.8","4","58-4000","07214-26-01","07214-26-01-job"
"19561","2026-03-02","13.08","2026-03-03","Deck Brush","IV Cost","2026-03-02","6.54","2","47-0810","07252-26-01","07252-26-01-job"
"21216","2026-03-05","18.26","2026-03-06","18"" HEEL JAW & PIN RIDGID 31675","IV Cost","2026-03-05","18.26","1","58-4000","07219-26-01","07219-26-01-job"
"23523","2026-03-10","298.35","2026-03-11","Piston Asm 5 X 1.5 Tulsa 4001063","IV Cost","2026-03-10","149.175","2","58-4000","07266-26-01","07266-26-01-job"
"23564","2026-03-10","105","2026-03-11","Screen Shaker 4x5 12 Mesh","IV Cost","2026-03-10","105","1","58-4000","07214-26-01","07214-26-01-job"
"24700","2026-03-11","27","2026-03-12","Copper Ground Wire #6","IV Cost","2026-03-11","1.35","20","47-0250","07280-26-01","07280-26-01-job"
"25849","2026-03-12","40.38","2026-03-13","Safety yellow spray paint Rustoleum 1644830","IV Cost","2026-03-12","6.73","6","48-0810","07227-26-01","07227-26-01-job"
"27927","2026-03-16","22.92","2026-03-17","100' tape measure","IV Cost","2026-03-16","22.92","1","47-0810","07267-26-01","07267-26-01-job"
"28176","2026-03-16","1972.58","2026-03-17","Valve Asm TT560  4001181","IV Cost","2026-03-16","328.763","6","47-4111","07280-26-01","07280-26-01-job"
"30332","2026-03-18","17.28","2026-03-19","SHADED SAFETY GLASSES","IV Cost","2026-03-18","1.44","12","47-0250","07240-26-01","07240-26-01-job"
"30732","2026-03-19","8.5","2026-03-20","Tape Electrical 3/4"" Wide","IV Cost","2026-03-19",".85","10","47-0810","07201-26-01","07201-26-01-job"
"31410","2026-03-20","82.92","2026-03-21","Tong Spring B&C BJ009561 BJ style","IV Cost","2026-03-20","6.91","12","47-4111","07201-26-01","07201-26-01-job"
"33715","2026-03-24","65.6","2026-03-25","Coverall FR 9oz 2X navy w/reflective stripes","IV Cost","2026-03-24","65.6","1","47-0250","07201-26-01","07201-26-01-job"
"35777","2026-03-30","17.28","2026-03-31","Safety Glasses Clear","IV Cost","2026-03-30","1.44","12","49-0250","07291-26-01","07291-26-01-job"
"36180","2026-03-30","311.76","2026-03-31","Glove Metacarpal XL","IV Cost","2026-03-30","12.99","24","48-0250","07290-26-01","07290-26-01-job"
"36267","2026-03-31","54.81","2026-04-01","Towel scrim blue Roll D-575","IV Cost","2026-03-31","54.81","1","48-0250","07261-26-01","07261-26-01-job"
"37692","2026-04-02","8.5","2026-04-03","Tape Electrical 3/4"" Wide","IV Cost","2026-04-02",".85","10","47-0810","07235-26-01","07235-26-01-job"
"37943","2026-04-02","26.52","2026-04-03","Silicone Clear 10 Fl Oz Tube","IV Cost","2026-04-02","6.63","4","47-0810","07219-26-01","07219-26-01-job"
"38463","2026-04-03","4407","2026-04-04","Elevator 3.5 drill pipe 100T MG Bottleneck","IV Cost","2026-04-03","4407","1","58-4000","07258-26-01","07258-26-01-job"
"39354","2026-04-06","9.68","2026-04-07","Nipple 2"" x 3"" XH Blk","IV Cost","2026-04-06","4.84","2","47-4111","07289-26-01","07289-26-01-job"
"39842","2026-04-07","135.1","2026-04-09","Whip Checks Nylon 48""","IV Cost","2026-04-07","13.51","10","47-0250","07147-26-01","07147-26-01-job"
"40257","2026-04-08","8.64","2026-04-09","Drinking Water 16.9 oz Bottle Case","IV Cost","2026-04-08","4.32","2","48-0250","07227-26-01","07227-26-01-job"
"43830","2026-04-14","13.68","2026-04-15","Plug 2"" FS SQ HD","IV Cost","2026-04-14","6.84","2","58-4000","07207-26-01","07207-26-01-job"
"43997","2026-04-14","34.56","2026-04-15","Safety Glasses Shaded","IV Cost","2026-04-14","1.44","24","47-0250","07235-26-01","07235-26-01-job"
"45605","2026-04-16","12.96","2026-04-17","Drinking Water 16.9 oz Bottle Case","IV Cost","2026-04-16","4.32","3","48-0250","07227-26-01","07227-26-01-job"
"46753","2026-04-20","17.28","2026-04-21","Safety Glasses Shaded","IV Cost","2026-04-20","1.44","12","47-0250","07262-26-01","07262-26-01-job"
"6141","2026-02-03","34.56","2026-02-04","CLEAR SAFETY GLASSES","IV Cost","2026-02-03","1.44","24","47-0250","07213-26-01","07213-26-01-job"
"6746","2026-02-04","53.94","2026-02-05","Rock salt 50# bag","IV Cost","2026-02-04","8.99","6","58-4000","07212-26-01","07212-26-01-job"
"7656","2026-02-05","15.48","2026-02-06","Starter Fluid","IV Cost","2026-02-05","3.87","4","47-0810","07212-26-01","07212-26-01-job"
"7832","2026-02-06","197.5","2026-02-07","TUBE GREASE Wolfhead red 88301","IV Cost","2026-02-06","3.95","50","58-4000","07236-26-01","07236-26-01-job"
"8081","2026-02-06","12.11","2026-02-07","FULLY CORDED GLOVE","IV Cost","2026-02-06","12.11","1","48-0250","07234-26-01","07234-26-01-job"
"8369","2026-02-06","210","2026-02-07","Screen Shaker 4x5 14 Mesh","IV Cost","2026-02-06","105","2","58-4000","07171-26-01","07171-26-01-job"
"8719","2026-02-06","21.78","2026-02-07","level 24"" magnetic base","IV Cost","2026-02-06","21.78","1","47-0810","07213-26-01","07213-26-01-job"
"9782","2026-02-10","13.5","2026-02-11","20lb propane cylinder w/gas","IV Cost","2026-02-10","13.5","1","58-4000","07213-26-01","07213-26-01-job"
"9863","2026-02-10","52.86","2026-02-11","Air Brake Antifreeze and Rust Guard M2834","IV Cost","2026-02-10","26.43","2","49-0810","07255-26-01","07255-26-01-job"
"13679","2026-02-16","267.12","2026-02-17","Insert Slip Varco button 5-1/2""x7"" CDI-2620","IV Cost","2026-02-16","4.24","63","58-4000","07236-26-01","07236-26-01-job"
"14346","2026-02-17","79.5","2026-02-18","OIL SOAKS (DIAPERS) BAG","IV Cost","2026-02-17","26.5","3","47-0250","07230-26-01","07230-26-01-job"
"14707","2026-02-18","334.2","2026-02-19","2000 PSI 2"" balon Gauge","IV Cost","2026-02-18","167.1","2","58-4000","07226-26-01","07226-26-01-job"
"16797","2026-02-24","100.08","2026-02-25","Whip Check nylon 24"" 2 ply","IV Cost","2026-02-24","25.02","4","58-4000","07272-26-01","07272-26-01-job"
"18632","2026-03-02","155.28","2026-03-03","Glove Metacarpal XL","IV Cost","2026-03-02","12.94","12","47-0250","07267-26-01","07267-26-01-job"
"18684","2026-03-02","81.72","2026-03-03","Fire Ext 2.5#","IV Cost","2026-03-02","40.86","2","48-0250","07261-26-01","07261-26-01-job"
"19499","2026-03-02","17.28","2026-03-03","CLEAR SAFETY GLASSES","IV Cost","2026-03-02","1.44","12","47-0250","07214-26-01","07214-26-01-job"
"19562","2026-03-02","8.46","2026-03-03","Deck brush Handles","IV Cost","2026-03-02","4.23","2","47-0810","07252-26-01","07252-26-01-job"
"21217","2026-03-05","62.52","2026-03-06","Tong Die 1/2""x1-1/4""x5"" BJ/wolley Type C CDI-1602","IV Cost","2026-03-05","5.21","12","58-4000","07187-26-01","07187-26-01-job"
"23524","2026-03-10","736","2026-03-11","Liner 5"" TT560 Tulsa 4001034","IV Cost","2026-03-10","368","2","58-4000","07266-26-01","07266-26-01-job"
"23565","2026-03-10","159","2026-03-11","OIL SOAKS (DIAPERS) BAG","IV Cost","2026-03-10","26.5","6","47-0810","07214-26-01","07214-26-01-job"
"24701","2026-03-11","103.92","2026-03-12","Glove Metacarpal Med","IV Cost","2026-03-11","12.99","8","47-0250","07280-26-01","07280-26-01-job"
"25850","2026-03-12","1.83","2026-03-13","3"" RUBBER GASKET","IV Cost","2026-03-12",".61","3","48-0810","07227-26-01","07227-26-01-job"
"27928","2026-03-16","11.14","2026-03-17","25 ft tape measure","IV Cost","2026-03-16","11.14","1","47-0810","07267-26-01","07267-26-01-job"
"28177","2026-03-16","132.5","2026-03-17","Soaks Oil (Diapers) Bag 100pcs","IV Cost","2026-03-16","26.5","5","47-0810","07280-26-01","07280-26-01-job"
"30333","2026-03-18","45.96","2026-03-19","citrus blast cleaning solvent 5 gal pail","IV Cost","2026-03-18","45.96","1","47-0810","07240-26-01","07240-26-01-job"
"30733","2026-03-19","22.68","2026-03-20","PB BLASTER","IV Cost","2026-03-19","5.67","4","47-0810","07201-26-01","07201-26-01-job"
"31411","2026-03-20","79.19","2026-03-21","Dawn Pro 5 gal","IV Cost","2026-03-20","79.19","1","47-0810","07201-26-01","07201-26-01-job"
"33716","2026-03-24","2.1","2026-03-25","Striker Torch single","IV Cost","2026-03-24","2.1","1","47-0810","07201-26-01","07201-26-01-job"
"35778","2026-03-30","43","2026-03-31","1"" X 6' Nylon Sling 2 ply","IV Cost","2026-03-30","10.75","4","49-0250","07291-26-01","07291-26-01-job"
"36181","2026-03-30","93.51","2026-03-31","Glove Metacarpal LG orange rubber","IV Cost","2026-03-30","93.51","1","48-0250","07290-26-01","07290-26-01-job"
"36268","2026-03-31","51.96","2026-04-01","Glove Metacarpal Med","IV Cost","2026-03-31","12.99","4","48-0250","07261-26-01","07261-26-01-job"
"37693","2026-04-02","26.52","2026-04-03","CLEAR SILICONE","IV Cost","2026-04-02","6.63","4","47-0810","07235-26-01","07235-26-01-job"
"37944","2026-04-02","145.6","2026-04-03","Rod Grease- Copper Joint 50# PL","IV Cost","2026-04-02","145.6","1","58-4000","07219-26-01","07219-26-01-job"
"39355","2026-04-06","30.52","2026-04-07","2"" Hammer Union","IV Cost","2026-04-06","15.26","2","47-4111","07289-26-01","07289-26-01-job"
"39843","2026-04-07","259.8","2026-04-09","Glove Metacarpal Lg","IV Cost","2026-04-07","12.99","20","47-0250","07230-26-01","07230-26-01-job"
"40258","2026-04-08","145.6","2026-04-09","Joint Compound Copper 50# PL","IV Cost","2026-04-08","145.6","1","58-4000","07227-26-01","07227-26-01-job"
"43831","2026-04-14","5.81","2026-04-15","Nipple 2"" x 4"" XH Blk","IV Cost","2026-04-14","5.811","1","58-4000","07207-26-01","07207-26-01-job"
"43998","2026-04-14","62.94","2026-04-15","Anti Freeze NAPA Extended Life 1EXT (1 gal)","IV Cost","2026-04-14","10.49","6","47-4111","07235-26-01","07235-26-01-job"
"45606","2026-04-16","21.95","2026-04-17","Drink Mix Lemon Lime 50/pk","IV Cost","2026-04-16","21.95","1","48-0250","07227-26-01","07227-26-01-job"
"46754","2026-04-20","24.2","2026-04-21","Brush Scrub Wooden Handle","IV Cost","2026-04-20","6.05","4","47-0810","07262-26-01","07262-26-01-job"
"13680","2026-02-16","62.52","2026-02-17","Tong Die 1/2""x1-1/4""x5"" BJ/wolley Type C CDI-1602","IV Cost","2026-02-16","5.21","12","58-4000","07236-26-01","07236-26-01-job"
"14347","2026-02-17","17.28","2026-02-18","Drinking water 16.9 oz bottle","IV Cost","2026-02-17","4.32","4","47-0250","07230-26-01","07230-26-01-job"
"14708","2026-02-18","82.72","2026-02-19","Lock thermplastic set Masterlock 410KARED04","IV Cost","2026-02-18","41.36","2","47-0250","07230-26-01","07230-26-01-job"
"16798","2026-02-24","65.66","2026-02-25","4 X 6 XH NIPPLE BLK","IV Cost","2026-02-24","32.83","2","58-4000","07272-26-01","07272-26-01-job"
"18633","2026-03-02","363.72","2026-03-03","Glove Metacarpal Lg","IV Cost","2026-03-02","12.99","28","47-0250","07267-26-01","07267-26-01-job"
"19500","2026-03-02","17.28","2026-03-03","SHADED SAFETY GLASSES","IV Cost","2026-03-02","1.44","12","47-0250","07214-26-01","07214-26-01-job"
"19563","2026-03-02","0","2026-03-02","Chain 3/8"" domestic grade 70","IV Cost","2026-03-02","0","50","51-0810","07226-26-01","07226-26-01-job"
"21218","2026-03-05","11.29","2026-03-06","Oil/Floor dry 50# bag","IV Cost","2026-03-05","11.29","1","58-4000","07187-26-01","07187-26-01-job"
"23525","2026-03-10","798","2026-03-11","80W90 Gear Oil 55gal","IV Cost","2026-03-10","798","1","58-4000","07266-26-01","07266-26-01-job"
"23566","2026-03-10","34.02","2026-03-11","PB BLASTER","IV Cost","2026-03-10","5.67","6","47-0810","07214-26-01","07214-26-01-job"
"24702","2026-03-11","103.92","2026-03-12","Glove Metacarpal XL","IV Cost","2026-03-11","12.99","8","47-0250","07280-26-01","07280-26-01-job"
"25851","2026-03-12",".38","2026-03-13","metal 4 yr tags","IV Cost","2026-03-12",".1878","2","48-0250","07227-26-01","07227-26-01-job"
"27929","2026-03-16","29","2026-03-17","Long handle flat shovel","IV Cost","2026-03-16","14.5","2","47-0810","07267-26-01","07267-26-01-job"
"28178","2026-03-16","579","2026-03-17","15W40 Oil 55gal Drum","IV Cost","2026-03-16","579","1","47-4111","07280-26-01","07280-26-01-job"
"30334","2026-03-18","21.6","2026-03-19","5","IV Cost","2026-03-18","4.32","5","47-0250","07240-26-01","07240-26-01-job"
"30734","2026-03-19","19.84","2026-03-20","BREAK CLEANER RED CAN","IV Cost","2026-03-19","4.96","4","47-0810","07201-26-01","07201-26-01-job"
"31412","2026-03-20","62","2026-03-21","326-1644 Fuel Filter","IV Cost","2026-03-20","31","2","48-0810","07227-26-01","07227-26-01-job"
"35779","2026-03-30","51.99","2026-03-31","Garbage Bags 60 gal 100/cs 38x58 2 mil","IV Cost","2026-03-30","51.99","1","49-0810","07291-26-01","07291-26-01-job"
"36182","2026-03-30","46.68","2026-03-31","308-1502 Fuel Filter (CAT)","IV Cost","2026-03-30","23.3375","2","48-0810","07290-26-01","07290-26-01-job"
"36269","2026-03-31","17.28","2026-04-01","Safety Glasses Shaded","IV Cost","2026-03-31","1.44","12","48-0250","07261-26-01","07261-26-01-job"
"37694","2026-04-02","69.1","2026-04-03","Tong Spring B&C BJ009561 BJ style","IV Cost","2026-04-02","6.91","10","47-4111","07235-26-01","07235-26-01-job"
"37945","2026-04-02","208","2026-04-03","Valve Cover Stud 1501562","IV Cost","2026-04-02","26","8","58-4000","07219-26-01","07219-26-01-job"
"39356","2026-04-06","9.12","2026-04-07","Thimble HD 5/8""","IV Cost","2026-04-06","2.28","4","47-0810","07289-26-01","07289-26-01-job"
"39844","2026-04-07","103.92","2026-04-09","Glove Metacarpal XL","IV Cost","2026-04-07","12.99","8","47-0250","07230-26-01","07230-26-01-job"
"40259","2026-04-08","17.28","2026-04-09","Safety Glasses Clear","IV Cost","2026-04-08","1.44","12","48-0250","07227-26-01","07227-26-01-job"
"43832","2026-04-14","15.26","2026-04-15","2"" Hammer Union","IV Cost","2026-04-14","15.26","1","58-4000","07207-26-01","07207-26-01-job"
"43999","2026-04-14","101.32","2026-04-15","3/4"" cable 5' eye to eye choker","IV Cost","2026-04-14","101.32","1","47-4111","07235-26-01","07235-26-01-job"
"45607","2026-04-16","21.78","2026-04-17","Qwik Stilk Zero Fruit Punch 50/pk","IV Cost","2026-04-16","21.78","1","48-0250","07227-26-01","07227-26-01-job"
"46755","2026-04-20","74.46","2026-04-21","Tube Grease Wolfhead Red 88301","IV Cost","2026-04-20","4.38","17","47-0810","07262-26-01","07262-26-01-job"
"13681","2026-02-16","53","2026-02-17","OIL SOAKS (DIAPERS) BAG","IV Cost","2026-02-16","26.5","2","58-4000","07236-26-01","07236-26-01-job"
"14348","2026-02-17","34.44","2026-02-18","RV & Marine Antifreeze -75","IV Cost","2026-02-17","5.74","6","47-4111","07230-26-01","07230-26-01-job"
"14709","2026-02-18","30.52","2026-02-19","2"" Hammer Union","IV Cost","2026-02-18","15.26","2","47-0810","07230-26-01","07230-26-01-job"
"15548","2026-02-20","77.94","2026-02-21","NAPA ANTI FREEZE (1 gal)","IV Cost","2026-02-20","12.99","6","47-0810","07219-26-01","07219-26-01-job"
"16799","2026-02-24","235.72","2026-02-25","Valve Butterfly 4"" Water Tank","IV Cost","2026-02-24","117.86","2","58-4000","07272-26-01","07272-26-01-job"
"18634","2026-03-02","17","2026-03-03","RAGS (BAG) 10LB t-shirt","IV Cost","2026-03-02","8.5","2","47-0810","07267-26-01","07267-26-01-job"
"19501","2026-03-02","36.3","2026-03-03","Brush Rig Scrub","IV Cost","2026-03-02","6.05","6","47-0810","07214-26-01","07214-26-01-job"
"19564","2026-03-02","145","2026-03-03","Binder Ratchet 5/16""-3/8"" DOT Approved Crosby","IV Cost","2026-03-02","72.5","2","51-0810","07226-26-01","07226-26-01-job"
"21219","2026-03-05","53","2026-03-06","OIL SOAKS (DIAPERS) BAG","IV Cost","2026-03-05","26.5","2","58-4000","07187-26-01","07187-26-01-job"
"23526","2026-03-10","8.5","2026-03-11","Tape Electrical 3/4"" Wide","IV Cost","2026-03-10",".85","10","47-0810","07266-26-01","07266-26-01-job"
"23567","2026-03-10","22.92","2026-03-11","100' tape measure","IV Cost","2026-03-10","22.92","1","58-4000","07214-26-01","07214-26-01-job"
"24703","2026-03-11","311.76","2026-03-12","Glove Metacarpal Lg","IV Cost","2026-03-11","12.99","24","47-0250","07280-26-01","07280-26-01-job"
"25852","2026-03-12","12.11","2026-03-13","FULLY CORDED GLOVE","IV Cost","2026-03-12","12.11","1","48-0250","07227-26-01","07227-26-01-job"
"27930","2026-03-16","6.92","2026-03-17","Rebar safety cover DISCA-10","IV Cost","2026-03-16","1.73","4","47-0250","07267-26-01","07267-26-01-job"
"28179","2026-03-16","53","2026-03-17","Soaks Oil (Diapers) Bag 100pcs","IV Cost","2026-03-16","26.5","2","48-0250","07261-26-01","07261-26-01-job"
"30335","2026-03-18","93.92","2026-03-19","safety fence orange 4 x 100","IV Cost","2026-03-18","23.48","4","58-4000","07258-26-01","07258-26-01-job"
"31413","2026-03-20","410.33","2026-03-21","Mud Ballance Scale","IV Cost","2026-03-20","410.33","1","48-0810","07227-26-01","07227-26-01-job"
"35780","2026-03-30","31.05","2026-03-31","1/4"" Sash Cord 100' roll","IV Cost","2026-03-30","10.35","3","49-0810","07291-26-01","07291-26-01-job"
"36183","2026-03-30","62","2026-03-31","326-1644 Fuel Filter","IV Cost","2026-03-30","31","2","48-0810","07290-26-01","07290-26-01-job"
"36270","2026-03-31","120.92","2026-04-01","Cutting Wheel 4-1/2 x.45 x 7/8""","IV Cost","2026-03-31","2.4184","50","48-0810","07261-26-01","07261-26-01-job"
"37695","2026-04-02","79.02","2026-04-03","Anti Freeze NAPA Extended Life 1EXT (1 gal)","IV Cost","2026-04-02","13.17","6","47-0810","07235-26-01","07235-26-01-job"
"37946","2026-04-02","6.32","2026-04-03","Valve Stud Nuts 1501555 75CN2Z 0124748","IV Cost","2026-04-02",".79","8","58-4000","07219-26-01","07219-26-01-job"
"39357","2026-04-06","249.99","2026-04-07","Insert Slip BAASH Ross CDI-3402","IV Cost","2026-04-06","19.23","13","47-4111","07289-26-01","07289-26-01-job"
"39845","2026-04-07","51.96","2026-04-09","Glove Metacarpal 2X","IV Cost","2026-04-07","12.99","4","47-0250","07230-26-01","07230-26-01-job"
"40260","2026-04-08","38.28","2026-04-09","Spray Paint Rustoleum Safety Blue 1624830","IV Cost","2026-04-08","6.38","6","48-0810","07227-26-01","07227-26-01-job"
"43833","2026-04-14","232.62","2026-04-15","Flange ball bearing F4BSC108 Dodge 4 bolt","IV Cost","2026-04-14","116.31","2","47-0810","07147-26-01","07147-26-01-job"
"44000","2026-04-14","311.76","2026-04-15","Glove Metacarpal Lg","IV Cost","2026-04-14","12.99","24","47-0250","07235-26-01","07235-26-01-job"
"45608","2026-04-16","1972.58","2026-04-17","Valve Asm TT560  4001181","IV Cost","2026-04-16","328.763","6","58-4000","07147-26-01","07147-26-01-job"
"46756","2026-04-20","54.81","2026-04-21","Towel Scrim Roll D-570","IV Cost","2026-04-20","54.81","1","47-0810","07262-26-01","07262-26-01-job"
"13682","2026-02-16","25.92","2026-02-17","Drinking water 16.9 oz bottle","IV Cost","2026-02-16","4.32","6","47-0250","07236-26-01","07236-26-01-job"
"14710","2026-02-18","17","2026-02-19","RAGS (BAG) 10LB t-shirt","IV Cost","2026-02-18","8.5","2","47-0810","07242-26-01","07242-26-01-job"
"15549","2026-02-20","31.96","2026-02-21","WD-40 11 oz Spray Can","IV Cost","2026-02-20","7.99","4","47-0810","07219-26-01","07219-26-01-job"
"16800","2026-02-24","14","2026-02-25","2 GAL PUMP SPRAYER 86430170","IV Cost","2026-02-24","14","1","49-0810","07272-26-01","07272-26-01-job"
"18635","2026-03-02","36.66","2026-03-03","4 LB HAMMER","IV Cost","2026-03-02","18.33","2","47-0810","07267-26-01","07267-26-01-job"
"19502","2026-03-02","54.81","2026-03-03","Towel scrim blue Roll D-575","IV Cost","2026-03-02","54.81","1","47-0810","07214-26-01","07214-26-01-job"
"19565","2026-03-02","96.88","2026-03-03","Hook 3/8"" Grade 70 clevis grab domestic","IV Cost","2026-03-02","24.22","4","51-0810","07226-26-01","07226-26-01-job"
"21220","2026-03-05","562.93","2026-03-06","15W40 Oil 55gal Drum","IV Cost","2026-03-05","562.93","1","58-4000","07214-26-01","07214-26-01-job"
"23527","2026-03-10","119","2026-03-11","4 1/2x.45x7/8"" CUTTING WHEEL","IV Cost","2026-03-10","2.38","50","47-0810","07266-26-01","07266-26-01-job"
"23568","2026-03-10","54.04","2026-03-11","Whip Checks Nylon 48""","IV Cost","2026-03-10","13.51","4","47-0250","07214-26-01","07214-26-01-job"
"24704","2026-03-11","71.1","2026-03-12","TUBE GREASE Wolfhead red 88301","IV Cost","2026-03-11","3.95","18","47-0810","07280-26-01","07280-26-01-job"
"25853","2026-03-12","333","2026-03-13","3/8 Winch Line","IV Cost","2026-03-12","1.85","180","48-0810","07227-26-01","07227-26-01-job"
"27931","2026-03-16","6","2026-03-17","O-Ring Hex washpipe 568243/020","IV Cost","2026-03-16","2","3","58-4000","07196-26-01","07196-26-01-job"
"28180","2026-03-16","262.65","2026-03-17","ISO/AW-46 HYD OIL","IV Cost","2026-03-16","52.53","5","58-4000","07261-26-01","07261-26-01-job"
"30336","2026-03-18","141.8","2026-03-19","t-post 6' for safety fence","IV Cost","2026-03-18","7.09","20","58-4000","07258-26-01","07258-26-01-job"
"35781","2026-03-30","79.19","2026-03-31","Dawn Pro 5 gal","IV Cost","2026-03-30","79.19","1","49-0810","07291-26-01","07291-26-01-job"
"36184","2026-03-30","105","2026-03-31","Screen Shaker 4x5 14 Mesh","IV Cost","2026-03-30","105","1","58-4000","07219-26-01","07219-26-01-job"
"36271","2026-03-31","20.46","2026-04-01","Washer Fluid 1 gal","IV Cost","2026-03-31","3.41","6","48-0250","07261-26-01","07261-26-01-job"
"37696","2026-04-02","399.54","2026-04-03","Turnbuckle Crosby HG228 Jaw & Jaw 1X24","IV Cost","2026-04-02","399.54","1","47-0250","07235-26-01","07235-26-01-job"
"37947","2026-04-02","259.8","2026-04-03","Glove Metacarpal Lg","IV Cost","2026-04-02","12.99","20","47-0250","07219-26-01","07219-26-01-job"
"39358","2026-04-06","74","2026-04-07","Die Tong Power  BJ 2-3/8"" X 2-3/8"" CDI-7002","IV Cost","2026-04-06","18.5","4","47-4111","07289-26-01","07289-26-01-job"
"39846","2026-04-07","145.6","2026-04-09","Joint Compound Copper 50# PL","IV Cost","2026-04-07","145.6","1","47-4111","07230-26-01","07230-26-01-job"
"40261","2026-04-08","8.5","2026-04-09","Rags 10# Bag","IV Cost","2026-04-08","8.5","1","48-0810","07227-26-01","07227-26-01-job"
"43834","2026-04-14","52.3","2026-04-15","Oil Seal 417362 5.75 x 6.75 x .500","IV Cost","2026-04-14","52.3","1","47-0810","07147-26-01","07147-26-01-job"
"44001","2026-04-14","380.13","2026-04-15","Hydraulic Oil Anti-Wear ISO 46 Drum","IV Cost","2026-04-14","380.13","1","47-4111","07235-26-01","07235-26-01-job"
"45609","2026-04-16","24.14","2026-04-17","Cushion 2"" 1375-5000psi ORVSC-4110","IV Cost","2026-04-16","24.14","1","58-4000","07147-26-01","07147-26-01-job"
"46757","2026-04-20","32.2","2026-04-21","Pin Shear PRV 20 Red Pop Off-pins 10/pk","IV Cost","2026-04-20","32.2","1","58-4000","07262-26-01","07262-26-01-job"
"14711","2026-02-18","51.99","2026-02-19","Garbage Bags 60 gal 100/cs 38x58 2 mil","IV Cost","2026-02-18","51.99","1","47-0810","07242-26-01","07242-26-01-job"
"15550","2026-02-20","118.17","2026-02-21","ISO/AW-46 HYD OIL","IV Cost","2026-02-20","39.39","3","58-4000","07219-26-01","07219-26-01-job"
"16801","2026-02-24","6.05","2026-02-25","Brush Rig Scrub","IV Cost","2026-02-24","6.05","1","49-0810","07272-26-01","07272-26-01-job"
"18636","2026-03-02","13.5","2026-03-03","20lb propane cylinder w/gas","IV Cost","2026-03-02","13.5","1","47-0810","07267-26-01","07267-26-01-job"
"19503","2026-03-02","8.5","2026-03-03","RAGS (BAG) 10LB t-shirt","IV Cost","2026-03-02","8.5","1","47-0810","07214-26-01","07214-26-01-job"
"19582","2026-03-02","50.62","2026-03-03","track shovel","IV Cost","2026-03-02","25.31","2","51-0810","07264-26-01","07264-26-01-job"
"21221","2026-03-05","798","2026-03-06","80W90 Gear Oil 55gal","IV Cost","2026-03-05","798","1","58-4000","07214-26-01","07214-26-01-job"
"23528","2026-03-10","287.46","2026-03-11","Insert Slip  Baash Ross DU 4-1/2""x3-1/2"" CDI3404","IV Cost","2026-03-10","15.97","18","58-4000","07266-26-01","07266-26-01-job"
"23569","2026-03-10","103.98","2026-03-11","Garbage Bags 60 gal 100/cs 38x58 2 mil","IV Cost","2026-03-10","51.99","2","47-0810","07214-26-01","07214-26-01-job"
"24705","2026-03-11","77.94","2026-03-12","NAPA ANTI FREEZE (1 gal)","IV Cost","2026-03-11","12.99","6","47-0810","07280-26-01","07280-26-01-job"
"25854","2026-03-12","64.22","2026-03-13","Blade 44 7/8""x1/2""x.020"" 14TPI Morse ZWEP4418MC","IV Cost","2026-03-12","16.054","4","58-4000","07196-26-01","07196-26-01-job"
"27932","2026-03-16","550","2026-03-17","Hex Brass Bushing SW221420/005","IV Cost","2026-03-16","550","1","58-4000","07196-26-01","07196-26-01-job"
"28181","2026-03-16","145.6","2026-03-17","ROD GREASE- BOL CU JOINT 50# PL 630050","IV Cost","2026-03-16","145.6","1","58-4000","07261-26-01","07261-26-01-job"
"35782","2026-03-30","49.05","2026-03-31","WD-40 11 oz Spray Can","IV Cost","2026-03-30","9.81","5","49-0810","07291-26-01","07291-26-01-job"
"36185","2026-03-30","87.31","2026-03-31","Nosing Rubber 1/4""T x 60""F/single std shaker","IV Cost","2026-03-30","43.654","2","58-4000","07219-26-01","07219-26-01-job"
"36272","2026-03-31","21.6","2026-04-01","Drinking water 16.9 oz bottle","IV Cost","2026-03-31","4.32","5","47-0250","07286-26-01","07286-26-01-job"
"37697","2026-04-02","90.75","2026-04-03","Fire Extinguisher 20#","IV Cost","2026-04-02","30.25","3","47-0250","07235-26-01","07235-26-01-job"
"37948","2026-04-02","26.5","2026-04-03","Oil Soaks (Diapers) Bag 100pcs","IV Cost","2026-04-02","26.5","1","47-0250","07219-26-01","07219-26-01-job"
"39359","2026-04-06","11.39","2026-04-07","Spring Insert Safety Clamp Type C CDI-3334","IV Cost","2026-04-06","1.8983333333","6","47-4111","07289-26-01","07289-26-01-job"
"39847","2026-04-07","17","2026-04-09","Rags 10# Bag","IV Cost","2026-04-07","8.5","2","47-0810","07230-26-01","07230-26-01-job"
"40262","2026-04-08","23.67","2026-04-09","Filter Inlet 1/2NP #800986 for pressure washer","IV Cost","2026-04-08","23.67","1","48-0810","07227-26-01","07227-26-01-job"
"43835","2026-04-14","90.72","2026-04-15","PB Blaster 16-PB-DS 11oz","IV Cost","2026-04-14","5.67","16","51-0600","07286-26-01","07286-26-01-job"
"44002","2026-04-14","798","2026-04-15","Gear Oil 80W90 55Gal Drum","IV Cost","2026-04-14","798","1","47-4111","07235-26-01","07235-26-01-job"
"45610","2026-04-16","33.65","2026-04-17","Piston 2"" & 3"" 5000psi ORVSP-4710","IV Cost","2026-04-16","33.65","1","58-4000","07147-26-01","07147-26-01-job"
"46758","2026-04-20","24.8","2026-04-21","Break Cleaner Red Can","IV Cost","2026-04-20","4.96","5","47-0810","07300-26-01","07300-26-01-job"
"14712","2026-02-18","51.76","2026-02-19","Glove Metacarpal Lg","IV Cost","2026-02-18","12.94","4","47-0250","07242-26-01","07242-26-01-job"
"15551","2026-02-20","8.5","2026-02-21","RAGS (BAG) 10LB t-shirt","IV Cost","2026-02-20","8.5","1","47-0810","07219-26-01","07219-26-01-job"
"16690","2026-02-24","36.75","2026-02-25","3"" Alum Female Coupler x Female","IV Cost","2026-02-24","12.25","3","47-0810","07252-26-01","07252-26-01-job"
"18637","2026-03-02","420","2026-03-03","hose 2"" suction pvc mxf cams 25'","IV Cost","2026-03-02","105","4","58-4000","07227-26-01","07227-26-01-job"
"19504","2026-03-02","22.78","2026-03-03","Silver Anti Sieze 1 lb Brush in Cap 76764","IV Cost","2026-03-02","22.78","1","47-0810","07214-26-01","07214-26-01-job"
"19583","2026-03-02","27.8","2026-03-03","8 LB SLEDGE HAMMER","IV Cost","2026-03-02","27.8","1","51-0810","07264-26-01","07264-26-01-job"
"21222","2026-03-05","13.26","2026-03-06","CLEAR SILICONE","IV Cost","2026-03-05","6.63","2","47-0810","07214-26-01","07214-26-01-job"
"23529","2026-03-10","26.5","2026-03-11","OIL SOAKS (DIAPERS) BAG","IV Cost","2026-03-10","26.5","1","47-0810","07266-26-01","07266-26-01-job"
"23570","2026-03-10","28.92","2026-03-11","BREAK CLEANER RED CAN","IV Cost","2026-03-10","4.82","6","47-0810","07214-26-01","07214-26-01-job"
"24706","2026-03-11","51.99","2026-03-12","Garbage Bags 60 gal 100/cs 38x58 2 mil","IV Cost","2026-03-11","51.99","1","47-0810","07280-26-01","07280-26-01-job"
"25855","2026-03-12","201","2026-03-13","TUBE GREASE Wolfhead red 88301","IV Cost","2026-03-12","4.02","50","58-4000","07196-26-01","07196-26-01-job"
"27933","2026-03-16","99.36","2026-03-17","15W-40 MOTOR OIL GL","IV Cost","2026-03-16","16.56","6","58-4000","07196-26-01","07196-26-01-job"
"28182","2026-03-16","6.93","2026-03-17","ROD GREASE BRUSHES","IV Cost","2026-03-16","6.93","1","48-0810","07261-26-01","07261-26-01-job"
"35783","2026-03-30","55.8","2026-03-31","Fluid film AS11 11.75oz","IV Cost","2026-03-30","11.16","5","49-0810","07291-26-01","07291-26-01-job"
"36186","2026-03-30","70.8","2026-03-31","t-post 6' for safety fence","IV Cost","2026-03-30","7.08","10","58-4000","07219-26-01","07219-26-01-job"
"36273","2026-03-31","22.92","2026-04-01","100' tape measure","IV Cost","2026-03-31","22.92","1","58-4000","07286-26-01","07286-26-01-job"
"37698","2026-04-02","44.46","2026-04-03","Magnetic flag holder mf101","IV Cost","2026-04-02","7.41","6","48-0250","07290-26-01","07290-26-01-job"
"37949","2026-04-02","45.96","2026-04-03","Cleaning Solvent Citra Blast 5 gal pail","IV Cost","2026-04-02","45.96","1","47-0810","07219-26-01","07219-26-01-job"
"39848","2026-04-07","79.19","2026-04-09","Dawn Pro 5 gal","IV Cost","2026-04-07","79.19","1","47-0250","07230-26-01","07230-26-01-job"
"41431","2026-04-09","3.04","2026-04-10","Tape Electrical 1 1/2"" wide","IV Cost","2026-04-09","3.04","1","48-0810","07290-26-01","07290-26-01-job"
"43836","2026-04-14","59.52","2026-04-15","Break Cleaner Red Can","IV Cost","2026-04-14","4.96","12","51-0600","07286-26-01","07286-26-01-job"
"44003","2026-04-14","89.9","2026-04-15","Dawn Pro 5 gal","IV Cost","2026-04-14","89.9","1","47-0810","07258-26-01","07258-26-01-job"
"44081","2026-04-14","265","2026-04-15","Fire Extinguisher 20#","IV Cost","2026-04-14","53","5","46-0250","07251-26-01","07251-26-01-job"
"45611","2026-04-16","15.26","2026-04-17","Hammer Union 2""","IV Cost","2026-04-16","15.26","1","47-0810","07147-26-01","07147-26-01-job"
"46759","2026-04-20","28.35","2026-04-21","PB Blaster 16-PB-DS 11oz","IV Cost","2026-04-20","5.67","5","47-0810","07300-26-01","07300-26-01-job"
"14713","2026-02-18","51.76","2026-02-19","Glove Metacarpal XL","IV Cost","2026-02-18","12.94","4","47-0250","07242-26-01","07242-26-01-job"
"15552","2026-02-20","53","2026-02-21","OIL SOAKS (DIAPERS) BAG","IV Cost","2026-02-20","26.5","2","47-0250","07219-26-01","07219-26-01-job"
"16691","2026-02-24","12.15","2026-02-25","3"" Alum Male Adapter x Female NPT","IV Cost","2026-02-24","4.05","3","47-0810","07252-26-01","07252-26-01-job"
"18638","2026-03-02","0","2026-03-02","Glove Metacarpal XLG orange rubber","IV Cost","2026-03-02","0","1","48-0250","07227-26-01","07227-26-01-job"
"19505","2026-03-02","207.04","2026-03-03","Glove Metacarpal XL","IV Cost","2026-03-02","12.94","16","47-0250","07214-26-01","07214-26-01-job"
"21223","2026-03-05","789.48","2026-03-06","Hook 2 ton Crosby 3/8"" S1326","IV Cost","2026-03-05","394.74","2","58-5000","07233-26-01","07233-26-01-job"
"23530","2026-03-10","13.5","2026-03-11","20lb propane cylinder w/gas","IV Cost","2026-03-10","13.5","1","58-4000","07266-26-01","07266-26-01-job"
"23571","2026-03-10","6.28","2026-03-11","2 X 1 FS HEX BUSHING","IV Cost","2026-03-10","6.28","1","58-4000","07227-26-01","07227-26-01-job"
"24707","2026-03-11","200","2026-03-12","Air Hose yellow 3/4id 500psi non-conductive","IV Cost","2026-03-11","2","100","47-0810","07280-26-01","07280-26-01-job"
"25856","2026-03-12","695","2026-03-13","3.5 Hex Washpipe 220841/005 (8-1/4"")","IV Cost","2026-03-12","695","1","58-4000","07196-26-01","07196-26-01-job"
"27934","2026-03-16","187.02","2026-03-17","Glove Metacarpal LG orange rubber","IV Cost","2026-03-16","93.51","2","47-0250","07280-26-01","07280-26-01-job"
"28183","2026-03-16","27.84","2026-03-17","Pip Glove Lg","IV Cost","2026-03-16","27.84","1","48-0250","07261-26-01","07261-26-01-job"
"35784","2026-03-30","8.38","2026-03-31","Duct Tape 2"" X 60 YRD","IV Cost","2026-03-30","4.1883333333","2","49-0810","07291-26-01","07291-26-01-job"
"36187","2026-03-30","51.99","2026-03-31","Garbage Bags 60 gal 100/cs 38x58 2 mil","IV Cost","2026-03-30","51.99","1","47-0810","07219-26-01","07219-26-01-job"
"36274","2026-03-31","64.4","2026-04-01","Pin shear PRV 20 red pop off pins 10/pk","IV Cost","2026-03-31","32.2","2","58-4000","07286-26-01","07286-26-01-job"
"37699","2026-04-02","17","2026-04-03","Rags 10# Bag","IV Cost","2026-04-02","8.5","2","48-0810","07290-26-01","07290-26-01-job"
"37950","2026-04-02","235.72","2026-04-03","Valve Butterfly 4"" Water Tank","IV Cost","2026-04-02","117.86","2","58-4000","07219-26-01","07219-26-01-job"
"39849","2026-04-07","17.01","2026-04-09","PB Blaster 16-PB-DS 11oz","IV Cost","2026-04-07","5.67","3","47-0810","07230-26-01","07230-26-01-job"
"43837","2026-04-14","5","2026-04-15","Tape White Flaggers 1-3/16 x 300","IV Cost","2026-04-14","2.5","2","51-0250","07286-26-01","07286-26-01-job"
"44004","2026-04-14","45.96","2026-04-15","Cleaning Solvent Citra Blast 5 gal pail","IV Cost","2026-04-14","45.96","1","47-0810","07258-26-01","07258-26-01-job"
"44082","2026-04-14","33.5","2026-04-15","Fire Extinguisher 10#","IV Cost","2026-04-14","33.5","1","46-0250","07251-26-01","07251-26-01-job"
"45612","2026-04-16","3.71","2026-04-17","Nipple 2"" x Close XH Blk","IV Cost","2026-04-16","3.71","1","47-0810","07147-26-01","07147-26-01-job"
"46760","2026-04-20","54.65","2026-04-21","Handle Wooden 8# Sledgehammer","IV Cost","2026-04-20","10.93","5","47-0810","07300-26-01","07300-26-01-job"
"15553","2026-02-20","210","2026-02-21","Rig Mat Spiilfyter M-151 poly backed 57x80","IV Cost","2026-02-20","210","1","47-0250","07219-26-01","07219-26-01-job"
"16692","2026-02-24","6.87","2026-02-25","2"" Alum Male Adapter x Female NPT","IV Cost","2026-02-24","2.29","3","47-0810","07252-26-01","07252-26-01-job"
"18639","2026-03-02","32.2","2026-03-03","Pin shear PRV 20 red pop off pins 10/pk","IV Cost","2026-03-02","32.2","1","58-4000","07227-26-01","07227-26-01-job"
"19506","2026-03-02","259.8","2026-03-03","Glove Metacarpal Lg","IV Cost","2026-03-02","12.99","20","47-0250","07214-26-01","07214-26-01-job"
"21224","2026-03-05","21.32","2026-03-06","shackle 3/8""","IV Cost","2026-03-05","10.66","2","58-5000","07233-26-01","07233-26-01-job"
"23572","2026-03-10","2.74","2026-03-11","1 X 3 XH BLK NIPPLE","IV Cost","2026-03-10","2.74","1","58-4000","07227-26-01","07227-26-01-job"
"24708","2026-03-11","53","2026-03-12","OIL SOAKS (DIAPERS) BAG","IV Cost","2026-03-11","26.5","2","47-0250","07201-26-01","07201-26-01-job"
"25857","2026-03-12","156.5","2026-03-13","3.5 Packing for Hex Washpipe 72355/005","IV Cost","2026-03-12","156.5","1","58-4000","07196-26-01","07196-26-01-job"
"27935","2026-03-16","876.4","2026-03-17","Steel Pipe 16""x312x20 ft P/E","IV Cost","2026-03-16","43.82","20","58-1000","07293-26-01","07293-26-01-job"
"28184","2026-03-16","24.22","2026-03-17","FULLY CORDED GLOVE","IV Cost","2026-03-16","12.11","2","48-0250","07261-26-01","07261-26-01-job"
"35785","2026-03-30","399.36","2026-03-31","Valve Cover 4001145","IV Cost","2026-03-30","399.36","1","58-4000","07227-26-01","07227-26-01-job"
"36188","2026-03-30","8.5","2026-03-31","Rags (bag) 10 Lb","IV Cost","2026-03-30","8.5","1","47-0810","07219-26-01","07219-26-01-job"
"36275","2026-03-31","21.6","2026-04-01","Drinking water 16.9 oz bottle","IV Cost","2026-03-31","4.32","5","47-0250","07280-26-01","07280-26-01-job"
"37700","2026-04-02","311.76","2026-04-03","Glove Metacarpal XL","IV Cost","2026-04-02","12.99","24","48-0250","07290-26-01","07290-26-01-job"
"37951","2026-04-02","86.24","2026-04-03","Hook 3/8"" Grade 70 clevis grab domestic","IV Cost","2026-04-02","21.56","4","47-0810","07219-26-01","07219-26-01-job"
"39850","2026-04-07","29.43","2026-04-09","WD-40 11 oz Spray Can","IV Cost","2026-04-07","9.81","3","47-0810","07230-26-01","07230-26-01-job"
"43838","2026-04-14","0","2026-04-14","Chain 3/8"" Domestic Grade 70","IV Cost","2026-04-14","0","37","51-0600","07286-26-01","07286-26-01-job"
"44005","2026-04-14","8.5","2026-04-15","Rags 10# Bag","IV Cost","2026-04-14","8.5","1","47-0810","07258-26-01","07258-26-01-job"
"44083","2026-04-14","19","2026-04-15","Fire Extinguisher 5#","IV Cost","2026-04-14","19","1","46-0250","07251-26-01","07251-26-01-job"
"45613","2026-04-16","4.84","2026-04-17","Nipple 2"" x 3"" XH Blk","IV Cost","2026-04-16","4.84","1","47-0810","07147-26-01","07147-26-01-job"
"46761","2026-04-20","599.49","2026-04-21","Oil 15W40 55Gal Drum","IV Cost","2026-04-20","599.49","1","58-4000","07300-26-01","07300-26-01-job"
"15554","2026-02-20","18.15","2026-02-21","Brush Rig Scrub","IV Cost","2026-02-20","6.05","3","47-0810","07219-26-01","07219-26-01-job"
"16693","2026-02-24","12.6","2026-02-25","2"" Alum Female Coupler x Female","IV Cost","2026-02-24","6.3","2","47-0810","07252-26-01","07252-26-01-job"
"18640","2026-03-02","210","2026-03-03","Rig Mat Spiilfyter M-151 poly backed 57x80","IV Cost","2026-03-02","210","1","48-0810","07227-26-01","07227-26-01-job"
"19507","2026-03-02","103.52","2026-03-03","Glove Metacarpal Med","IV Cost","2026-03-02","12.94","8","47-0250","07214-26-01","07214-26-01-job"
"21225","2026-03-05","0","2026-03-05","Chain 3/8"" domestic grade 70","IV Cost","2026-03-05","0","4","58-5000","07233-26-01","07233-26-01-job"
"23573","2026-03-10","3.62","2026-03-11","1 1/4 x 1 FS Hex Bushing","IV Cost","2026-03-10","3.62","1","58-4000","07227-26-01","07227-26-01-job"
"24709","2026-03-11","25.56","2026-03-12","Flourscent Red paint stick","IV Cost","2026-03-11","2.13","12","47-4111","07201-26-01","07201-26-01-job"
"25858","2026-03-12","17","2026-03-13","RAGS (BAG) 10LB t-shirt","IV Cost","2026-03-12","8.5","2","47-0810","07196-26-01","07196-26-01-job"
"35786","2026-03-30","176.32","2026-03-31","Pipe 48"" x 20' Corrugated Galv 16 Ga","IV Cost","2026-03-30","88.16","2","58-1000","07299-26-01","07299-26-01-job"
"36189","2026-03-30","26.5","2026-03-31","Oil Soaks (Diapers) Bag 100pcs","IV Cost","2026-03-30","26.5","1","47-0810","07219-26-01","07219-26-01-job"
"37701","2026-04-02","19.34","2026-04-03","300DC Alum Dust Cap 3""","IV Cost","2026-04-02","9.67","2","48-0810","07290-26-01","07290-26-01-job"
"37952","2026-04-02","0","2026-04-02","Chain 3/8"" domestic grade 70","IV Cost","2026-04-02","0","45","47-0810","07219-26-01","07219-26-01-job"
"39851","2026-04-07","383.28","2026-04-09","Insert Slip  Baash Ross DU 4-1/2""x3-1/2"" CDI3404","IV Cost","2026-04-07","15.97","24","47-4111","07230-26-01","07230-26-01-job"
"43839","2026-04-14","0","2026-04-14","Chain 3/8"" Domestic Grade 70","IV Cost","2026-04-14","0","37","51-0810","07306-26-01","07306-26-01-job"
"44006","2026-04-14","90","2026-04-15","Glove Metacarpal LG orange rubber","IV Cost","2026-04-14","90","1","47-0250","07258-26-01","07258-26-01-job"
"45614","2026-04-16","15.7","2026-04-17","Elbow 2"" XH Blk MI 90","IV Cost","2026-04-16","15.7","1","47-0810","07147-26-01","07147-26-01-job"
"46762","2026-04-20","496.49","2026-04-21","Hydraulic Oil Anti-Wear ISO 46 Drum","IV Cost","2026-04-20","496.49","1","58-4000","07300-26-01","07300-26-01-job"
"15555","2026-02-20","49","2026-02-21","3"" Alum Dust Cap","IV Cost","2026-02-20","12.25","4","58-4000","07219-26-01","07219-26-01-job"
"16694","2026-02-24","28.86","2026-02-25","Hinge Weld-On 6"" steel barrel w/grease fitting","IV Cost","2026-02-24","4.81","6","47-0810","07252-26-01","07252-26-01-job"
"19508","2026-03-02","2.82","2026-03-03","metal 4 yr tags","IV Cost","2026-03-02",".1878","15","47-0250","07147-26-01","07147-26-01-job"
"21226","2026-03-05","87.26","2026-03-06","Nosing Rubber 1/4""T x 60""F/single std shaker","IV Cost","2026-03-05","43.63","2","47-4111","07201-26-01","07201-26-01-job"
"23574","2026-03-10","40.38","2026-03-11","Safety yellow spray paint Rustoleum 1644830","IV Cost","2026-03-10","6.73","6","48-0810","07227-26-01","07227-26-01-job"
"24710","2026-03-11","291.2","2026-03-12","ROD GREASE- BOL CU JOINT 50# PL 630050","IV Cost","2026-03-11","145.6","2","47-4111","07201-26-01","07201-26-01-job"
"25859","2026-03-12","91.92","2026-03-13","citrus blast cleaning solvent 5 gal pail","IV Cost","2026-03-12","45.96","2","47-0810","07196-26-01","07196-26-01-job"
"35787","2026-03-30","19.89","2026-03-31","Gasket Valve Cover 540/560 5001054","IV Cost","2026-03-30","6.63","3","58-4000","07227-26-01","07227-26-01-job"
"36295","2026-03-31","210","2026-04-01","Rig Mat Spiilfyter M-151 poly backed 57x80","IV Cost","2026-03-31","210","1","46-0810","07251-26-01","07251-26-01-job"
"37702","2026-04-02","51.99","2026-04-03","Garbage Bags 60 gal 100/cs 38x58 2 mil","IV Cost","2026-04-02","51.99","1","48-0810","07290-26-01","07290-26-01-job"
"37953","2026-04-02","198.9","2026-04-03","Bolt tension assy Shaker Screen","IV Cost","2026-04-02","66.3","3","58-4000","07219-26-01","07219-26-01-job"
"39852","2026-04-07","15","2026-04-09","Fire Extinguisher 10#","IV Cost","2026-04-07","15","1","47-0250","07286-26-01","07286-26-01-job"
"43840","2026-04-14","212.28","2026-04-15","Binder Ratchet 5/16""-3/8"" DOT Approved","IV Cost","2026-04-14","70.76","3","51-0810","07306-26-01","07306-26-01-job"
"44007","2026-04-14","9.48","2026-04-15","Brush Wire Wooden Shoe Handle","IV Cost","2026-04-14","2.37","4","47-0810","07258-26-01","07258-26-01-job"
"45615","2026-04-16","9.2","2026-04-17","Coupling 2"" 3M Full","IV Cost","2026-04-16","9.2","1","47-0810","07147-26-01","07147-26-01-job"
"46763","2026-04-20","62.94","2026-04-21","Anti Freeze NAPA Extended Life 1EXT (1 gal)","IV Cost","2026-04-20","10.49","6","58-4000","07300-26-01","07300-26-01-job"
"15556","2026-02-20","197.5","2026-02-21","TUBE GREASE Wolfhead red 88301","IV Cost","2026-02-20","3.95","50","58-4000","07219-26-01","07219-26-01-job"
"16695","2026-02-24","1.92","2026-02-25","Soap Stone; Flat","IV Cost","2026-02-24",".16","12","47-0810","07252-26-01","07252-26-01-job"
"21227","2026-03-05","265.2","2026-03-06","Bolt tension assy Shaker Screen","IV Cost","2026-03-05","66.3","4","47-4111","07201-26-01","07201-26-01-job"
"23534","2026-03-10","184.8","2026-03-11","Pipe PVC 8""x20' sch 40 bell on one end","IV Cost","2026-03-10","184.8","1","47-4111","07235-26-01","07235-26-01-job"
"25860","2026-03-12","9.67","2026-03-13","3"" Alum Dust Cap","IV Cost","2026-03-12","9.67","1","48-0810","07229-26-01","07229-26-01-job"
"35788","2026-03-30","51.99","2026-03-31","Garbage Bags 60 gal 100/cs 38x58 2 mil","IV Cost","2026-03-30","51.99","1","51-0810","07206-26-01","07206-26-01-job"
"39853","2026-04-07","1.88","2026-04-09","Inspection Tags 4-Year Plastic Fire Extinguisher","IV Cost","2026-04-07",".1878","10","47-0250","07286-26-01","07286-26-01-job"
"43841","2026-04-14","64.68","2026-04-15","Hook 3/8"" Grade 70 clevis grab domestic","IV Cost","2026-04-14","21.56","3","51-0810","07306-26-01","07306-26-01-job"
"44008","2026-04-14","14","2026-04-15","Pump Sprayer 2 gal","IV Cost","2026-04-14","14","1","47-0810","07258-26-01","07258-26-01-job"
"45616","2026-04-16","35.26","2026-04-17","Elbow 2"" XH Blk MI 90 St","IV Cost","2026-04-16","35.26","1","47-0810","07147-26-01","07147-26-01-job"
"46764","2026-04-20","41","2026-04-21","Ground Rods 8'","IV Cost","2026-04-20","20.5","2","47-0250","07260-26-01","07260-26-01-job"
"43842","2026-04-14","103.98","2026-04-15","Garbage Bags 60 gal 100/cs 38x58 2 mil","IV Cost","2026-04-14","51.99","2","51-0810","07306-26-01","07306-26-01-job"
"44009","2026-04-14","39.68","2026-04-15","Break Cleaner Red Can","IV Cost","2026-04-14","4.96","8","47-0810","07258-26-01","07258-26-01-job"
"45617","2026-04-16","7.02","2026-04-17","Pipe Dope 4oz Brush in Cap","IV Cost","2026-04-16","7.02","1","47-0810","07147-26-01","07147-26-01-job"
"46765","2026-04-20","29.7","2026-04-21","Copper Ground Wire #6","IV Cost","2026-04-20","1.35","22","47-0250","07260-26-01","07260-26-01-job"
"43843","2026-04-14","5","2026-04-15","Cutting Wheel 4-1/2 x .45"" x 7/8""","IV Cost","2026-04-14","2.5","2","51-0810","07306-26-01","07306-26-01-job"
"44010","2026-04-14","47.43","2026-04-15","Handle 4# Hammer Wood","IV Cost","2026-04-14","7.905","6","47-0810","07258-26-01","07258-26-01-job"
"45618","2026-04-16","5.17","2026-04-17","Tie Wire 16 Gauge 3.5# Coil Annealed","IV Cost","2026-04-16","5.17","1","47-0810","07267-26-01","07267-26-01-job"
"46766","2026-04-20","8.5","2026-04-21","Tape Electrical 3/4"" Wide","IV Cost","2026-04-20",".85","10","47-4111","07260-26-01","07260-26-01-job"
"43855","2026-04-14","17.28","2026-04-15","Drinking Water 16.9 oz Bottle Case","IV Cost","2026-04-14","4.32","4","47-0250","07289-26-01","07289-26-01-job"
"44011","2026-04-14","351.4","2026-04-15","Turnbuckle HG228 Jaw & Jaw 1"" x 24""","IV Cost","2026-04-14","351.4","1","58-4000","07258-26-01","07258-26-01-job"
"45619","2026-04-16","13.65","2026-04-17","Respirator Particulate 3M-8210","IV Cost","2026-04-16","13.65","1","47-0250","07267-26-01","07267-26-01-job"
"43856","2026-04-14","18.15","2026-04-15","Brush Scrub Wooden Handle","IV Cost","2026-04-14","6.05","3","47-0810","07289-26-01","07289-26-01-job"
"44012","2026-04-14","120.72","2026-04-15","Power Tong Die 3-1/2"" BJ CDI-1505","IV Cost","2026-04-14","5.03","24","58-4000","07258-26-01","07258-26-01-job"
"45620","2026-04-16","21.5","2026-04-17","Nylon Sling 2 ply 1"" x 6'","IV Cost","2026-04-16","10.75","2","47-0250","07267-26-01","07267-26-01-job"
"43857","2026-04-14","5.44","2026-04-15","Towellette Lens cleaning","IV Cost","2026-04-14","5.44","1","47-0250","07289-26-01","07289-26-01-job"
"44013","2026-04-14","36","2026-04-21","Camlock 300B Alum Fem x 3"" Male NPT 3""","IV Cost","2026-04-14","12","3","48-0810","07290-26-01","07290-26-01-job"
"45621","2026-04-16","28.2","2026-04-17","Nylon Sling 2 ply 2"" X 6'","IV Cost","2026-04-16","14.1","2","47-0250","07267-26-01","07267-26-01-job"
"43858","2026-04-14","11.14","2026-04-15","Tape Measure 25'","IV Cost","2026-04-14","11.14","1","47-0810","07289-26-01","07289-26-01-job"
"44014","2026-04-14","11.48","2026-04-15","Camlock 300C Alum Female Coupler x Hose 3""","IV Cost","2026-04-14","11.48","1","48-0810","07290-26-01","07290-26-01-job"
"45622","2026-04-16","21.3","2026-04-17","Nylon Sling 2 ply 2"" X 4'","IV Cost","2026-04-16","10.65","2","47-0250","07267-26-01","07267-26-01-job"
"43859","2026-04-14","17.28","2026-04-15","Safety Glasses Shaded","IV Cost","2026-04-14","1.44","12","47-0250","07289-26-01","07289-26-01-job"
"44015","2026-04-14","36.75","2026-04-15","Camlock 300D Alum Female Coupler x Female 3""","IV Cost","2026-04-14","12.25","3","48-0810","07290-26-01","07290-26-01-job"
"43860","2026-04-14","17.28","2026-04-15","Safety Glasses Clear","IV Cost","2026-04-14","1.44","12","47-0250","07289-26-01","07289-26-01-job"
"44016","2026-04-14","265.2","2026-04-15","Bolt Tension Assy Shaker Screen","IV Cost","2026-04-14","66.3","4","48-0810","07290-26-01","07290-26-01-job"
"43861","2026-04-14","876.4","2026-04-15","Steel Pipe 16""x312x20 ft P/E","IV Cost","2026-04-14","43.82","20","58-4000","07283-26-01","07283-26-01-job"
"44017","2026-04-14","145.6","2026-04-15","Joint Compound Copper 50# PL","IV Cost","2026-04-14","145.6","1","48-0810","07290-26-01","07290-26-01-job"
