"Sage_ID","Vendor","Invoice_Date","Invoice","Vendor_Invoice_Number","Description","Amount"
"3945","V-000502","2025-12-31","EQUIP HAULING","Reversed - 3521","diamond incorrectly billed for 3521 3522 3526","-9325"
"3946","V-000502","2025-12-31","EQUIP HAULING","Reversed - 3522","diamond incorrectly billed for 3521 3522 3526","-4125"
"3947","V-000502","2026-01-31","EQUIP HAULING","Reversed - 3526","diamond incorrectly billed for 3521 3522 3526","-3000"
"8185","V-000656","2026-01-12","F4S SAFETY ADMIN SERVICES","8999602","F4S SAFETY ADMIN SERVICES","10396.49"
"8183","V-000656","2026-01-05","F4S SAFETY ADMIN SERVICES","8999601","F4S SAFETY ADMIN SERVICES","10789.8"
"8187","V-000656","2026-01-19","F4S SAFETY ADMIN SERVICES","8999603","F4S SAFETY ADMIN SERVICES","10396"
"8189","V-000656","2026-01-26","23-SDI","8999604","F4S SAFETY ADMIN SERVICES","10941.55"
"8384","V-001022","2025-10-22","CONSOL 5444","10911","CONSOL 5444","5770.75"
"8390","V-002238","2026-01-07","ELL WELD 2 IN STD LR 90","93541550","ELL WELD 2 IN STD LR 90","47.43"
"8388","V-002238","2025-10-30","MELT ICE 30LBS","3002706","MELT ICE 30LBS","300.5"
"8394","V-001011","2026-01-21","T14R BUMPER","1288984","T14R BUMPER","14000"
"8447","V-000136","2025-12-29","STONE","INV34041621","STONE","14690.24"
"8449","V-001331","2025-12-30","WATER HAULING","CDE123025A","WATER HAULING","625"
"8455","V-000502","2025-12-31","RIG 11 MNE FIRE","3520","RIG 11 MNE FIRE","1880"
"8453","V-000502","2025-12-31","TRUCKING","3519","TRUCKING","490"
"8451","V-002061","2025-12-31","PLUGGING JOHN A KEYS","3160","PLUGGING JOHN A KEYS","138315.71"
"8469","V-001133","2026-01-13","TONG DIE","4137505","TONG DIE","186"
"8509","V-000603","2025-12-08","TELEHANDLER RENTAL","PIT53536810006","TELEHANDLER RENTAL","4104.53"
"8465","V-000136","2026-01-12","26-CWS","INV34042346","STONE","4827.41"
"8457","V-001877","2026-01-01","LIGHT TOWER","247800039015","LIGHT TOWER","848"
"8459","V-001877","2026-01-05","LIGHT TOWER","253712954006","LIGHT TOWER","1696"
"8511","V-001877","2025-12-30","LIGHT TOWER","255673567003","LIGHT TOWER","6588"
"8513","V-001331","2026-01-06","26-CWS","CDE010626A","WATER HAULING","906.25"
"8515","V-000603","2026-01-05","TELEHANDLER RENTAL","PIT53536810007","TELEHANDLER RENTAL","4104.53"
"8461","V-000136","2026-01-09","STONE","INV34042196","STONE","713.61"
"8467","V-000951","2026-01-13","FLAPPER VALVE","3103075","FLAPPER VALVE","297.2"
"8475","V-002363","2026-01-15","PLUGGING SANCHIS 1129-1V","1500","PLUGGING SANCHIS 1129-1V","58618.23"
"8519","V-001877","2025-10-12","LIGHT TOWER","247966360006","LIGHT TOWER","1696"
"8527","V-000997","2025-10-31","SAWMILL TIMBER MATS","SMPR10312025","SAWMILL TIMBER MATS","6006"
"8537","V-002061","2025-12-31","plugging well 1135","3145","plugging well 1135","120172.68"
"8539","V-001877","2025-12-31","LIGHT TOWER","247841225009","LIGHT TOWER","5404"
"8679","V-001262","2025-12-30","CUT & DRY 100","6028","CUT & DRY 100","6302.5"
"8543","V-001877","2025-12-31","LIGHT TOWER","253712954005","LIGHT TOWER","9744.92"
"8541","V-001877","2025-12-31","LIGHT TOWER","247800039014","LIGHT TOWER","3052.32"
"8525","V-000997","2025-10-31","26-CWS","SMPR14740","SAWMILL TIMBER MATS","17106.38"
"8523","V-001022","2025-10-24","CONSOL 648","10905","CONSOL 648","11958.3"
"8521","V-001637","2025-10-18","SMALL STONE","101573","SMALL STONE","4240"
"8697","V-000969","2025-12-31","FISHING TOOLS","1418357","FISHING TOOLS","1673.1"
"8551","V-002029","2026-01-12","FUEL","26557774","FUEL","7234.13"
"8677","V-000804","2025-12-28","ASSISTING RIG ","611","ASSISTING RIG ","8738"
"8620","V-001069","2025-12-20","LIME/OTC/FROSTY RYE","1842A","LIME/OTC/FROSTY RYE","1795.95"
"8622","V-001435","2025-12-22","LODGING-D.HELMICK","79822269","LODGING-D.HELMICK","621.6"
"8607","V-001069","2025-12-12","LIME/FIELD FERTILIZER","1796A","LIME/FIELD FERTILIZER","1253.3"
"8613","V-000475","2025-12-17","WATER HAULING","007295","WATER HAULING","825"
"8673","V-001697","2025-12-23","TIMBER MAT RENTAL ","INV032718","TIMBER MAT RENTAL ","308"
"8609","V-001435","2025-12-12","LODGING-D.HALL","79718885","LODGING-D.HALL","444"
"8685","V-002335","2025-12-31","DISPOSAL ","64809251","DISPOSAL ","375.26"
"8703","V-000969","2025-12-31","26-CWS","1419029","FISHING TOOLS","973.44"
"8615","V-000475","2025-12-17","WATER HAULING","007294","WATER HAULING","1475"
"8557","V-000396","2026-01-15","PERMITS","UL01498318","PERMITS","679.72"
"8675","V-001115","2025-12-26","LODGING-B.BURKHULDER","10028023675","LODGING-B.BURKHULDER","471.75"
"8681","V-001995","2025-12-31","WELDING LABOR","7840612","WELDING LABOR","1308"
"8701","V-001262","2025-12-31","CUT & DRY 100","6031","CUT & DRY 100","6302.5"
"8595","V-002363","2026-01-29","GVB 9-1","1504","GVB 9-1","133847.5"
"8549","V-001011","2026-01-09","T14 EQUIPMENT RENTAL","1286752","T14 EQUIPMENT RENTAL","14000"
"8559","V-002061","2026-01-15","GVB 9-3","3179","GVB 9-3","64412.5"
"8565","V-001011","2026-01-19","26-CWS","1288320","T14 RENTAL","-9333.33"
"8699","V-000969","2025-12-31","FISHING TOOLS","1418974","FISHING TOOLS","12621.04"
"8869","V-000157","2025-12-22","BOP RIG 238 JOB 7180","34496","BOP RIG 238 JOB 7180","27623"
"8871","V-000969","2025-12-31","FISHING TOOLS","1418959","FISHING TOOLS","51228.12"
"8855","V-000978","2025-12-20","SUPER VAC RENTAL","0753563301","SUPER VAC RENTAL","5950"
"8865","V-001702","2025-12-30","FUEL TANK-RIG 251 JOB 7216","2120625","FUEL TANK-RIG 251 JOB 7216","1117.83"
"9040","V-000271","2026-01-08","HOT SHOT CHARGE","795000","HOT SHOT CHARGE","777.21"
"8841","V-000157","2025-12-04","BOP RIG 250 JOB 7188","34397","BOP RIG 250 JOB 7188","19816"
"9291","V-000136","2026-01-14","STONE","INV34042563","STONE","7543.52"
"8851","V-000157","2025-12-19","26-CWS","34470","BOP RIG 238 JOB 7180","1315"
"8843","V-000157","2025-12-04","BOP RIG 221 JOB 7156","34414","BOP RIG 221 JOB 7156","22252"
"8849","V-001702","2025-12-18","FUEL TANK-RIG 713 JOB 7212","2103946","FUEL TANK-RIG 713 JOB 7212","4272.18"
"8863","V-001702","2025-12-29","FUEL TANK-RIG 248 JOB 7194","2116627","FUEL TANK-RIG 248 JOB 7194","724.05"
"8873","V-000978","2025-12-31","SUPER VAC RENTAL","0753577501","SUPER VAC RENTAL","8975.48"
"8875","V-001262","2025-12-31","HAULED SHOES, MILL,WASHOUT PIPE","6033","HAULED SHOES, MILL,WASHOUT PIPE","800"
"8845","V-000157","2025-12-10","26-CWS","34441","RIG 14 JOB 7114","900"
"8861","V-000804","2025-12-28","WORKING ON SITE","615","WORKING ON SITE","3992"
"8859","V-000978","2025-12-20","26-CWS","0753574301","DIESEL SUPER VAC RENTAL","7000"
"8847","V-001168","2025-12-16","DAILY ENGINE REPORT LOGS","130352","DAILY ENGINE REPORT LOGS","990.04"
"8853","V-000157","2025-12-19","BOP RIG 713 JOB 7212","34471","BOP RIG 713 JOB 7212","18952"
"8857","V-000978","2025-12-20","DIESEL SUPER VAC RENTAL","0753574001","DIESEL SUPER VAC RENTAL","7250"
"8867","V-000566","2025-12-31","COMPOSITE MAT RENTAL","20250481","COMPOSITE MAT RENTAL","3008"
"9011","V-001262","2026-01-07","HYDROGEL PLUS ","6048","HYDROGEL PLUS ","973"
"9112","V-000259","2026-01-09","FRANK TANK RENTAL","1231FROG","FRANK TANK RENTAL","1220"
"9080","V-001702","2026-01-09","FUEL TANK-RIG 248 JOB 7194","2136758","FUEL TANK-RIG 248 JOB 7194","1049.82"
"9388","V-001207","2026-01-19","26-CWS","MM2962","WASTE DISPOSAL ","1398.14"
"8998","V-002269","2026-01-06","FUEL TANK-RIG 238 JOB 7147","288108246","FUEL TANK-RIG 238 JOB 7147","2804.99"
"9124","V-001702","2026-01-11","FUEL TANK-RIG 102 JOB 7187","2140261","FUEL TANK-RIG 102 JOB 7187","1008.8"
"9072","V-001702","2026-01-08","FUEL TANK-RIG 249 JOB 7241","2135139","FUEL TANK-RIG 249 JOB 7241","1101.87"
"8990","V-001702","2026-01-06","FUEL TANK-RIG248 JOB 7194","2131040","FUEL TANK-RIG248 JOB 7194","1080.8"
"9016","V-000640","2026-01-07","NIPPLE-PIPE","93541766","NIPPLE-PIPE","41.29"
"9067","V-001697","2026-01-08","26-CWS","INV032919","TIMBER MAT RENTAL ","651"
"9325","V-000190","2026-01-15","WASTE DISPOSAL ","BSC28941","WASTE DISPOSAL ","4164.42"
"8966","V-000804","2026-01-04","WORKING ON SITE","617","WORKING ON SITE","2086"
"9375","V-001331","2026-01-19","HAULED DRILLMUD/WATER","CDE011926A","HAULED DRILLMUD/WATER","2250"
"9332","V-001331","2026-01-15","HAULED DRILL MUD","CDE011526B","HAULED DRILL MUD","3625"
"9400","V-002081","2026-01-19","HAULED SWIVEL ","T12310","HAULED SWIVEL ","855"
"9404","V-000679","2026-01-19","FUEL TANK-RIG 101 JOB 7255","133895","FUEL TANK-RIG 101 JOB 7255","4120.5"
"9056","V-000190","2026-01-08","WASTE DISPOSAL ","BSC28801","WASTE DISPOSAL ","11931.73"
"9312","V-001675","2026-01-15","LODGING-G.MARKS","8908","LODGING-G.MARKS","311.88"
"9444","V-001348","2026-01-20","POWER TONG","193769","POWER TONG","468.5"
"9482","V-000136","2026-01-20","STONE","INV34042776","STONE","1300.21"
"9451","V-002146","2026-01-20","26-CWS","2600060","RIG MOVE ","5768.1"
"9490","V-000190","2026-01-20","WASTE DISPOSAL ","BSC29038","WASTE DISPOSAL ","2019.19"
"9340","V-000679","2026-01-16","FUEL TANK-RIG 250 JOB 7254","134078","FUEL TANK-RIG 250 JOB 7254","3027.13"
"9129","V-001331","2026-01-12","HAULED WATER AND DRILL MUD","CDE011226A","HAULED WATER AND DRILL MUD","1218.75"
"9274","V-001331","2026-01-13","HAULED WATER","CDE011326B","HAULED WATER","1812.5"
"9278","V-000823","2026-01-14","HOT WATER/CALCIUM","5302","HOT WATER/CALCIUM","2050"
"9088","V-000969","2026-01-09","FISHING TOOLS","1419228","FISHING TOOLS","3976.6"
"9142","V-001995","2026-01-13","WELDING LABOR ","8336212","WELDING LABOR ","950"
"9336","V-001702","2026-01-15","FUEL TANK-RIG 102 JOB 7187","2148553","FUEL TANK-RIG 102 JOB 7187","1091.93"
"9349","V-000904","2026-01-16","DELIVERED SKID STEER ","70737","DELIVERED SKID STEER ","632.5"
"8962","V-000815","2026-01-01","LODGING-W.BARKER","13997","LODGING-W.BARKER","946.83"
"9364","V-001331","2026-01-16","HAULED DRILL MUD","CDE011626A","HAULED DRILL MUD","4500"
"9407","V-000679","2026-01-19","FUEL TANK-RIG 250 JOB 7254","134136","FUEL TANK-RIG 250 JOB 7254","1697.21"
"9430","V-001262","2026-01-19","HAULED CAT SKID STEER","6111","HAULED CAT SKID STEER","431.25"
"9316","V-001675","2026-01-15","26-CWS","8907","LODGING-D.MCCOWIEN","311.88"
"9345","V-000679","2026-01-16","FUEL TANK-RIG 103 JOB 7250","133893","FUEL TANK-RIG 103 JOB 7250","1549.63"
"9392","V-001207","2026-01-19","MATERIAL DISPOSAL ","MM2963","MATERIAL DISPOSAL ","1755.36"
"9434","V-001348","2026-01-20","DIE TONG","193768","DIE TONG","1251.86"
"8970","V-001697","2026-01-05","CRANE MAT","INV032834","CRANE MAT","2108"
"9265","V-000157","2026-01-13","RIG 238 JOB 7213","34518","RIG 238 JOB 7213","810"
"9281","V-000679","2026-01-14","FUEL TANK-RIG 103 JOB 7250","133474","FUEL TANK-RIG 103 JOB 7250","1662.15"
"9478","V-000136","2026-01-20","STONE","INV34042803","STONE","5061.86"
"9084","V-000969","2026-01-09","FISHING TOOLS","1419200","FISHING TOOLS","13706.28"
"9367","V-001331","2026-01-18","HAULED WATER","CDE011826A","HAULED WATER","6500"
"9285","V-000679","2026-01-14","FUEL TANK-RIG 103 JOB 7250","133491","FUEL TANK-RIG 103 JOB 7250","372.97"
"9064","V-001262","2026-01-08","HYDROGEL PLUS ","6051","HYDROGEL PLUS ","973"
"9120","V-000804","2026-01-11","HAULED LIME","620","HAULED LIME","1250"
"8987","V-001702","2026-01-05","FUEL TANK-RIG 713 JOB 7212","2120875","FUEL TANK-RIG 713 JOB 7212","3367.26"
"9061","V-001262","2026-01-08","HYDROGEL PLUS ","6050","HYDROGEL PLUS ","1223"
"9104","V-002238","2026-01-09","COUPLING-CORRUG","93542208","COUPLING-CORRUG","46.26"
"9304","V-002238","2026-01-14","HANDLE-FLEX","93547738","HANDLE-FLEX","258.37"
"9258","V-001702","2026-01-13","FUEL TANK-RIG 713 JOB 7212","2144381","FUEL TANK-RIG 713 JOB 7212","3651.39"
"9007","V-001715","2026-01-07","26-CWS","1760738700003","GENERATOR FUEL ","157.5"
"9371","V-001995","2026-01-18","WELDING LABOR ","8340712","WELDING LABOR ","760"
"9439","V-001348","2026-01-20","PIN RETAINER","193767","PIN RETAINER","919.9"
"9329","V-001331","2026-01-15","HAULED DRILL MUD","CDE011526A","HAULED DRILL MUD","3218.75"
"9379","V-001560","2026-01-19","MOVED PIPE TUB-RIG 251","4704364","MOVED PIPE TUB-RIG 251","840"
"9137","V-001995","2026-01-12","TERRY D.LITZELMAN A","8336112","TERRY D.LITZELMAN A","950"
"9101","V-001262","2026-01-09","HAULED GENERATOR","6059","HAULED GENERATOR","287.5"
"9133","V-001331","2026-01-12","HAULED DRILL MUD","CDE011226B","HAULED DRILL MUD","3875"
"9261","V-001702","2026-01-13","26-CWS","2145029","FUEL TANK-RIG 238 JOB 7213","1191.14"
"9359","V-000190","2026-01-16","WASTE DISPOSAL ","BSC28940","WASTE DISPOSAL ","7744.47"
"9396","V-001237","2026-01-19","STONE","10736","STONE","1092.5"
"9474","V-001135","2026-01-20","SAFETY FENCE/CABLE TIE","512469","SAFETY FENCE/CABLE TIE","210.89"
"9002","V-000028","2026-01-06","HOT WATER/ YARD","31671","HOT WATER/ YARD","2390"
"9093","V-000969","2026-01-09","FISHING TOOLS","1419309","FISHING TOOLS","1159.2"
"9416","V-000679","2026-01-19","FUEL TANK-RIG 103JOB 7250","134137","FUEL TANK-RIG 103JOB 7250","928.24"
"9425","V-001439","2026-01-19","PORTA JOHN RENTAL JOB 7202","I7611","PORTA JOHN RENTAL JOB 7202","291.5"
"9270","V-001331","2026-01-13","HAULED DRILL MUD","CDE011326A","HAULED DRILL MUD","6250"
"9308","V-001237","2026-01-14","TAILGATED STONE","10704","TAILGATED STONE","2127.5"
"8974","V-001262","2026-01-05","CITRIC ACID/BICARBONATE OF SODA","6044","CITRIC ACID/BICARBONATE OF SODA","3337.2"
"9020","V-001262","2026-01-07","HYDROGEL PLUS ","6049","HYDROGEL PLUS ","1035.5"
"9024","V-000190","2026-01-07","WASTE DISPOSAL ","BSC28800","WASTE DISPOSAL ","4005.16"
"9289","V-000903","2026-01-14","GYROSCOPIC SURVEY","7065","GYROSCOPIC SURVEY","4500"
"8958","V-000815","2026-01-01","LODGING-J.JOHNSON","13974","LODGING-J.JOHNSON","132.09"
"8954","V-000815","2026-01-01","LODGING-W.BARKER","13970","LODGING-W.BARKER","132.09"
"8994","V-001702","2026-01-06","RIG 102 JOB 7187","2131041","RIG 102 JOB 7187","1068.38"
"9028","V-001455","2026-01-07","LAID CASING","5252","LAID CASING","2500"
"9097","V-001262","2026-01-09","CUT & DRY 100","6053","CUT & DRY 100","9284"
"9051","V-001455","2026-01-08","LAID CASING","5253","LAID CASING","2500"
"9076","V-001702","2026-01-09","26-CWS","2138064","FUEL TANK-RIG 251 JOB 7216","938.85"
"9797","V-001702","2025-12-23","FUEL TANK-ELM GROVE","2110095","FUEL TANK-ELM GROVE","1305.46"
"9779","V-001702","2025-12-07","FUEL TANK-RUFF CREEK","2081217","FUEL TANK-RUFF CREEK","2868.97"
"9811","V-001266","2026-01-06","TARP","179292","TARP","67.82"
"9809","V-001266","2026-01-05","2PLY WHIP CHECK","179219","2PLY WHIP CHECK","68.04"
"9869","V-002238","2026-01-16","MELT-ICE","93544722","MELT-ICE","257.55"
"9821","V-001266","2026-01-12","SAWZ ALL BLADES","179556","SAWZ ALL BLADES","166.44"
"9825","V-001266","2026-01-12","FILTER","179544","FILTER","252.08"
"9831","V-001266","2026-01-12","JAR OF CLAMPS","179559","JAR OF CLAMPS","803.17"
"9781","V-001702","2025-12-12","FUEL TANK-RUFF CREEK","2091588","FUEL TANK-RUFF CREEK","1580.73"
"9873","V-002238","2026-01-16","26-CWS","93544744","UNION HAMMER","137.2"
"9837","V-001266","2026-01-12","CHAIN TONG","179572","CHAIN TONG","250.32"
"9911","V-000971","2026-01-20","SEED MIXTURE ","416559","SEED MIXTURE ","772"
"9945","V-000807","2026-01-29","26-CWS","700770","HOSE ADAPTERS","16.68"
"9929","V-001702","2026-01-21","FUEL TANK-RUFF CREEK","2157113","FUEL TANK-RUFF CREEK","2141.04"
"9953","V-000265","2026-01-31","PORTA JOHN RENTAL ","25296","PORTA JOHN RENTAL ","400"
"9937","V-002238","2026-01-21","UNION HAMMER/VALVE CHECK","93545979","UNION HAMMER/VALVE CHECK","345.86"
"9939","V-002238","2026-01-21","STRAINER-CAST IRON","93545992","STRAINER-CAST IRON","164.53"
"9789","V-001702","2025-12-18","FUEL TANK-RUFF CREEK","2103917","FUEL TANK-RUFF CREEK","1676.28"
"9965","V-001262","2025-12-28","SILT FENCE/CORRUGATED PIPE","6115","SILT FENCE/CORRUGATED PIPE","1680.48"
"9941","V-001266","2026-01-28","HEATER","180299","HEATER","479.99"
"9871","V-002238","2026-01-16","MELT-ICE","93544740","MELT-ICE","257.55"
"9925","V-000373","2026-01-20","DADDY LONG LEGS & POLAR VORTEX","0646601","DADDY LONG LEGS & POLAR VORTEX","70535"
"9947","V-001702","2026-01-29","FUEL TANK-RUFF CREEK","2175151","FUEL TANK-RUFF CREEK","2582.55"
"9847","V-001266","2026-01-13","SOLENOID","179609","SOLENOID","229.62"
"9967","V-000679","2026-01-19","FUEL TANK-RIG 103JOB 7250","134148","FUEL TANK-RIG 103JOB 7250","915.22"
"9978","V-002061","2025-12-31","PLUGGING WELL 7699","3146","PLUGGING WELL 7699","60347.12"
"10141","V-001251","2025-12-21","SUPERINTENDENT","642127","SUPERINTENDENT","16230"
"10550","V-000281","2025-12-30","LODGING-L.BRYANT","16168","LODGING-L.BRYANT","790.32"
"11820","V-002363","2026-01-31","WOOD 512-1V","1502","WOOD 512-1V","43806.21"
"11822","V-002363","2026-01-31","SANCHIS 1129-1V","1506","SANCHIS 1129-1V","22665.02"
"12099","V-000797","2026-01-28","SELF CONTAIN HEATER","36182359002","SELF CONTAIN HEATER","4187.98"
"12097","V-000797","2026-01-22","REPLACED INLET COVER","65034482001","REPLACED INLET COVER","666.28"
"12101","V-000797","2026-01-28","SELF CONTAIN HEATER","36182582002","SELF CONTAIN HEATER","4187.98"
"12103","V-000797","2026-01-30","HEATER DUCK BLK/ADAPTER","36217925001","HEATER DUCK BLK/ADAPTER","640.93"
"12105","V-000797","2026-02-02","DUCT WYE ADAPTR","36182629002","DUCT WYE ADAPTR","59.92"
"34952","V-002238","2025-12-11","COUPLING","3001426","COUPLING","5.49"
"34946","V-001715","2025-11-01","HELEHANDLER FORKLIFT","1759498810001","HELEHANDLER FORKLIFT","4806.05"
"34948","V-001715","2025-11-29","TELEHANDLER FORKLIFT","1759498810002","TELEHANDLER FORKLIFT","4060.65"
"35490","V-001098","2026-02-27","MEC CHARGES BILLED TO CWS","5812930610","MEC CHARGES BILLED TO CWS","2794.34"
"35494","V-001250","2026-02-27","HDD CHARGES BILLED TO CWS","5212930611","HDD CHARGES BILLED TO CWS","3765.18"
"35482","V-001098","2026-02-13","MEC CHARGES BILLED TO CWS","5812930608","MEC CHARGES BILLED TO CWS","2851.65"
"35458","V-002238","2026-01-09","VALVE BALL","93542206","VALVE BALL","142.09"
"35470","V-002238","2026-02-02","CAM LOCK/MAT-ENTERANCE","93549917","CAM LOCK/MAT-ENTERANCE","138.72"
"35464","V-001754","2026-01-31","TEKC CHARGES BILLED TO CWS","5412930601","TEKC CHARGES BILLED TO CWS","3455.17"
"35480","V-001098","2026-02-06","MEC CHARGES BILLED TO CWS","5812930607","MEC CHARGES BILLED TO CWS","3076.67"
"35486","V-001250","2026-02-20","HDD CHARGES BILLED TO CWS","5212930610","HDD CHARGES BILLED TO CWS","5348.78"
"35462","V-001250","2026-01-31","HDD CHARGES BILLED TO CWS","5212930608","HDD CHARGES BILLED TO CWS","77"
"35702","V-001331","2026-03-23","HAULED FLATBED MATERIALS","CDE032326B","HAULED FLATBED MATERIALS","1187.5"
"35694","V-001069","2026-03-23","SOLAR ENERGIZIER S 100","1909A","SOLAR ENERGIZIER S 100","2120.25"
"35710","V-000722","2026-03-28","RIG 212 LABOR WE 03/22-03/28/26","000000011985","RIG 212 LABOR WE 03/22-03/28/26","4902.6"
"35714","V-000722","2026-03-28","RIG 237 LABOR 03/22-03/28/26","000000011990","RIG 237 LABOR 03/22-03/28/26","10140.04"
"35718","V-000566","2026-03-31","COMPOSITE MAT RENTAL","20260087","COMPOSITE MAT RENTAL","7952"
"35720","V-000566","2026-03-31","COMPOSITE MAT RENTAL","20260089","COMPOSITE MAT RENTAL","2336"
"35722","V-000679","2026-03-31","FUEL TANK RIG 103","144901","FUEL TANK RIG 103","1674.97"
"35724","V-000722","2026-03-28","RIG 249 LABOR WE 03/22-03/28/26","000000011996","RIG 249 LABOR WE 03/22-03/28/26","422.92"
"35728","V-000722","2026-03-28","RIG 243 LABOR WE 03/22-03/28/26","000000011993","RIG 243 LABOR WE 03/22-03/28/26","8555.51"
"35730","V-000722","2026-04-01","RIG 247 LABOR WE 03/22-03/28/26","000000011994","RIG 247 LABOR WE 03/22-03/28/26","4842.4"
"35732","V-000722","2026-04-01","RIG 214 LABOR WE 03/22-03/28/26","000000011987","RIG 214 LABOR WE 03/22-03/28/26","6473.88"
"35734","V-000722","2026-04-01","RIG 248 LABOR WE 03/22-03/28/26","000000011995","RIG 248 LABOR WE 03/22-03/28/26","5549.2"
"35770","V-001135","2026-04-02","STEP IN POST ","524703","STEP IN POST ","56.85"
"35636","V-001115","2026-02-20","LODGING-D.LAMPKIN","10028334732","LODGING-D.LAMPKIN","94.35"
"35746","V-000945","2026-03-23","HAULED TIMBER MATS","1011498","HAULED TIMBER MATS","505.75"
"35748","V-000737","2026-03-31","STONE","752816","STONE","2883.1"
"35744","V-000737","2026-03-31","STONE","752815","STONE","742.6"
"35736","V-000722","2026-03-28","RIG 220 LABOR 03/22-03/28-26","000000011988","RIG 220 LABOR 03/22-03/28-26","576.22"
"35740","V-000722","2026-03-28","RIG 251 LABOR WE 03/22-03/28/26","000000011998","RIG 251 LABOR WE 03/22-03/28/26","4488.54"
"35742","V-000722","2026-03-28","RIG 713 LABOR WE 03/22-03/28-26","000000011999","RIG 713 LABOR WE 03/22-03/28-26","4474.48"
"35772","V-001445","2026-04-06","JOB 7268 WELL 429","5503","JOB 7268 WELL 429","4749.36"
"35688","V-001439","2026-03-20","PORTA JOHN RENTAL","I8097","PORTA JOHN RENTAL","291.5"
"35700","V-001331","2026-03-23","HAULED WATER AND DRILL MUD","CDE032326A","HAULED WATER AND DRILL MUD","2843.75"
"35696","V-001439","2026-03-23","PORTA JOHN RENTAL","I8112","PORTA JOHN RENTAL","291.5"
"35758","V-001135","2026-04-02","CONCRETE","524651","CONCRETE","14.97"
"35760","V-001135","2026-04-03","SUNCOAST FINE CUT SHAVINGS","524824","SUNCOAST FINE CUT SHAVINGS","45.9"
"35762","V-001702","2026-03-25","FUEL TANK-RUFF CREEK","2266001","FUEL TANK-RUFF CREEK","1947.08"
"35764","V-001135","2026-03-31","SILVERBELT FENCE","524221","SILVERBELT FENCE","471.96"
"35622","V-001115","2026-02-16","LODGING-J.PECK","10028331914","LODGING-J.PECK","377.4"
"35626","V-001115","2026-02-19","LODGING-J.BROSIOUS","10028325684","LODGING-J.BROSIOUS","283.05"
"35620","V-001115","2026-02-16","LODGING-S.NESTOR","10028325677","LODGING-S.NESTOR","283.05"
"35634","V-001115","2026-02-20","LODGING-G.GREEN","10028331908","LODGING-G.GREEN","377.4"
"35628","V-000201","2026-02-20","LODGING-TANNER TORRES","29138","LODGING-TANNER TORRES","328"
"35738","V-000722","2026-03-28","RIG 250 LABOR WE 03/22-03/28/26","000000011997","RIG 250 LABOR WE 03/22-03/28/26","3238.33"
"35706","V-000722","2026-03-28","RIG 101 LABOR WE 03/22-03/28/26","000000011983","RIG 101 LABOR WE 03/22-03/28/26","3722.04"
"35708","V-000722","2026-03-28","RIG 103 LABOR WE 03/22-03/28/26","000000011984","RIG 103 LABOR WE 03/22-03/28/26","7648.86"
"35632","V-001115","2026-02-20","LODGING-J.HELDRETH","10028334336","LODGING-J.HELDRETH","471.75"
"35644","V-001229","2026-03-01","PORTA JOHN RENTAL 103","R005810","PORTA JOHN RENTAL 103","200"
"35670","V-000750","2026-03-18","HAULED JOHN DEERE 210 EXCAVATOR","1011462","HAULED JOHN DEERE 210 EXCAVATOR","1711.75"
"35650","V-000201","2026-03-06","LODGING-I.MITCHELL","29244","LODGING-I.MITCHELL","410"
"35652","V-002061","2026-03-09","FUEL FOR GH-83","3292","FUEL FOR GH-83","371.21"
"35678","V-000009","2026-03-19","STAPLE PINS","0261845698","STAPLE PINS","262.33"
"35680","V-000009","2026-03-19","SYP RATED STEATH","0261845702","SYP RATED STEATH","75.72"
"35660","V-001229","2026-03-13","PORTA JOHN RENTAL 101","R005883","PORTA JOHN RENTAL 101","200"
"35686","V-000201","2026-03-20","LODGING-I.MITCHELL","29312","LODGING-I.MITCHELL","410"
"35662","V-000201","2026-03-13","LODGING-I.MITCHELL","29266","LODGING-I.MITCHELL","328"
"35676","V-001702","2026-03-18","FUEL TANK-ELM GROVE","2255799","FUEL TANK-ELM GROVE","2350.3"
"35546","V-001115","2026-02-13","LODGING-G.GREEN","10028294653","LODGING-G.GREEN","377.4"
"35712","V-000722","2026-03-28","RIG 213 LABOR WE 03/22-03/28/26","000000011986","RIG 213 LABOR WE 03/22-03/28/26","3654.16"
"35716","V-000722","2026-03-28","RIG 238LABOR WE 03/22-03/28/26","000000011991","RIG 238LABOR WE 03/22-03/28/26","3192.51"
"35618","V-001115","2026-02-16","LODGING-K.MORGAN","10028331735","LODGING-K.MORGAN","377.4"
"35638","V-001115","2026-02-20","LODGING-E.HALL","10028331722","LODGING-E.HALL","377.4"
"35642","V-000201","2026-02-26","LODGING-TANNER TORRES","29186","LODGING-TANNER TORRES","246"
"35664","V-001702","2026-03-17","RUFF CREEK TANK","2256191","RUFF CREEK TANK","2647.76"
"35682","V-001398","2026-03-19","API 6 PULLER HEAD 4 WEB","877613","API 6 PULLER HEAD 4 WEB","475"
"35684","V-000666","2026-03-19","CHAIN SAW//FILE","404260","CHAIN SAW//FILE","2629.03"
"35726","V-000722","2026-03-28","RIG 242 LABOR WE 03/22-03/28/26","000000011992","RIG 242 LABOR WE 03/22-03/28/26","1299.72"
"35752","V-000785","2026-04-06","FREIGT FOR INVOICE 26790","26800","FREIGT FOR INVOICE 26790","1969.3"
"35754","V-000945","2026-04-08","MISC LABOR ","1011483","MISC LABOR ","11585.7"
"35778","V-002363","2026-03-31","PLUGGING PROPHETA 288-1V","1517","PLUGGING PROPHETA 288-1V","71571.96"
"46818","V-001702","2026-04-18","FUEL TANK-HUNDRED ON ROAD ","2293024","FUEL TANK-HUNDRED ON ROAD ","2066.76"
"46911","V-000399","2026-04-17","LODGING-D.SCHMIDT","81056945","LODGING-D.SCHMIDT","376.32"
"45590","V-001702","2026-04-30","VOYAGER FUEL CWS 4.30.26","33251CWSP1","VOYAGER FUEL CWS 4.30.26","23793.87"
"45582","V-001702","2026-04-30","VOYAGER FUEL 4.30.26 CWS","33251CWSP2","VOYAGER FUEL 4.30.26 CWS","25112.81"
"45873","V-000338","2026-05-06","WATER HAULING","14781","WATER HAULING","2750.56"
"46227","V-001702","2026-04-22","FUEL TANK-RIG 2 JOB 7206","2297652","FUEL TANK-RIG 2 JOB 7206","6798.82"
"46432","V-001250","2026-03-31","HDD CHARGES BILLED TO CWS","5212930621COR","HDD CHARGES BILLED TO CWS","-62.28"
"46434","V-001098","2026-03-31","MEC CHARGES BILLED TO CWS","5812930620COR","MEC CHARGES BILLED TO CWS","-10.71"
"46159","V-000157","2026-04-16","BOP RENTALS","34925","BOP RENTALS","63916"
"46603","V-000343","2026-02-03","UNIFORM RENTAL ","4258441935","UNIFORM RENTAL ","37.76"
"46617","V-001266","2026-03-06","5/16 G-8-10 CONNECTING LINK","182233","5/16 G-8-10 CONNECTING LINK","214.76"
"46619","V-001115","2026-03-06","LODGING-J.PECK","10028410453","LODGING-J.PECK","471.75"
"46601","V-001697","2026-02-03","TIMBER MAT RENTAL","INV033227","TIMBER MAT RENTAL","651"
"46605","V-001675","2026-02-13","LODGING-R.ODELL","9074","LODGING-R.ODELL","311.88"
"46838","V-001702","2026-04-23","FUEL TANK-RIG 249 JOB 7331","2298724","FUEL TANK-RIG 249 JOB 7331","2092.78"
"46726","V-001675","2026-03-25","LODGING-B.BLACK","9281","LODGING-B.BLACK","545.79"
"46791","V-000281","2026-04-13","LODGING-P.BROWN","16352","LODGING-P.BROWN","395.16"
"46774","V-001435","2026-04-10","LODGING-I.WILLIAMS","80971923","LODGING-I.WILLIAMS","355.2"
"46952","V-001331","2026-04-21","HAULED FRESH WATER AND DIRLL MUD","CDE042126A","HAULED FRESH WATER AND DIRLL MUD","1125"
"46785","V-000945","2026-04-13","HYDROSEEDER RENTAL","1011500","HYDROSEEDER RENTAL","1003"
"46850","V-000782","2026-04-29","HAULED BRUSH","20181451","HAULED BRUSH","1575"
"46830","V-001702","2026-04-23","FUEL TANK-RIG 238 JOB 7267","2298488","FUEL TANK-RIG 238 JOB 7267","3701.84"
"46869","V-001702","2026-05-08","FUEL TANK NV 22 JOB 7180","2319405","FUEL TANK NV 22 JOB 7180","312.5"
"46836","V-001702","2026-04-23","FUEL TANK-POLAR VORTEX","2298851","FUEL TANK-POLAR VORTEX","12228.28"
"46854","V-001702","2026-04-30","SISTERVILLE YARD TANK","2306403","SISTERVILLE YARD TANK","3055.32"
"46881","V-000945","2026-04-30","HYDROSEEDER RENTAL","1011509","HYDROSEEDER RENTAL","450"
"46742","V-001115","2026-03-31","FOR 10028549696 ALSO J.PECK","10028556514","FOR 10028549696 ALSO J.PECK","283.05"
"46809","V-000945","2026-04-14","HYDROSEEDER RENTAL","1011502","HYDROSEEDER RENTAL","450"
"46907","V-000322","2026-04-17","DAILY RATE/NG,3 ARM CAL","0114851IN","DAILY RATE/NG,3 ARM CAL","3450"
"46824","V-001702","2026-04-22","FUEL TANK-RIG 220 JOB 7235","2297426","FUEL TANK-RIG 220 JOB 7235","4678.09"
"46852","V-000782","2026-04-29","HAULED TREE STUMPS","20181452","HAULED TREE STUMPS","735"
"46832","V-001702","2026-04-23","26-CWS","2298837","FUEL TANK-RUFF CREEK","3044.23"
"46840","V-001702","2026-04-24","FUEL RIG 243 JOB 7296","2297557","FUEL RIG 243 JOB 7296","1761.62"
"46772","V-000945","2026-04-09","HYDROSEEDER","1011499","HYDROSEEDER","1003"
"46795","V-000782","2026-04-14","LOADED STONE","20181267","LOADED STONE","1446.9"
"46917","V-001331","2026-04-17","HAULED DRILL MUD","CDE041726B","HAULED DRILL MUD","3312.5"
"46842","V-000945","2026-04-24","HYDROSEEDER RENTAL","1011508","HYDROSEEDER RENTAL","450"
"46848","V-001702","2026-04-28","FUEL TANK-RIG 248 JOB 7293","2302163","FUEL TANK-RIG 248 JOB 7293","1457.92"
"46820","V-001702","2026-04-19","FUEL TANK-RUFF CREEK","2294816","FUEL TANK-RUFF CREEK","1902.85"
"46873","V-001702","2026-04-18","FUEL TANK HUNDRED OFF ROAD ","2294385","FUEL TANK HUNDRED OFF ROAD ","1662.63"
"46875","V-000945","2026-04-18","HYDROSEEDER RENTAL","1011505","HYDROSEEDER RENTAL","450"
"46956","V-001135","2026-04-23","CABLE TIE/SAFETY FENCE/T-POST","528648","CABLE TIE/SAFETY FENCE/T-POST","595.14"
"46834","V-001702","2026-04-23","FUEL TANK-RIG 102 JOB 7251","2298848","FUEL TANK-RIG 102 JOB 7251","1379.51"
"46815","V-000945","2026-04-16","HYDROSEEDER RENTAL","1011504","HYDROSEEDER RENTAL","450"
"46844","V-001702","2026-04-27","FUEL TANK-POLAR VORTEX","2301845","FUEL TANK-POLAR VORTEX","9162"
"46913","V-001435","2026-04-17","LODGING-E.CLARK","81055859","LODGING-E.CLARK","355.2"
"46901","V-000322","2026-04-16","DAILY RATE/NG,3 ARM CAL","0114849IN","DAILY RATE/NG,3 ARM CAL","5894.2"
"46921","V-000136","2026-04-17","STONE","INV34047950","STONE","5699.01"
"46877","V-000945","2026-04-22","HYDROSEEDER RENTAL","1011506","HYDROSEEDER RENTAL","450"
"46846","V-001702","2026-04-27","FUEL TANK-POLAR VORTEX","2302092","FUEL TANK-POLAR VORTEX","2819.08"
"46826","V-001702","2026-04-22","26-CWS","2297655","SISTERVILLE YARD TANK","1978.11"
"46879","V-000945","2026-04-23","HYDROSEEDER RENTAL","1011507","HYDROSEEDER RENTAL","450"
"46807","V-000782","2026-04-14","HAULED TOP SOIL","20181268","HAULED TOP SOIL","192.5"
"46903","V-000322","2026-04-16","DAILY RATE/NG,3 ARM CAL","0114852IN","DAILY RATE/NG,3 ARM CAL","3340"
"46889","V-001673","2026-03-31","POLAR VORTEX","5574570001","POLAR VORTEX","8565.01"
"46813","V-000945","2026-04-15","HYDROSEEDER RENTAL","1011503","HYDROSEEDER RENTAL","450"
"46915","V-001435","2026-04-17","LODGING-I.EZELL","81057034","LODGING-I.EZELL","621.6"
"46919","V-000322","2026-04-17","DAILY RATE/NG,3 ARM CAL","0114850IN","DAILY RATE/NG,3 ARM CAL","3430"
"46891","V-002417","2026-04-06","TWISTER CEMENT/STAGE STEEL","2026040601","TWISTER CEMENT/STAGE STEEL","11295"
"46940","V-001435","2026-04-18","24-CDE","81069696","LODGING-D.HALL","99.9"
"46958","V-000246","2026-04-24","FUEL TANK-RIG 212 JOB 7306","70681","FUEL TANK-RIG 212 JOB 7306","6249.79"
"46971","V-000136","2026-04-21","STONE","INV34048063","STONE","1662.15"
"46899","V-001995","2026-04-16","HEAT SEAT IN MUD PUMP","8334012","HEAT SEAT IN MUD PUMP","570"
"46950","V-000136","2026-04-21","STONE","INV34048076","STONE","4528.12"
"46937","V-001435","2026-04-18","LODGING-I.EZELL","81069623","LODGING-I.EZELL","88.8"
"46944","V-001237","2026-04-21","STONE","11138","STONE","690"
"46966","V-000904","2026-04-27","HAULES WATER TO LEMON HILL","72421","HAULES WATER TO LEMON HILL","2825.48"
"46973","V-000136","2026-04-21","STONE","INV34048074","STONE","795.43"
"46780","V-001266","2026-04-10","FIRE BLANKET","184210","FIRE BLANKET","171.34"
"46746","V-000281","2026-04-06","LODGING-P.BROWN","16339","LODGING-P.BROWN","395.16"
"46776","V-001435","2026-04-10","LODGING-I.EZELL","80971944","LODGING-I.EZELL","444"
"46789","V-000945","2026-04-11","HYDROSEEDER RENTAL","1011501","HYDROSEEDER RENTAL","450"
"4268","V-000343","2026-01-13","UNIFORM RENTAL ","4256154223","UNIFORM RENTAL ","2890.73"
"4269","V-000343","2026-01-20","UNIFORM RENTAL ","4256896120","UNIFORM RENTAL ","2628.2"
"4228","V-001702","2026-01-15","FUEL TANK-RIG 248 JOB 7194","2146818","FUEL TANK-RIG 248 JOB 7194","340.3"
"4229","V-000679","2026-01-07","FUEL TANK RIG 103 JOB 7250","131704","FUEL TANK RIG 103 JOB 7250","1477.63"
"4233","V-000391","2026-01-08","HELEN GORDON #12","300","HELEN GORDON #12","15355.12"
"4234","V-000679","2026-01-13","FUEL TANK RIG 101 JOB 7255","133116","FUEL TANK RIG 101 JOB 7255","3036.13"
"4235","V-000391","2026-01-21","HELEN GORDON #12","310","HELEN GORDON #12","10002.64"
"4236","V-000391","2026-01-21","MARY E GARY #2","309","MARY E GARY #2","10371.76"
"4242","V-000945","2026-01-16","MISC LABOR","3010920","MISC LABOR","7344"
"4248","V-000945","2026-01-09","MISC LABOR ","3010919","MISC LABOR ","4338"
"4270","V-000391","2026-01-17","HELEN GORDON #12","301","HELEN GORDON #12","21041.2"
"4244","V-000338","2026-01-13","HAULED WATER AND PIT","14439","HAULED WATER AND PIT","1152"
"4245","V-000338","2026-01-13","HAULED POWER SWIVEL ","14438","HAULED POWER SWIVEL ","1156.48"
"4247","V-000945","2026-01-23","MISC LABOR ","3010921","MISC LABOR ","8498.7"
"4253","V-000945","2026-01-16","WASHED AND STACKED MATS ","3010917","WASHED AND STACKED MATS ","6240"
"4254","V-000207","2026-01-08","61/4'' SB TOOTH BIT","26963","61/4'' SB TOOTH BIT","1200"
"4255","V-000207","2026-01-26","61/4'' SB TOOTH BIT","26960","61/4'' SB TOOTH BIT","1200"
"4292","V-000722","2026-01-21","RIG 103 LABOR 01/04-01/10","00006634","RIG 103 LABOR 01/04-01/10","2200.31"
"4278","V-000391","2026-01-17","MARY E GARY #2","302","MARY E GARY #2","9524.24"
"4287","V-000679","2026-01-22","FUEL TANK RIG 103 JOB 7250","134776","FUEL TANK RIG 103 JOB 7250","1669.5"
"4264","V-000246","2026-01-20","RIG 237 JOB 7147","59528","RIG 237 JOB 7147","2348.47"
"4265","V-001069","2026-01-16","OTC/FROSTY ANNUAL RYE","1837A","OTC/FROSTY ANNUAL RYE","1093.15"
"4279","V-000391","2026-01-17","TEXAS GULF B A 4H","303","TEXAS GULF B A 4H","6813.2"
"4290","V-000722","2026-01-11","RIG 101 LABOR 01/04/01/11","00006610","RIG 101 LABOR 01/04/01/11","2154.32"
"4281","V-000580","2026-01-26","RIG LABOR WE 012426","195","RIG LABOR WE 012426","9715"
"4282","V-000654","2026-01-12","WASTE DISPOSAL ","73840","WASTE DISPOSAL ","1230"
"4284","V-000654","2026-01-07","WASTE DISPOSAL ","73839","WASTE DISPOSAL ","3023.75"
"4285","V-000679","2026-01-07","FUEL TANK 250 JOB 7254","131703","FUEL TANK 250 JOB 7254","775.42"
"4288","V-000679","2026-01-22","FUEL TANK RIG 250 JOB 7254","134777","FUEL TANK RIG 250 JOB 7254","1376.34"
"4295","V-000722","2026-01-21","RIG 213 LABOR 01/04-01/10","00006639","RIG 213 LABOR 01/04-01/10","606.88"
"4294","V-000722","2026-01-21","RIG 212 LABOR 01/04-01/10","00006637","RIG 212 LABOR 01/04-01/10","5081.36"
"4252","V-000207","2026-01-23","HOSE W/FIG200 ENDS","26957","HOSE W/FIG200 ENDS","2460"
"4256","V-000207","2026-01-19","BUCKET FOAM OUT DEFOAMER","26954","BUCKET FOAM OUT DEFOAMER","485"
"4260","V-000207","2026-01-19","KELLY HOSE W/1502 ENDS","26953","KELLY HOSE W/1502 ENDS","2975"
"4261","V-000207","2026-01-08","HOSE W/FIG","26887","HOSE W/FIG","2900"
"4358","V-000722","2026-01-24","RIG 242 LABOR 01/18-01/24/26","00006882","RIG 242 LABOR 01/18-01/24/26","2421.2"
"4361","V-000722","2026-01-24","RIG 243 LABOR 01/18-01/24/26","00006883","RIG 243 LABOR 01/18-01/24/26","1722.34"
"4316","V-000722","2026-01-10","RIG 242 LABOR 01/04-01/10","00006651","RIG 242 LABOR 01/04-01/10","2283.23"
"4317","V-000722","2026-01-10","RIG 243 LABOR 01/04-01/10","00006656","RIG 243 LABOR 01/04-01/10","2660.16"
"4318","V-000722","2026-01-10","RIG 247 LABOR 01/04-01/10","00006657","RIG 247 LABOR 01/04-01/10","4842.4"
"4319","V-000722","2026-01-10","RIG 248 LABOR 01/04-01/10","00006658","RIG 248 LABOR 01/04-01/10","11847.6"
"4309","V-000722","2026-01-10","RIG 237 LABOR 01/04-01/10","00006648","RIG 237 LABOR 01/04-01/10","4842.4"
"4305","V-000157","2026-01-15","RIG 11 JOB TERRY LITZERMAN","34548","RIG 11 JOB TERRY LITZERMAN","1560"
"4310","V-000722","2026-01-10","RIG 220 LABOR 01/04-01/10","00006647","RIG 220 LABOR 01/04-01/10","4615.14"
"4362","V-000722","2026-01-24","RIG 238 LABOR 01/18-01/24/26","00006881","RIG 238 LABOR 01/18-01/24/26","2981.02"
"4308","V-000722","2026-01-10","RIG 238 LABOR 01/04-01/10","00006650","RIG 238 LABOR 01/04-01/10","4654.27"
"4356","V-000722","2026-01-24","RIG 248 LABOR 01/18-01/24/26","00006885","RIG 248 LABOR 01/18-01/24/26","10026.96"
"4364","V-000722","2026-01-24","RIG 237 LABOR 01/18-01/24/26","00006880","RIG 237 LABOR 01/18-01/24/26","7197.71"
"4323","V-000722","2026-01-10","RIG 251 LABOR 01/04-01/10","00006662","RIG 251 LABOR 01/04-01/10","2329.22"
"4324","V-000722","2026-01-10","RIG 713 LABOR 01/04-01/10","00006665","RIG 713 LABOR 01/04-01/10","2421.2"
"4320","V-000722","2026-01-10","RIG 249 LABOR 01/04-01/10","00006660","RIG 249 LABOR 01/04-01/10","845.44"
"4366","V-000722","2026-01-24","RIG 251 LABOR 01/18-01/24/26","00006887","RIG 251 LABOR 01/18-01/24/26","2191.25"
"4370","V-000722","2026-01-21","RIG 214 LABOR 01/04-01/10","00006641","RIG 214 LABOR 01/04-01/10","2237.24"
"4372","V-000722","2026-01-24","RIG 103 LABOR 01/18-01/24/26","00006872","RIG 103 LABOR 01/18-01/24/26","2154.32"
"4301","V-000136","2026-01-15","STONE","INV34042650","STONE","6258.2"
"4302","V-000136","2026-01-13","STONE","INV34042408","STONE","6139.75"
"4340","V-000722","2026-01-24","RIG 103 LABOR 01/18-01/24/26","00006874","RIG 103 LABOR 01/18-01/24/26","422.92"
"4341","V-000722","2026-01-24","RIG 214 LABOR 01/18-01/24/26","00006875","RIG 214 LABOR 01/18-01/24/26","2306.23"
"4332","V-000722","2026-01-24","RIG 247 LABOR 01/18-01/24/26","00006884","RIG 247 LABOR 01/18-01/24/26","4842.4"
"4333","V-000722","2026-01-24","RIG 101 LABOR 01/18-01/24/26","00006871","RIG 101 LABOR 01/18-01/24/26","1523.76"
"4335","V-000722","2026-01-24","RIG 212  LABOR 01/18-01/24/26","00006873","RIG 212  LABOR 01/18-01/24/26","6196.82"
"4303","V-000136","2026-01-12","STONE","INV34042309","STONE","9102.12"
"4368","V-000722","2026-01-24","RIG 249 LABOR 01/18-01/24/26","00006886","RIG 249 LABOR 01/18-01/24/26","2421.2"
"4347","V-000722","2026-01-24","RIG 220 LABOR 01/18-01/24/26","00006878","RIG 220 LABOR 01/18-01/24/26","6840.68"
"4343","V-000722","2026-01-24","RIG 215 LABOR 01/18-01/24/26","00006876","RIG 215 LABOR 01/18-01/24/26","4474.48"
"4344","V-000722","2026-01-24","RIG 221 LABOR 01/18-01/24/26","00006879","RIG 221 LABOR 01/18-01/24/26","3177.07"
"4376","V-000246","2026-01-20","RIG 221 JOB 7198","59570","RIG 221 JOB 7198","1832.68"
"4718","V-000969","2026-01-22","FISHING TOOLS","1420316","FISHING TOOLS","27314.65"
"4676","V-001945","2026-01-20","WASTE REMOVAL","600886949624","WASTE REMOVAL","1617.5"
"4763","V-001115","2026-01-09","LODGING-B.BARKLEY","10028107780","LODGING-B.BARKLEY","377.4"
"4779","V-001135","2026-01-16","BAG SEED SPREADER","511819","BAG SEED SPREADER","300.48"
"4603","V-001103","2026-01-01","MERCHANTS FUEL","M0000479301","MERCHANTS FUEL","829.15"
"4671","V-001945","2026-01-13","WASTE REMOVAL","600886249629","WASTE REMOVAL","2637.6"
"4656","V-000136","2026-01-08","STONE","INV34042092","STONE","9825.47"
"4658","V-000136","2026-01-15","STONE","INV34042637","STONE","5112.46"
"4660","V-000136","2026-01-09","STONE","INV34042229","STONE","5068.69"
"4661","V-000136","2026-01-16","STONE","INV34042729","STONE","7497.39"
"4663","V-000136","2026-01-09","STONE","INV34042230","STONE","6833.04"
"4709","V-000823","2026-01-08","4AF*/CALCIUM","5228","4AF*/CALCIUM","2075"
"4673","V-001945","2026-01-20","WASTE REMOVAL","600887049622","WASTE REMOVAL","2051.88"
"4675","V-001945","2026-01-20","WASTE REMOVAL","600886849626","WASTE REMOVAL","1613.33"
"4713","V-000823","2026-01-13","4AF*/CALCIUM/HOTWATER","5285","4AF*/CALCIUM/HOTWATER","2050"
"4691","V-000782","2026-01-20","PLOW TRUCK & CHIPS","20180140","PLOW TRUCK & CHIPS","1035"
"4679","V-000157","2026-01-15","RIG 243 JOB 7234","34547","RIG 243 JOB 7234","625"
"4716","V-000823","2026-01-08","4AF*/CALCIUM","5227","4AF*/CALCIUM","2050"
"4717","V-000969","2026-01-12","FISHING TOOLS","1419372","FISHING TOOLS","4179.58"
"4700","V-000804","2026-01-25","RECLAIMING SITE ","625","RECLAIMING SITE ","37165.5"
"4701","V-000804","2026-01-25","BUILDING SITE ","628","BUILDING SITE ","16868"
"4692","V-000804","2026-01-25","STONE","622","STONE","6201.43"
"4703","V-000804","2026-01-25","RECLAIMING SITE ","626","RECLAIMING SITE ","5150"
"4704","V-000804","2026-01-25","RECLAIMING SITE ","627","RECLAIMING SITE ","2580"
"4698","V-000804","2026-01-25","STONE","623","STONE","24902.52"
"4699","V-000804","2026-01-25","STONE","624","STONE","6047.99"
"4733","V-001069","2026-01-07","OTC/FROSTY ANNUAL RYE","1820A","OTC/FROSTY ANNUAL RYE","1093.15"
"4734","V-001069","2026-01-12","OTC/FROSTY ANNUAL RYE","1828A","OTC/FROSTY ANNUAL RYE","1413.45"
"4757","V-001111","2026-01-21","WELL MARKER FOR WELL JAS RAINEY #1","913N","WELL MARKER FOR WELL JAS RAINEY #1","240.92"
"4758","V-001111","2026-01-09","WELL MARKER FOR WELL M-1743","907N","WELL MARKER FOR WELL M-1743","240.92"
"4753","V-001111","2026-01-11","WELL MARKER FOR WELL CLEAR VIEW A","908N","WELL MARKER FOR WELL CLEAR VIEW A","371"
"4774","V-001135","2026-01-14","CONCRETE","511525","CONCRETE","19.96"
"4786","V-001262","2026-01-08","DRINKING WATER","6052","DRINKING WATER","60.12"
"4788","V-001262","2026-01-09","CUT & DRY 100","6054","CUT & DRY 100","1410.5"
"4791","V-001262","2026-01-20","HYDROGEL PLUS/THINNER","6097","HYDROGEL PLUS/THINNER","1857.96"
"4823","V-001262","2026-01-12","EROSION BLANKET","6073","EROSION BLANKET","2875.69"
"4803","V-001262","2026-01-23","CORRUGATED PIPE","6100","CORRUGATED PIPE","928"
"4776","V-001135","2026-01-14","DRILL SCREWS/PENNANT FLAG","511596","DRILL SCREWS/PENNANT FLAG","204.52"
"4828","V-001262","2026-01-16","HAULED RIG MATS","6082","HAULED RIG MATS","359.38"
"4829","V-001262","2026-01-13","NON-WOVEN","6075","NON-WOVEN","2783.92"
"4756","V-001111","2026-01-09","WELL MARKER FOR WELL 1467","906N","WELL MARKER FOR WELL 1467","240.92"
"4805","V-001262","2026-01-20","HYDROGEL PLUS/MUD EXTENDER","6096","HYDROGEL PLUS/MUD EXTENDER","1936"
"4807","V-001262","2026-01-20","SWITCHGRASS FILTER SOCK","6091","SWITCHGRASS FILTER SOCK","8249.99"
"4809","V-001262","2026-01-13","CUT & DRY 100","6060","CUT & DRY 100","6302.5"
"4811","V-001262","2026-01-13","HYDROGEL PLUS/SODA ASH","6061","HYDROGEL PLUS/SODA ASH","1223.91"
"4812","V-001262","2026-01-14","HYDRO GEL PLUS","6062","HYDRO GEL PLUS","1098"
"4816","V-001262","2026-01-14","DRINKING WATER","6069","DRINKING WATER","200.4"
"4818","V-001262","2026-01-15","CUT & DRY 100","6070","CUT & DRY 100","5392"
"4778","V-001135","2026-01-19","COASTAL SEED BLEED 50#","512156","COASTAL SEED BLEED 50#","345"
"4820","V-001262","2026-01-12","CORRUGATED PIPE","6072","CORRUGATED PIPE","748.8"
"4843","V-001262","2026-01-20","SWITCHGRASS FILTER SOCK","6090","SWITCHGRASS FILTER SOCK","4399.89"
"4837","V-001262","2026-01-15","HAULED 8 CATTLE GATES","6080","HAULED 8 CATTLE GATES","215.63"
"4839","V-001262","2026-01-13","HAULED JD 60 MINI","6077","HAULED JD 60 MINI","431.25"
"4840","V-001262","2026-01-15","HAULED CAT SKIDSTEER","6081","HAULED CAT SKIDSTEER","359.38"
"4841","V-001262","2026-01-13","HAULED SKIDSTEER WITH BUCKET","6086","HAULED SKIDSTEER WITH BUCKET","431.25"
"4842","V-001262","2026-01-19","SWITCHGRASS FILTER SOCK","6089","SWITCHGRASS FILTER SOCK","1581.02"
"4821","V-001262","2026-01-16","HYDROGEL PLUS/MUD EXTENDER","6071","HYDROGEL PLUS/MUD EXTENDER","2134.8"
"4825","V-001262","2026-01-13","CORRUGATED PIPE","6074","CORRUGATED PIPE","811.3"
"4849","V-001262","2026-01-20","HYDROGEL PLUS/THINNER","6095","HYDROGEL PLUS/THINNER","1899.28"
"4773","V-001115","2026-01-09","LODGING-R.KUHN","10028113146","LODGING-R.KUHN","1320.9"
"4814","V-001262","2026-01-14","CUT & DRY 100","6063","CUT & DRY 100","3856.5"
"4845","V-001262","2026-01-22","CORRUGATED PIPE","6092","CORRUGATED PIPE","1187.5"
"4846","V-001262","2026-01-22","SWITCHGRASS FILTER SOCK","6093","SWITCHGRASS FILTER SOCK","8899.94"
"4848","V-001262","2026-01-19","HYDRO GEL PLUS","6094","HYDRO GEL PLUS","2196.9"
"4750","V-001111","2026-01-15","WELL MARKER FOR WELL 817","909N","WELL MARKER FOR WELL 817","240.92"
"4751","V-001111","2026-01-18","WELL MARKER FOR WELL 1607","912N","WELL MARKER FOR WELL 1607","240.92"
"4752","V-001111","2026-01-18","WELL MARKER FOR WELL  7494","910N","WELL MARKER FOR WELL  7494","240.92"
"4793","V-001262","2026-01-23","HYDROGEL PLUS","6098","HYDROGEL PLUS","973"
"4795","V-001262","2026-01-23","HYDROGEL PLUS","6099","HYDROGEL PLUS","1821"
"4760","V-001111","2026-01-18","WELL MARKER FOR WELL 5437","911N","WELL MARKER FOR WELL 5437","240.92"
"4789","V-001262","2026-01-15","HAULED 8 CATTLE GATES","6079","HAULED 8 CATTLE GATES","215.63"
"4783","V-001262","2026-01-07","EROSION BLANKET","6041","EROSION BLANKET","1186.41"
"4943","V-001877","2026-01-09","GENERATOR RENTAL","256005276002","GENERATOR RENTAL","1645.13"
"4959","V-001877","2026-01-22","POLARIS RENTAL","250754558008","POLARIS RENTAL","1160.7"
"4961","V-001877","2026-01-17","GENERATOR RENTAL","257187943001","GENERATOR RENTAL","1696"
"5021","V-001697","2026-01-08","TIMBER MAT RENTAL ","INV032920","TIMBER MAT RENTAL ","651"
"5206","V-000338","2026-01-27","HAULED WATER IN ","14461","HAULED WATER IN ","1329.28"
"5202","V-000338","2026-01-27","HAULED WATER IN","14462","HAULED WATER IN","1329.28"
"5204","V-000338","2026-01-27","CHIPPED PICKEN PAW ROAD","14463","CHIPPED PICKEN PAW ROAD","2148.48"
"5240","V-000750","2026-01-07","HAULED POTHOLE MACHINE ","1011172","HAULED POTHOLE MACHINE ","2415"
"5266","V-001262","2026-01-14","HAULED JD 60 MINI","6078","HAULED JD 60 MINI","431.25"
"5276","V-000566","2025-12-31","COMPOSITE MAT RENTAL","20250483","COMPOSITE MAT RENTAL","260"
"5443","V-001266","2025-12-30","LARGE ALLEN SET","179024","LARGE ALLEN SET","54.98"
"5441","V-001266","2025-12-30","HYDRAULIC QUICK CONNECT","179020","HYDRAULIC QUICK CONNECT","44.14"
"5449","V-001266","2025-12-30","FUSE PAC","179052","FUSE PAC","145.74"
"5669","V-001266","2026-01-07","3/8 RATCHET BINDER","179372","3/8 RATCHET BINDER","177.26"
"5659","V-001266","2026-01-07","KONG MET GLOVES","179367","KONG MET GLOVES","155.28"
"5665","V-001266","2026-01-07","MICROFIBER TOWEL","179352","MICROFIBER TOWEL","60.64"
"5701","V-001266","2026-01-14","2K POCKET LIGHT","179703","2K POCKET LIGHT","161.46"
"5703","V-001266","2026-01-14","ADAPTER","179701","ADAPTER","131.19"
"5707","V-001266","2026-01-14","26-CWS","179682","SZL BLADE","157.78"
"5763","V-001266","2026-01-14","MILWAUKEE CHARGER","179710","MILWAUKEE CHARGER","183.36"
"6237","V-001115","2026-01-09","LODGING-J.HELDRETH","10028109984","LODGING-J.HELDRETH","471.75"
"5898","V-001266","2026-01-21","26-CWS","180012","ANTIFREEZE","315.75"
"18563","V-000722","2026-02-14","RIG 251 LABOR 02/08-02/14/26","00009398","RIG 251 LABOR 02/08-02/14/26","2352.22"
"5969","V-001266","2026-01-20","BUTANE TORCH","179960","BUTANE TORCH","55.98"
"6025","V-000566","2026-01-15","COMPOSITE MAT RENTAL","20260015","COMPOSITE MAT RENTAL","928"
"6179","V-001115","2025-12-26","LODGING-S.NESTOR","10028013461","LODGING-S.NESTOR","566.1"
"6181","V-002066","2025-12-28","PORTA JOHN RENTAL","4876","PORTA JOHN RENTAL","445.2"
"6185","V-000190","2025-12-30","WASTE REMOVAL ","BSC28734","WASTE REMOVAL ","2073.57"
"6187","V-000679","2025-12-30","OIL DRUM","131931","OIL DRUM","850"
"6069","V-001770","2025-09-01","PORTA JOHN RENTAL ","I11746","PORTA JOHN RENTAL ","142.36"
"6155","V-001439","2025-12-22","26-CWS","I7408","PORTA JOHN RENTAL JOB 7202","338.14"
"6191","V-000009","2025-12-30","CORE PIPE PLAIN","0261843854","CORE PIPE PLAIN","67.04"
"6159","V-000603","2025-12-23","TELEHANDLER RENTAL","PIT57013080004","TELEHANDLER RENTAL","2282.66"
"6032","V-000566","2026-01-15","COMPOSITE MAT RENTAL","20250011","COMPOSITE MAT RENTAL","1898"
"6089","V-000412","2025-12-01","26-CWS","R005391","PORTA JOHN RENTAL RIG 250","300"
"6091","V-001770","2025-12-01","PORTA JOHN RENTAL ","I15932","PORTA JOHN RENTAL ","142.36"
"6135","V-001439","2025-12-17","26-CWS","I7385","PORTA JOHN RENTAL JOB 7187","291.5"
"6105","V-001435","2025-12-11","LODGING-S.NESTOR","79706299","LODGING-S.NESTOR","266.4"
"6165","V-001435","2025-12-23","LODGING-I.WILLIAMS","79840294","LODGING-I.WILLIAMS","266.4"
"6167","V-001115","2025-12-26","LODGING-E.HALL","10028023790","LODGING-E.HALL","660.45"
"6173","V-001115","2025-12-26","LODGING-J.HELDRETH","10028026440","LODGING-J.HELDRETH","849.15"
"6083","V-000997","2025-11-30","SAWMILL TIMBER MAT RENTAL","SMPR113025 ","SAWMILL TIMBER MAT RENTAL","4804.8"
"6109","V-001435","2025-12-12","LODGING-D.HELMICK","79718897","LODGING-D.HELMICK","621.6"
"6137","V-000666","2025-12-18","WOODCUTTERS","402190","WOODCUTTERS","211.97"
"6133","V-001229","2025-12-17","PORTA JOHN RENTAL RIG 103","R005447","PORTA JOHN RENTAL RIG 103","150"
"6027","V-000566","2026-01-15","COMPOSITE MAT RENTAL","20260016","COMPOSITE MAT RENTAL","2080"
"6161","V-002000","2025-12-23","CUT DOWN CONDUCTOR PIPE","60787","CUT DOWN CONDUCTOR PIPE","570"
"6169","V-001115","2025-12-26","LODGING-G.GREEN","10028023795","LODGING-G.GREEN","849.15"
"6163","V-002000","2025-12-23","CUT DOWN CONDUCTOR PIPE","60790","CUT DOWN CONDUCTOR PIPE","1235"
"6081","V-000997","2025-11-30","SAWMILL WAFFLE MATS","SMPR1130254","SAWMILL WAFFLE MATS","25740"
"6087","V-001229","2025-12-01","PORTA JOHN RENTAL RIG 101","R005393","PORTA JOHN RENTAL RIG 101","300"
"6125","V-001229","2025-12-17","PORTA JOHN RENTAL RIG 11","R005445","PORTA JOHN RENTAL RIG 11","150"
"6115","V-001435","2025-12-13","LODGING-I.WILLIAMS","79731563","LODGING-I.WILLIAMS","621.6"
"6153","V-001439","2025-12-22","PORTA JOHN RENTAL JOB 7202","I7406","PORTA JOHN RENTAL JOB 7202","291.5"
"6171","V-001115","2025-12-26","LODGING-H.HOWELL","10028026230","LODGING-H.HOWELL","849.15"
"6177","V-001115","2025-12-26","LODGING-T.FORD","10028023776","LODGING-T.FORD","849.15"
"6067","V-001435","2005-12-20","LODGING-I.WILLIAMS","79805650","LODGING-I.WILLIAMS","355.2"
"6079","V-001995","2025-11-23","WELDING","8263112N","WELDING","1016.73"
"6097","V-001435","2025-12-05","24-CDE","79644222","LODGING-D.HELMICK","444"
"6071","V-001770","2025-10-01","PORTA JOHN RENTAL ","I15930","PORTA JOHN RENTAL ","142.36"
"6099","V-001435","2025-12-06","LODGING-I.WILLIAMS","79657001","LODGING-I.WILLIAMS","460.65"
"6107","V-001435","2025-12-11","LODGING-W.EZELL","79716101","LODGING-W.EZELL","532.8"
"6117","V-000737","2025-12-15","STONE","745127","STONE","16317"
"6121","V-001995","2025-12-16","WELDING LABOR","8335512","WELDING LABOR","855"
"6175","V-001115","2025-12-26","LODGING-J.HUDNALL","10028024956","LODGING-J.HUDNALL","754.8"
"6198","V-000502","2026-01-29","EQUIP HAULING","3530","EQUIP HAULING","465"
"6200","V-000502","2026-01-29","EQUIP HAULING","3531","EQUIP HAULING","375"
"6202","V-001115","2026-01-23","LODGING-E.HALL","10028184518","LODGING-E.HALL","471.75"
"6204","V-001115","2026-01-23","LODGING-H.HOWELL","10028184491","LODGING-H.HOWELL","471.75"
"6206","V-001115","2026-01-23","LODGING-T.FORD","1002818712","LODGING-T.FORD","377.4"
"6235","V-001439","2026-01-09","PORTA JOHN RENTAL JOB 7213","I7563","PORTA JOHN RENTAL JOB 7213","291.5"
"6208","V-001115","2026-01-23","LODGING-J.BROSIOUS","10028181777","LODGING-J.BROSIOUS","94.35"
"6241","V-001115","2026-01-09","LODGING-S.NESTOR","10028101627","LODGING-S.NESTOR","283.05"
"6226","V-001115","2026-01-18","LODGING-H.HOWELL","10028153143","LODGING-H.HOWELL","566.1"
"6216","V-001702","2026-01-20","FUEL TANK-RIG 247 JOB 7226","2155254","FUEL TANK-RIG 247 JOB 7226","1991.95"
"6218","V-001702","2026-01-20","FUEL TANK-RIG 102 JOB 7187","2155302","FUEL TANK-RIG 102 JOB 7187","1098.04"
"6222","V-001702","2026-01-20","FUEL TANK-RIG 220 JOB 7233","2155299","FUEL TANK-RIG 220 JOB 7233","3228.81"
"6230","V-001702","2026-01-16","FUEL TANK-RIG 213 JOB 7201","2150576","FUEL TANK-RIG 213 JOB 7201","773.35"
"6232","V-001439","2026-01-14","PORTA JOHN RENTAL JOB 7187","I7583","PORTA JOHN RENTAL JOB 7187","291.5"
"6243","V-001115","2026-01-09","LODGING-L.BRYANT","10028107636","LODGING-L.BRYANT","377.4"
"6251","V-001115","2026-01-09","LODGING-H.HOWELL","10028110017","LODGING-H.HOWELL","471.75"
"6255","V-001439","2026-01-08","PORTA JOHN RENTAL JOB 7208","I7555","PORTA JOHN RENTAL JOB 7208","291.5"
"6257","V-001435","2025-12-05","LODGING-J. HADDIX","79644236","LODGING-J. HADDIX","355.2"
"6273","V-001435","2025-12-05","LODGING-P.ROWE","79644223","LODGING-P.ROWE","355.2"
"6283","V-001435","2025-12-23","LODGING-T.BORKOWSKI","79830493","LODGING-T.BORKOWSKI","621.6"
"6299","V-000265","2025-12-31","PORTA JOHN RENTAL RIG 103","25191","PORTA JOHN RENTAL RIG 103","400"
"6245","V-001115","2026-01-09","LODGING-E.HALL","10028109644","LODGING-E.HALL","377.4"
"6247","V-001115","2026-01-09","LODGING-G.GREEN","10028107777","LODGING-G.GREEN","471.75"
"6249","V-001115","2026-01-09","LODGING-Z.NAYLOR","10028095920","LODGING-Z.NAYLOR","199.8"
"6342","V-000750","2026-01-14","HAULED CAT 389 SKID STEER","1011199","HAULED CAT 389 SKID STEER","690"
"6344","V-000782","2026-01-06","HAULED HOE TO MEC","20179920","HAULED HOE TO MEC","275"
"6335","V-000475","2026-01-02","HAULED WATER","007299","HAULED WATER","3472.3"
"6337","V-000566","2026-01-01","COMPOSITE MAT RENTAL","20250012","COMPOSITE MAT RENTAL","2820"
"6261","V-001435","2025-12-23","LODGING-J. HADDIX","79830492","LODGING-J. HADDIX","710.4"
"6259","V-001435","2025-12-13","LODGING-J. HADDIX","79731561","LODGING-J. HADDIX","444"
"6277","V-001435","2025-12-13","24-CDE","79731620","LODGING-P.ROWE","88.8"
"6263","V-001435","2025-12-12","LODGING-L.ANDERSON","79718896","LODGING-L.ANDERSON","444"
"6279","V-001435","2025-12-23","LODGING-P.ROWE","79830447","LODGING-P.ROWE","710.4"
"6265","V-001435","2025-12-22","LODGING-L.ANDERSON","79822270","LODGING-L.ANDERSON","1054.5"
"6281","V-001435","2025-11-22","LODGING-T.BORKOWSKI","79718868","LODGING-T.BORKOWSKI","355.2"
"6267","V-001435","2025-12-23","LODGING-L.ANDERSON","79830495","LODGING-L.ANDERSON","98.79"
"6269","V-001435","2025-12-12","LODGING-N.BENNETT","79718807","LODGING-N.BENNETT","444"
"6271","V-001435","2025-12-16","LODGING-N.BENNETT","79760574","LODGING-N.BENNETT","88.8"
"6275","V-001435","2025-12-12","LODGING-P.ROWE","79718879","LODGING-P.ROWE","355.2"
"6309","V-000265","2025-12-31","PORTA JOHN RENTAL RIG 221/234","25182","PORTA JOHN RENTAL RIG 221/234","400"
"6372","V-001115","2026-01-05","LODGING-Z.NAYLOR","10028054666","LODGING-Z.NAYLOR","94.35"
"6311","V-000265","2025-12-31","PORTA JOHN RENTAL JOB 7147","25181","PORTA JOHN RENTAL JOB 7147","400"
"6356","V-001011","2026-01-07","KNIFE 2290 BABB","1286113","KNIFE 2290 BABB","1310.96"
"6358","V-001012","2026-01-06","33 FEET OF 16INCH PIPE","7681424","33 FEET OF 16INCH PIPE","1155"
"6364","V-001115","2026-01-05","LODGING-H.HOWELL","10028073776","LODGING-H.HOWELL","471.75"
"6366","V-001115","2026-01-05","LODGING-J.HELDRETH","10028060507","LODGING-J.HELDRETH","283.05"
"6368","V-001115","2026-01-05","LODGING-T.FORD","10028061045","LODGING-T.FORD","188.7"
"6370","V-001115","2026-01-05","LODGING-L.BRYANT","10028061024","LODGING-L.BRYANT","188.7"
"6287","V-001435","2025-12-12","LODGING-T.CORNELL","79718898","LODGING-T.CORNELL","355.2"
"6285","V-001435","2025-12-23","LODGING-T.CORNELL","79830509","LODGING-T.CORNELL","621.6"
"6289","V-001435","2025-12-12","LODGING-Z.BENNETT","79718876","LODGING-Z.BENNETT","444"
"6291","V-001435","2025-12-16","LODGING-Z.BENNETT","79760575","LODGING-Z.BENNETT","88.8"
"6307","V-000265","2025-12-31","26-CWS","25180","PORTA JOHN RENTAL RIG 212","400"
"6301","V-000265","2025-12-31","PORTA JOHN RENTAL RIG 214","25192","PORTA JOHN RENTAL RIG 214","400"
"6313","V-000265","2025-12-31","PORTA JOHN RENTAL RIG 220","25183","PORTA JOHN RENTAL RIG 220","400"
"6303","V-000265","2025-12-31","PORTA JOHN RENTAL RIG 215","25178","PORTA JOHN RENTAL RIG 215","400"
"6305","V-000265","2025-12-31","PORTA JOHN RENTAL RIG 249","25179","PORTA JOHN RENTAL RIG 249","400"
"6210","V-002061","2026-01-21","MECHANIC","3200","MECHANIC","700"
"6214","V-001702","2026-01-20","FUEL TANK-RIG 243 JOB 7234","2153836","FUEL TANK-RIG 243 JOB 7234","2381.19"
"6315","V-000265","2025-12-31","PORTA JOHN RENTAL RIG 242","25184","PORTA JOHN RENTAL RIG 242","400"
"6317","V-000265","2025-12-31","PORTA JOHN RENTAL RIG 213","25185","PORTA JOHN RENTAL RIG 213","400"
"6323","V-000265","2025-12-31","PORTA JOHN RENTAL RIG 248","25188","PORTA JOHN RENTAL RIG 248","400"
"6319","V-000265","2025-12-31","26-CWS","25186","PORTA JOHN RENTAL RIG 713","400"
"6325","V-000265","2025-12-31","PORTA JOHN RENTAL RIG 2","25189","PORTA JOHN RENTAL RIG 2","400"
"6228","V-001702","2026-01-17","FUEL TANK-RIG 251 JOB 7216","2149632","FUEL TANK-RIG 251 JOB 7216","988.18"
"6220","V-001702","2026-01-20","FUEL TANK-RIG 238 JOB 7213","2155928","FUEL TANK-RIG 238 JOB 7213","1712.51"
"6360","V-001115","2026-01-05","LODGING-E.HALL","10028061226","LODGING-E.HALL","188.7"
"6362","V-001115","2026-01-05","LODGING-G.GREEN","10028060935","LODGING-G.GREEN","283.05"
"6239","V-001115","2026-01-09","26-CWS","10028109632","LODGING-J.HUDNALL","471.75"
"6321","V-000265","2025-12-31","PORTA JOHN RENTAL RIG 243","25187","PORTA JOHN RENTAL RIG 243","400"
"6437","V-000566","2025-12-31","COMPOSITE MAT RENTAL","20250478","COMPOSITE MAT RENTAL","64"
"6445","V-000566","2025-12-31","COMPOSITE MAT RENTAL","20250482","COMPOSITE MAT RENTAL","2560"
"6439","V-000566","2025-12-31","COMPOSITE MAT RENTAL","20250479","COMPOSITE MAT RENTAL","2336"
"6441","V-000566","2025-12-31","26-CWS","20250480","COMPOSITE MAT RENTAL","1300"
"6467","V-000797","2026-01-02","KUBOTA RENTAL","36180819001","KUBOTA RENTAL","1221.14"
"6385","V-002061","2025-12-31","RIG LABOR","3162","RIG LABOR","5596.19"
"6528","V-000338","2026-01-06","HAULED PIT AND WATER","14379","HAULED PIT AND WATER","5162.24"
"6491","V-001770","2026-01-01","PORTA JOHN RENTAL ","I15933","PORTA JOHN RENTAL ","142.36"
"6550","V-001675","2026-01-07","LODGING-G.MARKS","8868","LODGING-G.MARKS","77.97"
"6534","V-001266","2026-01-07","26-CWS","179370","3/4 x 5.2 TE TE","158.08"
"6676","V-001011","2026-01-27","BANDIT","1290004","BANDIT","30000"
"6760","V-000750","2026-01-15","HAULED CAT WHEEL ","1011210","HAULED CAT WHEEL ","517.5"
"6716","V-001266","2026-01-08","BOLT SAFETY SHACKLE","179423","BOLT SAFETY SHACKLE","126.64"
"9927","V-001702","2026-01-21","FUEL TANK-HUNDRED ON ROAD ","2157163","FUEL TANK-HUNDRED ON ROAD ","1991.17"
"6836","V-002363","2026-01-21","PLUGGING SANCHIS 1129-1V","1501","PLUGGING SANCHIS 1129-1V","10636.3"
"7403","V-000797","2026-01-13","EQUP REPAIR - POLARIS","89988523001","EQUP REPAIR - POLARIS","2432.62"
"7431","V-001266","2026-01-12","FITTINGS","179555","FITTINGS","108.45"
"7441","V-000306","2026-01-12","D6 RENTAL","EQP0012829","D6 RENTAL","8980"
"7682","V-000306","2025-12-15","D6 RENTAL","EQP0008616","D6 RENTAL","8980"
"7710","V-000306","2025-12-23","D6 RENTAL","EQP0009992","D6 RENTAL","8980"
"33709","V-001877","2026-03-19","UTV RENTAL ","250754558010","UTV RENTAL ","1095"
"33977","V-001702","2026-02-15","VOYAGER FUEL SDIP 2.15.26","32253CWS","VOYAGER FUEL SDIP 2.15.26","33464.57"
"34095","V-001702","2026-02-28","VOYAGER FUEL 2-28-26 CWS","32438CWS","VOYAGER FUEL 2-28-26 CWS","31070.27"
"35484","V-001250","2026-02-13","HDD CHARGES BILLED TO CWS","5212930609","HDD CHARGES BILLED TO CWS","3909.21"
"35488","V-001098","2026-02-20","MEC CHARGES BILLED TO CWS","5812930609","MEC CHARGES BILLED TO CWS","2794.34"
"34217","V-002363","2026-03-31","PLUGGING JOHN A KEYS","1518","PLUGGING JOHN A KEYS","130588.06"
"34223","V-002061","2026-03-31","PLUGGING WELL 7485","3316","PLUGGING WELL 7485","104283.28"
"34219","V-002061","2026-03-31","PLUGGING WELL 7498","3286","PLUGGING WELL 7498","32133.29"
"34215","V-002061","2026-02-28","PLUGGING WELL 7699","3317","PLUGGING WELL 7699","16672.93"
"34221","V-002061","2026-03-31","PLUGGING WELL 1135","3287","PLUGGING WELL 1135","146911.64"
"35460","V-001250","2026-01-31","HDD CHARGES BILLED TO CWS","5212930607","HDD CHARGES BILLED TO CWS","1033.83"
"43651","V-001262","2026-04-23","HAULED 1 COAL CUTTINGS ","6574","HAULED 1 COAL CUTTINGS ","431.25"
"43585","V-001232","2026-04-20","CASING NIPPLE","5729","CASING NIPPLE","903"
"43587","V-001262","2026-04-20","HAULED SWITHSOCK","6569","HAULED SWITHSOCK","575"
"43781","V-001675","2026-04-28","LODGING-D.MCCOWIEN","9533","LODGING-D.MCCOWIEN","389.85"
"43801","V-001560","2026-04-30","MOVED RIG 249","4704384","MOVED RIG 249","3915"
"43541","V-000978","2026-04-01","SUPER VAC RENTAL","0753687201","SUPER VAC RENTAL","5925"
"43549","V-001435","2026-04-10","LODGING-E.CLARK","80971922","LODGING-E.CLARK","355.2"
"43575","V-001702","2026-04-17","FUEL TANK RIG 102 JOB 7251","2293172","FUEL TANK RIG 102 JOB 7251","1607.56"
"43581","V-001702","2026-04-19","FUEL TANK-JOB 7180","2294825","FUEL TANK-JOB 7180","1141.71"
"43591","V-000969","2026-04-20","FISHING TOOLS","14217472","FISHING TOOLS","99.36"
"43597","V-000009","2026-04-21","6"" COUPLING","0261846789","6"" COUPLING","7.19"
"43543","V-001435","2026-04-03","LODGING-T.CORNELL","80894866","LODGING-T.CORNELL","337.6"
"43551","V-000136","2026-04-14","STONE #4","INV34047635","STONE #4","3945.77"
"43555","V-000136","2026-04-15","STONE - 3 IN CRUSHER","INV34047761","STONE - 3 IN CRUSHER","8193.05"
"43573","V-001702","2026-04-17","FUEL TANK-POLAR VORTEX","2293678","FUEL TANK-POLAR VORTEX","14296.87"
"43563","V-000136","2026-04-16","STONE 6X0","INV34047866","STONE 6X0","9153.27"
"43579","V-001702","2026-04-19","FUEL TANK-7239 POLAR VORTEX","2290471","FUEL TANK-7239 POLAR VORTEX","10700.11"
"43583","V-001262","2026-04-20","HAULED MISCELLANEOUS TRAILER LOAD","6561","HAULED MISCELLANEOUS TRAILER LOAD","3018.75"
"43723","V-001098","2026-04-24","MEC CHARGES BILLED TO CWS","5812930619","MEC CHARGES BILLED TO CWS","2794.33"
"43725","V-000722","2026-04-25","RIG 713 LABOR WE 04/19-04/25/26","000000013575","RIG 713 LABOR WE 04/19-04/25/26","600.56"
"43777","V-001675","2026-04-28","LODGING-B.BLACK","9489","LODGING-B.BLACK","545.79"
"43779","V-001675","2026-04-28","LODGING-B.BLACK","9530","LODGING-B.BLACK","222.87"
"43561","V-000136","2026-04-16","STONE 3 IN / RIPRAP","INV34047863","STONE 3 IN / RIPRAP","14137.94"
"43593","V-000969","2026-04-20","FISHING TOOLS","14271142","FISHING TOOLS","665.28"
"43599","V-000009","2026-04-21","HANDICRETE","0261846777","HANDICRETE","46.1"
"43565","V-001356","2026-04-16","PIPE/TPOST/CUPLERS","041626","PIPE/TPOST/CUPLERS","517.28"
"43571","V-001702","2026-04-17","FUEL TANK JOB 7180","2293269","FUEL TANK JOB 7180","1212.7"
"43729","V-001266","2026-04-27","26-CWS","185031","DISPOSABLE GLOVES","167.28"
"43559","V-000737","2026-04-15","STONE","754154","STONE","3554.52"
"43613","V-001266","2026-04-22","1' GP BOLT MUT SHACKLE","184813","1' GP BOLT MUT SHACKLE","167.58"
"43649","V-001675","2026-04-22","LODGING D MCCOWIEN","9507","LODGING D MCCOWIEN","857.67"
"43655","V-001262","2026-04-23","26-CWS","6563","HAULED SKID STEER WITH FORK","431.25"
"43653","V-001262","2026-04-23","HALED RIG MATS","6575","HALED RIG MATS","359.38"
"43743","V-001266","2026-04-27","MED EXOFIT X200 HARNESS","185049","MED EXOFIT X200 HARNESS","577.5"
"43821","V-001702","2026-04-21","FUEL TANK 102 ","2295809","FUEL TANK 102 ","1917.55"
"43697","V-001266","2026-04-24","M18 5.0 BATTERY PACK","184950","M18 5.0 BATTERY PACK","508.69"
"43753","V-001266","2026-04-27","26-CWS","185066","CHAIN TONG JAWS","168.21"
"43751","V-001266","2026-04-27","JAR OF CLAMPS","185064","JAR OF CLAMPS","47.35"
"43705","V-001266","2026-04-24","26-CWS","184967","SUGAR FREE POPSICLE 36CT","40.43"
"43739","V-000475","2026-04-21","WATER HAULING","007383","WATER HAULING","2175"
"43745","V-001266","2026-04-27","8' SAWZ ALL BLADES ","185050","8' SAWZ ALL BLADES ","68"
"43659","V-001262","2026-04-23","HAULED COLD PATCHES ","6576","HAULED COLD PATCHES ","575"
"43785","V-001675","2026-04-28","LODGING-G.HALL","9492","LODGING-G.HALL","77.97"
"43803","V-001560","2026-04-30","MOVED RIG 212","4704385","MOVED RIG 212","1015"
"43799","V-001560","2026-04-30","MOVED RIG 243","4704383","MOVED RIG 243","1812.5"
"43805","V-001560","2026-04-30","RIG 713 MOVE","4704386","RIG 713 MOVE","2972.5"
"43657","V-001262","2026-04-23","HAULED MUD MATS","6564","HAULED MUD MATS","359.38"
"43787","V-001675","2026-04-28","LODGING-J.EVANS","9497","LODGING-J.EVANS","77.97"
"43793","V-001675","2026-04-28","LODGING-G.MARKS","9513","LODGING-G.MARKS","77.97"
"43789","V-001675","2026-04-28","LODGING-G.HALL","9503","LODGING-G.HALL","233.91"
"43783","V-001675","2026-04-28","LODGING-D.CHEE","9534","LODGING-D.CHEE","483"
"43791","V-001675","2026-04-28","LODGING-G.MARKS","9505","LODGING-G.MARKS","155.94"
"43815","V-000580","2026-04-20","RIG LABOR WE 041826","207","RIG LABOR WE 041826","13280"
"43817","V-001702","2026-04-21","FUEL TANK - POLAR VORTEX","2295672","FUEL TANK - POLAR VORTEX","11076.19"
"43819","V-001702","2026-04-21","FUEL TANK RECLAIM NV 22","2296119","FUEL TANK RECLAIM NV 22","1514.39"
"43795","V-001675","2026-04-28","LODGING-G.HALL","9531","LODGING-G.HALL","389.85"
"43757","V-001266","2026-04-27","110V FILRITE PUMP 15GPM","185068","110V FILRITE PUMP 15GPM","694.13"
"43737","V-000475","2026-04-21","WATER HAULING","007382","WATER HAULING","2807.25"
"43749","V-001266","2026-04-27","PX CLEAR 66C RTV SILI","185053","PX CLEAR 66C RTV SILI","61.25"
"43775","V-000722","2026-04-28","RIG 221 LABOR WE 04/19-04/25/26","000000013564","RIG 221 LABOR WE 04/19-04/25/26","5026.36"
"43841","V-002238","2026-04-22","NIPPLE PIPE / THREAD","93583255","NIPPLE PIPE / THREAD","22.71"
"43845","V-002387","2026-04-24","CWS STATEMENT 4.24.26","Charge payoffs - 43844","RAMP - SDI liability transferred to AP","3047.43"
"43833","V-000823","2026-04-21","4000 PSI","6334","4000 PSI","2025"
"43839","V-000969","2026-04-22","FISHING TOOLS","1429276","FISHING TOOLS","28308.18"
"43885","V-002363","2026-04-22","FUEL GH-38","1535","FUEL GH-38","330"
"43889","V-000009","2026-04-22","ROPE / PENNANTS","0261846857","ROPE / PENNANTS","176.63"
"43867","V-000566","2026-04-15","COMPOSITE MAT RENTAL","20260104","COMPOSITE MAT RENTAL","4080"
"43871","V-000566","2026-04-15","COMPOSITE MAT RENTAL","20260107","COMPOSITE MAT RENTAL","2190"
"43869","V-000566","2026-04-15","26-CWS","20260105","COMPOSITE MAT RENTAL","5460"
"43883","V-000919","2026-04-20","HAULED FRESH WATER","2433","HAULED FRESH WATER","1020"
"43887","V-002363","2026-04-22","FUEL GH-90","1536","FUEL GH-90","330"
"43919","V-001266","2026-04-28","3/8 - 10MM GUNNEBO SLING HOOK","185138","3/8 - 10MM GUNNEBO SLING HOOK","72.33"
"43893","V-000246","2026-04-22","FUEL TANK RIG 215","70556","FUEL TANK RIG 215","5240.98"
"43895","V-000207","2026-04-23","26-CWS","27332","RR RB TOOTH BITS","2700"
"43993","V-001266","2026-04-30","BAND SAW","185271","BAND SAW","393.02"
"44045","V-000804","2026-05-03","BUILDING SITE ","676","BUILDING SITE ","18365"
"44047","V-000782","2026-05-05","HAULED STONE","20181511","HAULED STONE","907.5"
"43961","V-001266","2026-04-29","0-160 SI REAR MOUNT GAUGE ","185211","0-160 SI REAR MOUNT GAUGE ","175.18"
"43865","V-000566","2026-04-15","COMPOSITE MAT RENTAL","20260103","COMPOSITE MAT RENTAL","2820"
"43897","V-000207","2026-04-23","8 1/2"" RR SB TOOTH BIT","27333","8 1/2"" RR SB TOOTH BIT","1750"
"43955","V-001266","2026-04-29","RTU EXT LIFE GAL","185201","RTU EXT LIFE GAL","154.57"
"43879","V-000823","2026-04-17","CALCIUM","6296","CALCIUM","2025"
"43891","V-000246","2026-04-22","FUEL RIG 237","70390","FUEL RIG 237","5303.75"
"43963","V-001266","2026-04-29","FILTER","185213","FILTER","30.68"
"43881","V-000391","2026-04-18","CHARLEROI MTN CLUB 2019","355","CHARLEROI MTN CLUB 2019","5104"
"44079","V-001435","2026-04-04","LODGING-J.MUNYER","80908057","LODGING-J.MUNYER","88.8"
"44167","V-001560","2026-04-30","RIG 213 MOVE","4704387","RIG 213 MOVE","2102.5"
"44091","V-000969","2026-04-20","FISHING TOOLS","14246672","FISHING TOOLS","794.88"
"44099","V-000207","2026-04-23","7 7/8 RR SB TOOTH BIT","27330","7 7/8 RR SB TOOTH BIT","1500"
"44171","V-000656","2026-04-30","F4S SAFETY ADMIN SERVICES","8999620","F4S SAFETY ADMIN SERVICES","10925.77"
"44093","V-000969","2026-04-20","FISHING TOOLS","1428981","FISHING TOOLS","15977.7"
"44097","V-001135","2026-04-21","60# CONCRETE","528284","60# CONCRETE","24.95"
"44085","V-000566","2026-04-15","COMPOSITE MAT RENTAL","20260106","COMPOSITE MAT RENTAL","2460"
"44169","V-001560","2026-04-30","EQUIPMENT RENTAL","4704388","EQUIPMENT RENTAL","36750"
"44143","V-000721","2026-05-01","ENGINEERRING/PLANNING/MONITORING","COASTALWELLSERVICES01","ENGINEERRING/PLANNING/MONITORING","6650"
"44173","V-000656","2026-04-30","F4S SAFETY ADMIN SERVICES","8999621","F4S SAFETY ADMIN SERVICES","10560.19"
"44565","V-001560","2026-03-05","MOVE RIG 238","4704374","MOVE RIG 238","2100"
"44567","V-001560","2026-03-05","HAUL MATTING BOARDS","4704375","HAUL MATTING BOARDS","1330"
"44581","V-000190","2026-04-13","DISPOSAL RIG 102","BSC30513","DISPOSAL RIG 102","4108.88"
"44593","V-000969","2026-04-21","FISHING TOOLS","1429170","FISHING TOOLS","126"
"44587","V-000190","2026-04-16","DISPOSAL RIG 213","BSC30514","DISPOSAL RIG 213","1924.54"
"44597","V-000679","2026-04-21","FUEL TANK-RIG 101","147009","FUEL TANK-RIG 101","4333.32"
"44603","V-000945","2026-04-24","MISC LABOR ","1011488","MISC LABOR ","17993.25"
"44573","V-001702","2026-04-10","FUEL TANK-RIG 102 JOB 7251","2285121","FUEL TANK-RIG 102 JOB 7251","2133.29"
"44589","V-000190","2026-04-17","DISPOSAL RIG 243","BSC30515","DISPOSAL RIG 243","2145.07"
"44591","V-001877","2026-04-20","ROLL OFF","260213745001","ROLL OFF","4640"
"44601","V-000184","2026-04-22","SWITCH SOCK","20261142","SWITCH SOCK","2448.6"
"44563","V-001560","2026-03-05","TRUCKING MOB 243","4704373","TRUCKING MOB 243","5670"
"44595","V-000246","2026-04-21","FUEL TANK- YB1 POLAR VORTEX","70345","FUEL TANK- YB1 POLAR VORTEX","1949.23"
"44650","V-001435","2026-04-10","LODGING-M.SMITH","80971947","LODGING-M.SMITH","444"
"44638","V-001435","2026-04-10","LODGING-D.MUNYER","80972031","LODGING-D.MUNYER","266.4"
"44652","V-001435","2026-04-10","LODGING-B.DONATE","80971956","LODGING-B.DONATE","355.2"
"44658","V-001435","2026-04-10","LODGING-W.METZGER","80971995","LODGING-W.METZGER","355.2"
"44644","V-000666","2026-04-22","CHAIN LOOP/BAR OIL","407280","CHAIN LOOP/BAR OIL","1281.77"
"44664","V-001435","2026-04-10","LODGING-T.CORNELL","80972030","LODGING-T.CORNELL","266.4"
"44654","V-001435","2026-04-10","LODGING-T.FORD","80971978","LODGING-T.FORD","355.2"
"44646","V-000978","2026-04-23","SUPER VAC RENTAL","0753707201","SUPER VAC RENTAL","8375"
"44640","V-001435","2026-04-10","LODGING-R.NICELER","80972072","LODGING-R.NICELER","457.32"
"44760","V-001250","2026-04-17","HDD CHARGES BILLED TO CWS","5212930619","HDD CHARGES BILLED TO CWS","9829.7"
"44762","V-001250","2026-04-24","HDD CHARGES BILLED TO CWS","5212930620","HDD CHARGES BILLED TO CWS","10500.35"
"44972","V-000306","2026-04-16","D6 RENTAL","EQP0027274","D6 RENTAL","8980"
"44968","V-001011","2026-04-15","T14R RENTAL","1306831","T14R RENTAL","14000"
"45002","V-000306","2026-04-24","CP56 PAD FOOT RENTAL","EQP0028719","CP56 PAD FOOT RENTAL","5044"
"45295","V-000374","2026-04-30","RIG 103 RENT","4310325","RIG 103 RENT","15000"
"45293","V-000374","2026-04-30","RIG 101 RENT","4310131","RIG 101 RENT","15000"
"45291","V-000375","2026-04-30","D&T","700023","D&T","2360"
"39785","V-001439","2026-04-16","PORTA JOHN RENTAL","I8380","PORTA JOHN RENTAL","233.2"
"39967","V-000201","2026-03-06","LODGING-.K.HALL","29240","LODGING-.K.HALL","820"
"39993","V-000654","2026-03-19","WASTE DISPOSAL ","74465","WASTE DISPOSAL ","2190"
"40925","V-000782","2026-04-14","HAULED  STONE","20181279","HAULED  STONE","1247.5"
"40927","V-000782","2026-04-16","HAULED MATS","20181316","HAULED MATS","618.75"
"41282","V-000969","2026-04-10","FISHING TOOLS","1428266","FISHING TOOLS","16176.3"
"40886","V-001702","2026-04-13","FUEL TANK-RIG 243 JOB 7227","2287464","FUEL TANK-RIG 243 JOB 7227","2187.47"
"40267","V-001262","2026-04-06","HYDRO GEL PLUS/CITRIC ACID","6453","HYDRO GEL PLUS/CITRIC ACID","2014.6"
"39971","V-000654","2026-03-09","WASTE DISPOSAL ","74460","WASTE DISPOSAL ","2500"
"42661","V-000804","2026-04-26","ASSISTING RIG","675","ASSISTING RIG","1413"
"40017","V-001702","2026-03-30","POLAR VORTEX","2272972","POLAR VORTEX","1937.66"
"40617","V-001262","2026-04-07","26-CWS","6457","CUT & DRY 100","11589.5"
"40623","V-000750","2026-04-07","HAULED CAT WHEEL LOADEER","1011604","HAULED CAT WHEEL LOADEER","1110"
"40637","V-000750","2026-04-08","HAULED TIMBER MATS","1011598","HAULED TIMBER MATS","1782.5"
"40835","V-000722","2026-04-11","RIG 238 LABOR WE 04/05-04/11/26","000000012963","RIG 238 LABOR WE 04/05-04/11/26","4320.99"
"40819","V-000945","2026-04-17","MISC LABOR ","1011487","MISC LABOR ","17586"
"40219","V-001435","2026-04-03","LODGING-E.CLARK","80894754","LODGING-E.CLARK","88.8"
"40609","V-001697","2026-04-07","TIMBER MAT RENTAL","INV034042","TIMBER MAT RENTAL","84"
"40627","V-001398","2026-04-08","LOCKING CLIP","878827","LOCKING CLIP","180"
"41316","V-000945","2026-04-21","CREDIT INVOICE ","101148CRE","CREDIT INVOICE ","-505.75"
"40689","V-001770","2026-04-09","PORTA JOHN RENTAL","I17454","PORTA JOHN RENTAL","319.59"
"40833","V-000722","2026-04-11","RIG 237 LABOR WE 04/05-04/11/26","000000012962","RIG 237 LABOR WE 04/05-04/11/26","8725.44"
"41365","V-000028","2026-04-13","NON CHILORIDE ACCELERATE","33148","NON CHILORIDE ACCELERATE","2328"
"41377","V-001262","2026-04-13","SILT FENCE","6482","SILT FENCE","3286.5"
"41381","V-002462","2026-04-13","TRENCH DRAIN FOR 12'' GRATE","90121213","TRENCH DRAIN FOR 12'' GRATE","1378"
"41379","V-000969","2026-04-13","FISHING TOOLS","1428339","FISHING TOOLS","2813.76"
"41401","V-001262","2026-04-14","CORRUGATED PERF PIPE","6483","CORRUGATED PERF PIPE","383.25"
"40733","V-000028","2026-04-09","STONE","33264","STONE","10686.75"
"40821","V-000722","2026-04-11","RIG 101 LABOR WE 04/05-04/11/26","000000012953","RIG 101 LABOR WE 04/05-04/11/26","2938.18"
"40902","V-001702","2026-04-14","FUEL TANK-RIG 213 JOB 7289","2288976","FUEL TANK-RIG 213 JOB 7289","4319.19"
"41363","V-001069","2026-04-13","OTC/FROSTY ANNUAL RYE","1968A","OTC/FROSTY ANNUAL RYE","1198.2"
"41268","V-000804","2026-04-05","FIXED ROAD","657","FIXED ROAD","6393"
"41294","V-001715","2026-04-11","LIGHT TOWER RENTAL","1768887130007","LIGHT TOWER RENTAL","1527.26"
"41298","V-000804","2026-04-12","BUILDING SITE ","659","BUILDING SITE ","9994.5"
"41340","V-002363","2026-04-30","POWER TONG CREDIT","1509","POWER TONG CREDIT","-6000"
"41626","V-001250","2026-02-28","HDD CHARGES BILLED TO CWS","5212930612","HDD CHARGES BILLED TO CWS","3489.86"
"41648","V-001877","2026-04-11","GENERATOR RENTAL","257187943004","GENERATOR RENTAL","1025"
"40611","V-001069","2026-04-07","OTC/FROST ANNUAL RYE","1952A","OTC/FROST ANNUAL RYE","622"
"40621","V-001995","2026-04-07","WELDING LABOR ","8445212","WELDING LABOR ","1235"
"40701","V-001702","2026-04-09","HUNDRED ON ROAD FUEL TANK","2282641","HUNDRED ON ROAD FUEL TANK","2608"
"40613","V-000750","2026-04-07","HAULED CAT 316 EXCAVATOR ","1011602","HAULED CAT 316 EXCAVATOR ","740"
"40542","V-000028","2026-02-16","HOT WATER/CONCRETE","32221","HOT WATER/CONCRETE","2230"
"40577","V-001455","2026-04-07","YELLOW BIRD YB 1","5293","YELLOW BIRD YB 1","5150"
"40575","V-001455","2026-04-07","STAND BY","5351","STAND BY","2500"
"40273","V-001262","2026-04-06","HAULED KUBOTA 80","6475","HAULED KUBOTA 80","575"
"40934","V-001877","2026-04-14","PLATE MEDIUM","260988463001","PLATE MEDIUM","225"
"40221","V-001435","2026-04-03","LODGING-P.ROWE","80894789","LODGING-P.ROWE","417.6"
"40555","V-000306","2026-04-02","HOSE AS/HYDO ADV","PRT0108513","HOSE AS/HYDO ADV","576.25"
"40633","V-001356","2026-04-08","STRAW","040826","STRAW","400.68"
"40657","V-001439","2026-04-08","PORTA JOHN RENTAL ","I8318","PORTA JOHN RENTAL ","93.28"
"40707","V-001262","2026-04-09","SWITCHGRASS FILTER SOCK","6450","SWITCHGRASS FILTER SOCK","2585.55"
"40727","V-001262","2026-04-09","HAULED CONCRETE DRAINS","6478","HAULED CONCRETE DRAINS","1150"
"40261","V-000969","2026-03-31","FISHING TOOLS","1427190","FISHING TOOLS","21929.75"
"40269","V-001262","2026-04-06","26-CWS","6456","DRINKING WATER","534.96"
"40807","V-000246","2026-04-14","FUEL TANK-RIG 237 JOB 7147","69751","FUEL TANK-RIG 237 JOB 7147","4536.51"
"40278","V-001262","2026-04-06","HYDRO GEL PLUS","6454","HYDRO GEL PLUS","1098"
"39999","V-000654","2026-03-23","WASTE DISPOSAL ","74467","WASTE DISPOSAL ","1641.25"
"40561","V-000603","2026-04-06","CREDIT FROM 672448-000","CR481291","CREDIT FROM 672448-000","-1735.5"
"40803","V-002113","2026-04-10","COUPLER/GASKET","12014","COUPLER/GASKET","130.88"
"40581","V-001111","2026-04-07","WELL MARKER FOR WELL M-1766","950N","WELL MARKER FOR WELL M-1766","240.92"
"40671","V-001262","2026-04-08","HYDOGEL GEL PLUS","6461","HYDOGEL GEL PLUS","973"
"41367","V-001262","2026-04-13","HYDRO GEL PLUS","6500","HYDRO GEL PLUS","1806.5"
"41403","V-001262","2026-04-14","FLEXTERRA","6484","FLEXTERRA","2691.5"
"40167","V-000654","2026-04-01","WASTE DISPOSAL ","74566","WASTE DISPOSAL ","2561.25"
"41274","V-001262","2026-04-10","CUT & DRY 100","6467","CUT & DRY 100","3884"
"41284","V-000823","2026-04-10","STONE","6184","STONE","644"
"41286","V-000136","2026-04-10","STONE","INV34047411","STONE","5978.69"
"41288","V-000136","2026-04-10","STONE","INV34047416","STONE","2876.54"
"39975","V-000969","2026-03-11","FISHING TOOLS","1425235","FISHING TOOLS","1281.66"
"40855","V-000722","2026-04-18","RIG 212 LABOR WE 04/12-04/18/26","000000013145","RIG 212 LABOR WE 04/12-04/18/26","4652.16"
"40721","V-001266","2026-04-09","WINDO WELD SUPER FAST","184068","WINDO WELD SUPER FAST","79.73"
"40743","V-000028","2026-04-10","STONE","33308","STONE","6467.69"
"40859","V-000722","2026-04-18","RIG 214 LABOR WE 04/12-04/18/26","000000013147","RIG 214 LABOR WE 04/12-04/18/26","4060.12"
"41359","V-000804","2026-04-12","ASSISTING RIG ","661","ASSISTING RIG ","430"
"41395","V-001262","2026-04-14","HAULED CONDUCTOR","6517","HAULED CONDUCTOR","431.25"
"41332","V-002363","2026-04-28","GH-38 FUEL","1538","GH-38 FUEL","424.33"
"40259","V-001435","2026-03-28","LODGING-I.WILLIAMS","80825034","LODGING-I.WILLIAMS","695.97"
"41638","V-001250","2026-03-27","HDD CHARGES BILLED TO CWS","5212930616","HDD CHARGES BILLED TO CWS","8149.25"
"41296","V-000804","2026-04-12","26-CWS","658","BUILDING SITE ","7130"
"40015","V-001702","2026-03-30","POLAR VORTEX","2270822","POLAR VORTEX","4754.72"
"40025","V-001560","2026-03-31","MOVED  RIG 221","4704382","MOVED  RIG 221","1540"
"40035","V-000750","2026-04-01","HAULED 5'5 STEEL WELL TUBING","1011577","HAULED 5'5 STEEL WELL TUBING","575"
"40225","V-001435","2026-04-03","LODGING-M.SMITH","80894850","LODGING-M.SMITH","337.6"
"40892","V-000722","2026-04-18","RIG 713 LABOR WE 04/12/04/18/26","000000013166","RIG 713 LABOR WE 04/12/04/18/26","4327.5"
"40585","V-001214","2026-04-07","POLAR VORTEX","536536","POLAR VORTEX","13010.5"
"40571","V-001262","2026-04-07","HAULED PIPE","6446","HAULED PIPE","145.14"
"40589","V-000343","2026-04-07","UNIFORM RENTAL ","4265187024","UNIFORM RENTAL ","2615.38"
"40593","V-000306","2026-04-07","COVER AS ","PRT0110251","COVER AS ","1200.75"
"40894","V-001702","2026-04-13","FUEL TANK-RIG 243 JOB 7227","2288773","FUEL TANK-RIG 243 JOB 7227","2029.13"
"40615","V-000750","2026-04-07","HAULED A CAT 740B ","1011603","HAULED A CAT 740B ","1250"
"40619","V-001262","2026-04-07","CUT & DRY 100","6459","CUT & DRY 100","4009"
"40645","V-000157","2026-04-08","DELIVERED AC-7","34868","DELIVERED AC-7","900"
"40647","V-002238","2026-04-08","FLANGE/COUPLING","93576572","FLANGE/COUPLING","375.87"
"40869","V-000722","2026-04-18","RIG 238 LABOR WE 04/12-04/18/26","000000013159","RIG 238 LABOR WE 04/12-04/18/26","5478.49"
"41357","V-000804","2026-04-12","RIG MOVE ","662","RIG MOVE ","1618"
"41371","V-000306","2026-04-13","D6 RENTAL","EQP0026592","D6 RENTAL","8980"
"40703","V-001702","2026-04-09","HUNDRED ON ROAD FUEL TANK","2283455","HUNDRED ON ROAD FUEL TANK","1685.93"
"40841","V-000722","2026-04-11","RIG 247 LABOR WE 04/05-04/11/26","000000012966","RIG 247 LABOR WE 04/05-04/11/26","3083.08"
"40865","V-000722","2026-04-18","RIG 221 LABOR WE 04/12-04/18/26","000000013152","RIG 221 LABOR WE 04/12-04/18/26","3046.1"
"40867","V-000722","2026-04-18","RIG 237 LABOR WE 04/12-04/18/26","000000013153","RIG 237 LABOR WE 04/12-04/18/26","9906.22"
"40879","V-000722","2026-04-18","RIG 249 LABOR WE 04/12-04/18/26","000000013164","RIG 249 LABOR WE 04/12-04/18/26","839.52"
"40271","V-001262","2026-04-06","CITRIC ACID/HYDRO GEL PLUS","6455","CITRIC ACID/HYDRO GEL PLUS","2698.05"
"40665","V-000246","2026-04-08","FUEL TANK RIG 713 JOB 7260","69372","FUEL TANK RIG 713 JOB 7260","6614.02"
"40677","V-001262","2026-04-08","HAULED PIPE","6447","HAULED PIPE","316.18"
"40681","V-001702","2026-04-08","FUEL TANK-RUFF CREEK","2282194","FUEL TANK-RUFF CREEK","2378.56"
"40683","V-000823","2026-04-08","CALCIUM","6147","CALCIUM","2025"
"40717","V-000207","2026-04-09","ROTATING RUBBER ","27290","ROTATING RUBBER ","4558"
"41330","V-002363","2026-04-28","PLUGGING PROPHETA 288-1V","1531","PLUGGING PROPHETA 288-1V","39455.63"
"39987","V-000654","2026-03-16","WASTE DISPOSAL ","74463","WASTE DISPOSAL ","2087.5"
"40583","V-001111","2026-04-07","WELL MARKER FOR WELL M-1927","949N","WELL MARKER FOR WELL M-1927","240.92"
"40643","V-000157","2026-04-08","DROVE TO PICKED UP EQUIPMENT","34867","DROVE TO PICKED UP EQUIPMENT","1775"
"40669","V-000136","2026-04-08","STONE","INV34047179","STONE","5148"
"40673","V-001262","2026-04-08","26-CWS","6462","DRINKING WATER","111.51"
"40693","V-000969","2026-04-09","FISHING TOOLS","1428144","FISHING TOOLS","2143.8"
"40914","V-000904","2026-04-15","DELIVERED FRESH WATER","72232","DELIVERED FRESH WATER","906.32"
"40715","V-000207","2026-04-09","RR SB TOOTH BIT ","27289","RR SB TOOTH BIT ","1500"
"40729","V-000338","2026-04-09","HAULED WATER IN AND PIT OUT ","14699","HAULED WATER IN AND PIT OUT ","5583.36"
"41387","V-001262","2026-04-13","MOVED CUTTING TUB ON POLAR VORTEX","6520","MOVED CUTTING TUB ON POLAR VORTEX","718.75"
"41399","V-001069","2026-04-14","OTC/FROSTY ANNUAL RYE","1980A","OTC/FROSTY ANNUAL RYE","1797.3"
"41383","V-000136","2026-04-13","STONE","INV34047521","STONE","6948.15"
"41369","V-001262","2026-04-13","HYDRO GEL PLUS","6501","HYDRO GEL PLUS","2986.32"
"41385","V-001262","2026-04-13","HAULED CONCRETE DRAINS","6528","HAULED CONCRETE DRAINS","1006.25"
"41405","V-001905","2026-04-14","TIE-DOWN RCHT GRY ","2604075451","TIE-DOWN RCHT GRY ","413.31"
"41411","V-001262","2026-04-14","THINNER/CITRIC ACID","6502","THINNER/CITRIC ACID","1112.52"
"40599","V-001697","2026-04-07","TIMBER MAT RENTAL","INV034037","TIMBER MAT RENTAL","651"
"40849","V-000722","2026-04-11","RIG 713 LABOR WE 04/05-04/11/26","000000012972","RIG 713 LABOR WE 04/05-04/11/26","3628.64"
"40853","V-000722","2026-04-18","RIG 103 LABOR WE 04/12-04/18/26","000000013144","RIG 103 LABOR WE 04/12-04/18/26","548.84"
"40863","V-000722","2026-04-18","RIG 220 LABOR WE 04/12-04/18/26","000000013150","RIG 220 LABOR WE 04/12-04/18/26","1691.68"
"40873","V-000722","2026-04-18","RIG 243 LABOR WE 04/12-04/18/26","000000013161","RIG 243 LABOR WE 04/12-04/18/26","11467.64"
"40573","V-001262","2026-04-07","HYDOGEL GEL PLUS/THINNER","6458","HYDOGEL GEL PLUS/THINNER","2590.32"
"40597","V-001697","2026-04-07","CRAN MAT RENTAL","INV034036","CRAN MAT RENTAL","2108"
"41389","V-001262","2026-04-14","HAULED TUBS FROM POLAR VORTEX","6522","HAULED TUBS FROM POLAR VORTEX","1437.5"
"41276","V-001262","2026-04-10","26-CWS","6480","HAULED MINI KUBOTA","431.25"
"41292","V-001455","2026-04-11","RAN CASING","5335","RAN CASING","2500"
"40027","V-001069","2026-03-31","OTC/FROSTY ANNUAL RYE","1935A","OTC/FROSTY ANNUAL RYE","311"
"40629","V-001262","2026-04-08","CUT & DRY 100","6460","CUT & DRY 100","3351.25"
"41375","V-001262","2026-04-13","H&H WOOD FIBER","6481","H&H WOOD FIBER","1594.5"
"41413","V-001262","2026-04-14","26-CWS","6503","THINNER","866.08"
"41431","V-001266","2026-04-14","ALLSPORT FREEZE POP","184326","ALLSPORT FREEZE POP","86.62"
"41433","V-001266","2026-04-14","HI POWER IND V-BELT","184327","HI POWER IND V-BELT","41.08"
"41642","V-001250","2026-04-03","HDD CHARGES BILLED TO CWS","5212930617","HDD CHARGES BILLED TO CWS","10781.25"
"41419","V-000782","2026-04-14","HAULED STONE","20181277","HAULED STONE","1905"
"41415","V-001262","2026-04-14","DRINKING WATER","6504","DRINKING WATER","240.4"
"41421","V-000782","2026-04-14","MOVED TRACUK TRUCK","20181278","MOVED TRACUK TRUCK","412.5"
"40709","V-001262","2026-04-09","THINNER","6464","THINNER","195.36"
"41528","V-001715","2026-03-14","LIGHT TOWER RENTAL","1768887130006","LIGHT TOWER RENTAL","1527.26"
"40209","V-000028","2026-04-02","STONE","33109","STONE","13800.82"
"40223","V-001435","2026-04-03","LODGING-D.HALL","80894791","LODGING-D.HALL","417.6"
"40861","V-000722","2026-04-18","RIG 215 LABOR WE 04/12-04/18/26","000000013148","RIG 215 LABOR WE 04/12-04/18/26","214.62"
"40165","V-001331","2026-04-01","HAULING DRILL MUD","CDE040126A","HAULING DRILL MUD","11875"
"41272","V-001262","2026-04-10","H&H WOOD FIBER","6451","H&H WOOD FIBER","1766.17"
"40675","V-001262","2026-04-08","CITRIC ACID/BICARBONATE OF SODA","6463","CITRIC ACID/BICARBONATE OF SODA","1472.88"
"40731","V-000136","2026-04-09","STONE","INV34047310","STONE","14011.81"
"40741","V-000190","2026-04-09","WASTE DISPOSAL ","BSC30414","WASTE DISPOSAL ","1459.35"
"40735","V-000157","2026-04-09","DELIVERED AC-24","34892","DELIVERED AC-24","1250"
"40635","V-001069","2026-04-08","OTC/FROSTY ANNUAL RYE","1958A","OTC/FROSTY ANNUAL RYE","1518.26"
"41304","V-002363","2026-04-17","PLUGGING PROPHETA 288-1V","1521","PLUGGING PROPHETA 288-1V","76720.44"
"40827","V-000722","2026-04-11","26-CWS","000000012957","RIG 213 LABOR WE 04/05-04/11/26","4153.88"
"40823","V-000722","2026-04-11","RIG 103 LABOR WE 04/05-04/11/26","000000012955","RIG 103 LABOR WE 04/05-04/11/26","7648.86"
"40843","V-000722","2026-04-11","RIG 248 LABOR WE 04/05-04/11/26","000000012967","RIG 248 LABOR WE 04/05-04/11/26","5081.2"
"40552","V-000978","2026-03-29","26-CWS","0753692401","SUPER VAC RENTAL","7262.5"
"40837","V-000722","2026-04-11","RIG 242 LABOR WE 04/05-04/11/26","000000012964","RIG 242 LABOR WE 04/05-04/11/26","2528.68"
"40847","V-000722","2026-04-11","RIG 250 LABOR WE 04/05-04/11/26","000000012970","RIG 250 LABOR WE 04/05-04/11/26","3187.22"
"40877","V-000722","2026-04-18","RIG 248 LABOR WE 04/12-04/18/26","000000013163","RIG 248 LABOR WE 04/12-04/18/26","4789.9"
"40797","V-000823","2026-04-07","HOT WATER/CALCIUM","6130","HOT WATER/CALCIUM","2100"
"40817","V-001445","2026-04-16","26-CWS","5507","STONE","11624.58"
"40685","V-001111","2026-04-09","WELL MARKER FOR JOB 7290","951N","WELL MARKER FOR JOB 7290","240.92"
"40697","V-002238","2026-04-09","INSERT SLIP","93576981","INSERT SLIP","92.95"
"40711","V-001262","2026-04-09","HYDRO GEL PLUS","6465","HYDRO GEL PLUS","1806.5"
"40737","V-000136","2026-04-09","STONE","INV34047322","STONE","867.94"
"40713","V-001262","2026-04-09","HYDRO GEL PLUS","6466","HYDRO GEL PLUS","1059.5"
"41634","V-001250","2026-03-06","HDD CHARGES BILLED TO CWS","5212930613","HDD CHARGES BILLED TO CWS","3648.01"
"40912","V-000797","2026-04-13","GENERATOR RENTAL ","36349538002","GENERATOR RENTAL ","3517.09"
"40910","V-000904","2026-04-13","HAULED FRESH WATER","72180","HAULED FRESH WATER","1365"
"40825","V-000722","2026-04-11","RIG 212 LABOR WE 04/05-04/11/26","000000012956","RIG 212 LABOR WE 04/05-04/11/26","6955.88"
"41628","V-001098","2026-02-28","MEC CHARGES BILLED TO CWS","5812930611","MEC CHARGES BILLED TO CWS","17531.08"
"40884","V-001702","2026-04-11","FUEL TANK-ELM GROVE","2285087","FUEL TANK-ELM GROVE","2375.24"
"40888","V-001702","2026-04-13","POLAR VORTEX","2287427","POLAR VORTEX","15812.66"
"40605","V-001697","2026-04-07","WOOD ACCESS MATS","INV034040","WOOD ACCESS MATS","1170"
"40569","V-001262","2026-04-06","T-POST/ORANGE FENCE","6445","T-POST/ORANGE FENCE","2204.18"
"40603","V-001697","2026-04-07","TIMBER MAT RENTAL","INV034039","TIMBER MAT RENTAL","196"
"40631","V-001262","2026-04-08","HAULED MINI EXCAVATOR","6472","HAULED MINI EXCAVATOR","502.23"
"40805","V-000246","2026-04-13","FUEL TANK-POLAR VORTEX","69706","FUEL TANK-POLAR VORTEX","2979.95"
"40813","V-000580","2026-04-13","RIG LABOR WE 041226","206","RIG LABOR WE 041226","13055"
"3300","V-000179","2025-11-26","CRANE / OPERATOR","44922WV","CRANE / OPERATOR","1361"
"3518","V-001103","2026-01-08","MERCHANTS FUEL","M00000479562","MERCHANTS FUEL","231.83"
"3535","V-001251","2026-01-01","16"" BOREHOLES","647302","16"" BOREHOLES","62000"
"3610","V-001262","2025-12-29","HAULED WASH PIPE","6034","HAULED WASH PIPE","375"
"3559","V-001069","2025-10-02","LIME/O.T.C","1607A","LIME/O.T.C","1180.3"
"3560","V-001069","2025-10-30","FROSTY ANNUAL RYE ","1717A","FROSTY ANNUAL RYE ","583.04"
"3561","V-001702","2025-11-04","FUEL TANK- RIG 248 JOB 7184","2036267","FUEL TANK- RIG 248 JOB 7184","1143.06"
"3562","V-001702","2025-11-06","FUEL TANK-RIG 248 JOB 7184","2040384","FUEL TANK-RIG 248 JOB 7184","1548.93"
"3565","V-001435","2025-12-05","LODGING-D.OGDEN","79644238","LODGING-D.OGDEN","444"
"3587","V-001069","2025-12-18","SEED MIX,LIME","1800A","SEED MIX,LIME","1751.5"
"3589","V-000246","2025-12-18","RIG 237 JOB 7147","55136","RIG 237 JOB 7147","2903.64"
"3593","V-001135","2025-12-20","GATE HOOK/POST","508081","GATE HOOK/POST","420.1"
"3594","V-000945","2025-12-22","770 BALES OF STRAW","3010918","770 BALES OF STRAW","6545"
"3611","V-001262","2025-12-29","BARAKADE","6024","BARAKADE","1883.5"
"3612","V-001262","2025-12-29","HYDROGEL/THINNER","6026","HYDROGEL/THINNER","2226.9"
"3613","V-001675","2025-12-29","LODGING-R.ODELL","8777","LODGING-R.ODELL","311.88"
"3617","V-000136","2025-12-29","STONE","INV34041622","STONE","821.68"
"3620","V-000246","2025-12-29","RIG 221 JOB 7197","288098162","RIG 221 JOB 7197","2355.79"
"3579","V-000566","2025-12-15","COMPOSITE MAT RENTAL","20250462","COMPOSITE MAT RENTAL","2190"
"3572","V-001069","2025-12-11","FROSTY ANNUAL RYE","1794A","FROSTY ANNUAL RYE","766"
"3575","V-001435","2025-12-12","LODGING-D.OGDEN","79718928","LODGING-D.OGDEN","444"
"3576","V-000246","2025-12-12","RIG 103 JOB 7195","54279","RIG 103 JOB 7195","1134.8"
"3577","V-001435","2025-12-13","LODGING-D.OGDEN","79731621","LODGING-D.OGDEN","88.8"
"3616","V-001111","2025-12-29","WELL MARKER FOR WELL TERRY LITZELMAN","904N","WELL MARKER FOR WELL TERRY LITZELMAN","954"
"3581","V-000782","2025-12-16","PLOWED AND CHIPPED","20179753","PLOWED AND CHIPPED","432.5"
"3614","V-001262","2025-12-29","DRINKING WATER","6027","DRINKING WATER","50.1"
"3588","V-001135","2025-12-19","MAILBOX BLK","507968","MAILBOX BLK","32.98"
"3600","V-001435","2025-12-23","LODGING-B.DONATE","79830494","LODGING-B.DONATE","266.4"
"3605","V-001435","2025-12-24","LODGING-D.HALL","79844833","LODGING-D.HALL","888"
"3564","V-001069","2025-12-09","OTC/FROSTY ANNUAL RYE","1792A","OTC/FROSTY ANNUAL RYE","1875.3"
"3596","V-001702","2025-12-22","FUEL TANK- RIG 248 JOB 7194","2109526","FUEL TANK- RIG 248 JOB 7194","754.23"
"3607","V-001115","2025-12-26","LODGING-B.BARCLEY","10028023694","LODGING-B.BARCLEY","660.45"
"3676","V-000246","2025-12-22","RIG 215 JOB 7123","55621","RIG 215 JOB 7123","3119.4"
"3632","V-001069","2025-10-30","OTC/FROSTY ANNUAL RYE","1718A","OTC/FROSTY ANNUAL RYE","1244"
"3736","V-001877","2025-12-31","LIGHT TOWER","243566642021","LIGHT TOWER","356"
"3755","V-000259","2026-01-09","FRAC TANK","123125KING","FRAC TANK","1220"
"3733","V-001877","2025-12-31","LIGHT TOWER RENTAL","243753327023","LIGHT TOWER RENTAL","2559"
"3746","V-000580","2025-12-09","RIG LABOR WE 120625","188","RIG LABOR WE 120625","10725"
"4175","V-000782","2026-01-06","PLOW TRUCK & CINDERS","20179956","PLOW TRUCK & CINDERS","807.5"
"4177","V-000782","2026-01-06","PLOW TRUCK AND CINDER","20179954","PLOW TRUCK AND CINDER","443"
"4011","V-000157","2025-12-19","WELL HELEN GORDON","34469","WELL HELEN GORDON","930"
"4032","V-001945","2025-12-23","WASTE REMOVAL","600883049626","WASTE REMOVAL","5554.36"
"4016","V-001413","2025-12-22","TELESCOPIC HOT STICK","01009749","TELESCOPIC HOT STICK","240"
"4007","V-000679","2025-12-17",,"129186",,"3012.27"
"4035","V-001945","2025-12-23","WASTE REMOVAL","600882849620","WASTE REMOVAL","2103.47"
"4030","V-000654","2025-12-23","WASTE DISPOSAL ","73785","WASTE DISPOSAL ","1778.75"
"4034","V-001945","2025-12-23","WASTE REMOVAL","600883149624","WASTE REMOVAL","2186.01"
"4037","V-001945","2025-12-23","WASTE REMOVAL","600882949628","WASTE REMOVAL","1604.62"
"4039","V-001945","2025-12-23","WASTE REMOVAL","600882749622","WASTE REMOVAL","1515.18"
"4047","V-001011","2025-12-26","T14R BUMPER","1283945","T14R BUMPER","14000"
"3962","V-000654","2025-07-22","WASTE DISPOSAL ","72674","WASTE DISPOSAL ","2783.75"
"3975","V-000797","2025-12-05","POLARIS RENTAL","35981993003","POLARIS RENTAL","1819.24"
"3978","V-001715","2025-12-08","GENERATOR RENTAL","1760738700002","GENERATOR RENTAL","1594.95"
"3982","V-000028","2025-12-10","AIR FLY/HOT WATER","31410","AIR FLY/HOT WATER","2390"
"4068","V-001266","2025-12-30","1"" WELD DRING","179047","1"" WELD DRING","300.56"
"4071","V-000343","2025-12-30","UNIFORM RENTAL ","4254795859","UNIFORM RENTAL ","2655.49"
"4170","V-000679","2026-01-02","FUEL TANK RIG 103 JOB 7250","131556","FUEL TANK RIG 103 JOB 7250","1617.23"
"4074","V-002238","2025-12-30","NIPPLE/HAMMER/VALVE CHECK","3002674","NIPPLE/HAMMER/VALVE CHECK","177.97"
"4149","V-001262","2026-01-05","CUT & DRY 100","6045","CUT & DRY 100","3276.25"
"4216","V-000782","2026-01-06","PLOW TRUCK AND CINDER","20179955","PLOW TRUCK AND CINDER","535"
"4186","V-000782","2026-01-06","HAUL RECLAIM","20179953","HAUL RECLAIM","525"
"4157","V-000679","2026-01-05","FUEL TANK RIG 103 JOB 7250","131701","FUEL TANK RIG 103 JOB 7250","1619.5"
"4165","V-001262","2026-01-02","MISCELLANEOUS ITEMS HAULED","6035","MISCELLANEOUS ITEMS HAULED","1150"
"4168","V-000679","2026-01-02","FUEL TANK 250 JOB 7254","131555","FUEL TANK 250 JOB 7254","2885.3"
"4129","V-001135","2026-01-06","FASTENER","510340","FASTENER","37.55"
"4130","V-000654","2026-01-06","WASTE DISPOSAL ","73838","WASTE DISPOSAL ","837.5"
"4132","V-001266","2026-01-06","DOSA IN LINE ADJUSTMENT","179311","DOSA IN LINE ADJUSTMENT","541.8"
"4134","V-001266","2026-01-05","ZIP TIES","179215","ZIP TIES","105.6"
"4136","V-001266","2026-01-05","ADJ WRENCH","179200","ADJ WRENCH","94.36"
"4088","V-000136","2025-12-30","STONE","INV34041747","STONE","8366.96"
"4086","V-000679","2025-12-30","FUEL TANK RIG 103 JOB 7250","131164","FUEL TANK RIG 103 JOB 7250","1122.63"
"4087","V-000679","2025-12-30","FUEL TANK RIG 103 JOB 7250","131019","FUEL TANK RIG 103 JOB 7250","1619.5"
"4110","V-000797","2025-12-31","HEATER RENTAL","36182359001","HEATER RENTAL","4622.67"
"4111","V-000797","2025-12-31","HEATER RENTAL","36182582001","HEATER RENTAL","4622.67"
"4112","V-000797","2025-12-31","HEATER RENTAL","36182187001","HEATER RENTAL","4622.67"
"4188","V-000343","2026-01-06","UNIFORM RENTAL ","4255396998","UNIFORM RENTAL ","2605.39"
"4189","V-000782","2026-01-06","MOVED DOZER TO SITE","20179922","MOVED DOZER TO SITE","275"
"4196","V-000207","2026-01-06","SUCTION HOSE","26886","SUCTION HOSE","1325"
"4197","V-001262","2026-01-06","HYDROGELPLUS ","6047","HYDROGELPLUS ","1098"
"4085","V-001266","2025-12-30","DIXON MALE NIPPLE","179019","DIXON MALE NIPPLE","441.68"
"4081","V-001262","2025-12-30","DRINKING WATER","6030","DRINKING WATER","510.96"
"4084","V-000207","2025-12-30","61/4'' SB TOOTH BIT","26883","61/4'' SB TOOTH BIT","1200"
"4102","V-001262","2025-12-31","SWITCHGRASS FILTER SOCK","6023","SWITCHGRASS FILTER SOCK","1416"
"4140","V-001266","2026-01-05","LEVER HOIST","179211","LEVER HOIST","525.42"
"4117","V-000782","2026-01-06","HAULED HOE TO SITE","20179921","HAULED HOE TO SITE","275"
"4142","V-000654","2026-01-05","WASTE DISPOSAL ","73837","WASTE DISPOSAL ","1582.5"
"4190","V-001877","2026-01-06","GENERATOR RENTAL","255858856002","GENERATOR RENTAL","2141.07"
"4193","V-001262","2026-01-06","HAULED CONDUCTOR","6057","HAULED CONDUCTOR","287.5"
"4204","V-000338","2026-01-06","HAULED WATER","14381","HAULED WATER","720"
"4199","V-001262","2026-01-06","CUT & DRY 100","6046","CUT & DRY 100","4954.5"
"4202","V-001262","2026-01-06","HAULED CORRUGATED PIPE","6039","HAULED CORRUGATED PIPE","2453.5"
"4148","V-001262","2026-01-05","DRINKING WATER","6043","DRINKING WATER","510.96"
"4152","V-000679","2026-01-05","FUEL TANK RIG 103 JOB 7250","131780","FUEL TANK RIG 103 JOB 7250","1308.88"
"4156","V-001262","2026-01-05","SAND BAGS","6038","SAND BAGS","252.31"
"4158","V-000309","2026-01-05","HAULED TUB AND CUTTINGS","8289","HAULED TUB AND CUTTINGS","1885"
"4159","V-000309","2026-01-05","HAULED 3 LOADS","8288","HAULED 3 LOADS","1420"
"4160","V-000679","2026-01-05","FUEL TANK RIG 250 JOB 7254","131702","FUEL TANK RIG 250 JOB 7254","2329.81"
"4116","V-000782","2026-01-06","PLOW TRUCK AND CINDER","20179936","PLOW TRUCK AND CINDER","325"
"4118","V-000782","2026-01-06","HAULED HOE TO SITE","20179924","HAULED HOE TO SITE","343.75"
"4119","V-000782","2026-01-06","HAULED HOE TO SITE","20179923","HAULED HOE TO SITE","343.75"
"4121","V-001135","2026-01-06","3HL PERF BE","510391","3HL PERF BE","739.8"
"4162","V-001111","2026-01-04","WELL MARKER FOR WELL GORDON HELEN # 8","905N","WELL MARKER FOR WELL GORDON HELEN # 8","318"
"4058","V-001011","2025-12-29","ANVIL HARDWARE BANDIT","1284261","ANVIL HARDWARE BANDIT","749.78"
"4061","V-001262","2025-12-29","BARAKADE","6025","BARAKADE","973"
"4207","V-000338","2026-01-06","HAULED WATER","14380","HAULED WATER","720"
"4208","V-000338","2026-01-06","HAULED PIT OUT ","14378","HAULED PIT OUT ","5051.52"
"4049","V-001715","2025-12-27","TELEHANDLER RENTAL","1759598810003","TELEHANDLER RENTAL","4669.75"
"4073","V-001715","2025-12-30","LIGHT RENTAL","1768887130002","LIGHT RENTAL","1527.26"
"4103","V-000391","2025-12-31","GORDON, HELEN # 8","296","GORDON, HELEN # 8","8840.08"
"4150","V-001262","2026-01-05","THINNER/HYDROGEL","6042","THINNER/HYDROGEL","2508.22"
"4076","V-001262","2025-12-30","CUT & DRY 100","6029","CUT & DRY 100","6365"
"4166","V-001945","2026-01-02","WASTE REMOVAL","600883949627","WASTE REMOVAL","1688.69"
"4167","V-001945","2026-01-02","WASTE REMOVAL","600884449627","WASTE REMOVAL","4448.47"
"4054","V-001011","2025-12-29","HEX NUT BOLT WASHER","1284255","HEX NUT BOLT WASHER","40.48"
"4104","V-001115","2025-12-31","LODGING-B.BARKLEY","10028061012","LODGING-B.BARKLEY","188.7"
"4218","V-000391","2026-01-06","CLEARVIEW A 4H","298","CLEARVIEW A 4H","10168.4"
"4219","V-000391","2026-01-06","26-CWS","299","MARY E GARY #2","21539.6"
"4221","V-001262","2026-01-06","TREATED 4X4 POST/MAILBOX","6040","TREATED 4X4 POST/MAILBOX","266.19"
"4214","V-002238","2025-12-30","MELT ICE SAFE","3002701","MELT ICE SAFE","300.5"
"4296","V-000722","2026-01-21","RIG 215 LABOR 01/04-01/10","00006643","RIG 215 LABOR 01/04-01/10","4842.4"
"25425","V-001675","2026-03-03","LODGING-D.LAMPKIN","9190","LODGING-D.LAMPKIN","233.91"
"25457","V-001207","2026-03-05","MATERIAL DISPOSAL ","MM3070","MATERIAL DISPOSAL ","1959.94"
"25459","V-001331","2026-03-05","HAULED DRILL MUD","CDE030526A","HAULED DRILL MUD","1656.25"
"25489","V-001262","2026-03-05","26-CWS","6268","CORRUGATED PIPE","373.8"
"25491","V-001702","2026-03-05","FUEL TANK-RIG 251 JOB 7257","2239653","FUEL TANK-RIG 251 JOB 7257","1629.89"
"25493","V-001262","2026-03-05","SWITCHGRASS FILTER SOCK","6269","SWITCHGRASS FILTER SOCK","2826.47"
"25439","V-002238","2026-03-04","NIPPLE-PIPE/DIE-TONG","93561926","NIPPLE-PIPE/DIE-TONG","309.89"
"25433","V-001702","2026-03-04","FUEL TANK-HUNDRED OFF ROAD ","2236696","FUEL TANK-HUNDRED OFF ROAD ","1661.5"
"25427","V-001262","2026-03-03","HAULED MATS & FORKS","6274","HAULED MATS & FORKS","790.63"
"25495","V-001702","2026-03-05","FUEL TANK-RIG 251 JOB 7257","2240048","FUEL TANK-RIG 251 JOB 7257","810.36"
"25499","V-001439","2026-03-05","PORTA JOHN RENTAL","I7985","PORTA JOHN RENTAL","291.5"
"25505","V-001702","2026-03-06","FUEL TANK RIG 247 JOB 7214","2241013","FUEL TANK RIG 247 JOB 7214","4844.96"
"25507","V-001877","2026-03-06","GENERATOR RENTAL RIG 103","256005276004","GENERATOR RENTAL RIG 103","1537.5"
"25449","V-001262","2026-03-04","CITRIC ACID/BICARBONATE OF SODA","6258","CITRIC ACID/BICARBONATE OF SODA","4475.1"
"25453","V-000815","2026-03-04","LODGING-J.FARRAR","14091","LODGING-J.FARRAR","396.27"
"25461","V-000136","2026-03-05","STONE","INV34045062","STONE","7800.52"
"25445","V-001702","2026-03-04","FUEL TANK-RIG 243 JOB 7227","2237531","FUEL TANK-RIG 243 JOB 7227","1072.74"
"25451","V-001356","2026-03-04","4'' PIPE","030426","4'' PIPE","427.18"
"25437","V-001702","2026-03-04","FUEL TANK-HUNDRED ON ROAD ","2234540","FUEL TANK-HUNDRED ON ROAD ","2869.12"
"25535","V-000099","2026-03-06","PHENOLPHTHALEIN SOLUTION","S3584890001","PHENOLPHTHALEIN SOLUTION","17.4"
"25543","V-000799","2026-03-06","HAULED WATER","6441","HAULED WATER","3906"
"25539","V-000399","2026-03-06","LODGING-BRAIDEN BARCUS","80573500","LODGING-BRAIDEN BARCUS","487.2"
"25443","V-001702","2026-03-04","26-CWS","2237152","FUEL TANK-RUFF CREEK","1018.26"
"25447","V-001262","2026-03-04","CUT & DRY 100","6256","CUT & DRY 100","4009"
"25487","V-001262","2026-03-05","SWITCHGRASS FILTER SOCK","6267","SWITCHGRASS FILTER SOCK","3601.55"
"25503","V-001702","2026-03-06","FUEL TANK-RIG 102 JOB 7187","2241012","FUEL TANK-RIG 102 JOB 7187","2059.07"
"25481","V-001262","2026-03-05","HYDROGELPLUS ","6260","HYDROGELPLUS ","445.8"
"25429","V-001115","2026-03-03","LODGING-R.KUHN","10028394274","LODGING-R.KUHN","1603.95"
"25431","V-001675","2026-03-03","LODGING-P.BROWN","16241","LODGING-P.BROWN","395.16"
"25549","V-000722","2026-03-07","RIG 242 LABOR WE 03/01-03/07/26","000011187","RIG 242 LABOR WE 03/01-03/07/26","2292.28"
"25455","V-000190","2026-03-04","WASTE DISPOSAL ","BSC29660","WASTE DISPOSAL ","1505.47"
"25483","V-001262","2026-03-05","THINNER","6261","THINNER","836.08"
"25485","V-001262","2026-03-05","CUT & DRY 100","6262","CUT & DRY 100","6390"
"25559","V-000722","2026-03-07","RIG 250 LABOR WE 03/01-03/07/26","000011192","RIG 250 LABOR WE 03/01-03/07/26","2229.46"
"25561","V-000722","2026-03-07","RIG 251 LABOR WE 03/01-03/07/26","000011193","RIG 251 LABOR WE 03/01-03/07/26","9999.48"
"25537","V-001331","2026-03-06","HAULED DRILL MUD","CDE030626A","HAULED DRILL MUD","2437.5"
"25557","V-000722","2026-03-07","RIG 249 LABOR WE 03/01-03/07/26","000011191","RIG 249 LABOR WE 03/01-03/07/26","2854.44"
"25541","V-001702","2026-03-06","FUEL TANK-RIG 102 JOB 7187","2249124","FUEL TANK-RIG 102 JOB 7187","834.5"
"25555","V-000722","2026-03-07","RIG 248 LABOR WE 03/01-03/07/26","000011190","RIG 248 LABOR WE 03/01-03/07/26","6910.68"
"25551","V-000722","2026-03-07","RIG 243 LABOR WE 03/01-03/07/26","000011188","RIG 243 LABOR WE 03/01-03/07/26","3354.46"
"25553","V-000722","2026-03-07","RIG 247 LABOR WE 03/01-03/07/26","000011189","RIG 247 LABOR WE 03/01-03/07/26","5081.36"
"25645","V-001702","2026-03-10","FUEL TANK-RUFF CREEK","2245675","FUEL TANK-RUFF CREEK","1638.4"
"25589","V-000722","2026-03-07","RIG 214 LABOR 03/01-03/07/26","000011179","RIG 214 LABOR 03/01-03/07/26","5385.12"
"25585","V-000722","2026-03-07","RIG 212 LABOR 03/01-03/07/26","000011178","RIG 212 LABOR 03/01-03/07/26","6834.4"
"25635","V-002269","2026-03-09","FUEL TANK-RIG 237 JOB 7147","66835","FUEL TANK-RIG 237 JOB 7147","4109.17"
"25577","V-001069","2026-02-21","OTC/FROSTY ANNUAL RYE","1860A","OTC/FROSTY ANNUAL RYE","1724.45"
"25587","V-000722","2026-03-07","RIG 213 LABOR 03/01-03/07/26","000011197","RIG 213 LABOR 03/01-03/07/26","1661.02"
"25593","V-000722","2026-03-07","RIG 221 LABOR WE 03/01-03/07/26","000011184","RIG 221 LABOR WE 03/01-03/07/26","8918.3"
"25649","V-001702","2026-03-11","FUEL TANK-ELM GROVE","2247083","FUEL TANK-ELM GROVE","2040.66"
"25633","V-001702","2026-03-09","26-CWS","2243506","FUEL TANK-RIG 251 JOB 7257","1703.14"
"25599","V-000722","2026-03-07","RIG 238 LABOR WE 03/01-03/07/26","000011186","RIG 238 LABOR WE 03/01-03/07/26","6944.12"
"25579","V-001069","2026-02-24","OTC/FROSTY ANNUAL RYE","1864A","OTC/FROSTY ANNUAL RYE","933"
"25643","V-001702","2026-03-10","FUEL TANK-RIG 213 JOB 7201","2245672","FUEL TANK-RIG 213 JOB 7201","5137.61"
"25647","V-001702","2026-03-10","FUEL TANK-HUNDRED OFF ROAD ","2246897","FUEL TANK-HUNDRED OFF ROAD ","2336.83"
"25641","V-000904","2026-03-10","DELIVERED DOGHOUSE ","71596","DELIVERED DOGHOUSE ","405"
"25583","V-000722","2026-03-07","RIG 103 LABOR 03/01-03/07/26","000011177","RIG 103 LABOR 03/01-03/07/26","4530.72"
"25591","V-000722","2026-03-07","RIG 215 LABOR WE 03/01-03/07/26","000011180","RIG 215 LABOR WE 03/01-03/07/26","2191.25"
"25603","V-000904","2026-03-09","DELIVERED ROLLER","71555","DELIVERED ROLLER","945"
"25637","V-000207","2026-03-09","SCREW ON ROTATING RUBBER","27120","SCREW ON ROTATING RUBBER","3700"
"25597","V-000722","2026-03-07","RIG 237 LABOR WE 03/01-03/07/26","000011185","RIG 237 LABOR WE 03/01-03/07/26","11142"
"25639","V-000207","2026-03-09","RR TOOTH BIT SN10618060","27119","RR TOOTH BIT SN10618060","3100"
"25595","V-000722","2026-03-07","RIG 220 LABOR WE 03/01-03/07/26","000011183","RIG 220 LABOR WE 03/01-03/07/26","6619.74"
"25581","V-000722","2026-03-07","RIG 101 LABOR WE 03/01-03/07/26","000011176","RIG 101 LABOR WE 03/01-03/07/26","2246.3"
"25657","V-001702","2026-03-11","FUEL TANK-HUNDRED ON ROAD ","2245652","FUEL TANK-HUNDRED ON ROAD ","1540.54"
"25661","V-000722","2026-03-14","RIG 238 LABOR WE 03/08-03/14/26","000000011452","RIG 238 LABOR WE 03/08-03/14/26","4051.68"
"25659","V-000722","2026-03-14","RIG 242 LABOR WE 03/08-03/14/26","000000011453","RIG 242 LABOR WE 03/08-03/14/26","2292.28"
"25717","V-000654","2026-02-17","DISPOSAL RIG 243","74239","DISPOSAL RIG 243","2371.25"
"25721","V-000969","2026-02-19","FISHING TOOLS","1423114","FISHING TOOLS","27982.62"
"25732","V-000978","2026-02-20","SUPER VAC RENTAL","0753637201","SUPER VAC RENTAL","7000"
"25753","V-000566","2026-02-28","26-CWS","20260057","COMPOSITE MAT RENTAL","6424"
"25728","V-000969","2026-02-20","26-CWS","1423320","FISHING TOOLS","1189.1"
"25786","V-001262","2026-03-08","CUT& DRY","6279","CUT& DRY","7143"
"25723","V-000969","2026-02-19","FISHING TOOLS","1423115","FISHING TOOLS","10672.2"
"25730","V-000654","2026-02-20","DISPOSAL","74241","DISPOSAL","2511.25"
"25738","V-000654","2026-02-24","DISPOSAL","74242","DISPOSAL","2380"
"25779","V-001262","2026-03-06","CUT & DRY 100","6264","CUT & DRY 100","6577.5"
"25734","V-000978","2026-02-20","SUPER VAC RENTAL","0753637101","SUPER VAC RENTAL","7000"
"25741","V-000654","2026-02-25","DISPOSAL","74243","DISPOSAL","2271.25"
"25719","V-000654","2026-02-19","DISPOSAL","74240","DISPOSAL","2136.25"
"25745","V-000654","2026-02-26","DISPOSAL","74245","DISPOSAL","1988.75"
"25743","V-000654","2026-02-25","DISPOSAL","74244","DISPOSAL","2516.25"
"25755","V-000978","2026-02-28","SUPER VAC RENTAL","0753637801","SUPER VAC RENTAL","2350"
"25782","V-001262","2026-03-06","26-CWS","6265","CITRIC ACID/BICARBONATE OF SODA","1721.76"
"25775","V-001115","2026-03-06","LODGING-J.HELDRETH","10028413121","LODGING-J.HELDRETH","471.75"
"25788","V-001675","2026-03-08","LODGING-L.BYRANT","9208","LODGING-L.BYRANT","77.97"
"25777","V-001262","2026-03-06","CUT & DRY 100","6263","CUT & DRY 100","11339.5"
"25784","V-001262","2026-03-06","SWITCHGRASS FILTER SOCK","6270","SWITCHGRASS FILTER SOCK","1937.84"
"25790","V-001262","2026-03-09","HYDROGEL","6280","HYDROGEL","1098"
"25822","V-001675","2026-03-09","LODGING-G.MARKS","9244","LODGING-G.MARKS","311.88"
"25816","V-000969","2026-02-23","FISHING TOOLS","1423444","FISHING TOOLS","50202.27"
"25824","V-001675","2026-03-09","LODGING-L.BRYANT","9255","LODGING-L.BRYANT","311.88"
"25856","V-001697","2026-03-09","TIMBER MAT RENTAL","INV033656","TIMBER MAT RENTAL","63"
"25862","V-000136","2026-03-09","STONE","INV34045168","STONE","11246.22"
"25864","V-001237","2026-03-09","HAULED STONE","10874","HAULED STONE","575"
"25920","V-000157","2026-03-11","RING JOINT GASKET","34782","RING JOINT GASKET","517"
"25918","V-000157","2026-03-11","BOP RENTAL","34781","BOP RENTAL","33322"
"34016","V-001702","2026-02-15","VOYAGER FUEL 2-15-26 SDI","32253SDIP","VOYAGER FUEL 2-15-26 SDI","35321.64"
"37213","V-001262","2026-03-26","PEF PIPE","6377","PEF PIPE","779.72"
"42547","V-000309","2026-04-16","HAULED MUD PUMP","8393","HAULED MUD PUMP","1160"
"41950","V-001250","2026-04-10","HDD CHARGES BILLED TO CWS","5212930618","HDD CHARGES BILLED TO CWS","10781.28"
"41944","V-001250","2026-03-13","HDD CHARGES BILLED TO CWS","5212930614","HDD CHARGES BILLED TO CWS","3322.25"
"44660","V-001435","2026-04-10","LODGING-B.BARCLEY","80972015","LODGING-B.BARCLEY","355.2"
"44648","V-000157","2026-05-07","BOP RENTAL","35039","BOP RENTAL","26263"
"44662","V-001435","2026-04-10","LODGING-M.HELDRETH","80972029","LODGING-M.HELDRETH","390.72"
"44656","V-001435","2026-04-10","LODGING-D.HALL","80971983","LODGING-D.HALL","444"
"44642","V-001702","2026-04-14","FUEL TANK-RIG 102 JOB 7251","2289024","FUEL TANK-RIG 102 JOB 7251","1473.61"
"42471","V-001435","2026-04-04","LODGING-R.NICELER","80908058","LODGING-R.NICELER","177.6"
"42136","V-001262","2026-04-15","FLEXTERRA","6488","FLEXTERRA","2504"
"42130","V-001262","2026-04-15","SWITCHGRASS FILTER SOCK","6485","SWITCHGRASS FILTER SOCK","6073.79"
"42118","V-001877","2026-04-14","UTV RENTAL ","246156536015","UTV RENTAL ","1095"
"42134","V-001262","2026-04-15","FLEXTERRA/NUTRALIME","6487","FLEXTERRA/NUTRALIME","1798.9"
"42048","V-001877","2026-01-27","LIGHT TOWER RENTAL-MINE FIRE","255673567005","LIGHT TOWER RENTAL-MINE FIRE","1098"
"42088","V-001435","2026-04-03","LODGING-I.WILLIAMS","80894877","LODGING-I.WILLIAMS","337.6"
"42074","V-001250","2026-03-31","HDD CHARGES BILLED TO CWS","5212930621","HDD CHARGES BILLED TO CWS","7774.94"
"42046","V-001877","2026-01-20","UTV RENTAL","246156536011","UTV RENTAL","1095"
"42140","V-001262","2026-04-15","HAULED SKID STEER","6529","HAULED SKID STEER","431.25"
"42146","V-001262","2026-04-15","HAULED POWER RAKE","6516","HAULED POWER RAKE","359.38"
"42126","V-000782","2026-04-15","HAULED SKIDDER","20181302","HAULED SKIDDER","825"
"42220","V-000782","2026-04-20","HAULED DOZER TO SITE ","20181353","HAULED DOZER TO SITE ","137.5"
"42148","V-001262","2026-04-15","HAULED 1 TUB COAL CUTTING FOR POLAR VORTEX","6523","HAULED 1 TUB COAL CUTTING FOR POLAR VORTEX","431.25"
"42158","V-000338","2026-04-15","HAULED WATER","14724","HAULED WATER","1192"
"42156","V-000338","2026-04-15","HAULED WATER","14723","HAULED WATER","596"
"42160","V-000338","2026-04-15","HAULED WATER","14725","HAULED WATER","596"
"42082","V-001435","2026-04-03","LODGING-I.EZELL","80894864","LODGING-I.EZELL","604"
"42112","V-001331","2026-04-13","HAULED FRESH WATER AND DIRLL MUD","CDE041326A","HAULED FRESH WATER AND DIRLL MUD","3750"
"42114","V-000904","2026-04-14","DELIVERED A LOAD OF PIPE","72208","DELIVERED A LOAD OF PIPE","779.63"
"42066","V-000750","2026-03-23","HAULED TIMBER MATS","1011500","HAULED TIMBER MATS","387.5"
"42168","V-001262","2026-04-16","SIWTCHGRASS FILTER SOCK","6493","SIWTCHGRASS FILTER SOCK","4283.04"
"42162","V-001262","2026-04-16","HAULED TAKEUCHI MINI","6530","HAULED TAKEUCHI MINI","287.5"
"42166","V-001262","2026-04-16","SWITCHGRASS FILTER SOCK","6492","SWITCHGRASS FILTER SOCK","14906.03"
"42176","V-001262","2026-04-16","HYDO GEL PLUS/THINNER","6507","HYDO GEL PLUS/THINNER","2472.4"
"42183","V-001262","2026-04-17","HYDROGEL PLUS/THINNER","6510","HYDROGEL PLUS/THINNER","2259.72"
"42204","V-001262","2026-04-18","HAULED COAL CUTTINGS FROM POLAR VORTEX","6526","HAULED COAL CUTTINGS FROM POLAR VORTEX","431.25"
"42086","V-001435","2026-04-03","24-CDE","80894876","LODGING-B.DONATE","337.6"
"42172","V-001262","2026-04-16","SWITCHGRASS FILTER SOCK","6490","SWITCHGRASS FILTER SOCK","1706.55"
"42170","V-001262","2026-04-16","SWITCHGRASS FILTER SOCK","6495","SWITCHGRASS FILTER SOCK","13305.8"
"42244","V-001262","2026-04-22","26-CWS","6542","CUT & DRY 100","3351.25"
"42150","V-001262","2026-04-15","HAULED TUB OF COAL CUTTINGS FROM POLAR VORTEX","6524","HAULED TUB OF COAL CUTTINGS FROM POLAR VORTEX","431.25"
"42154","V-000396","2026-04-15","PERMITS","UL01501643","PERMITS","192.5"
"42179","V-001262","2026-04-16","HYDRO GEL PLUS/CITRIC ACID","6508","HYDRO GEL PLUS/CITRIC ACID","2589.4"
"42164","V-001262","2026-04-16","SWITCHGRASS FILTER SOCK","6496","SWITCHGRASS FILTER SOCK","958"
"42174","V-001262","2026-04-16","SWITCHGRASS FILTER SOCK","6491","SWITCHGRASS FILTER SOCK","2082.5"
"42216","V-001262","2026-04-20","HYDROGEL PLUS ","6537","HYDROGEL PLUS ","1122"
"42098","V-000309","2026-04-08","HAULED MUD PIT ","8384","HAULED MUD PIT ","2497"
"42224","V-001262","2026-04-21","HYDRO GEL PLUS","6540","HYDRO GEL PLUS","1744"
"42236","V-001262","2026-04-21","24 INCH CONDUCTOR ","6550","24 INCH CONDUCTOR ","1800"
"42052","V-001877","2026-02-17","UTV RENTAL","246156536012","UTV RENTAL","1095"
"42152","V-001331","2026-04-15","HAULED FRESH WATER AND DIRLL MUD","CDE041526A","HAULED FRESH WATER AND DIRLL MUD","8125"
"42181","V-001262","2026-04-16","26-CWS","6509","CITRIC ACID/BICARBONATE OF SODA","1622.4"
"42222","V-001262","2026-04-21","HYDROGEL PLUS/THINNER","6538","HYDROGEL PLUS/THINNER","1547.9"
"42232","V-001262","2026-04-21","SWITCHGRASS FILTER SOCK","6548","SWITCHGRASS FILTER SOCK","3915"
"42238","V-001262","2026-04-22","H&H WOOD FIBER","6551","H&H WOOD FIBER","2062.78"
"42242","V-001262","2026-04-22","NUTRALIME","6553","NUTRALIME","196.5"
"42078","V-001098","2026-03-31","MEC CHARGES BILLED TO CWS","5812930620","MEC CHARGES BILLED TO CWS","13774.01"
"42104","V-001877","2026-04-11","ROLLER RENTAL ","260381712001","ROLLER RENTAL ","3453"
"42094","V-001435","2026-04-04","LODGING-I.EZELL","80908054","LODGING-I.EZELL","88.8"
"42185","V-001262","2026-04-17","HYDROGEL PLUS","6511","HYDROGEL PLUS","997"
"42187","V-001262","2026-04-17","HYDRO GEL PLUS/CITRIC ACID ","6512","HYDRO GEL PLUS/CITRIC ACID ","1919.82"
"42191","V-001262","2026-04-17","SWITCHGRASS FILTER SOCK","6494","SWITCHGRASS FILTER SOCK","9153.35"
"42189","V-000782","2026-04-17","HAULED STONE","20181335","HAULED STONE","630"
"42193","V-001262","2026-04-17","H&H WOOD FIBER","6497","H&H WOOD FIBER","1632.89"
"42214","V-001262","2026-04-20","HYDROGEL PLUS ","6536","HYDROGEL PLUS ","1122"
"42234","V-001262","2026-04-21","CORRUGATED PIPE","6549","CORRUGATED PIPE","633.25"
"42226","V-001262","2026-04-21","CUT & DRY 100","6541","CUT & DRY 100","2098.25"
"42228","V-001262","2026-04-21","DRINKING WATER","6539","DRINKING WATER","212.16"
"42230","V-001262","2026-04-21","CORRUGATED PIPE","6547","CORRUGATED PIPE","177.31"
"42090","V-001435","2026-04-03","LODGING-B.BARCKLEY","80894878","LODGING-B.BARCKLEY","1597.06"
"42092","V-001435","2026-04-04","LODGING-W.METZGER","80908052","LODGING-W.METZGER","88.8"
"42100","V-000136","2026-04-09","STONE","INV34047303","STONE","5986.98"
"42106","V-000722","2026-04-11","RIG 251 LABOR WE 04/05-04/11/26","000000012971","RIG 251 LABOR WE 04/05-04/11/26","2434.12"
"42102","V-000969","2026-04-10","26-CWS","1428265","FISHING TOOLS","42177.62"
"42195","V-001262","2026-04-17","HAULED CONDUCTOR","6531","HAULED CONDUCTOR","431.25"
"42197","V-001262","2026-04-17","HAULED CONDUCTOR","6532","HAULED CONDUCTOR","431.25"
"42199","V-001262","2026-04-17","HAULED COAL CUTTINGS FROM POLAR VORTEX","6525","HAULED COAL CUTTINGS FROM POLAR VORTEX","431.25"
"42240","V-001262","2026-04-22","T-POST/PVC PIPE","6552","T-POST/PVC PIPE","680.35"
"42201","V-000654","2026-04-17","WASTE DISPOSAL ","74572","WASTE DISPOSAL ","2150"
"42206","V-001262","2026-04-18","HAULED CONDUCTOR","6527","HAULED CONDUCTOR","431.25"
"42208","V-001262","2026-04-18","EDGE MULCH","6498","EDGE MULCH","1039.1"
"42070","V-001164","2026-03-27","SMOOTHFLOW SOLID W/BELL","163210","SMOOTHFLOW SOLID W/BELL","427.73"
"42122","V-000782","2026-04-14","HAULED STONE","20181276","HAULED STONE","300"
"42128","V-000782","2026-04-15","HAULED STONE","20181303","HAULED STONE","850"
"42132","V-001262","2026-04-15","FLEXTERA/NUTRALIME","6486","FLEXTERA/NUTRALIME","1282.6"
"42210","V-001262","2026-04-18","CORRUGATED PIPE","6499","CORRUGATED PIPE","3365.92"
"42218","V-000782","2026-04-20","HAULED HOE AND DOZERS TO SITE ","20181352","HAULED HOE AND DOZERS TO SITE ","893.75"
"42120","V-001214","2026-04-14","3 MAN CREW W/TRUCK LABOR","536584","3 MAN CREW W/TRUCK LABOR","1492"
"42116","V-001702","2026-04-14","FUEL TANK-RUFF CREEK","2289096","FUEL TANK-RUFF CREEK","2923.5"
"42124","V-000782","2026-04-15","26-CWS","20181301","HAULED RECLAIM AND TOPSOIL","2550"
"42138","V-001262","2026-04-15","HYDRO GEL PLUS","6506","HYDRO GEL PLUS","358.5"
"42084","V-001435","2026-04-03","LODGING-D.MUNYER","80894865","LODGING-D.MUNYER","320"
"42278","V-001111","2026-04-17","26-CWS","956N","WELL MARKER FOR WELL MC17P&MC17A","481.84"
"42282","V-001069","2026-04-22","OTOC/ALFALFA","2003A","OTOC/ALFALFA","1939.08"
"42284","V-000338","2026-04-22","HAULED WATER IN AND PIT OUT","14754","HAULED WATER IN AND PIT OUT","2384"
"42272","V-001945","2026-04-16","WASTE REMOVAL ","600900149623","WASTE REMOVAL ","4322.99"
"42266","V-001945","2026-04-16","WASTE REMOVAL ","600899749623","WASTE REMOVAL ","2721.61"
"42280","V-001069","2026-04-21","3 WAY GATE LATCHES","2002A","3 WAY GATE LATCHES","38"
"42274","V-001111","2026-04-17","WELL MARKER FOR WELL GH-38A","957N","WELL MARKER FOR WELL GH-38A","240.92"
"42368","V-000722","2026-04-25","RIG 247 LABOR WE 04/19-04/25/26","000000013569","RIG 247 LABOR WE 04/19-04/25/26","4842.4"
"42346","V-001111","2026-04-24","WELL MARKER FOR COP TRACT 357B 1011H","961N","WELL MARKER FOR COP TRACT 357B 1011H","344.5"
"42268","V-001945","2026-04-16","WASTE REMOVAL ","600899849621","WASTE REMOVAL ","1803.02"
"42288","V-001111","2026-04-22","WELL MARKER FOR WELL 818","959N","WELL MARKER FOR WELL 818","240.92"
"42290","V-001262","2026-04-22","THINNER","6543","THINNER","1186.44"
"42340","V-002484","2026-04-24","TRANSORT TUB ","7525","TRANSORT TUB ","6264.26"
"42366","V-000722","2026-04-25","RIG 243 LABOR WE 04/19-04/25/26","000000013568","RIG 243 LABOR WE 04/19-04/25/26","7520.92"
"42256","V-001111","2026-04-15","WELL MARKER FOR WELL 8265","953N","WELL MARKER FOR WELL 8265","240.92"
"42270","V-001945","2026-04-16","WASTE REMOVAL ","600900049625","WASTE REMOVAL ","3683.87"
"42294","V-001262","2026-04-22","DRINKING WATER","6545","DRINKING WATER","659.96"
"42298","V-001262","2026-04-23","SWITCHGRASS FILTER SOCK","6555","SWITCHGRASS FILTER SOCK","1957.5"
"42300","V-001069","2026-04-23","WETLAND SEED MIX","2008A","WETLAND SEED MIX","759.13"
"42332","V-001262","2026-04-23","MUD/THINNER","6546","MUD/THINNER","247.86"
"42338","V-001069","2026-04-24","OTOC/ALFALFA","2018A","OTOC/ALFALFA","1357.54"
"42344","V-002484","2026-04-24","TRANSPORT DOGHOUSE/FUEL CELL","7527","TRANSPORT DOGHOUSE/FUEL CELL","1312.5"
"42372","V-000722","2026-04-25","RIG 249 LABOR WE 04/19-04/25/26","000000013572","RIG 249 LABOR WE 04/19-04/25/26","576.22"
"42370","V-000722","2026-04-25","RIG 248 WE 04/19/04/25/26","000000013571","RIG 248 WE 04/19/04/25/26","3312.62"
"42336","V-001069","2026-04-24","SOLAR ENERGIZER S 100","2016A","SOLAR ENERGIZER S 100","1139.75"
"42342","V-002484","2026-04-24","26-CWS","7526","TRANSPORT SWIVEL ","1417.5"
"42348","V-001111","2026-04-24","WELL MARKER FOR WELL CHARLEROI ","962N","WELL MARKER FOR WELL CHARLEROI ","344.5"
"42352","V-000722","2026-04-25","RIG 212 LABOR WE 04/19-04/25/26","000000013558","RIG 212 LABOR WE 04/19-04/25/26","4811.91"
"42302","V-001069","2026-04-23","INSULATOR,MULTI-PURPOSE","2015A","INSULATOR,MULTI-PURPOSE","609.5"
"42356","V-000722","2026-04-25","RIG 214 LABOR WE 04/19-04/25/26","000000013561","RIG 214 LABOR WE 04/19-04/25/26","4962.2"
"42386","V-002363","2026-04-30","PLUGGINGS JOHN KEYS 1460","1532","PLUGGINGS JOHN KEYS 1460","113187.76"
"42362","V-000722","2026-04-25","RIG 238 LABOR WE 04/19-047/25/26","000000013566","RIG 238 LABOR WE 04/19-047/25/26","3492.48"
"42374","V-000722","2026-04-25","26-CWS","000000013573","RIG 250 LABOR WE 04/19-04/25/26","3838.32"
"42350","V-000722","2026-04-25","RIG 101 LABOR WE 04/19-04/25/26","000000013555","RIG 101 LABOR WE 04/19-04/25/26","3722.04"
"42354","V-000722","2026-04-25","RIG 213 LABOR WE 04/19-04/25/26","000000013560","RIG 213 LABOR WE 04/19-04/25/26","3342.57"
"42358","V-000722","2026-04-25","RIG 220 LABOR WE 04/19-04/25/26","000000013563","RIG 220 LABOR WE 04/19-04/25/26","3527.65"
"42398","V-001266","2026-04-15","ALLSPORT FREEZE POP","184417","ALLSPORT FREEZE POP","43.31"
"42418","V-001266","2026-04-15","40X40IN WELDING BLANKET","184474","40X40IN WELDING BLANKET","285.67"
"42262","V-001111","2026-04-16","WELL MARKER FOR WELL 7498","955N","WELL MARKER FOR WELL 7498","240.92"
"42296","V-001262","2026-04-23","26-CWS","6554","H&H WOOD FIBER","1210.89"
"42334","V-001262","2026-04-24","26-CWS","6535","HYDROGEL PLUS/THINNER","2232.4"
"42404","V-001266","2026-04-15","2PK LED LIGHT KIT","184422","2PK LED LIGHT KIT","152.3"
"42264","V-001069","2026-04-16","RENO 5 STEEP SLOAP","1989A","RENO 5 STEEP SLOAP","826.15"
"42260","V-001111","2026-04-16","WELL MARKER FOR WELL 7368","954N","WELL MARKER FOR WELL 7368","240.92"
"42258","V-001069","2026-04-15","OTC/FROSTY ANNUAL RYE","1987A","OTC/FROSTY ANNUAL RYE","1104.78"
"42376","V-000722","2026-04-25","RIG 251 LABOR WE 04/19-04/25/26","000000013574","RIG 251 LABOR WE 04/19-04/25/26","545.56"
"42286","V-001111","2026-04-22","WELL MARKER FOR WELL 1458","960N","WELL MARKER FOR WELL 1458","240.92"
"42364","V-000722","2026-04-25","RIG 242 04/19-04/25/26","000000013567","RIG 242 04/19-04/25/26","2481.4"
"42360","V-000722","2026-04-25","RIG 237 LABOR WE 04/19-04/25/26","000000013565","RIG 237 LABOR WE 04/19-04/25/26","10616.56"
"42276","V-001111","2026-04-17","WELL MARKER FOR WELL 1615","958N","WELL MARKER FOR WELL 1615","240.92"
"42402","V-001266","2026-04-15","DIE GRINDER ","184419","DIE GRINDER ","229"
"42473","V-001435","2026-04-06","LODGING-I.MITCHELL","80931855","LODGING-I.MITCHELL","160"
"42469","V-000399","2026-03-27","LODGING-D.SCHMIDT","80811785","LODGING-D.SCHMIDT","376.32"
"42475","V-001435","2026-04-06","LODGING-T.FORD","80931895","LODGING-T.FORD","248.8"
"42437","V-001266","2026-04-16","MSA GAS DETECTOR","184500","MSA GAS DETECTOR","1224.3"
"42481","V-001266","2026-04-17","ALLSPORT FREEZE POP","184601","ALLSPORT FREEZE POP","43.31"
"42443","V-001266","2026-04-16","9' COBALT BLADES SAWZAALL","184510","9' COBALT BLADES SAWZAALL","171.97"
"42905","V-001135","2026-04-21","60# CONCRETE","528269","60# CONCRETE","19.96"
"42515","V-001673","2026-04-15","PORTABLE WATER DELIVERY","5596220001","PORTABLE WATER DELIVERY","1980"
"42517","V-000246","2026-04-16","FUEL TANKRIG -713 JOB 7260","70009","FUEL TANKRIG -713 JOB 7260","7798.07"
"42559","V-001098","2026-04-17","MEC CHARGES BILLED TO CWS","5812930618","MEC CHARGES BILLED TO CWS","2916.43"
"42549","V-000904","2026-04-16","HAULED FRESH WATER ","72256","HAULED FRESH WATER ","2970.12"
"42551","V-000969","2026-04-16","FISHING TOOLS","1428699","FISHING TOOLS","319.68"
"42557","V-000246","2026-04-16","FUEL TANK-RIG 214 JOB 7314","70010","FUEL TANK-RIG 214 JOB 7314","5312.15"
"42553","V-002029","2026-04-16","FUEL TANK-MINE FIRE","26615266","FUEL TANK-MINE FIRE","5066.44"
"42555","V-001133","2026-04-16","SPIDER INSERTS","4139075","SPIDER INSERTS","565"
"42703","V-001115","2026-04-17","LODGING-L.BRYANT","10028648746","LODGING-L.BRYANT","377.4"
"42725","V-001115","2026-04-23","LODGING-S.NESTOR","10028682598","LODGING-S.NESTOR","283.05"
"42727","V-001115","2026-04-24","LODGING-J.PECK","10028682348","LODGING-J.PECK","377.4"
"42577","V-000654","2026-04-17","WASTE DISPOSAL ","74571","WASTE DISPOSAL ","1581.25"
"42583","V-000969","2026-04-17","FISHING TOOLS","1428894","FISHING TOOLS","2323"
"42627","V-002434","2026-04-22","MOVE RIG TO NEW LOCA","6076","MOVE RIG TO NEW LOCA","3045"
"42629","V-000309","2026-04-22","HAULED 1316 EXCAVATOR ","8399","HAULED 1316 EXCAVATOR ","725"
"42653","V-000804","2026-04-26","ASSISTING RIG","671","ASSISTING RIG","717.5"
"42691","V-001877","2026-04-18","ROLLER 80-89'' RENTAL ","259576374002","ROLLER 80-89'' RENTAL ","3722"
"42645","V-000804","2026-04-26","STONE","667","STONE","22713.78"
"42647","V-000804","2026-04-26","BUILDING SITE","668","BUILDING SITE","23511.5"
"42649","V-000804","2026-04-26","RECLAIMING SITE","669","RECLAIMING SITE","7160"
"42651","V-000804","2026-04-26","RIG MOVE","670","RIG MOVE","960"
"42689","V-001877","2026-04-16","UTV RENTAL- CLAY ROMAN","250754558011","UTV RENTAL- CLAY ROMAN","1095"
"42585","V-000969","2026-04-17","FISHING TOOLS","1428895","FISHING TOOLS","9808.74"
"42655","V-000804","2026-04-26","HAULED RECLAIM ROCK","672","HAULED RECLAIM ROCK","1320"
"42657","V-000804","2026-04-26","HAULING RECLAIM ROCK","673","HAULING RECLAIM ROCK","1320"
"42587","V-001702","2026-04-20","FUEL TANK- RIG 251 JOB 7290","2295692","FUEL TANK- RIG 251 JOB 7290","1529.89"
"42575","V-001702","2026-04-17","FUEL TANK-NV JOB 7180","2297288","FUEL TANK-NV JOB 7180","218.75"
"42579","V-001439","2026-04-17","PORTA JOHN RENTAL ","I8391","PORTA JOHN RENTAL ","291.5"
"42571","V-002467","2026-04-17","CROSS OVER RENTAL","IN260534","CROSS OVER RENTAL","659.63"
"42581","V-001439","2026-04-17","PORTA JOHN RENTAL ","I8395","PORTA JOHN RENTAL ","291.5"
"42659","V-000804","2026-04-26","RIG MOVE","674","RIG MOVE","2336"
"42747","V-001115","2026-04-24","LODGING-L.BRYANT","10028688764","LODGING-L.BRYANT","377.4"
"42741","V-001115","2026-04-24","LODGING-M.SMITH","10028688849","LODGING-M.SMITH","471.75"
"42745","V-001115","2026-04-24","LODGING-J.EVANS","10028688828","LODGING-J.EVANS","283.05"
"42751","V-001115","2026-04-30","LODGING-P.ROWE","10028723648","LODGING-P.ROWE","377.4"
"42743","V-001115","2026-04-24","LODGING-B.DAVISSON","10028688832","LODGING-B.DAVISSON","377.4"
"42739","V-001115","2026-04-24","LODGING-T.FORD","10028688852","LODGING-T.FORD","283.05"
"42781","V-000807","2026-04-15","HYD OIL","708356","HYD OIL","157.59"
"42759","V-001115","2026-05-01","LODGING-J.EVANS","10028731113","LODGING-J.EVANS","377.4"
"42763","V-001115","2026-05-01","LODGING-T.FORD","10028731147","LODGING-T.FORD","377.4"
"42755","V-001115","2026-05-01","26-CWS","10028730694","LODGING-M.SMITH","471.75"
"42757","V-001115","2026-05-01","LODGING-L.BRYANT","1002873572","LODGING-L.BRYANT","283.05"
"42765","V-001115","2026-05-01","LODGING-J.HELDRETH","10028735485","LODGING-J.HELDRETH","471.75"
"42775","V-001435","2026-04-10","LODGING-M.HARVEY","80971920","LODGING-M.HARVEY","266.4"
"42773","V-001331","2026-03-26","HAULED FRESH WATER","CDE032626A","HAULED FRESH WATER","1312.5"
"42733","V-001115","2026-04-24","LODGING-J.HELDRETH","10028689118","LODGING-J.HELDRETH","471.75"
"42753","V-001115","2026-05-01","LODGING-J.PECK","10028731225","LODGING-J.PECK","471.75"
"42761","V-001115","2026-05-01","LODGING-B.DAVISSON","10028732159","LODGING-B.DAVISSON","467.5"
"42735","V-001115","2026-04-24","LODGING-S.MIERI","10028689037","LODGING-S.MIERI","377.4"
"42737","V-001115","2026-04-24","LODGING-P.ROWE","10028688863","LODGING-P.ROWE","471.75"
"42795","V-000343","2026-04-14","UNIFORM RENTAL ","4265903645","UNIFORM RENTAL ","2615.34"
"42767","V-001115","2026-05-01","LODGING-S.NESTOR","10028723584","LODGING-S.NESTOR","283.05"
"42769","V-001115","2026-05-01","LODGING-S.MIERI","10028731011","LODGING-S.MIERI","377.4"
"42855","V-001439","2026-04-20","PORTA JOHN RENTAL ","I8419","PORTA JOHN RENTAL ","291.5"
"42845","V-001331","2026-04-17","HAULED FRESH WATER AND DIRLL MUD","CDE041726A","HAULED FRESH WATER AND DIRLL MUD","3500"
"42869","V-001266","2026-04-20","NYLON ZIP TIE ASSORTMENT 100PC","184677","NYLON ZIP TIE ASSORTMENT 100PC","54.1"
"42859","V-000009","2026-04-20","60# HANDICRETE","0261846748","60# HANDICRETE","69"
"42885","V-001266","2026-04-20","BREAKER BAR","184657","BREAKER BAR","44"
"42970","V-002251","2026-04-23","ELETRICAL INSPECTION-EMER.WORK","2159","ELETRICAL INSPECTION-EMER.WORK","3141.4"
"42955","V-001266","2026-04-21","RIVNUT SET","184747","RIVNUT SET","36"
"42947","V-001266","2026-04-21","WEBOOST ANTENNA ","184734","WEBOOST ANTENNA ","518.54"
"39002","V-001266","2026-04-13","26-CWS","184240","NAPA 10W30 QT","15.45"
"39079","V-001675","2026-04-17","26-CWS ","9400","LODGING-G.MARKS","311.88"
"38754","V-001702","2026-03-15","VOYAGER FUEL 3-15-26 SDIP","32641SDIP","VOYAGER FUEL 3-15-26 SDIP","47061.83"
"38772","V-001702","2026-03-31","99-23","32839CWSP1","VOYAGER FUEL 3-31-26 CWS","28876.57"
"40229","V-000654","2026-04-03","WASTE DISPOSAL","74568","WASTE DISPOSAL","1871.25"
"39181","V-001135","2026-04-23","26-CWS","528691","TREATED POST","42.02"
"39981","V-000654","2026-03-12","WASTE DISPOSAL ","74462","WASTE DISPOSAL ","3336.25"
"39995","V-000654","2026-03-20","WASTE DISPOSAL ","74466","WASTE DISPOSAL ","2365"
"40019","V-000654","2026-03-31","WASTE DISPOSAL ","74470","WASTE DISPOSAL ","2316.25"
"39420","V-001702","2026-04-15","VOYAGER FUEL 4-15-26 CWS P1","33052CWSP1","VOYAGER FUEL 4-15-26 CWS P1","26688.47"
"38792","V-001675","2026-04-07","LODGING-B.BLACK","9352","LODGING-B.BLACK","545.79"
"40163","V-001262","2026-04-01","HAULED CLAMSHELL","6430","HAULED CLAMSHELL","575"
"40169","V-000654","2026-04-02","WASTE DISPOSAL ","74567","WASTE DISPOSAL ","2226.25"
"38978","V-000391","2026-04-11","CHARLEROI MTN CLUB 2019","351","CHARLEROI MTN CLUB 2019","17294.88"
"38976","V-000391","2026-04-11","COP TRACT 343 C1015H","350","COP TRACT 343 C1015H","23829.92"
"39063","V-001115","2026-04-17","LODGING-P.ROWE","10028648797","LODGING-P.ROWE","471.75"
"39775","V-001111","2026-04-07","WELL MARKER FOR WELL GH88-P","948N","WELL MARKER FOR WELL GH88-P","240.92"
"40263","V-001262","2026-04-02","HAULED DRILL MOTORS","6429","HAULED DRILL MOTORS","431.25"
"39143","V-000338","2026-04-22","HAULED WATER","14755","HAULED WATER","596"
"38934","V-001135","2026-04-10","SILTSAVER BELT FENCE","526125","SILTSAVER BELT FENCE","627.45"
"38930","V-000969","2026-04-09","FISHING TOOLS","1428145","FISHING TOOLS","138.24"
"39026","V-001266","2026-04-13","40X40IN WELDING BLANKET","184302","40X40IN WELDING BLANKET","63.5"
"39075","V-001675","2026-04-17","LODGING-B.BLACK","9425","LODGING-B.BLACK","545.79"
"39099","V-001115","2026-04-19","LODGING-Z.BENNETT","10028660819","LODGING-Z.BENNETT","188.7"
"38756","V-001702","2026-03-31","VOYAGER FUEL SDIP 3.31.26","32839SDIP","VOYAGER FUEL SDIP 3.31.26","56298.65"
"38778","V-000009","2026-03-31","SWITCHSOCK W/STAKE","0261846076","SWITCHSOCK W/STAKE","866.38"
"38808","V-001675","2026-04-07","26-CWS","9330","LODGING-G.HALL","233.91"
"38790","V-001675","2026-04-07","LODGING-D.MCCOWIEN","9341","LODGING-D.MCCOWIEN","467.82"
"38800","V-001675","2026-04-07","LODGING-D.MCCOWIEN","9380","LODGING-D.MCCOWIEN","311.88"
"38794","V-001675","2026-04-07","LODGING-D.CHEE","9355","LODGING-D.CHEE","222.87"
"38906","V-001266","2026-04-09","GRAPE ALL SPORT ","184109","GRAPE ALL SPORT ","21.96"
"39408","V-001702","2026-04-15","VOYAGER FUEL 4-15-26 CWS P2","33052CWSP2","VOYAGER FUEL 4-15-26 CWS P2","20730"
"38770","V-001702","2026-03-31","VOYAGER FUEL 3-31-26 CWS P2","32839CWSP2","VOYAGER FUEL 3-31-26 CWS P2","30981.98"
"38812","V-001675","2026-04-07","LODGING-L.BRYANT","9332","LODGING-L.BRYANT","311.88"
"38936","V-001115","2026-04-10","LODGING-P.ROWE","10028606659","LODGING-P.ROWE","471.75"
"38986","V-000804","2026-04-12","26-CWS","665","STONE","14053.85"
"39101","V-001115","2026-04-19","LODGING-N.BENNETT","10028663102","LODGING-N.BENNETT","188.7"
"40890","V-000722","2026-04-18","RIG 250 LABOR WE 04/12/04/18/26","000000013165","RIG 250 LABOR WE 04/12/04/18/26","2229.46"
"38806","V-001675","2026-04-07","LODGING-S.NESTOR","9329","LODGING-S.NESTOR","233.91"
"38798","V-001675","2026-04-07","LODGING-D.MCCOWIEN","9357","LODGING-D.MCCOWIEN","77.97"
"38804","V-001675","2026-04-07","LODGING-D.MCCOWIEN","9392","LODGING-D.MCCOWIEN","545.79"
"40851","V-000722","2026-04-18","RIG 101 LABOR WE 04/12-04/18/26","000000013143","RIG 101 LABOR WE 04/12-04/18/26","2246.3"
"38866","V-001266","2026-04-08","GOJO SCRUB WIPES 72CT","184042","GOJO SCRUB WIPES 72CT","176.57"
"38876","V-001266","2026-04-09","3/4 D RING WELD ON","184058","3/4 D RING WELD ON","51.24"
"38916","V-001069","2026-04-09","OTC/FROSTY ANNUAL RYE","1959A","OTC/FROSTY ANNUAL RYE","741"
"40719","V-001455","2026-04-09","LAID DOWN CASING","5334","LAID DOWN CASING","2500"
"39645","V-001069","2026-04-03","LINE POSTS/POST CLIPS","1946A","LINE POSTS/POST CLIPS","2460.75"
"38924","V-000338","2026-04-09","HAULED PIT OUT","14700","HAULED PIT OUT","1152"
"40601","V-001697","2026-04-07","TIMBER MAT RENTAL","INV034038","TIMBER MAT RENTAL","11564"
"40639","V-000750","2026-04-08","HAULED TIMBER MATS","1011599","HAULED TIMBER MATS","1782.5"
"40641","V-000157","2026-04-08","AIR BOWL SEAL/SPOOL","34866","AIR BOWL SEAL/SPOOL","48432"
"40651","V-000306","2026-04-08","GLASS","PRT0111100","GLASS","699.72"
"40725","V-000654","2026-04-09","WASTE DISPOSAL ","74570","WASTE DISPOSAL ","2897.5"
"39071","V-001115","2026-04-17","26-CWS","10028649902","LODGING-J.HELDRETH","471.75"
"39077","V-001675","2026-04-17","LODGING-D.MCCOWIEN","9430","LODGING-D.MCCOWIEN","155.94"
"40831","V-000722","2026-04-11","26-CWS","000000012960","RIG 220 LABOR WE 04/05-04/11/26","422.92"
"40829","V-000722","2026-04-11","RIG 214 LABOR WE 04/05-04/11/26","000000012958","RIG 214 LABOR WE 04/05-04/11/26","2055.4"
"40839","V-000722","2026-04-11","RIG 243LABOR WE 04/05-04/11/26","000000012965","RIG 243LABOR WE 04/05-04/11/26","11695.31"
"38810","V-001675","2026-04-07","LODGING-T.FORD","9331","LODGING-T.FORD","311.88"
"38858","V-001266","2026-04-08","2' SCRAPPER RED DEVIL","184013","2' SCRAPPER RED DEVIL","76.59"
"40625","V-001995","2026-04-08","COP TRACT 26 #11","8445312","COP TRACT 26 #11","380"
"40871","V-000722","2026-04-18","RIG 242 LABOR WE 04/12-04/18/26","000000013160","RIG 242 LABOR WE 04/12-04/18/26","1914.04"
"40882","V-001702","2026-04-10","FUEL TANK-RIG 248 JOB 7293","2284692","FUEL TANK-RIG 248 JOB 7293","2331.76"
"40679","V-001262","2026-04-08","H&H WOOD FIBER","6448","H&H WOOD FIBER","2295"
"38980","V-000391","2026-04-11","JOB 7251","352","JOB 7251","4992"
"39073","V-001675","2026-04-17","LODGING-D.MCCOWIEN","9399","LODGING-D.MCCOWIEN","233.91"
"40898","V-001135","2026-04-11","ELBOW/BEND","526433","ELBOW/BEND","39.15"
"40904","V-001702","2026-04-16","FUEL TANK-RIG 247 JOB 7258","2292007","FUEL TANK-RIG 247 JOB 7258","4771.97"
"40906","V-001702","2026-04-21","FUEL TANK-RUFF CREEK","2296445","FUEL TANK-RUFF CREEK","1224.42"
"40607","V-001697","2026-04-07","TIMBER MAT RENTAL","INV034041","TIMBER MAT RENTAL","42"
"40667","V-000136","2026-04-08","STONE","INV34047174","STONE","6067.19"
"40705","V-001262","2026-04-09","SWITCHGRASS FILTER SOCK","6449","SWITCHGRASS FILTER SOCK","11512.4"
"40723","V-000306","2026-04-09","CREDIT PRT0110251","PRC0010576","CREDIT PRT0110251","-1200.75"
"39647","V-001262","2026-04-03","SWITCHGRASS FILTER SOCK","6406","SWITCHGRASS FILTER SOCK","5345.04"
"41290","V-001111","2026-04-11","WELL MARKER FOR WELL 429","952N","WELL MARKER FOR WELL 429","240.92"
"41266","V-000750","2026-03-23","HAULED MATS","10114981","HAULED MATS","505.75"
"40845","V-000722","2026-04-11","RIG 249 LABOR WE 04/05-04/11/26","000000012968","RIG 249 LABOR WE 04/05-04/11/26","1630.36"
"40857","V-000722","2026-04-18","RIG 213 LABOR WE 04/12-04/18/26","000000013146","RIG 213 LABOR WE 04/12-04/18/26","2914.64"
"40875","V-000722","2026-04-18","RIG 247 LABOR WE 04/12-04/18/26","000000013162","RIG 247 LABOR WE 04/12-04/18/26","4474.48"
"38788","V-002029","2026-04-07","FUEL TANK MINE FIRE","26609253","FUEL TANK MINE FIRE","10311.74"
"38802","V-001675","2026-04-07","LODGING-D.CHEE","9391","LODGING-D.CHEE","483"
"38796","V-001675","2026-04-07","LODGING-D.MCCOWIEN","9356","LODGING-D.MCCOWIEN","77.97"
"38814","V-001675","2026-04-07","LODGING-G.MARKS","9334","LODGING-G.MARKS","311.88"
"38828","V-000782","2026-04-08","HAULED STONE","20181204","HAULED STONE","630"
"40900","V-001702","2026-04-14","FUEL TANK-FLAD FORK CAMP RUN","2289092","FUEL TANK-FLAD FORK CAMP RUN","2629.7"
"38928","V-000338","2026-04-09","HAULED WATER","14702","HAULED WATER","864"
"39633","V-001266","2026-04-08","CROSBY GRAB HOOK G80","183979","CROSBY GRAB HOOK G80","107.8"
"40171","V-001435","2026-04-02","LODGING-S.NESTOR","80882505","LODGING-S.NESTOR","248.8"
"39637","V-000566","2026-03-31","POLAR VORTEX","20260088","POLAR VORTEX","16000"
"38780","V-002078","2026-04-03","PROFESSIONAL/REIMBURSABLES","43387","PROFESSIONAL/REIMBURSABLES","2335"
"38826","V-001331","2026-04-08","HAULING DRILL MUD","CDE040826A","HAULING DRILL MUD","3875"
"38830","V-000782","2026-04-08","HAULED TRACK TRUCK","20181205","HAULED TRACK TRUCK","2420"
"38896","V-001266","2026-04-09","COUPLER","184077","COUPLER","72.88"
"38926","V-000338","2026-04-09","HAULED WATER","14701","HAULED WATER","1912"
"38982","V-000804","2026-04-12","BUILDING SITE ","660","BUILDING SITE ","1490"
"39000","V-001266","2026-04-13","FRZ PLUG","184234","FRZ PLUG","84.95"
"39103","V-001115","2026-04-19","LODGING-I.MITCHELL","10028663077","LODGING-I.MITCHELL","188.7"
"39979","V-000654","2026-03-12","WASTE DISPOSAL ","74461","WASTE DISPOSAL ","5457.5"
"40173","V-001435","2026-04-02","LODGING-E.CLARK","80891532","LODGING-E.CLARK","168.8"
"40231","V-000654","2026-04-06","WASTE DISPOSAL ","74569","WASTE DISPOSAL ","2163.75"
"39879","V-001702","2026-03-15","SDIP VOYAGER 3-15-26","32641CWS","SDIP VOYAGER 3-15-26","41548.91"
"40265","V-000815","2026-04-06","LODGING-JUSTIN FARRAR","52216","LODGING-JUSTIN FARRAR","1132.2"
"39969","V-000654","2026-03-09","WASTE DISPOSAL ","74459","WASTE DISPOSAL ","2297.5"
"39997","V-000201","2026-03-20","26-CWS","29316","LODGING-K.HALL","574"
"40013","V-000654","2026-03-30","WASTE DISPOSAL ","74469","WASTE DISPOSAL ","2615"
"38972","V-001069","2026-04-11","OTC/FROSTY ANNUAL RYE","1966A","OTC/FROSTY ANNUAL RYE","1197.3"
"39067","V-001115","2026-04-17","LODGING-J.PECK","10028649256","LODGING-J.PECK","471.75"
"39147","V-002078","2026-04-22","REIMBURSHABLES","43435","REIMBURSHABLES","2081.25"
"39977","V-000969","2026-03-11","FISHING TOOLS","1425242","FISHING TOOLS","457"
"39985","V-001435","2026-03-13","LODGING-E.CLARK","80643786","LODGING-E.CLARK","320"
"39983","V-000201","2026-03-12","LODGING-K.HALL","29260","LODGING-K.HALL","328"
"40227","V-001435","2026-04-03","LODGING-W.METZGER","80894851","LODGING-W.METZGER","337.6"
"38938","V-001115","2026-04-10","LODGING-J.PECK","10028606649","LODGING-J.PECK","471.75"
"39030","V-002434","2026-04-14","MOVE RIG #512","6074","MOVE RIG #512","2030"
"39083","V-001675","2026-04-17","LODGING-G.HALL","9443","LODGING-G.HALL","155.94"
"39069","V-001115","2026-04-17","LODGING-T.FORD","10028648759","LODGING-T.FORD","377.4"
"39085","V-001675","2026-04-17","LODGING-C.REBOLD","9457","LODGING-C.REBOLD","155.94"
"39183","V-002029","2026-04-23","FUEL TANK-MINE FIRE ","26619311","FUEL TANK-MINE FIRE ","2283.18"
"39989","V-000654","2026-03-18","26-CWS","74464","HIGH SOLIDS DISPOSAL ","1937.5"
"40005","V-000654","2026-03-24","WASTE DISPOSAL ","74468","WASTE DISPOSAL ","2320"
"38974","V-000391","2026-04-11","COP TRACT 357 1011H","349","COP TRACT 357 1011H","14103.8"
"38984","V-000804","2026-04-12","RECLAIMING SITE ","664","RECLAIMING SITE ","2125"
"39065","V-001115","2026-04-17","LODGING-J.BROSIES","10028649897","LODGING-J.BROSIES","377.4"
"39081","V-001675","2026-04-17","LODGING-L.BRYANT","9401","LODGING-L.BRYANT","311.88"
"2588","V-000722","2025-12-27","RIG 237 LABOR 12/21-12/27","0000250717","RIG 237 LABOR 12/21-12/27","2863.46"
"2584","V-000722","2025-12-27","RIG 251 LABOR 12/21-12/27","0000250724","RIG 251 LABOR 12/21-12/27","1085.46"
"2589","V-000722","2025-12-27","RIG 101 LABOR 12/21-12/27","0000250711","RIG 101 LABOR 12/21-12/27","985.18"
"2579","V-000580","2026-01-20","26-CWS","194","RIG LABOR WE 011726","10470"
"2580","V-000580","2026-01-13","RIG LABOR WE 011026","193","RIG LABOR WE 011026","9445"
"2581","V-000580","2026-01-06","RIG LABOR WE 010326","192","RIG LABOR WE 010326","7750"
"2582","V-000580","2025-12-29","26-CWS","191","RIG LABOR WE 122725","5160"
"2583","V-000722","2025-12-27","RIG 713 LABOR 12/21-12/27","0000250725","RIG 713 LABOR 12/21-12/27","1146.12"
"2585","V-000722","2025-12-27","RIG249 LABOR 12/21-12/27","0000250723","RIG249 LABOR 12/21-12/27","962.82"
"2593","V-000722","2025-12-27","RIG 248 LABOR 12/21-12/27","0000250722","RIG 248 LABOR 12/21-12/27","5662.16"
"2696","V-001702","2026-01-06","FUEL TANK-RIG 243 JOB 7234","2128760","FUEL TANK-RIG 243 JOB 7234","1031.21"
"2697","V-001702","2026-01-05","FUEL TANK-RIG 214 JOB 7211","2118819","FUEL TANK-RIG 214 JOB 7211","3096.76"
"2699","V-001702","2026-01-05","FUEL TANK-RIG 242 JOB 7232","2123185","FUEL TANK-RIG 242 JOB 7232","971.35"
"2700","V-001702","2026-01-09","FUEL TANK-RIG 243 JOB 7234","2133225","FUEL TANK-RIG 243 JOB 7234","237.23"
"2701","V-001702","2026-01-07","FUEL TANK-RUFF CREEK","2133921","FUEL TANK-RUFF CREEK","1184.04"
"2711","V-001702","2026-01-12","FUEL TANK-RIG 212 JOB 7222","2138431","FUEL TANK-RIG 212 JOB 7222","2418.4"
"2715","V-001702","2025-12-22","FUEL TANK-RIG 212 JOB 7222","2109525","FUEL TANK-RIG 212 JOB 7222","3368.67"
"2766","V-001702","2026-01-10","26-CWS","2135520","FUEL TANK-HUNDRED ON ROAD","1357.94"
"2640","V-001262","2025-12-31","SWITCHGRASS FILTER SOCK","6022","SWITCHGRASS FILTER SOCK","6384.27"
"2563","V-000309","2026-01-06","26-CWS","8298","EQUIP HAULING","4252"
"2702","V-001702","2026-01-07","FUEL TANK-RIG 243 JOB 7234","2134414","FUEL TANK-RIG 243 JOB 7234","374.52"
"2594","V-000722","2025-12-30","RIG 247 LABOR 12/21-12/27","0000250721","RIG 247 LABOR 12/21-12/27","2462.52"
"2601","V-000722","2025-12-27","RIG 212 LABOR 12/21-12/27","0000250713","RIG 212 LABOR 12/21-12/27","2242.24"
"2625","V-000945","2025-12-12","MISC LABOR","3010909","MISC LABOR","9544.5"
"2605","V-000750","2025-12-08","HAULED MATS AND PINS","1011114","HAULED MATS AND PINS","2012.5"
"2606","V-000750","2025-12-21","26-CWS","1011159","HAULED 30 MATS","1653.13"
"2693","V-001702","2026-01-15","FUEL TANK-RIG 213 JOB 7201","2146290","FUEL TANK-RIG 213 JOB 7201","880.69"
"2576","V-000502","2026-01-06","EQUIP HAULING","3525","EQUIP HAULING","600"
"2714","V-001702","2025-12-16","FUEL TANK-GLAD FORK CAMP RUN","2102190","FUEL TANK-GLAD FORK CAMP RUN","1137.79"
"2577","V-000502","2026-01-06","EQUIP HAULING","3526","EQUIP HAULING","3000"
"2595","V-000722","2025-12-27","RIG 243 LABOR 12/21-12/27","0000250720","RIG 243 LABOR 12/21-12/27","1299.42"
"2596","V-000722","2025-12-27","RIG 242 LABOR 12/21-12/27","0000250719","RIG 242 LABOR 12/21-12/27","983.48"
"2597","V-000722","2025-12-27","RIG 238 LABOR 12/21-12/27","0000250718","RIG 238 LABOR 12/21-12/27","1176.78"
"2598","V-000722","2025-12-27","RIG 220 LABOR 12/21-12/27","0000250716","RIG 220 LABOR 12/21-12/27","3438.36"
"2599","V-000722","2025-12-27","RIG 215 LABOR 12/21-12/27","0000250715","RIG 215 LABOR 12/21-12/27","2502.52"
"2600","V-000722","2025-12-27","RIG 214 LABOR 12/21-12/27","0000250714","RIG 214 LABOR 12/21-12/27","1207.44"
"2602","V-000722","2025-12-27","RIG 103 LABOR 12/21-12/27","0000250712","RIG 103 LABOR 12/21-12/27","864.52"
"2620","V-000804","2026-01-11","BUILDING SITE","621","BUILDING SITE","1125"
"2607","V-000750","2025-12-21","26-CWS","1011160","HAULED 45 MATS","1653.13"
"2609","V-000750","2026-01-08","26-CWS","1011175","HAULED 40 MATS AND PINS","790.63"
"2611","V-000750","2026-01-08","26-CWS","1011176","HAULED 40 MATS","359.38"
"2619","V-000804","2026-01-04","RIG MOVE","618","RIG MOVE","3275"
"2623","V-000804","2025-12-28","ASSISTING RIG","616","ASSISTING RIG","825"
"2624","V-000945","2025-12-26","26-CWS","3010913","MISC LABOR","11628"
"2698","V-001702","2026-01-13","FUEL TANK- RIG 243 JOB 7234","2153232","FUEL TANK- RIG 243 JOB 7234","750"
"2704","V-001702","2026-01-07","FUEL TANK-GLAD FORK CAMP RUN","2133918","FUEL TANK-GLAD FORK CAMP RUN","1589.74"
"2705","V-001702","2026-01-09","FUEL TANK-RIG 247 JOB 7226","2136760","FUEL TANK-RIG 247 JOB 7226","2111.21"
"2710","V-001702","2026-01-14","FUEL TANK-RIG 243 JOB 7234","2144491","FUEL TANK-RIG 243 JOB 7234","1131.04"
"2753","V-002061","2025-06-27","RIG 14 SUBBASE","2826","RIG 14 SUBBASE","18405.3"
"2572","V-000502","2025-12-31","HAULING POWER SWIVEL","3518","HAULING POWER SWIVEL","600"
"2573","V-000502","2025-12-31","EQUIP HAULING","3521","EQUIP HAULING","9325"
"2574","V-000502","2025-12-31","EQUIP HAULING","3522","EQUIP HAULING","4125"
"2575","V-000502","2026-01-06","MOVE RIG 11","3524","MOVE RIG 11","3575"
"2683","V-001435","2025-12-12","24-CDE","79718899","LODGING-B.DONATE","355.2"
"2627","V-000945","2026-01-02","26-CWS","3010914","MISC LABOR","3191.4"
"2692","V-001702","2026-01-14","FUEL TANK-ELM GROVE","2145963","FUEL TANK-ELM GROVE","1512.95"
"2713","V-001702","2025-12-11","FUEL TANK-HUNDRED OFF ROAD","2091217","FUEL TANK-HUNDRED OFF ROAD","1219.41"
"2717","V-001702","2025-12-31","FUEL TANK-RIG 101 JOB 7224","2125256","FUEL TANK-RIG 101 JOB 7224","2449.99"
"2718","V-001702","2025-12-29","FUEL TANK-RIG 213 JOB 7201","2113581","FUEL TANK-RIG 213 JOB 7201","3010.28"
"2719","V-001702","2025-12-30","FUEL TANK-RIG 247 JOB 7226","2118356","FUEL TANK-RIG 247 JOB 7226","2746.8"
"2621","V-000750","2025-12-08","26-CWS","1011116","HAULED 40 MATS","2012.5"
"2622","V-000750","2005-12-21","26-CWS","1011158","HAULED 45 MATS","1365.63"
"2758","V-001702","2025-12-23","26-CWS","2111269","FUEL TANK-HUNDRED OFF ROAD","1387.35"
"2754","V-001702","2025-10-14","FUEL TANK-RUFF CREEK","2005769","FUEL TANK-RUFF CREEK","1620.93"
"2755","V-001702","2025-12-23","FUEL TANK-HUNDRED ON ROAD","2111369","FUEL TANK-HUNDRED ON ROAD","1313.24"
"2756","V-001702","2025-12-18","FUEL TANK-ELM GROVE","2102283","FUEL TANK-ELM GROVE","1038.08"
"2757","V-001702","2025-11-20","FUEL TANK-HUNDRED OFF ROAD","2058916","FUEL TANK-HUNDRED OFF ROAD","1263.63"
"2773","V-001702","2025-11-20","FUEL TANK-HUNDRED ON ROAD","2057079","FUEL TANK-HUNDRED ON ROAD","1754.62"
"2784","V-001702","2025-12-11","FUEL TANK-HUNDRED ON ROAD","2089657","FUEL TANK-HUNDRED ON ROAD","1497.88"
"2765","V-001702","2025-12-03","FUEL TANK-HUNDRED ON ROAD","2074433","FUEL TANK-HUNDRED ON ROAD","1780.3"
"2764","V-001702","2025-11-30","FUEL TANK-ELM GROVE","2070830","FUEL TANK-ELM GROVE","1536.41"
"2786","V-001702","2026-01-14","FUEL TANK-RUFF CREEK","2145452","FUEL TANK-RUFF CREEK","1251.15"
"2785","V-001702","2025-12-03","FUEL TANK-HUNDRED OFF ROAD","2076564","FUEL TANK-HUNDRED OFF ROAD","465.12"
"2878","V-002029","2026-01-20","FUEL","26559876","FUEL","5950.16"
"24880","V-002363","2026-02-28","PLUGGING JOHN A KEYS","1520","PLUGGING JOHN A KEYS","191260.24"
"25136","V-001435","2025-12-17","LODGING-B.ROGERS","79769887","LODGING-B.ROGERS","266.4"
"25138","V-001115","2025-12-19","LODGING-A.LANE","10028003689C","LODGING-A.LANE","283.05"
"25142","V-001435","2025-12-31","LODGING-D.HALL","79886204","LODGING-D.HALL","177.6"
"25140","V-001115","2025-12-26","LODGING-R.KUHN","10028041178C","LODGING-R.KUHN","1132.2"
"25361","V-001115","2026-03-01","LODGING-C.HILSON","10028373186","LODGING-C.HILSON","471.75"
"25207","V-001435","2025-12-31","LODGING-B.DONATE","79898136","LODGING-B.DONATE","177.6"
"25217","V-001435","2025-12-31","LODGING-D.OGDEN","79898220","LODGING-D.OGDEN","266.4"
"25211","V-001435","2025-12-31","LODGING-P.ROWE","79898138","LODGING-P.ROWE","177.6"
"25213","V-001435","2025-12-31","LODGING-T.BORKOWSKI","79898139","LODGING-T.BORKOWSKI","177.6"
"25219","V-001435","2026-01-09","LODGING-B.DONATE","79981685","LODGING-B.DONATE","377.4"
"25205","V-001435","2025-12-31","LODGING-L.ANDERSON","79895259","LODGING-L.ANDERSON","283.05"
"25209","V-001435","2025-12-31","LODGING-J.HADDIX","79898137","LODGING-J.HADDIX","283.05"
"25221","V-001435","2026-01-09","LODGING-D.OGDEN","79981687","LODGING-D.OGDEN","471.75"
"25215","V-001435","2025-12-31","LODGING-T.CORNELL","79898165","LODGING-T.CORNELL","177.6"
"25279","V-001435","2026-01-09","LODGING-L.ANDERSON","79981644","LODGING-L.ANDERSON","471.75"
"25281","V-001435","2026-01-09","LODGING-I.WILLIAMS","79981646","LODGING-I.WILLIAMS","377.4"
"25293","V-001435","2026-01-16","24-CDE","80052524","LODGING-B.DONATE","377.4"
"25295","V-001435","2026-01-16","LODGING-L.ANDERSON","80052544","LODGING-L.ANDERSON","377.4"
"25297","V-001435","2026-01-16","LODGING-T.CORNELL","80052565","LODGING-T.CORNELL","377.4"
"25301","V-001435","2026-01-16","LODGING-J.HADDIX","80052612","LODGING-J.HADDIX","377.4"
"25299","V-001435","2026-01-16","LODGING-T.BORKOWSKI","80052567","LODGING-T.BORKOWSKI","377.4"
"25277","V-001435","2026-01-09","LODGING-T.CORNELL","79981599","LODGING-T.CORNELL","377.4"
"25273","V-001435","2026-01-09","LODGING-T.BORKOWSKI","79981502","LODGING-T.BORKOWSKI","377.4"
"25275","V-001435","2026-01-09","LODGING-D.HALL","79981598","LODGING-D.HALL","471.75"
"25303","V-001435","2026-01-16","24-CDE","80052615","LODGING-P.ROWE","410.7"
"25305","V-001435","2026-01-16","LODGING-D.OGDEN","80052632","LODGING-D.OGDEN","471.75"
"25285","V-001435","2026-01-09","LODGING-J.HADDIX","79981671","LODGING-J.HADDIX","471.75"
"25283","V-001435","2026-01-09","LODGING-P.ROWE","79991670","LODGING-P.ROWE","377.4"
"25289","V-001435","2026-01-16","LODGING-I.WILLIAMS","80052484","LODGING-I.WILLIAMS","377.4"
"25291","V-001435","2026-01-16","LODGING-D.HALL","80052511","LODGING-D.HALL","471.75"
"25337","V-001435","2026-01-24","LODGING-W.METZGER","80133487","LODGING-W.METZGER","471.75"
"25339","V-001675","2026-01-29","26-CWS","9023","LODGING-G.MARKS","77.97"
"25321","V-001435","2026-01-23","LODGING-D.HALL","80122861","LODGING-D.HALL","471.75"
"25323","V-001435","2026-01-23","LODGING-T.CORNELL","80122863","LODGING-T.CORNELL","471.75"
"25325","V-001435","2026-01-23","LODGING-B.DONATE","80122896","LODGING-B.DONATE","377.4"
"25341","V-001675","2026-02-03","LODGING-R.ODELL","9054","LODGING-R.ODELL","155.94"
"25335","V-001435","2026-01-24","LODGING-P.ROWE","80133486","LODGING-P.ROWE","471.75"
"25369","V-001115","2026-03-01","LODGING-G.GREEN","10028370479","LODGING-G.GREEN","471.75"
"25329","V-001435","2026-01-23","LODGING-J.HADDIX","80122916","LODGING-J.HADDIX","471.75"
"25363","V-001115","2026-03-01","LODGING-D.LAMPKIN","10028370761","LODGING-D.LAMPKIN","471.75"
"25309","V-001675","2026-01-19","LODGING-G.MARKS","8992","LODGING-G.MARKS","311.88"
"25331","V-001435","2026-01-23","LODGING-D.OGDEN","80122918","LODGING-D.OGDEN","471.75"
"25345","V-001164","2026-02-20","SMOOTHFLOW SOLID W/BELL","163038","SMOOTHFLOW SOLID W/BELL","1711.26"
"25367","V-001115","2026-03-01","LODGING-E.HALL","10028370482","LODGING-E.HALL","377.4"
"25403","V-000343","2026-01-28","UNIFORM RENTAL","4257638635","UNIFORM RENTAL","2648.89"
"25401","V-001435","2025-12-20","LODGING-B.DONATE","79805765","LODGING-B.DONATE","444"
"25371","V-001675","2026-03-02","LODGING-G.MARKS","9173","LODGING-G.MARKS","77.97"
"25409","V-001262","2026-03-03","HAULED WASH PIPE","6275","HAULED WASH PIPE","790.63"
"25327","V-001435","2026-01-23","LODGING-L.ANDERSON","80122898","LODGING-L.ANDERSON","471.75"
"25351","V-001164","2026-02-25","SILT FENCE ","163043","SILT FENCE ","176.38"
"25319","V-001435","2026-01-23","LODGING-L.CLARKSON","80122847","LODGING-L.CLARKSON","94.35"
"25359","V-001115","2026-03-01","LODGING","10028373899","LODGING","471.75"
"25307","V-001675","2026-01-19","LODGING-J.HUDNALL","8991","LODGING-J.HUDNALL","311.88"
"25311","V-001675","2026-01-19","LODGING-L.BRYANT","8997","LODGING-L.BRYANT","311.88"
"25365","V-001115","2026-03-01","LODGING-L.BRYANT","10028370685","LODGING-L.BRYANT","377.4"
"25315","V-001435","2026-01-23","LODGING-I.WILLIAMS","80122364","LODGING-I.WILLIAMS","377.4"
"25399","V-001115","2025-12-13","LODGING-R.KUHN","10027969817C","LODGING-R.KUHN","1226.55"
"25405","V-001115","2026-03-01","LODGING-S.NESTOR","10028364417","LODGING-S.NESTOR","283.05"
"25313","V-001435","2026-01-20","LODGING-M.HELDRETH","80087718","LODGING-M.HELDRETH","94.35"
"25317","V-001435","2026-01-23","LODGING-B.BARCLEY","80122632","LODGING-B.BARCLEY","377.4"
"25407","V-001675","2026-03-02","LODGING-L.BRYANT","9182","LODGING-L.BRYANT","155.94"
"31805","V-000656","2026-04-07","F4S SAFETY ADMIN SERVICES","8999616","F4S SAFETY ADMIN SERVICES","10560.17"
"31969","V-000306","2026-03-19","D6 RENTAL","EQP0023063","D6 RENTAL","8980"
"32210","V-001115","2026-03-20","LODGING-J.HELDRETH","10028487332","LODGING-J.HELDRETH","1132.2"
"32214","V-001115","2026-03-20","LODGING-T.FORD","10028486556","LODGING-T.FORD","377.4"
"32216","V-001115","2026-03-20","LODGING-L.BRYANT","10028486554","LODGING-L.BRYANT","377.4"
"32266","V-000666","2026-03-21","CHAIN LOOP/MOTOMIX","404430","CHAIN LOOP/MOTOMIX","383.96"
"32270","V-001702","2026-03-22","FUEL TANK FOR MACK","2262587","FUEL TANK FOR MACK","1994.43"
"32268","V-001702","2026-03-21","HIGHLANDS RIG JOB 7239 ","2262485","HIGHLANDS RIG JOB 7239 ","8743.09"
"32494","V-000679","2026-03-26","FUEL TANK-RIG 101","144452","FUEL TANK-RIG 101","4391.56"
"32212","V-001115","2026-03-20","LODGING-J.PECK","10028486833","LODGING-J.PECK","471.75"
"32040","V-001266","2026-03-18","WRENCH 18MM","182817","WRENCH 18MM","252.4"
"32261","V-000722","2026-03-21","26-CWS","000000011751","RIG 250 LABOR WE 03/15-03/21/26","1578.38"
"32234","V-000722","2026-03-21","RIG 213 LABOR WE 03/15-03/21/26","000000011739","RIG 213 LABOR WE 03/15-03/21/26","2360.18"
"32251","V-000722","2026-03-21","RIG 242 LABOR WE 03/15-03/21/26","000000011746","RIG 242 LABOR WE 03/15-03/21/26","1669.92"
"32088","V-001266","2026-03-19","26-CWS","182896","DISPOSABLE GLOVES","295.08"
"32132","V-001069","2026-03-20","26-CWS","1905A","OTC/FROSTY ANNUAL RYE","1253.3"
"32135","V-000134","2026-03-20","RUBBERS, CLAMP, SWING BOLT","25558","RUBBERS, CLAMP, SWING BOLT","4159"
"32230","V-000722","2026-03-21","RIG 103 LABOR WE 03/15-03/21/26","000000011737","RIG 103 LABOR WE 03/15-03/21/26","2803.46"
"32218","V-000399","2026-03-20","LODGING-D.SCHMIDT","80729434","LODGING-D.SCHMIDT","331.52"
"32237","V-000722","2026-03-21","RIG 214 LABOR WE 03/15-03/21/26","000000011740","RIG 214 LABOR WE 03/15-03/21/26","7776.02"
"32257","V-000722","2026-03-21","RIG 248 LABOR WE 03/15-03/21/26","000000011749","RIG 248 LABOR WE 03/15-03/21/26","11638.4"
"32249","V-000722","2026-03-21","RIG 238 LABOR WE 03/15-03/21/26","000000011745","RIG 238 LABOR WE 03/15-03/21/26","4235.36"
"32239","V-000722","2026-03-21","RIG 215 WE 03/15-03/21/26","000000011741","RIG 215 WE 03/15-03/21/26","422.92"
"32227","V-000722","2026-03-21","RIG 101 LABOR WE 03/15-03/21/26","000000011736","RIG 101 LABOR WE 03/15-03/21/26","2750.9"
"32246","V-000722","2026-03-21","RIG 237 LABOR WE 03/15-03/21/26","000000011744","RIG 237 LABOR WE 03/15-03/21/26","11290.44"
"32242","V-000722","2026-03-21","RIG 220 WE 03/15-03/21/26","000000011742","RIG 220 WE 03/15-03/21/26","1268.76"
"32244","V-000722","2026-03-21","RIG 221 03/15/03-21-26","000000011743","RIG 221 03/15/03-21-26","7281.62"
"32232","V-000722","2026-03-21","RIG 212 WE 03/15-03/21/26","000000011738","RIG 212 WE 03/15-03/21/26","4902.6"
"32253","V-000722","2026-03-21","RIG 243 LABOR WE 03/15-03/21/26","000000011747","RIG 243 LABOR WE 03/15-03/21/26","4855.3"
"32255","V-000722","2026-03-21","RIG 247 LABOR WE 03/15-03/21/26","000000011748","RIG 247 LABOR WE 03/15-03/21/26","1330.08"
"32259","V-000722","2026-03-21","RIG 249 LABOR WE 03/15-03/21/26","000000011750","RIG 249 LABOR WE 03/15-03/21/26","1569.04"
"32263","V-000804","2026-03-21","BUILDING SITE ","654","BUILDING SITE ","5756"
"32552","V-001115","2026-03-30","LODGING-N.BENNETT","10028537833","LODGING-N.BENNETT","188.7"
"32450","V-001675","2026-03-25","LODGING-D.MCCOWIEN","9328 ","LODGING-D.MCCOWIEN","77.97"
"32496","V-000322","2026-03-26","DAILY RATE/NG,3 ARM CAL","0114788IN","DAILY RATE/NG,3 ARM CAL","7178"
"32498","V-001702","2026-03-26","FUEL TANK-RIG 220 JOB 7235","2267289","FUEL TANK-RIG 220 JOB 7235","5563.55"
"32542","V-001702","2026-03-28","FUEL TANK-POLAR VORTEX","2269872","FUEL TANK-POLAR VORTEX","12798.79"
"32278","V-000799","2026-03-23","HAULED WATER","35992","HAULED WATER","1544.5"
"32379","V-000797","2026-03-24","BTU SELF CONTAIN HEATER ","36182359004","BTU SELF CONTAIN HEATER ","2870.14"
"32349","V-001266","2026-03-24","UTILITY BLADES","183134","UTILITY BLADES","204.14"
"32387","V-001702","2026-03-25","FUEL TANK HUNDRED OFF ROAD ","2265521","FUEL TANK HUNDRED OFF ROAD ","2494.75"
"32392","V-001702","2026-03-25","FUEL TANK-RIG 215 JOB 7266","2265076","FUEL TANK-RIG 215 JOB 7266","6032.68"
"32408","V-001266","2026-03-25","FULL BRIM HARD HAT WHITE","183243","FULL BRIM HARD HAT WHITE","23.91"
"32371","V-001702","2026-03-24","FUEL TANK-RIG 242 JOB 7219","2263282","FUEL TANK-RIG 242 JOB 7219","1803.97"
"32548","V-000322","2026-03-30","DAILY RATE/NG,3 ARM CAL","0114789IN","DAILY RATE/NG,3 ARM CAL","3450"
"32502","V-000797","2026-03-27","HEATER DUCK BLK/ADAPTER","36217925003","HEATER DUCK BLK/ADAPTER","239.68"
"32500","V-001877","2026-03-27","SKID TRACK LOADER RENTAL","242600835017","SKID TRACK LOADER RENTAL","3163"
"32540","V-001702","2026-03-28","FUEL TANK-RIG 237 JOB 7247","2269746","FUEL TANK-RIG 237 JOB 7247","4397.02"
"32592","V-000345","2026-03-30","3X6 SIGNS DECALS THE SAY WATCH STEP","2601941","3X6 SIGNS DECALS THE SAY WATCH STEP","572.91"
"32375","V-000580","2026-03-24","RIG LABOR WE 032226","203","RIG LABOR WE 032226","13060"
"32389","V-001702","2026-03-25","FUEL TANK- HUNDRED ON RAOD ","2265988","FUEL TANK- HUNDRED ON RAOD ","1448.72"
"32326","V-000782","2026-03-23","26-CWS","20180991","HAULED WHEEL LOADER ","618.75"
"32331","V-000136","2026-03-24","STONE","INV34046138","STONE","1455.48"
"32373","V-001702","2026-03-24","FUEL TANK-RIG 2 JOB 7206","2264502","FUEL TANK-RIG 2 JOB 7206","6878.45"
"32381","V-001877","2026-03-24","LIGHT TOWER RENTAL-MINE FIRE","255673567007","LIGHT TOWER RENTAL-MINE FIRE","1098"
"32478","V-000904","2026-03-26","DELIVERED WATER","71866","DELIVERED WATER","1365"
"32280","V-001702","2026-03-23","FUEL TANK-RIG 251 JOB 7290","2262069","FUEL TANK-RIG 251 JOB 7290","2142.42"
"32377","V-000679","2026-03-24","FUEL TANK RIG 103","144307","FUEL TANK RIG 103","1769.15"
"32406","V-001266","2026-03-25","ADAPTER","183238","ADAPTER","136.98"
"32510","V-001115","2026-03-27","LODGING-J.PECK","10028526456","LODGING-J.PECK","471.75"
"32383","V-000785","2026-03-25","ROD PIRANHA MILL","26790","ROD PIRANHA MILL","16999.5"
"32476","V-001266","2026-03-26","AIR REGULATOR","183289","AIR REGULATOR","168.45"
"32506","V-000679","2026-03-27","FUEL TANK-RIG 250 ","144595","FUEL TANK-RIG 250 ","3823.78"
"32508","V-000799","2026-03-27","HAULED WATER","6592","HAULED WATER","5991"
"32444","V-001702","2026-03-25","FUEL TANK-RIG 243 JOB 7227 ","2263853","FUEL TANK-RIG 243 JOB 7227 ","1678.59"
"32446","V-000246","2026-03-25","FUEL TANK-POLAR VORTEX","68424","FUEL TANK-POLAR VORTEX","4425.73"
"32452","V-001675","2026-03-25","LODGING-D.MCCOWIEN","9313","LODGING-D.MCCOWIEN","461.19"
"32650","V-001266","2026-04-02","CHUCK","183660","CHUCK","159.78"
"32632","V-001266","2026-04-01","BRAKLN BRK PARTS CLNR","183588","BRAKLN BRK PARTS CLNR","295.92"
"32730","V-002238","2026-03-20","ELL-WELD/NIPPLE PIPE","93568987","ELL-WELD/NIPPLE PIPE","280.62"
"32736","V-001262","2026-03-20","HAULED MATS","6363","HAULED MATS","503.13"
"32732","V-001262","2026-03-20","CUT & DRY 100","6351","CUT & DRY 100","6515"
"32738","V-001111","2026-03-20","WELL MARKER FOR WELL GH-41P ","936N","WELL MARKER FOR WELL GH-41P ","240.92"
"32616","V-000322","2026-03-31","DAILY RATE/GYRO DEV","0114793IN","DAILY RATE/GYRO DEV","3890"
"32744","V-001331","2026-03-20","HAULED WATER AND DRILL MUD","CDE032026A","HAULED WATER AND DRILL MUD","1531.25"
"32636","V-001266","2026-04-01","26-CWS","183608","ADAPTER","14.1"
"32682","V-001266","2026-04-03","MILWAUKEE CIRCUIT BOARD ","183741","MILWAUKEE CIRCUIT BOARD ","40.35"
"32734","V-001262","2026-03-20","THINNER","6352","THINNER","488.4"
"32706","V-001266","2026-04-03","THREAD RESTORE KIT ","183777","THREAD RESTORE KIT ","69.42"
"32740","V-001262","2026-03-20","HAULED POWER SWIVEL ","6364","HAULED POWER SWIVEL ","790.63"
"32746","V-001348","2026-03-20","JAW/DIE TONG","195515","JAW/DIE TONG","2646.24"
"32662","V-001266","2026-04-02","ABSORBENT","183707","ABSORBENT","30.06"
"32676","V-000951","2026-04-02","5-1/2 20 J55 X 5 SAW X SAW","1084191","5-1/2 20 J55 X 5 SAW X SAW","2023.5"
"32760","V-001262","2026-03-20","CUT & DRY 100","6299","CUT & DRY 100","4009"
"32768","V-001207","2026-03-21","WASTE REMOVAL ","MM3134","WASTE REMOVAL ","3148.2"
"32762","V-001439","2026-03-20","PORTA JOHN RENTAL","I8101","PORTA JOHN RENTAL","291.5"
"32766","V-001331","2026-03-21","HAULED WATER AND DRILL MUD","CDE032126A","HAULED WATER AND DRILL MUD","3125"
"32764","V-001455","2026-03-21","RAN CASING","5305","RAN CASING","2500"
"33274","V-001331","2026-03-13","WATER HAULING","CDE031326A","WATER HAULING","5218.75"
"33278","V-002238","2026-03-13","KIT REPAIR MAJOR 2 IN","93565665","KIT REPAIR MAJOR 2 IN","352.25"
"6075","V-001770","2025-11-01","PORTA JOHN RENTAL ","I15931","PORTA JOHN RENTAL ","142.36"
"22871","V-002363","2026-03-16","PLUGGING 288-1V","1512","PLUGGING 288-1V","133814.55"
"23337","V-002396","2026-02-28","CREDIT INVOICE ","CR000991","CREDIT INVOICE ","-1878.85"
"23630","V-000679","2026-03-05","FUEL TANK-RIG 101 JOB 7255","141704","FUEL TANK-RIG 101 JOB 7255","1993.55"
"22886","V-001702","2025-12-19","FUEL TANK-GLAD FORK CAMP RUN","2106266","FUEL TANK-GLAD FORK CAMP RUN","1671.75"
"22890","V-000750","2026-01-08","HAULED 40 MATS ","1011177","HAULED 40 MATS ","718.75"
"22906","V-001229","2026-01-31","PORTA JOHN RENTAL","R005521","PORTA JOHN RENTAL","170"
"22916","V-002061","2026-03-06","CONSULTANT","3266","CONSULTANT","6000"
"22884","V-001702","2025-11-07","FUEL TANK RIG 213 JOB 7190","2041997","FUEL TANK RIG 213 JOB 7190","1228.41"
"22898","V-000246","2026-01-21","FUEL TANK- RIG 215 JOB 7236","59827","FUEL TANK- RIG 215 JOB 7236","2529.93"
"22900","V-000475","2026-01-27","WATER HAULING","007318","WATER HAULING","1751.75"
"22904","V-002269","2026-01-30","FUEL TANK- RIG 237 JOB 7147","61846","FUEL TANK- RIG 237 JOB 7147","2771.64"
"23191","V-001262","2026-02-23","DRINKING WATER","6240","DRINKING WATER","60.12"
"23209","V-001262","2026-02-25","HYDROGEL PLUS ","6243","HYDROGEL PLUS ","2071"
"23157","V-000136","2026-01-27","STONE","INV34043248","STONE","1177.51"
"23177","V-000654","2026-02-07","WASTE DISPOSAL ","74172","WASTE DISPOSAL ","1750"
"23193","V-001348","2026-02-23","BARREL/PLUNGER","194655","BARREL/PLUNGER","1534.1"
"23161","V-001229","2026-01-31","PORTA JOHN RENTAL ","R005509","PORTA JOHN RENTAL ","300"
"23189","V-001262","2026-02-23","DRINKING WATER","6239","DRINKING WATER","178.72"
"23155","V-001702","2026-01-09","FUEL TANK-FORK CAMP RUN","2153306","FUEL TANK-FORK CAMP RUN","1095.9"
"23163","V-000654","2026-02-02","WASTE DISPOSAL ","74168","WASTE DISPOSAL ","1048.75"
"23169","V-000654","2026-02-03","WASTE DISPOSAL ","74169","WASTE DISPOSAL ","2432.5"
"23183","V-001262","2026-02-23","DRINKING WATER","6238","DRINKING WATER","635.96"
"23201","V-000782","2026-02-24","26-CWS","20180618","PLOW TRUCK","602.5"
"23153","V-001702","2025-11-05","FUEL TANK-RIG 212 JOB 7204","2037004","FUEL TANK-RIG 212 JOB 7204","3500.95"
"23159","V-001229","2026-01-31","PORTA JOHN RENTAL","R005511","PORTA JOHN RENTAL","300"
"23199","V-001262","2026-02-24","HAULED SUPPLIES AND CASING","6231","HAULED SUPPLIES AND CASING","718.75"
"23195","V-001262","2026-02-24","DRINKING WATER","6242","DRINKING WATER","100.2"
"23205","V-000475","2026-02-25","WATER HAULING","007344","WATER HAULING","1027.5"
"23181","V-000945","2026-02-19","770 BALES OF STRAW","3010938","770 BALES OF STRAW","6545"
"23197","V-001262","2026-02-24","HYDROGEL PLUS/THINNER","6241","HYDROGEL PLUS/THINNER","2360.84"
"23179","V-000750","2026-02-16","HAULED VARIOUS EQUIPMENT","1011301","HAULED VARIOUS EQUIPMENT","1207.5"
"23211","V-001262","2026-02-25","HYDROGEL PLUS/THINNER","6244","HYDROGEL PLUS/THINNER","2226.9"
"23207","V-000338","2026-02-25","HAULED PIT","14567","HAULED PIT","1251.84"
"23203","V-000475","2026-02-25","WATER HAULING","007345","WATER HAULING","1365"
"23171","V-000654","2026-02-04","WASTE DISPOSAL ","74170","WASTE DISPOSAL ","2813.75"
"23173","V-000945","2026-02-04","770 BALES OF STRAW","3010937","770 BALES OF STRAW","6545"
"23175","V-000654","2026-02-05","WASTE DISPOSAL ","74171","WASTE DISPOSAL ","2476.25"
"23343","V-001702","2026-03-01","FUEL TANK-RIG 243 JOB 7234","2240890","FUEL TANK-RIG 243 JOB 7234","625"
"23227","V-001262","2026-02-25","DRINKING WATER","6245","DRINKING WATER","50.1"
"23345","V-000136","2026-03-01","LEMON HILL JOB ","INV34044736","LEMON HILL JOB ","3991.67"
"23335","V-000782","2026-02-23","STONE","20180600","STONE","1547.89"
"23259","V-001262","2026-02-27","HYDOGEL GEL PLUS","6250","HYDOGEL GEL PLUS","1731"
"23263","V-001877","2026-02-27","SKID TRACK LOADER RENTAL","242600835016","SKID TRACK LOADER RENTAL","3352.78"
"23243","V-000797","2026-02-25","BTU SELF CONTAIN HEATER ","36182582003","BTU SELF CONTAIN HEATER ","4187.98"
"23237","V-001262","2026-02-25","HAULED STEEL PLATES ","6232","HAULED STEEL PLATES ","750"
"23253","V-001262","2026-02-26","HAULED ROLLER ","6219","HAULED ROLLER ","646.88"
"23247","V-001262","2026-02-26","CITRIC ACID ","6249","CITRIC ACID ","3601.2"
"23347","V-000136","2026-03-01","STONE","INV34044748","STONE","4965.24"
"23339","V-001560","2026-02-28","EQUIPMENT RENTAL","4704376","EQUIPMENT RENTAL","22200"
"23229","V-001262","2026-02-25","CUT & DRY 100","6246","CUT & DRY 100","5732.25"
"23249","V-001262","2026-02-26","THINNER/CITRIC ACID ","6248","THINNER/CITRIC ACID ","1055.68"
"23241","V-000797","2026-02-25","BTU SELF CONTAIN HEATER","36182359003","BTU SELF CONTAIN HEATER","4187.98"
"23239","V-001069","2026-02-25","OTC/FROSTY ANNUAL RYE","1865A","OTC/FROSTY ANNUAL RYE","1093.15"
"23245","V-001262","2026-02-26","DRINKING WATER","6247","DRINKING WATER","200.02"
"23261","V-001348","2026-02-27","COUPLING-CASING ","194903","COUPLING-CASING ","100"
"23267","V-000679","2026-02-27","FUEL TANK RIG 250 JOB 7272","140979","FUEL TANK RIG 250 JOB 7272","3595.8"
"23365","V-001262","2026-02-24","HAULED STEEL PLATE","6220","HAULED STEEL PLATE","718.75"
"23367","V-001262","2026-02-24","26-CWS","6222","HAULED SUPPLIES & CASING","718.75"
"23351","V-001262","2026-02-27","FILTER SOCK","6235","FILTER SOCK","958"
"23371","V-001262","2026-02-23","HYDRO GEL","6237","HYDRO GEL","1696"
"23373","V-001262","2026-02-23","HAULED DRILL COLLARS","6221","HAULED DRILL COLLARS","790.63"
"23359","V-001262","2026-02-26","T POST","6234","T POST","149.8"
"23369","V-001262","2026-02-23","ORANGE FENCE","6233","ORANGE FENCE","73.02"
"23361","V-001262","2026-02-26","HAULED CONDUCTOR/LOADED MATS","6227","HAULED CONDUCTOR/LOADED MATS","575"
"23379","V-001702","2026-02-11","FUEL TANK-RIG 247 JOB 7226","2200502","FUEL TANK-RIG 247 JOB 7226","2921.59"
"23353","V-001262","2026-02-27","26-CWS","6236","EROSION BLANKET - STAPLES","2442.2"
"23363","V-001262","2026-02-26","HAULED MATERIALS","6223","HAULED MATERIALS","1437.5"
"23493","V-001675","2026-03-03","26-CWS","9149","LODGING-T.FORD","311.88"
"23495","V-001675","2026-03-03","LODGING-R.ODELL","9146","LODGING-R.ODELL","233.91"
"23499","V-001262","2026-03-03","HAULED SILT FENCE","6266","HAULED SILT FENCE","2911.5"
"23501","V-000246","2026-03-04","FUEL TANK-RIG 238 JOB 7267","66477","FUEL TANK-RIG 238 JOB 7267","3937.28"
"23503","V-001702","2026-03-04","FUEL JOB 7221 WELL 5440","2235020","FUEL JOB 7221 WELL 5440","879.6"
"23433","V-000679","2026-03-02","FUEL TANK-RIG 103 JOB 7271","141723","FUEL TANK-RIG 103 JOB 7271","773.22"
"23439","V-000136","2026-03-02","STONE","INV34044818","STONE","3786.31"
"23479","V-001675","2026-03-03","LODGING-R.ODELL","9115","LODGING-R.ODELL","233.91"
"23443","V-001877","2026-03-02","LIGHT TOWER RENTAL-MINE FIRE","253712954008","LIGHT TOWER RENTAL-MINE FIRE","1696"
"23435","V-001945","2026-03-02","WASTE REMOVAL ","600894349627","WASTE REMOVAL ","1815.1"
"23437","V-001945","2026-03-02","WASTE REMOVAL ","600894549622","WASTE REMOVAL ","2304.24"
"23447","V-000580","2026-03-02","RIG LABOR WE 022826","200","RIG LABOR WE 022826","12335"
"23539","V-001877","2026-03-18","CREDIT INVOICE FOR LIGHT TOWERS","243845453019","CREDIT INVOICE FOR LIGHT TOWERS","-14171"
"23471","V-000945","2026-03-03","770 BALES OF STRAW","3010939","770 BALES OF STRAW","6545"
"23461","V-001675","2026-03-03","LODGING-D.CHEE","9171","LODGING-D.CHEE","623.76"
"23477","V-001675","2026-03-03","LODGING-G.MARKS","9082","LODGING-G.MARKS","389.85"
"23467","V-000338","2026-03-03","HAULED WATER","14584","HAULED WATER","720"
"23473","V-000945","2026-03-03","770 BALES OF STRAW","3010940","770 BALES OF STRAW","6545"
"23429","V-001331","2026-03-02","HAULED DRILL MUD","CDE030226A","HAULED DRILL MUD","3812.5"
"23457","V-000679","2026-03-03","FUEL TANK-RIG 101 JOB 7255","142043","FUEL TANK-RIG 101 JOB 7255","2593.91"
"23475","V-001675","2026-03-03","LODGING-T.FORD","9079","LODGING-T.FORD","311.88"
"23487","V-001262","2026-03-03","HYDRO GEL PLUS/CITRIC ACID ","6253","HYDRO GEL PLUS/CITRIC ACID ","1805.74"
"23517","V-000815","2026-03-04","LODGING-J.FARRAR","14080","LODGING-J.FARRAR","1343.1"
"23427","V-001266","2026-03-02","DISPOSABLE GLOVES","181973","DISPOSABLE GLOVES","267.15"
"23441","V-000136","2026-03-02","STONE","INV34044820","STONE","1431.56"
"23415","V-001266","2026-03-02","1GAL RTU ANTIFREEZE","181956","1GAL RTU ANTIFREEZE","91"
"23469","V-001356","2026-03-03","MEADOW MIX","030326","MEADOW MIX","658.26"
"23485","V-001675","2026-03-03","LODGING-R.ODELL","9145","LODGING-R.ODELL","233.91"
"23497","V-001262","2026-03-03","CUT & DRY 100","6254","CUT & DRY 100","5857.25"
"23481","V-001675","2026-03-03","LODGING-T.FORD","9117","LODGING-T.FORD","311.88"
"23397","V-000656","2026-03-06","F4S SAFETY ADMIN SERVICES","8999611","F4S SAFETY ADMIN SERVICES","10560.17"
"23491","V-001675","2026-03-03","LODGING-G.MARKS","9150","LODGING-G.MARKS","311.88"
"23399","V-000656","2026-03-13","F4S SAFETY ADMIN SERVICES","8999612","F4S SAFETY ADMIN SERVICES","11029.07"
"23411","V-001262","2026-03-02","HYDRO GEL PLUS","6252","HYDRO GEL PLUS","1821"
"23423","V-001266","2026-03-02","SAE WRENCH SET 14PC","181965","SAE WRENCH SET 14PC","69.2"
"23431","V-000679","2026-03-02","FUEL TANK- RIG 103 JOB 7271","141702","FUEL TANK- RIG 103 JOB 7271","1969.5"
"23465","V-001702","2026-03-03","FUEL TANK-RIG 102 JOB 7187","2234085","FUEL TANK-RIG 102 JOB 7187","854.23"
"23451","V-001111","2026-03-03","WELL MARKER FOR WELL M-1792","927N","WELL MARKER FOR WELL M-1792","240.92"
"23459","V-000136","2026-03-03","STONE","INV34044904","STONE","2546.43"
"23463","V-001675","2026-03-03","LODGING-L.BRYANT","9078","LODGING-L.BRYANT","233.91"
"23483","V-001675","2026-03-03","LODGING-L.BRYANT","9123","LODGING-L.BRYANT","311.88"
"23660","V-000679","2026-03-06","FUEL TANK RIG 103 JOB 7271","142383","FUEL TANK RIG 103 JOB 7271","503.74"
"23628","V-000246","2026-03-05","FUEL TANK-RIG 215 JOB 7266","66586","FUEL TANK-RIG 215 JOB 7266","5161.25"
"23674","V-000306","2026-03-09","D6 Rental","EQP0021710","D6 Rental","8980"
"23569","V-002238","2026-01-07","TEE-BMI STUD/NIPPLE PIPE","93541766","TEE-BMI STUD/NIPPLE PIPE","41.29"
"23591","V-000815","2026-03-04","LODGING-C.REBOLD","14072","LODGING-C.REBOLD","132.09"
"23672","V-000969","2026-03-09","FISHING TOOLS","1425020","FISHING TOOLS","1397.32"
"23593","V-000815","2026-03-04","LODGING-C.REBOLD","14071","LODGING-C.REBOLD","132.09"
"23662","V-001111","2026-03-07","WELL MARKER FOR WELL GH-83","929N","WELL MARKER FOR WELL GH-83","240.92"
"23589","V-000815","2026-03-04","LODGING-J.HUMPHREY","14063","LODGING-J.HUMPHREY","1211.01"
"23658","V-000679","2026-03-06","FUEL TANK RIG 250 JOB 7272","141705","FUEL TANK RIG 250 JOB 7272","4274.78"
"23666","V-000804","2026-03-08","RECLAIMING SITE ","643","RECLAIMING SITE ","4900"
"23622","V-000679","2026-03-04","FUEL TANK-RIG 103 JOB 7271","141703","FUEL TANK-RIG 103 JOB 7271","1432.78"
"23605","V-001135","2026-03-04","ADJ WRENCH/GATE HOOK","519858","ADJ WRENCH/GATE HOOK","310.38"
"23652","V-000904","2026-03-06","HAULED EQUIPMENT ","71531","HAULED EQUIPMENT ","1782.5"
"23587","V-000815","2026-03-04","LODGING. J-FARRAR","14062","LODGING. J-FARRAR","1211.01"
"23581","V-001266","2026-02-26","MSA GAS DETECTOR","181846","MSA GAS DETECTOR","1224.3"
"23597","V-000815","2026-03-04","LODGING-J.HUMPHREY","14092","LODGING-J.HUMPHREY","396.27"
"23601","V-000782","2026-03-04","MOVED WHEEL LOADER","20180739","MOVED WHEEL LOADER","481.25"
"23648","V-001115","2026-03-06","LODGING-L.BRYANT","10028410443","LODGING-L.BRYANT","188.7"
"23626","V-000136","2026-03-04","STONE","INV34044931","STONE","1399.69"
"23646","V-001115","2026-03-06","LODGING-G.GREEN","10028410449","LODGING-G.GREEN","471.75"
"23585","V-000338","2026-03-03","HAULED WATER","14583","HAULED WATER","1152"
"23603","V-000782","2026-03-04","MOVED HOE TO SITE ","20180741","MOVED HOE TO SITE ","275"
"23595","V-000815","2026-03-04","LODGING-J.HUMPHREY","14081","LODGING-J.HUMPHREY","1343.1"
"23664","V-001111","2026-03-07","WELL MARKER FOR WELL 7492","928N","WELL MARKER FOR WELL 7492","240.92"
"23670","V-000259","2026-03-09","FRAC TANK ","228FROG","FRAC TANK ","1180"
"23650","V-001115","2026-03-06","LODGING-K.MORGAN","10028404413","LODGING-K.MORGAN","199.8"
"23624","V-001262","2026-03-04","CUT & DRY 100","6255","CUT & DRY 100","6515"
"23607","V-001135","2026-03-04","CONCRETE","519885","CONCRETE","49.9"
"23611","V-000823","2026-03-04","CALCIUM","5727","CALCIUM","1080"
"23720","V-001702","2026-01-21","FUEL TANK-HUNDRED OFF ROAD ","2159078","FUEL TANK-HUNDRED OFF ROAD ","1095.4"
"23758","V-000722","2026-03-14","RIG 101 WE 03/8-3/14","000000011443","RIG 101 WE 03/8-3/14","3860.01"
"23760","V-000722","2026-03-14","RIG 713 3/8-3/14","000000011460","RIG 713 3/8-3/14","5633.24"
"23730","V-001702","2026-02-10","FUEL TANK-HUNDRED OFF ROAD ","2194879","FUEL TANK-HUNDRED OFF ROAD ","1981.92"
"23770","V-000722","2026-03-14","RIG 247 WE 3/8-3/14","000000011455","RIG 247 WE 3/8-3/14","1930.64"
"23742","V-000157","2026-03-04","BOP SUPPLIES","34716","BOP SUPPLIES","700"
"23766","V-000722","2026-03-14","RIG 249 WE 3/8-3/14","000000011457","RIG 249 WE 3/8-3/14","300.28"
"23740","V-000157","2026-03-04","SERVICE CALLOUT","34717","SERVICE CALLOUT","2489"
"23768","V-000722","2026-03-14","RIG 248 3/8 - 3/14","000000011456","RIG 248 3/8 - 3/14","9604.13"
"23772","V-000722","2026-03-14","RIG 243 WE 03/8 - 3/14","000000011454","RIG 243 WE 03/8 - 3/14","7274.22"
"23744","V-000157","2026-03-04","BOP TRUCKING","34715","BOP TRUCKING","700"
"23748","V-000157","2026-03-04","RUBBERS / SEALS","34714","RUBBERS / SEALS","350"
"23750","V-001115","2026-03-06","LODGING-C.HILSON","10028410457","LODGING-C.HILSON","471.75"
"23754","V-000322","2026-03-11","LOGGING","0114739IN","LOGGING","1990"
"23762","V-000722","2026-03-14","RIG 251","000000011459","RIG 251","9506.51"
"23764","V-000722","2026-03-14","RIG 250 3/8-3/14","000000011458","RIG 250 3/8-3/14","3940.54"
"23752","V-001115","2026-03-06","LODGING-J.PECK","10028410455","LODGING-J.PECK","471.75"
"23746","V-000157","2026-03-04","RUBBERS","34713","RUBBERS","500"
"36502","V-000343","2026-01-20","FIXING INVOICE FOR SHORT PAY","4256896120C","FIXING INVOICE FOR SHORT PAY","25.03"
"24198","V-000246","2026-01-20","FUEL CORRECTION","59528COR","FUEL CORRECTION",".1"
"24552","V-001702","2026-02-19","FUEL TANK-ELM GROVE","2216776","FUEL TANK-ELM GROVE","1301.68"
"24540","V-000654","2026-02-09","WASTE DISPOSAL ","74197","WASTE DISPOSAL ","3073.75"
"24536","V-001111","2026-02-01","WELL MARKER FOR WELL M-1833","914N","WELL MARKER FOR WELL M-1833","240.92"
"24538","V-000580","2026-02-03","RIG LABOR WE 020126","196","RIG LABOR WE 020126","3890"
"24548","V-001111","2026-02-18","WELL MARKER FOR WELL 7699","920N","WELL MARKER FOR WELL 7699","240.92"
"24566","V-001262","2026-03-02","THINNER/CITRIC ACID","6251 ","THINNER/CITRIC ACID","1056.8"
"24544","V-000654","2026-02-13","26-CWS","74198","WASTE DISPOSAL ","2088.75"
"24562","V-000322","2026-02-09","DAILY RATE/NG,3 ARM CAL","0114661IN","DAILY RATE/NG,3 ARM CAL","3889"
"24572","V-000136","2026-03-06","STONE","INV34045136","STONE","5910.24"
"24550","V-001111","2026-02-18","WELL MARKER FOR WELL 7373","919N","WELL MARKER FOR WELL 7373","240.92"
"24574","V-000259","2026-03-09","FRAC TANK","228KING","FRAC TANK","1180"
"24554","V-001702","2026-02-23","26-CWS","2221298","FUEL TANK-RUFF CREEK","1324.52"
"24556","V-001702","2026-02-27","FUEL TANK-RUFF CREEK","2228354","FUEL TANK-RUFF CREEK","885.08"
"31080","V-001995","2026-03-16","WELDING LABOR ","8356412","WELDING LABOR ","915.75"
"31084","V-000157","2026-03-17","COP TRACT 29 #11 ","34788","COP TRACT 29 #11 ","840"
"31118","V-000399","2026-03-19","LODGING-B.BARCUS","80715194","LODGING-B.BARCUS","376.32"
"31112","V-001262","2026-03-19","HAULED SIDE BY SIDE ","6362","HAULED SIDE BY SIDE ","431.25"
"31090","V-001262","2026-03-17","DRINKING WATER","6305","DRINKING WATER","510.96"
"31100","V-001262","2026-03-18","HAULED RIG MATS","6369","HAULED RIG MATS","287.5"
"31102","V-001262","2026-03-18","HAULED SKID STEER","6370","HAULED SKID STEER","575"
"31104","V-001262","2026-03-18","TRASH DISPOSAL-COASTAL YARD","6359","TRASH DISPOSAL-COASTAL YARD","915.08"
"31082","V-000190","2026-03-16","WASTE DISPOSAL ","BSC29962","WASTE DISPOSAL ","1634.52"
"31074","V-001702","2026-03-14","FUEL TANK-HUNDRED OFF ROAD ","2252928","FUEL TANK-HUNDRED OFF ROAD ","1144"
"31098","V-001011","2026-03-18","T14R RENTAL","1300301","T14R RENTAL","14000"
"31108","V-000679","2026-03-18","FUEL TANK-RIG 101","143562","FUEL TANK-RIG 101","4467.82"
"31128","V-000207","2026-03-23","NEW SB TOOTH BIT SN 31664","27228","NEW SB TOOTH BIT SN 31664","4300"
"31110","V-001702","2026-03-19","FUEL TANK-RIG 102 JOB 7187","2258911","FUEL TANK-RIG 102 JOB 7187","1726.3"
"31116","V-000136","2026-03-19","STONE","INV34045928","STONE","2756.34"
"31120","V-000136","2026-03-20","STONE","INV34046034","STONE","2872.94"
"31114","V-000136","2026-03-19","STONE","INV34045907","STONE","11363.01"
"31146","V-000306","2026-03-30","PAD FOOT ROLLER RENTAL","EQP0024650","PAD FOOT ROLLER RENTAL","5044"
"31156","V-000281","2026-04-07","LODGING-P.BROWN","16324","LODGING-P.BROWN","395.16"
"31059","V-000281","2026-02-18","LODGING-P.BROWN","16227","LODGING-P.BROWN","296.37"
"31044","V-000666","2026-01-22","CHAIN LOOP/BAR OIL","402864","CHAIN LOOP/BAR OIL","271.61"
"31106","V-001398","2026-03-18","CAILBER","876419","CAILBER","882"
"31092","V-001262","2026-03-17","HYDROGELPLUS ","6306","HYDROGELPLUS ","1035.5"
"31055","V-000281","2026-02-03","LODGING-L.BRYANT","16259","LODGING-L.BRYANT","197.58"
"31072","V-001877","2026-03-14","GENERATOR RENTAL","257187943003","GENERATOR RENTAL","1025"
"31076","V-001348","2026-03-16","BOWL/INSERTS,SPIDER","195271","BOWL/INSERTS,SPIDER","6107.51"
"31065","V-000969","2026-03-12","FISHING TOOLS ","1425306","FISHING TOOLS ","14144.86"
"31231","V-000374","2026-02-28","103 RENT","4310323","103 RENT","15000"
"31263","V-000374","2026-03-31","RIG 101 RENT","4310130","RIG 101 RENT","15000"
"31219","V-000374","2026-01-31","RIG 103 RENT","4310322","RIG 103 RENT","15000"
"31223","V-000375","2026-01-31","D&T","700020","D&T","18140"
"31261","V-000374","2026-03-31","26-CWS","4310324","RIG 103 RENT","15000"
"31265","V-000375","2026-03-31","D&T","700022","D&T","6850"
"31221","V-000374","2026-01-31","101 RENT","4310128","101 RENT","15000"
"31227","V-000374","2026-02-28","101 RENT","4310129","101 RENT","15000"
"31302","V-001011","2026-03-06","RENTAL DAMAGE REPAIRD","1297897","RENTAL DAMAGE REPAIRD","1913.06"
"31377","V-001560","2026-03-13","MOVED JUNK TUB FOR RIG 249","4704377","MOVED JUNK TUB FOR RIG 249","1400"
"32896","V-001262","2026-03-20","EROSION BLANKET","6357","EROSION BLANKET","2336.53"
"31379","V-001560","2026-03-13","MOVED JUNK TUB FOR 7255","4704378","MOVED JUNK TUB FOR 7255","630"
"31373","V-001560","2026-03-13","MOVED JUNK TUB FOR RIG 213","4704379","MOVED JUNK TUB FOR RIG 213","1330"
"31375","V-001560","2026-03-13","MOVED RIG 214 JUNK TUB","4704380","MOVED RIG 214 JUNK TUB","1330"
"32915","V-000945","2026-03-27","FUEL FOR RIG AND JOB","3010950","FUEL FOR RIG AND JOB","886.79"
"32898","V-000134","2026-03-20","SLIP DECK RENTAL","25557","SLIP DECK RENTAL","8400"
"32943","V-000797","2026-03-25","BTU SELF CONTAIN HEATER ","36182582004","BTU SELF CONTAIN HEATER ","2499"
"32945","V-001877","2026-03-25","LIGHT TOWER RENTAL-MINE FIRE","247800039018","LIGHT TOWER RENTAL-MINE FIRE","848"
"32961","V-002462","2026-04-09","TRENCH DRAIN","90121053","TRENCH DRAIN","4134"
"32900","V-002000","2026-03-22","POLAR VORTEX","61173","POLAR VORTEX","950"
"32907","V-000945","2026-03-27","MISC LABOR ","3010949","MISC LABOR ","13077.9"
"31389","V-000737","2026-02-23","STONE","749375","STONE","10064.63"
"31397","V-001266","2026-03-17","TARP","182750","TARP","44.28"
"31531","V-001262","2026-03-18","DRINKING WATER","6343","DRINKING WATER","120.24"
"31529","V-000343","2026-03-17","UNIFORM RENTAL ","4262895422","UNIFORM RENTAL ","2614.85"
"31591","V-001262","2026-03-19","EROSION BLANKET","6356","EROSION BLANKET","1495.65"
"31513","V-000265","2025-11-30","PORTA JOHN RENTAL ","24934","PORTA JOHN RENTAL ","400"
"31605","V-001439","2026-03-19","PORTA JOHN RENTAL","I8085","PORTA JOHN RENTAL","233.2"
"31611","V-001262","2026-03-19","HYDOGEL GEL PLUS","6346","HYDOGEL GEL PLUS","973"
"31511","V-000265","2025-01-31","PORTA JOHN RENTAL ","24196","PORTA JOHN RENTAL ","400"
"31613","V-001262","2026-03-19","DRINKING WATER","6347","DRINKING WATER","60.12"
"31615","V-001262","2026-03-19","HYDRO GEL PLUS/CITRIC ACID","6348","HYDRO GEL PLUS/CITRIC ACID","3896.1"
"31617","V-001262","2026-03-19","HYDRO GEL PLUS/CITRIC ACID","6349","HYDRO GEL PLUS/CITRIC ACID","1952.66"
"31585","V-001069","2026-03-19","OTC/FROSTY ANNUAL RYE","1904A","OTC/FROSTY ANNUAL RYE","929.15"
"31583","V-001069","2026-03-13","FIELD FERTILIZER/LIME/OTC","1894A","FIELD FERTILIZER/LIME/OTC","1413.45"
"31609","V-001262","2026-03-19","HYDOGEL GEL PLUS","6345","HYDOGEL GEL PLUS","1098"
"31663","V-001439","2026-02-20","PORTA JOHN RENTAL ","I7851","PORTA JOHN RENTAL ","291.5"
"38680","V-001069","2026-04-03","OTC/FROSTY ANNUAL RYE","1942A","OTC/FROSTY ANNUAL RYE","718.09"
"38582","V-000807","2026-03-31","MISC DISC","706696","MISC DISC","57.75"
"38630","V-001262","2026-04-02","HAULED MINI EXCAVATOR","6437","HAULED MINI EXCAVATOR","431.25"
"38592","V-000566","2026-03-31","COMPOSITE MAT RENTAL ","20260086","COMPOSITE MAT RENTAL ","3008"
"38634","V-001262","2026-04-02","HAULED SKID STEER","6440","HAULED SKID STEER","431.25"
"38610","V-001262","2026-04-01","HYDOGEL PLUS","6416","HYDOGEL PLUS","973"
"38722","V-002078","2026-04-06","PROFESSIONAL/REIMBURSABLES","43389","PROFESSIONAL/REIMBURSABLES","2638.1"
"38640","V-000136","2026-04-02","STONE","INV34046868","STONE","3216.65"
"38700","V-000823","2026-04-03","LIMESTONE/RIP RAP","6096","LIMESTONE/RIP RAP","1331"
"38732","V-000136","2026-04-06","STONE","INV34046977","STONE","5797.98"
"38734","V-000136","2026-04-07","STONE","INV34047072","STONE","9925.07"
"38736","V-001331","2026-04-07","HAULED DRILL MUD","CDE040726A","HAULED DRILL MUD","2730"
"38738","V-000782","2026-04-07","HAULED SKID STEER","20181193","HAULED SKID STEER","410"
"38726","V-001675","2026-04-06","LODGING-S.NESTOR ","9398","LODGING-S.NESTOR ","233.91"
"38730","V-001675","2026-04-06","LODGING-D.CHEE","9422","LODGING-D.CHEE","483"
"38596","V-001229","2026-04-01","PORTA JOHN RENTAL 101","R005808","PORTA JOHN RENTAL 101","170"
"38598","V-001229","2026-04-01","PORTA JOHN RENTAL 103","R005899","PORTA JOHN RENTAL 103","100"
"38600","V-001229","2026-04-01","PORTA JOHN RENTAL 250","R005806","PORTA JOHN RENTAL 250","300"
"38684","V-001262","2026-04-03","SWITCHGRASS FILTER SOCK","6405","SWITCHGRASS FILTER SOCK","11301.85"
"38622","V-000190","2026-04-01","DISPOSAL CLEANOUT ","BSC30313","DISPOSAL CLEANOUT ","3768.51"
"38690","V-000399","2026-04-03","LODGING-D.SCHMIDT","80896559","LODGING-D.SCHMIDT","376.32"
"38632","V-001262","2026-04-02","HAULED STREET SWEEPER","6439","HAULED STREET SWEEPER","359.38"
"38688","V-000399","2026-04-03","LODGING-B.BARCUS","80893591","LODGING-B.BARCUS","470.4"
"38650","V-001262","2026-04-02","DRINKING WATER","6419","DRINKING WATER","909.96"
"38658","V-001262","2026-04-02","T-POST/SILT FENCE","6402","T-POST/SILT FENCE","4468.8"
"38694","V-001115","2026-04-03","LODGING-J.PECK","10028569072","LODGING-J.PECK","188.7"
"38720","V-000391","2026-04-06","26-CWS","346","CHARLEROI MTN CLUB 2019","11182.16"
"38714","V-001262","2026-04-06","4'' PERF PIPE","6407","4'' PERF PIPE","145.14"
"38704","V-002434","2026-04-04","HELP MOVE RIG","6072","HELP MOVE RIG","2610"
"38710","V-000804","2026-04-05","BUILDING SITE","656","BUILDING SITE","3567.34"
"38558","V-001877","2025-12-31","LIGHT TOWER RENTAL-MINE FIRE","243845453018","LIGHT TOWER RENTAL-MINE FIRE","14171"
"38560","V-001715","2026-03-02","SKIDSTEER RENTAL","1800935710003","SKIDSTEER RENTAL","4290.35"
"38568","V-001011","2026-03-18","JOHN DEERE 210 P","1300252","JOHN DEERE 210 P","9116.25"
"38586","V-001111","2026-03-31","WELL MARKER FOR WELL 5441","946N","WELL MARKER FOR WELL 5441","240.92"
"38594","V-000343","2026-03-31","UNIFORM RENTAL ","4264434764","UNIFORM RENTAL ","2615.38"
"38606","V-001262","2026-04-01","HYDROGELPLUS ","6414","HYDROGELPLUS ","1582.5"
"38614","V-001702","2026-04-01","FUEL TANK- SISTERVILLE YARD","2273263","FUEL TANK- SISTERVILLE YARD","2871.9"
"38670","V-001011","2026-04-02","JOHN DEERE 210 P","1303881","JOHN DEERE 210 P","9116.25"
"38716","V-001069","2026-04-06","LINE POSTS/POST CLIPS","1950A","LINE POSTS/POST CLIPS","6900.75"
"38672","V-001111","2026-04-02","WELL MARKER FOR WELL GH90","947N","WELL MARKER FOR WELL GH90","240.92"
"38724","V-002078","2026-04-06","PROFESSIONAL/REIMBURSABLES","43390","PROFESSIONAL/REIMBURSABLES","2633.5"
"38682","V-002434","2026-04-03","HELP MOVE RIG","6071","HELP MOVE RIG","1812.5"
"38706","V-001262","2026-04-04","HYDRO GEL PLUS/CITRIC ACID","6424","HYDRO GEL PLUS/CITRIC ACID","2535.4"
"38708","V-000804","2026-04-05","STONE","655","STONE","19142.25"
"38608","V-001262","2026-04-01","HYDOGEL PLUS","6415","HYDOGEL PLUS","973"
"38620","V-000190","2026-04-01","DISPOSAL CLEAN OUT","BSC30311","DISPOSAL CLEAN OUT","2245.77"
"38612","V-001262","2026-04-01","HYDOGEL PLUS/CITRIC ACID","6417","HYDOGEL PLUS/CITRIC ACID","1805.74"
"38624","V-001262","2026-04-01","HAULED EXCAVATOR/SKIDSTEER","6427","HAULED EXCAVATOR/SKIDSTEER","718.75"
"38626","V-001455","2026-04-01","LAID DOWN CASING","5308","LAID DOWN CASING","2500"
"38628","V-000782","2026-04-01","HAULED TOP SOIL","20181129","HAULED TOP SOIL","5825"
"38636","V-001207","2026-04-02","HAULED WASTE ","MM3179","HAULED WASTE ","7704.08"
"38638","V-000136","2026-04-02","STONE","INV34046864","STONE","2176.62"
"38642","V-001673","2026-04-02","PORTABLE WATER DELIVERY","5583650001","PORTABLE WATER DELIVERY","840"
"38644","V-001439","2026-04-02","PORTA JOHN RENTAL","I8267","PORTA JOHN RENTAL","291.5"
"38654","V-001262","2026-04-02","CUT & DRY 100","6422","CUT & DRY 100","5137"
"38656","V-001262","2026-04-02","CUT & DRY 100","6420","CUT & DRY 100","1440.5"
"38666","V-000807","2026-04-02","IMPACT SOCKET ","707044","IMPACT SOCKET ","36.73"
"38660","V-001262","2026-04-02","SILT FENCE","6403","SILT FENCE","349.38"
"38712","V-001262","2026-04-06","CUT & DRY 100","6425","CUT & DRY 100","2223.25"
"38728","V-001675","2026-04-06","LODGING-D.MCCOWIEN","9402","LODGING-D.MCCOWIEN","311.88"
"38678","V-002078","2026-04-03","PROFESSIONAL/REIMBURSABLES","43386","PROFESSIONAL/REIMBURSABLES","1859.25"
"38718","V-000391","2026-04-06","YELLOW BIRD","344","YELLOW BIRD","3254"
"38686","V-001262","2026-04-03","HYDRO GEL PLUS","6423","HYDRO GEL PLUS","1098"
"38696","V-000190","2026-04-03","DISPOSAL CLEAN OUT ","BSC30312","DISPOSAL CLEAN OUT ","3507.54"
"38648","V-001262","2026-04-02","DRINKING WATER","6418","DRINKING WATER","534.96"
"38652","V-001262","2026-04-02","THINNER","6421","THINNER","195.36"
"38662","V-001262","2026-04-02","STRIP DRAIN","6404","STRIP DRAIN","346.7"
"38692","V-001115","2026-04-03","LODGING-J.HELDRETH","10028571733","LODGING-J.HELDRETH","1320.9"
"22194","V-001702","2026-01-15","VOYAGER FUEL 1.15.26 CWS","318403","VOYAGER FUEL 1.15.26 CWS","29998.42"
"22202","V-001111","2026-02-28","WELL MARKER FOR WELL GH91P","926N","WELL MARKER FOR WELL GH91P","240.92"
"22392","V-001702","2026-01-31","VOYAGER FUEL 1.31.26 CWS","320302","VOYAGER FUEL 1.31.26 CWS","31753.44"
"30023","V-000306","2025-11-20","Glass Seal","02C405324","Glass Seal","497.59"
"30025","V-000306","2025-11-21","Frame/Stopper","02C450324A","Frame/Stopper","753.46"
"30305","V-001011","2026-03-06","T14R RENTAL","1297809","T14R RENTAL","13500"
"30697","V-000804","2026-02-07","BUILDING SITE ","632","BUILDING SITE ","3239"
"30699","V-000804","2026-02-07","RIG MOVE ","633","RIG MOVE ","4233"
"30689","V-000136","2026-01-13","STONE","INV34042466","STONE","2115.75"
"30693","V-000136","2026-01-30","STONE","INV34043274","STONE","4600.32"
"30695","V-000804","2026-02-07","BUILDING SITE","630","BUILDING SITE","1430"
"30701","V-000804","2026-02-07","EMPTYING CUTTING TUBS","634","EMPTYING CUTTING TUBS","531"
"30733","V-001445","2026-03-02","JOB 7268 WELL 429","5492","JOB 7268 WELL 429","16405.2"
"30723","V-000666","2026-02-20","CHAIN LOOP/BAR OIL","403408","CHAIN LOOP/BAR OIL","265.37"
"30719","V-000475","2026-02-16","HAULED WATER ","007334","HAULED WATER ","1305"
"30717","V-000804","2026-02-07","RECLAIMING SITE","631","RECLAIMING SITE","2930"
"30756","V-000399","2026-03-13","LODGING-C.CALDWELL","80644794","LODGING-C.CALDWELL","564.48"
"30745","V-000338","2026-03-12","20'' PIPE","14611","20'' PIPE","1640"
"30721","V-000136","2026-02-20","STONE","INV34044101","STONE","5464.01"
"30731","V-000978","2026-03-01","SUPER VAC RENTAL","0753599201","SUPER VAC RENTAL","8900"
"30749","V-000207","2026-03-12","VIBRATING LINE ","27124","VIBRATING LINE ","1750"
"30786","V-002238","2026-03-13","DEGREASER-LIGHTNING","93565699","DEGREASER-LIGHTNING","260.17"
"30729","V-000969","2026-02-28","SUB CROSOVER","1424667","SUB CROSOVER","794.88"
"30747","V-001133","2026-03-12","G-INSERT DIES/TONG BRAKE BAND","4138477","G-INSERT DIES/TONG BRAKE BAND","730"
"30752","V-000807","2026-03-13","R-GRADE OXY ACET HOSE","705031","R-GRADE OXY ACET HOSE","58.27"
"30725","V-000666","2026-02-24","CHAIN LOOP/BAR OIL","403469","CHAIN LOOP/BAR OIL","350.82"
"30754","V-002238","2026-03-13","SORBENT-ROL/MARKER ","93566057","SORBENT-ROL/MARKER ","524.03"
"30715","V-000804","2026-02-07","PLOWING SNOW","629","PLOWING SNOW","2720"
"30788","V-001262","2026-03-13","SWITCHGRASS FILTER SOCK","6315","SWITCHGRASS FILTER SOCK","4991.04"
"30784","V-002238","2026-03-13","SORBENT ROLL ","93565623","SORBENT ROLL ","245.25"
"30799","V-001675","2026-02-03","LODGING-P.BROWN","16218","LODGING-P.BROWN","296.37"
"30921","V-001262","2026-03-17","CITRIC ACID/BICARBONATE OF SODA","6304","CITRIC ACID/BICARBONATE OF SODA","1809.16"
"30933","V-000306","2026-03-17","ELEMENT/FILTER","PRT0096387","ELEMENT/FILTER","274.96"
"30941","V-000969","2026-03-17","FISHING TOOLS","1425674","FISHING TOOLS","1526.16"
"30801","V-000399","2026-03-13","LODGING-C.CALDWELL","80644793","LODGING-C.CALDWELL","564.48"
"30821","V-000804","2026-03-14","STONE","645","STONE","25314.1"
"30831","V-001262","2026-03-15","HYDROGEL PLUS/MUD EXTENDER","6300","HYDROGEL PLUS/MUD EXTENDER","2077.25"
"30891","V-000190","2026-03-16","WASTE DISPOSAL ","BSC29961","WASTE DISPOSAL ","2190.38"
"30917","V-001262","2026-03-17","HYDROGEL PLUS/MUD EXTENDER","6302","HYDROGEL PLUS/MUD EXTENDER","1952.25"
"30923","V-001262","2026-03-17","HYDROGEL PLUS/THINNER","6307","HYDROGEL PLUS/THINNER","2339.4"
"30955","V-001262","2026-03-17","CITRIC ACID","6342","CITRIC ACID","860.32"
"30959","V-001262","2026-03-17","HAULED BUCKET","6360","HAULED BUCKET","431.25"
"30889","V-001331","2026-03-16","HAULED WATER AND DRILL MUD","CDE031626A","HAULED WATER AND DRILL MUD","1375"
"30943","V-001111","2026-03-17","WELL MARKER FOR WELL WL DONALDSON","933N","WELL MARKER FOR WELL WL DONALDSON","240.92"
"30865","V-001262","2026-03-16","26-CWS","6301","CUT & DRY 100","4071.5"
"30871","V-001348","2026-03-16","PLUG,TOP RUBBER","195269","PLUG,TOP RUBBER","91.68"
"30915","V-001111","2026-03-17","WELL MARKER FOR GH-24A","934N","WELL MARKER FOR GH-24A","240.92"
"30927","V-001262","2026-03-17","26-CWS","6316","CORRUGATED PIPE","405.34"
"30939","V-000338","2026-03-17","HAULED PIT OUT ","14635","HAULED PIT OUT ","1152"
"30827","V-001111","2026-03-15",,"931N",,"344.5"
"30867","V-001348","2026-03-16","INSERTS,SPIDER","195267","INSERTS,SPIDER","2925.84"
"30811","V-001115","2026-03-13","LODGING-T.FORD","10028447588","LODGING-T.FORD","660.45"
"30925","V-001262","2026-03-17","DRINKING WATER","6308","DRINKING WATER","50.1"
"30935","V-001133","2026-03-17","SPIDER INSERT ","4138526","SPIDER INSERT ","565"
"30833","V-000737","2026-03-15","STONE","751138","STONE","17932.34"
"30887","V-001262","2026-03-16","HAULED FUEL CELL/GENERATOR","6366","HAULED FUEL CELL/GENERATOR","1868.75"
"30893","V-000157","2026-03-17","HELEN GORDON #12","34787","HELEN GORDON #12","29341"
"30919","V-001262","2026-03-17","26-CWS","6303","CITRIC ACID/BICARBONATE OF SODA","1458.12"
"30895","V-000157","2026-03-17","COP TRACT 29 #11 ","34789","COP TRACT 29 #11 ","840"
"30885","V-001266","2026-03-16","1 2 DRIVE FLEX RATCH","182717","1 2 DRIVE FLEX RATCH","125.94"
"30819","V-000399","2026-03-14","LODGING-BRAIDEN BARCUS","80657191","LODGING-BRAIDEN BARCUS","99.68"
"30841","V-000322","2026-03-16","DAILY RATE/NG,3 ARM CAL","0114741IN","DAILY RATE/NG,3 ARM CAL","6698.6"
"30817","V-000190","2026-03-13","TRUCK CLEAN OUT ","BSC29820","TRUCK CLEAN OUT ","6162.15"
"30829","V-001111","2026-03-15","WELL MARKER FOR WELL MARY E GARY #1","932N","WELL MARKER FOR WELL MARY E GARY #1","318"
"30809","V-000399","2026-03-13","LODGING-BRAIDEN BARCUS","80649382","LODGING-BRAIDEN BARCUS","697.76"
"30813","V-001115","2026-03-13","LODGING-D.LAMPKIN","10028447504","LODGING-D.LAMPKIN","377.4"
"30837","V-000737","2026-03-15","STONE","751139","STONE","5219.99"
"30869","V-001348","2026-03-16","COUPLING/NIPPLE","195268","COUPLING/NIPPLE","1081.15"
"30875","V-000969","2026-03-16","FISHING TOOLS","1425548","FISHING TOOLS","14327.7"
"30825","V-001111","2026-03-15","WELL MARKER FOR WELL W-1037","930N","WELL MARKER FOR WELL W-1037","240.92"
"30877","V-000969","2026-03-16","FISHING TOOLS","1425560","FISHING TOOLS","1244.16"
"30957","V-001262","2026-03-17","CORRUGATED PIPE","6354","CORRUGATED PIPE","467.84"
"30823","V-000804","2026-03-14","26-CWS","646","STONE","25592.4"
"30835","V-000737","2026-03-15","STONE","751140","STONE","5473.99"
"30879","V-000306","2026-03-16","SEAL BK","PRT0094844","SEAL BK","35.86"
"30987","V-000246","2026-03-19","FUEL TANK-RIG 214 JOB 7240","67822","FUEL TANK-RIG 214 JOB 7240","3945.29"
"31001","V-000157","2026-03-25","SLIP DECK RENTAL","34847","SLIP DECK RENTAL","1860"
"31003","V-000281","2026-03-31","LODGING-P.BROWN","16306","LODGING-P.BROWN","395.16"
"30961","V-000136","2026-02-20","STONE","INV34044111","STONE","8113.24"
"30967","V-000136","2026-02-24","STONE","INV34044290","STONE","4869.07"
"30965","V-000136","2026-02-24","STONE","INV34044286","STONE","7346.18"
"30969","V-000136","2026-02-23","STONE","INV34044201","STONE","26919.27"
"30971","V-000281","2026-03-10","LODGING-P.BROWN","16255","LODGING-P.BROWN","395.16"
"30973","V-000281","2026-03-17","LODGING-P.BROWN","16270","LODGING-P.BROWN","395.16"
"30977","V-000207","2026-03-18","CREDIT MEMO DOR 27125","27125CR","CREDIT MEMO DOR 27125","-1780"
"30981","V-000207","2026-03-18","RR SB TOOTH BIT SN MK2285","27186","RR SB TOOTH BIT SN MK2285","1900"
"30979","V-000207","2026-03-18","SUCTION HOSE W FIG 100","27185","SUCTION HOSE W FIG 100","830"
"30983","V-000207","2026-03-18","CEMENT BASKET","27188","CEMENT BASKET","7270"
"30993","V-000246","2026-03-24","FUEL TANK-RIG 11 JOB 7280","68166","FUEL TANK-RIG 11 JOB 7280","8539.64"
"30989","V-000207","2026-03-23","RR SB TOOTH BIT SN RA8866","27190","RR SB TOOTH BIT SN RA8866","1200"
"30995","V-000246","2026-03-24","26-CWS","288168786","FUEL TANK-YB-1 ","2589.36"
"30999","V-000281","2026-03-25","LODGING-P.BROWN","16290","LODGING-P.BROWN","395.16"
"18557","V-000722","2026-02-14","RIG 243 LABOR 02/08-02/14/26","00009395","RIG 243 LABOR 02/08-02/14/26","4934.38"
"19609","V-001877","2026-02-19","UTV RENTAL ","250754558009","UTV RENTAL ","1160.7"
"19819","V-002061","2025-12-15","601 V PLUGGING","2181","601 V PLUGGING","5368.01"
"19947","V-001702","2026-02-24","FUEL TANK-RIG 243 JOB 7227","2222998","FUEL TANK-RIG 243 JOB 7227","1218.19"
"20002","V-000517","2026-03-10","CASING","102976839","CASING","33172.28"
"31587","V-001262","2026-03-19","SWITCHGRASS FILTER SOCK","6355","SWITCHGRASS FILTER SOCK","4213.24"
"20538","V-001439","2026-02-05","PORTA JOHN RENTAL","I7765","PORTA JOHN RENTAL","291.5"
"20528","V-001098","2026-01-16","MEC CHARGES BILLED TO CWS","5812930603","MEC CHARGES BILLED TO CWS","2929.61"
"20534","V-001098","2026-01-30","MEC CHARGES BILLED TO CWS","5812930605","MEC CHARGES BILLED TO CWS","2930.08"
"20540","V-002066","2026-02-28","PORTA JOHN","5136","PORTA JOHN","445.2"
"20514","V-001754","2025-12-31","TEKC CHARGES BILLED TO CWS","5412930600","TEKC CHARGES BILLED TO CWS","3554.75"
"20510","V-001250","2025-12-31","HDD CHARGES BILLED TO CWS","5212930601","HDD CHARGES BILLED TO CWS","6955.01"
"20512","V-001250","2025-12-31","HDD CHARGES BILLED TO CWS","5212930602","HDD CHARGES BILLED TO CWS","5351.13"
"20518","V-001098","2025-12-31","MEC CHARGES BILLED TO CWS","5812930601","MEC CHARGES BILLED TO CWS","10810.25"
"20520","V-001098","2025-12-31","MEC CHARGES BILLED TO CWS","5812930602","MEC CHARGES BILLED TO CWS","1906.73"
"20500","V-001250","2025-12-19","HDD CHARGES BILLED TO CWS","5212930600","HDD CHARGES BILLED TO CWS","10707.61"
"20526","V-001250","2026-01-16","HDD CHARGES BILLED TO CWS","5212930604","HDD CHARGES BILLED TO CWS","1583.34"
"20522","V-001250","2026-01-09","HDD CHARGES BILLED TO CWS","5212930603","HDD CHARGES BILLED TO CWS","2305.68"
"20530","V-001098","2026-01-23","MEC CHARGES BILLED TO CWS","5812930604","MEC CHARGES BILLED TO CWS","3184.51"
"20532","V-001250","2026-01-23","HDD CHARGES BILLED TO CWS","5212930605","HDD CHARGES BILLED TO CWS","3209.16"
"20502","V-000945","2025-12-21","HAULED AND CLEANED MATS","3010911","HAULED AND CLEANED MATS","10550"
"20506","V-001098","2025-12-26","MEC CHARGES BILLED TO CWS","5812930600","MEC CHARGES BILLED TO CWS","4514.76"
"20498","V-001214","2025-12-16","4 MAN CREW W/TRUCK","534978","4 MAN CREW W/TRUCK","2254"
"20654","V-001262","2026-02-16","26-CWS","6186","CUT & DRY","3351.25"
"20652","V-001262","2026-02-16","GEL","6185","GEL","973"
"20650","V-001262","2026-02-16","HYDRO GEL / THINNER","6183","HYDRO GEL / THINNER","2622.02"
"20720","V-001262","2026-02-21","CUT & DRY","6200","CUT & DRY","5074.5"
"20734","V-000246","2026-02-26","FUEL TANK RIG 212","65777","FUEL TANK RIG 212","4458.43"
"20722","V-000136","2026-02-25","STONE 3 IN","INV34044564","STONE 3 IN","10116"
"20736","V-000246","2026-02-26","FUEL TANK RIG 214","65782","FUEL TANK RIG 214","3884.96"
"20738","V-002269","2026-02-27","FUEL TANK RIG 237","65953","FUEL TANK RIG 237","3759.49"
"20686","V-001262","2026-02-17","CUT & DRY","6190","CUT & DRY","2818.5"
"20706","V-001262","2026-02-19","CITRIC ACID","6195","CITRIC ACID","860.32"
"20708","V-001262","2026-02-19","GEL / BICARB","6196","GEL / BICARB","1387.1"
"20710","V-001262","2026-02-20","CUT & DRY","6197","CUT & DRY","6515"
"20760","V-001135","2026-03-02","SEED","519520","SEED","115"
"20712","V-001262","2026-02-20","GEL","6198","GEL","3014.28"
"20732","V-000028","2026-02-26","CONCRETE","32383","CONCRETE","2240"
"20728","V-000136","2026-02-26","STONE 2A","INV34044652","STONE 2A","6253.69"
"20724","V-000136","2026-02-25","26-CWS","INV34044569","STONE 3IN","2729.74"
"20670","V-001262","2026-02-16","EDGE MULCH","6201","EDGE MULCH","950"
"20742","V-000823","2026-02-27","4000 PSI","5672","4000 PSI","2050"
"20690","V-001262","2026-02-17","PIPE","6204","PIPE","72.57"
"20771","V-001697","2026-03-02","TIMBER MAT RENTAL ","INV033572","TIMBER MAT RENTAL ","588"
"20688","V-001262","2026-02-17","PIPE","6203","PIPE","1503.28"
"20672","V-001262","2026-02-16","T POST / CAPS","6202","T POST / CAPS","501.36"
"20674","V-001262","2026-02-16","CUT & DRY","6187","CUT & DRY","5137"
"20696","V-001262","2026-02-18","CITRIC ACID / THINNER","6193","CITRIC ACID / THINNER","2097.7"
"20692","V-001262","2026-02-18","CUT & DRY","6191","CUT & DRY","5857.25"
"20694","V-001262","2026-02-18","THINNER","6192","THINNER","1665.2"
"20682","V-001262","2026-02-17","GEL","6188","GEL","1098"
"20684","V-001262","2026-02-17","GEL","6189","GEL","1098"
"20704","V-001262","2026-02-19","THINNER","6194","THINNER","976.8"
"20714","V-001262","2026-02-20","BLUE MAX","6199","BLUE MAX","118.6"
"20730","V-000136","2026-02-26","STONE","INV34044655","STONE","1354"
"20716","V-001262","2026-02-20","SWITCH GRASS FILTER SOCK","6205","SWITCH GRASS FILTER SOCK","9244.13"
"20718","V-001262","2026-02-21","PIPE","6206","PIPE","362.85"
"20769","V-001697","2026-03-02","TIMBER MAT RENTAL ","INV033574","TIMBER MAT RENTAL ","1904"
"20767","V-001697","2026-03-02","TIMBER MAT RENTAL ","INV033569","TIMBER MAT RENTAL ","1960"
"20740","V-001702","2026-02-27","ELM GROVE FUEL","2229244","ELM GROVE FUEL","1170.1"
"20899","V-001135","2026-02-03","CONCRETE","515271","CONCRETE","14.97"
"20849","V-001135","2026-01-29","26-CWS","514440","PROPANE","37.38"
"20811","V-000750","2025-11-24","TRUCKING HEATERS","1011086","TRUCKING HEATERS","1827.06"
"20975","V-000136","2026-02-26","STONE","INV34044649","STONE","9055.81"
"20977","V-000265","2026-02-28","212 PORTA JOHN","25398","212 PORTA JOHN","400"
"20991","V-000265","2026-02-28","PORTA JOHN","25405","PORTA JOHN","400"
"20873","V-000804","2026-03-01","RECLAIMING SITE ","639","RECLAIMING SITE ","9072"
"20875","V-001877","2026-03-03","GENERATOR RENTAL","255858856004","GENERATOR RENTAL","2001"
"20867","V-001697","2026-03-02","TIMBER MAT RENTAL ","INV033571","TIMBER MAT RENTAL ","588"
"20979","V-000265","2026-02-28","RIG 237 PORTA JOHN","25399","RIG 237 PORTA JOHN","400"
"21009","V-000566","2026-02-28","MAT RENTAL","20260055","MAT RENTAL","6032"
"20887","V-000782","2026-03-04","EQUIP HAULING","20180742","EQUIP HAULING","343.75"
"20921","V-001702","2026-02-12","26-CWS","2203034","FUEL TANK 243","1440.14"
"20885","V-000782","2026-03-04","EQUIP HAULING","20180740","EQUIP HAULING","481.25"
"20897","V-001135","2026-02-02","EXTENSION CORD","515008","EXTENSION CORD","37.99"
"20993","V-000265","2026-02-28","PORTA JOHN","25406","PORTA JOHN","400"
"20999","V-000265","2026-02-28","26-CWS","25409","PORTA JOHN","400"
"21003","V-000265","2026-02-28","215 PORTA JOHN","25396","215 PORTA JOHN","400"
"21007","V-000566","2026-02-28","MAT RENTAL","20260054","MAT RENTAL","2444"
"20981","V-000265","2026-02-28","PORTA JOHN 221","25400","PORTA JOHN 221","400"
"20983","V-000265","2026-02-28","PORTA JOHN 220","25401","PORTA JOHN 220","400"
"20851","V-001069","2026-03-04","SEED / FERTILIZER","1872A","SEED / FERTILIZER","1413.45"
"20871","V-000804","2026-03-01","RECLAIMING SITE ","368","RECLAIMING SITE ","25083"
"20995","V-000265","2026-02-28","PORTA JOHN","25407","PORTA JOHN","400"
"20985","V-000265","2026-02-28","PORTA JOHN ","25402","PORTA JOHN ","400"
"20989","V-000265","2026-02-28","PORTA JOHN","25404","PORTA JOHN","400"
"20987","V-000265","2026-02-28","26-CWS","25403","PORTA JOHN","400"
"21001","V-000722","2026-02-28","RIG 101 WE 02/22-02/28","000010911","RIG 101 WE 02/22-02/28","3630.06"
"21005","V-000265","2026-02-28","249 PORTA JOHN","25397","249 PORTA JOHN","400"
"20865","V-001697","2026-03-02","TIMBER MAT RENTAL ","INV033573","TIMBER MAT RENTAL ","392"
"20869","V-000804","2026-03-02","BUILDING SITE","640","BUILDING SITE","4680"
"21079","V-001995","2026-02-26","WELDING","8320712","WELDING","1710"
"21039","V-000722","2026-02-28","RIG 242 2/22 - 2/28","000010921","RIG 242 2/22 - 2/28","2237.24"
"21083","V-000737","2026-02-28","STONE 6""","750143","STONE 6""","2863.22"
"21081","V-000737","2026-02-28","STONE 3"" / 1""","750142","STONE 3"" / 1""","6212.48"
"21085","V-000797","2026-03-02","HVAC DUCT ADAPTER","36182629003","HVAC DUCT ADAPTER","59.92"
"21087","V-002238","2026-03-05","BUTTERFLY VALVE","93562418","BUTTERFLY VALVE","74.33"
"21023","V-000722","2026-02-28","RIG 214 2/22 - 2/28","000010915","RIG 214 2/22 - 2/28","6711.72"
"21057","V-000737","2026-02-28","STONE 6""","750141","STONE 6""","13889.57"
"21059","V-000722","2026-02-28","RIG 243 2/22 - 2/28","000010922","RIG 243 2/22 - 2/28","4235.52"
"21061","V-000722","2026-02-28","RIG 247 2/22 - 2/28","000010923","RIG 247 2/22 - 2/28","2853.13"
"21029","V-000722","2026-02-28","RIG 221 2/22 - 2/28","000010918","RIG 221 2/22 - 2/28","4112.88"
"21065","V-000722","2026-02-28","26-CWS","000010925","RIG 249 2/22 - 2/28","1814.32"
"21069","V-000722","2026-02-28","RIG 251 02/22 - 02/28","000010927","RIG 251 02/22 - 02/28","1330.08"
"21049","V-001262","2026-02-21","MATERIAL HAULING","6216","MATERIAL HAULING","575"
"21053","V-001702","2026-02-26","FUEL TANK RIG 238","2227600","FUEL TANK RIG 238","1472.58"
"21047","V-001262","2026-02-19","EQUIP HAULING","6215","EQUIP HAULING","503.13"
"21063","V-000722","2026-02-28","RIG 248 2/22 - 2/28","000010924","RIG 248 2/22 - 2/28","13065.32"
"21025","V-000722","2026-02-28","RIG 215 2/22 - 2/28","000010916","RIG 215 2/22 - 2/28","4005.57"
"21027","V-000722","2026-02-28","RIG 220 2/22 - 2/28","000010917","RIG 220 2/22 - 2/28","8655"
"21019","V-000722","2026-02-28","RIG 212 2/22 - 2/28","000010913","RIG 212 2/22 - 2/28","5265.32"
"21055","V-000603","2026-02-28","TELEHANDLER RENTAL","PIT5353681009","TELEHANDLER RENTAL","4104.53"
"21067","V-000722","2026-02-28","RIG 250 2/22 - 2/28","000010926","RIG 250 2/22 - 2/28","3292.32"
"21035","V-000722","2026-03-04","RIG 237 2/22 - 2/28","000010919","RIG 237 2/22 - 2/28","11196.96"
"21021","V-000722","2026-02-28","RIG 213 02/2 - 02/28","000010914","RIG 213 02/2 - 02/28","3936.59"
"21031","V-000722","2026-02-28","RIG 238 2/22 - 2/28","000010920","RIG 238 2/22 - 2/28","5092.4"
"21051","V-001262","2026-02-26","HOT SHOT HAULING","6218","HOT SHOT HAULING","2527.11"
"21073","V-001995","2026-02-24","WELDING","8337712","WELDING","760"
"21075","V-001995","2026-02-26","WELDING","8338312","WELDING","1045"
"21077","V-001995","2026-02-24","WELDING","8337812","WELDING","570"
"21017","V-000722","2026-02-28","RIG 103 02/22-02/28","000010912","RIG 103 02/22-02/28","6090.62"
"21103","V-000190","2026-02-23","DISPOSAL","BSC29542","DISPOSAL","1505.62"
"21573","V-001115","2026-02-06","LODGING-L.BRYANT","10028255585","LODGING-L.BRYANT","377.4"
"21589","V-002251","2026-02-10","ELETRICAL INSPECTION","YR0023","ELETRICAL INSPECTION","200"
"21597","V-001262","2026-02-16","DRINKING WATER","6182","DRINKING WATER","120.24"
"21599","V-001262","2026-02-16","HAULED SWIVEL ","6207","HAULED SWIVEL ","2300"
"21119","V-000338","2026-03-03","WATER IN","14585","WATER IN","1506.56"
"21121","V-002238","2026-03-05","BUTTERFLY VALVE","93562419","BUTTERFLY VALVE","74.33"
"21113","V-000190","2026-02-27","DISPOSAL","BSC29541","DISPOSAL","1849.01"
"21147","V-000190","2026-02-23","26-CWS","BSC29543","DISPOSAL","521.63"
"21171","V-001675","2026-01-21","LODGING G MARKS 10/13-10/16","8495","LODGING G MARKS 10/13-10/16","311.88"
"21577","V-001115","2026-02-06","LODGING-S.NESTOR","10028249583","LODGING-S.NESTOR","283.05"
"21601","V-001702","2026-02-16","FUEL TANK-RUFF CREEK","2210682","FUEL TANK-RUFF CREEK","1351.77"
"21165","V-001675","2026-01-21","LODGING G MARKS 1/12-1/15","8943","LODGING G MARKS 1/12-1/15","311.88"
"21149","V-001135","2025-12-20","CONCRETE","508236","CONCRETE","9.98"
"21161","V-001115","2026-01-09","26-CWS","10028107761","LODGING-T.FORD","377.4"
"21151","V-000246","2025-12-22","CREDIT INVOICE ","55621C","CREDIT INVOICE ","-3119.4"
"21163","V-000246","2026-01-20","CREDIT MEMO","59528C","CREDIT MEMO","-2348.57"
"21169","V-001675","2026-01-21","LODGING T CORNELL 10/13-10/16","8501","LODGING T CORNELL 10/13-10/16","311.88"
"21167","V-001675","2026-01-21","LODGING T CORNELL 11/17-11/23","8673","LODGING T CORNELL 11/17-11/23","545.79"
"21173","V-001214","2026-01-28","5 MAN CREW W/TRUCK LABOR","535497","5 MAN CREW W/TRUCK LABOR","4857"
"21175","V-001115","2026-01-30","LODGING-G.GREEN","10028217900","LODGING-G.GREEN","283.05"
"21269","V-000656","2026-02-28","F4S SAFETY ADMIN SERVICES","8999610","F4S SAFETY ADMIN SERVICES","11216.43"
"21569","V-001115","2026-02-06","LODGING-G.GREEN","10028257421","LODGING-G.GREEN","471.75"
"21571","V-001115","2026-02-06","LODGING-T.FORD","10028255732","LODGING-T.FORD","377.4"
"21617","V-000190","2026-02-17","WASTE DISPOSAL ","BSC29398","WASTE DISPOSAL ","2429.04"
"21671","V-001945","2026-02-24","WASTE REMOVAL ","600892649622","WASTE REMOVAL ","5928.5"
"21695","V-001702","2026-02-25","FUEL TANK-RIG 102 JOB 7187","2224272","FUEL TANK-RIG 102 JOB 7187","1538.32"
"21565","V-001115","2026-02-06","LODGING-M.HEDRICK","10028258061","LODGING-M.HEDRICK","377.4"
"21575","V-001115","2026-02-06","LODGING-C.CUFMAN","10028249910","LODGING-C.CUFMAN","283.05"
"21635","V-000190","2026-02-19","WASTE DISPOSAL ","BSC29401","WASTE DISPOSAL ","7102.85"
"21611","V-001262","2026-02-16","HYDROGEL PLUS/THINNER","6181","HYDROGEL PLUS/THINNER","2217.83"
"21661","V-001877","2026-02-24","LIGHT TOWER RENTAL-MINE FIRE","255673567006","LIGHT TOWER RENTAL-MINE FIRE","1098"
"21673","V-001702","2026-02-24","FUEK TANK-RIG 242 JOB 7219","2223942","FUEK TANK-RIG 242 JOB 7219","1464.54"
"21637","V-001262","2026-02-19","HAULED FLOW LINE","6214","HAULED FLOW LINE","646.88"
"21691","V-000309","2026-02-25","HAULED MUD PUMP","8338","HAULED MUD PUMP","1914"
"21639","V-000190","2026-02-20","WASTE REMOVAL ","BSC29397","WASTE REMOVAL ","6307.16"
"21567","V-001115","2026-02-06","26-CWS","10028256878","LODGING-J.PECK","283.05"
"21613","V-000969","2026-02-17","FISHING TOOLS","1422872","FISHING TOOLS","2976.82"
"21615","V-001262","2026-02-17","HAULED TOOLING ","6213","HAULED TOOLING ","575"
"21619","V-000190","2026-02-17","WASTE DISPOSAL ","BSC29399","WASTE DISPOSAL ","3595.15"
"21579","V-001135","2026-02-06","POWERBLOCK YEL","515006","POWERBLOCK YEL","17.99"
"21699","V-000969","2026-02-25","FISHING TOOLS","1423793","FISHING TOOLS","1331.66"
"21657","V-000136","2026-02-24","STONE","INV34044475","STONE","5691.66"
"21651","V-000136","2026-02-23","STONE","INV34044398","STONE","2032.01"
"21679","V-001331","2026-02-24","HAULED WATER","CDE022426A","HAULED WATER","812.5"
"21665","V-001945","2026-02-24","WASTE REMOVAL ","600892249621","WASTE REMOVAL ","1304.61"
"21669","V-001945","2026-02-24","WASTE REMOVAL ","600892549624","WASTE REMOVAL ","1432.3"
"21667","V-001945","2026-02-24","WASTE REMOVAL ","600892449627","WASTE REMOVAL ","1253"
"21683","V-001702","2026-02-25","FUEL TANK-RIG 249 JOB 7261","2225344","FUEL TANK-RIG 249 JOB 7261","1509.75"
"21685","V-000309","2026-02-25","HAULED WATER TANK","8340 ","HAULED WATER TANK","3028"
"21703","V-001702","2026-02-25","FUEL TANK-RIG 247 JOB 7214","2223545","FUEL TANK-RIG 247 JOB 7214","2247.69"
"21705","V-000309","2026-02-25","HAULED 2 LOADS OF JUNK","8339","HAULED 2 LOADS OF JUNK","1337"
"21605","V-000028","2026-02-16","CONCRETE 10 YARDS","32190","CONCRETE 10 YARDS","2470"
"21621","V-002396","2026-02-17","26-CWS","018030787","GEL/PALLETS/SHRINK WRAP","1878.85"
"21607","V-001262","2026-02-16","CUT & DRY 100","6184","CUT & DRY 100","3476.25"
"21633","V-000190","2026-02-19","WASTE DISPOSAL ","BSC29400","WASTE DISPOSAL ","3136.12"
"21609","V-001262","2026-02-16","THINNER/CITRIC ACID","6180","THINNER/CITRIC ACID","1413.28"
"21649","V-001262","2026-02-21","HAULED SWEEPER","6212","HAULED SWEEPER","718.75"
"21677","V-001702","2026-02-24","FUEL TANK-RIG 251 JOB 7257","2230832","FUEL TANK-RIG 251 JOB 7257","834.5"
"21689","V-000309","2026-02-25","HAULED JUNK PIPE AND DRILL PIPE","8337","HAULED JUNK PIPE AND DRILL PIPE","1885"
"21645","V-001331","2026-02-20","HAULING DRILL MUD AND WATER","CDE022026A","HAULING DRILL MUD AND WATER","3750"
"21659","V-000136","2026-02-24","STONE","INV34044480","STONE","597.3"
"21693","V-001702","2026-02-25","FUEL TANK-RIG 248 JOB 7221","2224237","FUEL TANK-RIG 248 JOB 7221","1318.8"
"21675","V-001331","2026-02-24","HAULED FRESH WATER","CDE022426B","HAULED FRESH WATER","1312.5"
"21687","V-001877","2026-02-25","LIGHT TOWER RENTAL-MINE FIRE","247800039017","LIGHT TOWER RENTAL-MINE FIRE","848"
"21697","V-001702","2026-02-25","FUEL TANK-RIG 213 JOB 7201","2225662","FUEL TANK-RIG 213 JOB 7201","4640.28"
"21663","V-001945","2026-02-24","26-CWS","600892149623","WASTE REMOVAL ","1182.82"
"21753","V-000207","2026-02-26","RR SB TOOTH BIT SN Y30WM","27113","RR SB TOOTH BIT SN Y30WM","1200"
"21751","V-000207","2026-02-26","NEW SB TOOTH BIT SN","27112","NEW SB TOOTH BIT SN","2500"
"21901","V-001675","2026-03-03","LODGING-D. MCCOWIEN","9168","LODGING-D. MCCOWIEN","77.97"
"21923","V-001229","2026-03-01","PORTA JOHN RENTAL RIG 101","R005553","PORTA JOHN RENTAL RIG 101","300"
"21765","V-001702","2026-02-26","FUEL TANK-HUNDRED OFF ROAD ","2226157","FUEL TANK-HUNDRED OFF ROAD ","1812.87"
"21781","V-000969","2026-02-26","FISHING TOOLS","1423883","FISHING TOOLS","1673.1"
"21903","V-001675","2026-03-03","24-CDE","9169","LODGING-B.BLACK","623.76"
"21789","V-000679","2026-02-26","FUEL TANK-RIG 101 JOB 7255","140978","FUEL TANK-RIG 101 JOB 7255","3739"
"21871","V-001111","2026-02-28","WELL MARKER FOR WELL GH-80","925N","WELL MARKER FOR WELL GH-80","240.92"
"21879","V-001229","2026-03-01","PORTA JOHN RENTAL RIG 103","R005555","PORTA JOHN RENTAL RIG 103","300"
"21925","V-001678","2026-03-06","CORD SO 6/4 BLACK","1830428800","CORD SO 6/4 BLACK","1238.27"
"21899","V-001266","2026-03-03","RTU EXT LIFE GAL","182030","RTU EXT LIFE GAL","771.13"
"21769","V-002238","2026-02-26","MAGNET-DITCH","93559983","MAGNET-DITCH","922"
"21867","V-002066","2026-02-28","PORTA JOHN RENTAL ","5135","PORTA JOHN RENTAL ","410"
"21853","V-000207","2026-02-27","RR SB TOOTH BIT SN M25337","27117","RR SB TOOTH BIT SN M25337","1800"
"21883","V-001770","2026-03-01","PORTA JOHN RENTAL ","I16339","PORTA JOHN RENTAL ","142.36"
"21881","V-001229","2026-03-01","PORTA JOHN RENTAL RIG 250","R005551","PORTA JOHN RENTAL RIG 250","300"
"21885","V-001266","2026-03-02","CHAIN TONG 27","181974","CHAIN TONG 27","-254.6"
"21887","V-001266","2026-03-02","CHAIN TONG JAWS","181975","CHAIN TONG JAWS","130.9"
"21777","V-000782","2026-02-26","PLOW TRUCK","20180665","PLOW TRUCK","655"
"21869","V-000009","2026-02-28","PREM KD SPF","0261845128","PREM KD SPF","245.5"
"21779","V-000782","2026-02-26","26-CWS","20180666","PLOW TRUCK","380"
"21775","V-000971","2026-02-26","LONG BRACE PIN/GATE HINGE","417417","LONG BRACE PIN/GATE HINGE","848.1"
"21799","V-001702","2026-02-27","FUEL TANK-RIG 220 JOB 7235","2228022","FUEL TANK-RIG 220 JOB 7235","4563.05"
"21787","V-000679","2026-02-26","FUEL TANK-RIG 101 JOB 7255","141329","FUEL TANK-RIG 101 JOB 7255","39.26"
"21767","V-001702","2026-02-26","FUEL TANK-HUNDRED ON ROAD ","2227262","FUEL TANK-HUNDRED ON ROAD ","554.99"
"21795","V-002251","2026-02-26","ELETRICAL INSPECTION","YR0141","ELETRICAL INSPECTION","350"
"21875","V-000391","2026-02-28","MARY GARY #1 ","326","MARY GARY #1 ","10357.6"
"21877","V-001214","2026-02-28","4 MAN CREW/TRUCK LABOR","536019","4 MAN CREW/TRUCK LABOR","32652.2"
"21893","V-001266","2026-03-02","89 CLNR DISINFECT LG","181991","89 CLNR DISINFECT LG","45.25"
"21771","V-002238","2026-02-26","26-CWS","93559704","STUD/GASKET-FLANGE","173.92"
"21857","V-000797","2026-02-27","HEATER DUCK BLK/ADAPTER","36217925002","HEATER DUCK BLK/ADAPTER","239.68"
"21797","V-002251","2026-02-26","ELETRICAL INSPECTION","YR1022","ELETRICAL INSPECTION","250"
"21831","V-001266","2026-02-27","26-CWS","181901","1/2 TTERMINATOR","249.38"
"21833","V-001266","2026-02-27","1/2 X 250 CABLE","181899","1/2 X 250 CABLE","674.59"
"21791","V-000679","2026-02-26","FUEL TANK RIG 103 JOB 7271","140980","FUEL TANK RIG 103 JOB 7271","1698.63"
"21979","V-002418","2026-03-13","DAMAGE ESTIMATE","0312026","DAMAGE ESTIMATE","1451.99"
"37764","V-001435","2026-03-13","LODGING-B.DONATE","80643749","LODGING-B.DONATE","320"
"37830","V-001702","2026-03-30","FUEL TANK RIG 102 JOB 7251","2271064","FUEL TANK RIG 102 JOB 7251","1528.71"
"37840","V-001398","2026-03-30","CALIBER","877607","CALIBER","360"
"37812","V-001702","2026-03-30","FUEL TANK-ELM GROVE","2270843","FUEL TANK-ELM GROVE","1886.13"
"37836","V-001715","2026-03-30","TRACK SKIDSTEER CAB","1800935710005","TRACK SKIDSTEER CAB","4284.8"
"37844","V-000136","2026-03-30","STONE","INV34046575","STONE","2085.41"
"37768","V-001435","2026-03-13","LODGING-M.SMITH","80643751","LODGING-M.SMITH","400"
"37770","V-001435","2026-03-13","LODGING-I.EZELL","80643784","LODGING-I.EZELL","400"
"37792","V-001325","2026-03-30","YELLOW BIRD YB 1","0272833","YELLOW BIRD YB 1","3027.36"
"37832","V-001877","2026-03-30","LIGHT TOWER RENTAL-MINE FIRE","253712954009","LIGHT TOWER RENTAL-MINE FIRE","1696"
"37772","V-001435","2026-03-13","LODGING-T.CORNELL","80643785","LODGING-T.CORNELL","320"
"37814","V-001702","2026-03-30","FUEL TANK RIG 249 JOB 7261","2267990","FUEL TANK RIG 249 JOB 7261","2272.52"
"37798","V-001995","2026-03-30","PAD B/WELDING LABOR","8163712N","PAD B/WELDING LABOR","950"
"37820","V-001111","2026-03-30","WELL MARKER FOR GH-109A","944N","WELL MARKER FOR GH-109A","240.92"
"37751","V-001435","2026-03-06","LODGING-I.EZELL","80565887","LODGING-I.EZELL","399.95"
"37808","V-001069","2026-03-30","26-CWS","1928A","OTC/FROSTY ANNUAL RYE","622"
"37834","V-000603","2026-03-30","TELEHANDLER RENTAL","PIT53536810010","TELEHANDLER RENTAL","4104.53"
"37846","V-000136","2026-03-31","STONE","INV34046662","STONE","1448.92"
"37848","V-000969","2026-03-31","FISHING TOOLS","1427558","FISHING TOOLS","397.44"
"37854","V-000969","2026-03-31","FISHING TOOLS","1427115","FISHING TOOLS","8121.6"
"37762","V-001435","2026-03-13","LODGING-R.WALKER","80643748","LODGING-R.WALKER","320"
"37760","V-001435","2026-03-13","LODGING-I.WILLIAMS","80643738","LODGING-I.WILLIAMS","240"
"37766","V-001435","2026-03-13","LODGING-K.KING","80643750","LODGING-K.KING","320"
"37774","V-001435","2026-03-13","LODGING-P.ROWE","80644256","LODGING-P.ROWE","400"
"37756","V-001435","2026-03-06","LODGING-E.CLARK","80565984","LODGING-E.CLARK","320"
"37816","V-002061","2026-03-30","FUEL FOR GH-41","3293","FUEL FOR GH-41","490"
"37806","V-001069","2026-03-30","OTC/FROSTY ANNUAL RYE","1927A","OTC/FROSTY ANNUAL RYE","1190.65"
"37754","V-001435","2026-03-06","LODGING-T.CORNELL","80565922","LODGING-T.CORNELL","320"
"37776","V-001435","2026-03-15","LODGING-T.CORNELL","80675860","LODGING-T.CORNELL","160"
"37810","V-000969","2026-03-30","FISHING TOOLS","1426886","FISHING TOOLS","252"
"37856","V-001262","2026-03-31","CUT & DRY 100","6412","CUT & DRY 100","5074.5"
"37842","V-000136","2026-03-30","STONE","INV34046568","STONE","5012.55"
"37794","V-001262","2026-03-30","THINNER/CITRIC ACID","6386","THINNER/CITRIC ACID","1334.64"
"37818","V-000502","2026-03-30","26-CWS","3555","HAULED RIG AND TUB TO NEW SITE","6000"
"37850","V-000969","2026-03-31","FISHING TOOLS","1427581","FISHING TOOLS","7344"
"37822","V-001111","2026-03-30","WELL MARKER FOR WELL 5122","945N","WELL MARKER FOR WELL 5122","240.92"
"37858","V-001262","2026-03-31","26-CWS","6410","DRINKING WATER","200.4"
"37860","V-001262","2026-03-31","HYDRO GEL PLUS/SODA ASH DENSE","6409","HYDRO GEL PLUS/SODA ASH DENSE","1684.94"
"37796","V-001331","2026-03-30","HAULED DRILL MUD","CDE033026A","HAULED DRILL MUD","3812.5"
"37838","V-001207","2026-03-30","TRUCK WASHOUT","MM3164","TRUCK WASHOUT","3729.08"
"37864","V-001770","2026-03-31","PORTA JOHN RENTAL ","I17437","PORTA JOHN RENTAL ","787.05"
"37866","V-000028","2026-03-31","STONE","33027","STONE","18688.03"
"37966","V-000580","2026-04-07","RIG LABOR WE 040726","205","RIG LABOR WE 040726","12225"
"38075","V-001262","2026-03-31","HYDRO GEL PLUS/ THINNER","6411","HYDRO GEL PLUS/ THINNER","1559.08"
"38073","V-001995","2026-03-31","POLAR VORTEX","8392112","POLAR VORTEX","475"
"38077","V-001262","2026-03-31","SWITCHGRASS FILTER SOCK","6401","SWITCHGRASS FILTER SOCK","5870.1"
"37872","V-000750","2026-04-01","HAULED STEEL TUBING ","1011578","HAULED STEEL TUBING ","3212.5"
"37916","V-000722","2026-04-04","RIG 101 LABOR WE 03/29-04/04/26","000000012699","RIG 101 LABOR WE 03/29-04/04/26","2246.3"
"37878","V-001945","2026-04-01","WASTE REMOVAL ","600898249625","WASTE REMOVAL ","2257.12"
"37880","V-001945","2026-04-01","WASTE REMOVAL ","600898349623","WASTE REMOVAL ","4951.88"
"37896","V-001702","2026-04-02","FUEL TANK-RUFF CREEK","2275292","FUEL TANK-RUFF CREEK","1951.17"
"37874","V-001945","2026-04-01","WASTE REMOVAL ","600896549620","WASTE REMOVAL ","2108.39"
"37932","V-000722","2026-04-04","RIG 250 LABOR WE 03/29-04/04/26","000000012711","RIG 250 LABOR WE 03/29-04/04/26","2280.57"
"37876","V-001945","2026-04-01","WASTE REMOVAL ","600896849624","WASTE REMOVAL ","3146.76"
"37978","V-001702","2026-04-15","FUEL TANK-POLAR VORTEX","2290469","FUEL TANK-POLAR VORTEX","15228.88"
"37998","V-002476","2026-04-20","CATERING ","000240","CATERING ","450"
"37882","V-001945","2026-04-01","WASTE REMOVAL ","600898749624","WASTE REMOVAL ","10172.45"
"37934","V-000722","2026-04-04","RIG 251 LABOR WE 03/29-04/04/26","000000012712","RIG 251 LABOR WE 03/29-04/04/26","3329.82"
"38043","V-001435","2026-03-21","LODGING-I.WILLIAMS","80742280","LODGING-I.WILLIAMS","400"
"38023","V-001435","2026-03-17","LODGING-R.NICLER","80688976","LODGING-R.NICLER","80"
"37964","V-001702","2026-04-07","FUEL TANK RIG 242 JOB 7219","2280755","FUEL TANK RIG 242 JOB 7219","2382.45"
"37912","V-001098","2026-04-03","MEC CHARGES BILLED TO CWS","5812930616","MEC CHARGES BILLED TO CWS","3677.56"
"37884","V-001945","2026-04-01","WASTE REMOVAL ","600899049628","WASTE REMOVAL ","3422.16"
"37886","V-001945","2026-04-01","WASTE REMOVAL ","600899149626","WASTE REMOVAL ","3491.41"
"37920","V-000722","2026-04-04","RIG 212 LABOR WE 03/29-04/04/26","000000012701","RIG 212 LABOR WE 03/29-04/04/26","6104.88"
"37926","V-000722","2026-04-04","RIG 243 LABOR WE 03/29-04/04/26","000000012708","RIG 243 LABOR WE 03/29-04/04/26","10812.28"
"37928","V-000722","2026-04-04","RIG 247 LABOR WE 03/29-04/04/26","000000012709","RIG 247 LABOR WE 03/29-04/04/26","4474.48"
"37944","V-001702","2026-04-05","26-CWS","2279088","FUEL TANK-RIG 102 JOB 7251","2015.24"
"37924","V-000722","2026-04-04","RIG 242 LABOR WE 03/29-04/04/26","000000012707","RIG 242 LABOR WE 03/29-04/04/26","2292.28"
"37992","V-001945","2026-04-16","26-CWS","600900449627","WASTE REMOVAL ","5571.59"
"37930","V-000722","2026-04-04","RIG 249 LABOR WE 03/29-04/04/26","000000012710","RIG 249 LABOR WE 03/29-04/04/26","1814.32"
"37980","V-001702","2026-04-15","FUEL TANK-POLAR VORTEX","2291115","FUEL TANK-POLAR VORTEX","2925.95"
"38027","V-001435","2026-03-19","LODGING-T.CORNELL","80722403","LODGING-T.CORNELL","320"
"38035","V-001435","2026-03-20","LODGING-M.SMITH","80728654","LODGING-M.SMITH","400"
"38033","V-001435","2026-03-20","LODGING-R.RILEY","80728634","LODGING-R.RILEY","240"
"38014","V-001135","2026-04-22","PV CEMENT","528477","PV CEMENT","2217.38"
"37888","V-000136","2026-04-01","STONE","INV34046771","STONE","4305.56"
"37922","V-000722","2026-04-04","RIG 213 LABOR WE 03/29-04/04/26","000000012702","RIG 213 LABOR WE 03/29-04/04/26","1953.6"
"37902","V-001022","2026-04-02","CLASS A COMMON","11300","CLASS A COMMON","6862.97"
"37940","V-000722","2026-04-04","RIG  237 LABOR WE 03/29-04/04/26","000000012705","RIG  237 LABOR WE 03/29-04/04/26","9996.52"
"38045","V-001435","2026-03-25","LODGING-E.CLARK","80785412","LODGING-E.CLARK","320"
"38047","V-001435","2026-03-27","LODGING-W.METZGER","80810251","LODGING-W.METZGER","880"
"38063","V-000207","2026-03-31","SB TOOTH BIT SN","27283","SB TOOTH BIT SN","2700"
"38025","V-001435","2026-03-18","LODGING-K.KING","80702035","LODGING-K.KING","160"
"38031","V-001435","2026-03-20","LODGING-P.ROWE","80728600","LODGING-P.ROWE","400"
"38018","V-000656","2026-04-21","F4S SAFETY ADMIN SERVICES","8999618","F4S SAFETY ADMIN SERVICES","12791.46"
"37974","V-001098","2026-04-10","MEC CHARGES BILLED TO CWS","5812930617","MEC CHARGES BILLED TO CWS","2999.38"
"37890","V-000136","2026-04-01","STONE","INV34046773","STONE","1615.1"
"37954","V-000722","2026-04-07","RIG 238 LABOR WE 03/29-04/04/26","000000012706","RIG 238 LABOR WE 03/29-04/04/26","7537.04"
"38029","V-001435","2026-03-19","LODGING-T.BORKOWSKI","80722888","LODGING-T.BORKOWSKI","240"
"38057","V-001877","2026-03-31","GENERATOR RENTAL FOR RIG 250","255858856005","GENERATOR RENTAL FOR RIG 250","2001"
"37894","V-001702","2026-04-02","FUEL TANK- HUNDRED OFF ROAD","2275346","FUEL TANK- HUNDRED OFF ROAD","673.19"
"37908","V-001877","2026-04-03","GENERATOR RENTAL RIG 103","256005276005","GENERATOR RENTAL RIG 103","1537.5"
"37892","V-001702","2026-04-02","FUEL TANK-HUNRED ON ROAD","2273888","FUEL TANK-HUNRED ON ROAD","2351.6"
"38037","V-001435","2026-03-20","LODGING-E.CLARK","80728712","LODGING-E.CLARK","240"
"37960","V-001702","2026-04-07","FUEL TANK-RIG 238 JOB 7267","2280078","FUEL TANK-RIG 238 JOB 7267","4557.4"
"37968","V-000246","2026-04-07","FUEL TANK- RIG 237 JOB 7147","69305","FUEL TANK- RIG 237 JOB 7147","5467.29"
"38041","V-001435","2026-03-20","LODGING-L.CLARK","80728798","LODGING-L.CLARK","177.6"
"37870","V-001435","2026-03-14","LODGING-T.BORKOWSKI","80659368","LODGING-T.BORKOWSKI","1033.1"
"38039","V-001435","2026-03-20","LODGING-B.DONATE","80728796","LODGING-B.DONATE","320"
"38049","V-001435","2026-03-27","LODGING-T.CORNELL","80810348","LODGING-T.CORNELL","480"
"38020","V-000656","2026-04-15","F4S SAFETY ADMIN SERVICES","8999617","F4S SAFETY ADMIN SERVICES","10166.43"
"37906","V-000750","2026-04-03","HAULED CAR WHEEL LOADER","1011585","HAULED CAR WHEEL LOADER","1017.5"
"37910","V-001702","2026-04-03","FUEL TANK-POLAR VORTEX","2276814","FUEL TANK-POLAR VORTEX","9231.68"
"37914","V-000945","2026-04-03","MISC LABOR ","1011482","MISC LABOR ","18106.65"
"37918","V-000722","2026-04-04","26-CWS","000000012700","RIG 103 LABOR WE 03/29-04/04/26","4530.72"
"38079","V-001262","2026-03-31","THINNER","6413","THINNER","195.36"
"37936","V-000722","2026-04-04","RIG 713 LABOR WE 03/29-04/04/26","000000012713","RIG 713 LABOR WE 03/29-04/04/26","3561"
"37938","V-000722","2026-04-04","RIG 214 LABOR WE 03/29-04/04/26","000000012703","RIG 214 LABOR WE 03/29-04/04/26","3660.36"
"37942","V-001702","2026-04-05","FUEL TANK-POLAR VORTEX","2279110","FUEL TANK-POLAR VORTEX","6854.55"
"38067","V-001331","2026-03-31","HAULED FRESH WATER AND DIRLL MUD","CDE033126A","HAULED FRESH WATER AND DIRLL MUD","1312.5"
"38069","V-001702","2026-03-31","FUEL TANK-POLAR VORTEX","2278502","FUEL TANK-POLAR VORTEX","2085"
"37946","V-001011","2026-04-06","T14R RENTAL","1304456","T14R RENTAL","14310"
"37952","V-000679","2026-04-07","FUEL TANK-RIG 101","145676","FUEL TANK-RIG 101","3225.87"
"37962","V-001702","2026-04-07","FUEL TANK-RIG 221 JOB 7299","2280369","FUEL TANK-RIG 221 JOB 7299","4846.81"
"38158","V-001266","2026-04-07","RUST OLEUM SAFETY ORANGE","183902","RUST OLEUM SAFETY ORANGE","9.35"
"38094","V-001702","2026-04-03","FUEL TANK-RIG 243 JOB 7227","2273240","FUEL TANK-RIG 243 JOB 7227","1463.77"
"38084","V-000904","2026-03-31","HAULED FRESH WATER","71931","HAULED FRESH WATER","2047.5"
"38090","V-001702","2026-04-01","POLAR VORTEX","2273689","POLAR VORTEX","6685.45"
"38124","V-000904","2026-04-06","DELIVERED A DOZER","72019","DELIVERED A DOZER","236.25"
"38164","V-001266","2026-04-07","AIR FILTER","183916","AIR FILTER","910.76"
"38100","V-001435","2026-03-27","LODGING-I.EZELL","80810409","LODGING-I.EZELL","960"
"38118","V-000904","2026-04-06","HAULED 336 EXCAVATOR ","72016","HAULED 336 EXCAVATOR ","945"
"38108","V-000207","2026-04-03","26-CWS","27287","4 BUCKETS OF SULFA CLEAR","400"
"38112","V-001702","2026-04-05","FUEL TANK-POLAR VORTEX","2279133","FUEL TANK-POLAR VORTEX","12968.81"
"38088","V-001702","2026-04-01","FUEL TANK-RIG 102 JOB 7251","2273251","FUEL TANK-RIG 102 JOB 7251","1096.44"
"38102","V-001435","2026-03-27","LODGING-M.SMITH","80810604","LODGING-M.SMITH","400"
"38106","V-000207","2026-04-03","5K VIBRATING LINE W/MPT","27286","5K VIBRATING LINE W/MPT","2625"
"38120","V-000904","2026-04-06","DELIVERED A DOZER","72017","DELIVERED A DOZER","472.5"
"38116","V-000904","2026-04-06","DELIVERED 318 EXCAVATOR","72015","DELIVERED 318 EXCAVATOR","787.5"
"38098","V-001435","2026-03-27","LODGING-D.HALL","80810408","LODGING-D.HALL","1520"
"38122","V-000904","2026-04-06","DELIVERED AN EXCAVTOR","72018","DELIVERED AN EXCAVTOR","393.75"
"38114","V-000904","2026-04-06","DELIVERED WATER","72020","DELIVERED WATER","1365"
"38104","V-001702","2026-04-02","FUEL TANK-RIG 247 JOB 7258","2274441","FUEL TANK-RIG 247 JOB 7258","5278.1"
"38126","V-000904","2026-04-06","DELIVERED A 318C EXCAVATOR","72000","DELIVERED A 318C EXCAVATOR","567"
"38110","V-000722","2026-04-04","RIG 221 LABOR WE 03/29-04/04/26","000000012704","RIG 221 LABOR WE 03/29-04/04/26","4217.76"
"38192","V-001702","2026-04-10","FUEL TANK-JOB 7239","2284650","FUEL TANK-JOB 7239","16480.99"
"38178","V-001266","2026-04-07","ORANGE HIVIZ 18OZ GORDED GLOVE ","183950","ORANGE HIVIZ 18OZ GORDED GLOVE ","270.92"
"38190","V-000207","2026-04-09","RR SB TOOTH BIT SN K18004 34953","27284","RR SB TOOTH BIT SN K18004 34953","2200"
"38202","V-001702","2026-04-10","FUEL TANK-JOB 7239","2284643","FUEL TANK-JOB 7239","8326.4"
"38200","V-000904","2026-04-10","DELIVERED LIGHT PLANT AND DOG HOUSE","72142","DELIVERED LIGHT PLANT AND DOG HOUSE","606.38"
"38198","V-001135","2026-04-09","CONCRETE/HAMMER","525947","CONCRETE/HAMMER","95.9"
"38188","V-000903","2026-04-09","GYROSCOPIC SURVEY","7121","GYROSCOPIC SURVEY","4500"
"38186","V-000903","2026-04-09","GYROSCOPIC SURVEY","7120","GYROSCOPIC SURVEY","4500"
"38194","V-001702","2026-04-10","FUEL TANK-JOB 7239","2285429","FUEL TANK-JOB 7239","2590.99"
"38249","V-000265","2026-03-31","PORTA JOHN RENTAL RIG 237","25538","PORTA JOHN RENTAL RIG 237","400"
"38251","V-000265","2026-03-31","26-CWS","25540","PORTA JOHN RENTAL RIG 220","400"
"38253","V-000265","2026-03-31","PORTA JOHN RENTAL RIG 221/234","25539","PORTA JOHN RENTAL RIG 221/234","400"
"38261","V-000265","2026-03-31","PORTA JOHN RENTAL RIG 243","25544","PORTA JOHN RENTAL RIG 243","400"
"38263","V-000265","2026-03-31","PORTA JOHN RENTAL ","25545","PORTA JOHN RENTAL ","400"
"38265","V-000978","2026-03-31","SUPER VAC RENTAL","0753678301","SUPER VAC RENTAL","1662.5"
"38229","V-001435","2026-03-27","LODGING-D.MUNYER","80810605","LODGING-D.MUNYER","1200"
"38233","V-001435","2026-03-27","LODGING- P.ROWE","80810617","LODGING- P.ROWE","400"
"38237","V-000830","2026-03-31","26-CWS","156707","STEEL ORDER","393.98"
"38243","V-000265","2026-03-31","RIG 215 JOB 7266","25535","RIG 215 JOB 7266","400"
"38231","V-001435","2026-03-27","LODGING-B.DONATE","80810607","LODGING-B.DONATE","320"
"38245","V-000265","2026-03-31","PORTA JOHN RENTAL RIG 249","25536","PORTA JOHN RENTAL RIG 249","400"
"38247","V-000265","2026-03-31","PORTA JOHN RENTAL RIG 212","25537","PORTA JOHN RENTAL RIG 212","400"
"38255","V-000265","2026-03-31","PORTA JOHN RENTAL RIG 242","25541","PORTA JOHN RENTAL RIG 242","400"
"38259","V-000265","2026-03-31","PORTA JOHN RENTAL 713","25543","PORTA JOHN RENTAL 713","400"
"38257","V-000265","2026-03-31","PORTA JOHN RENTAL RIG 213","25542","PORTA JOHN RENTAL RIG 213","400"
"50079","V-000656","2026-05-20","F4S SAFETY ADMIN SERVICES","8999623","F4S SAFETY ADMIN SERVICES","10166.41"
"18085","V-001637","2025-12-16","HEAT/CALCIUM","104697","HEAT/CALCIUM","2050"
"18569","V-000804","2026-02-15","BUILDING SITE","635","BUILDING SITE","18762"
"18567","V-001702","2026-02-10","FUEL TANK-ELM GROVE","2196703","FUEL TANK-ELM GROVE","1463.57"
"18571","V-000566","2026-02-15","COMPOSITE MAT RENTAL","20260042","COMPOSITE MAT RENTAL","6960"
"18573","V-002269","2026-02-16","FUEL TANK- JOB 7236 WELL M-1792","64450","FUEL TANK- JOB 7236 WELL M-1792","3133.82"
"18575","V-001702","2026-02-16","FUEL TANK-RIG 102 JOB 7187","2207914","FUEL TANK-RIG 102 JOB 7187","1492.7"
"18623","V-000904","2026-02-17","HAULED TRACK TRUCK","71212","HAULED TRACK TRUCK","300"
"18625","V-000903","2026-02-17","26-CWS","7082","GYROSCOPIC SURVEY","4500"
"18633","V-000679","2026-02-17","FUEL TANK-RIG 101 JOB 7255","139397","FUEL TANK-RIG 101 JOB 7255","4240.4"
"18639","V-001945","2026-02-17","WASTE REMOVAL ","600890849620","WASTE REMOVAL ","3146.31"
"18637","V-001945","2026-02-17","WASTE REMOVAL ","600890749622","WASTE REMOVAL ","1637.8"
"18487","V-001262","2026-02-13","HAULED PUMP JACK","6170","HAULED PUMP JACK","1006.25"
"18513","V-000391","2026-02-14","HELEN GORDON #12","316","HELEN GORDON #12","3320"
"18545","V-000722","2026-02-14","RIG 215 LABOR 02/08-02/14/26","00009389","RIG 215 LABOR 02/08-02/14/26","4658.44"
"18603","V-000306","2026-02-17","D6N Rental","EQP0018140","D6N Rental","8980"
"18641","V-001945","2026-02-17","WASTE REMOVAL ","600890949628","WASTE REMOVAL ","2559.13"
"18643","V-001945","2026-02-17","WASTE REMOVAL ","600891049626","WASTE REMOVAL ","1861.11"
"18619","V-000580","2026-02-17","RIG LABOR WE 021526","198","RIG LABOR WE 021526","13370"
"18621","V-000904","2026-02-17","DELIVERED EQUIPMENT","71211","DELIVERED EQUIPMENT","1110"
"18631","V-000246","2026-02-17","FUEL TANK- RIG 713 JOB 7212","64617","FUEL TANK- RIG 713 JOB 7212","6083.47"
"18457","V-001262","2026-02-05","SAND BAGS","6143","SAND BAGS","551"
"18352","V-001011","2025-12-30","BANDIT","1284641 ","BANDIT","30000"
"18479","V-001232","2026-02-11","MOTOR MANIFOLD FOR 3.5 SWIVEL","5552","MOTOR MANIFOLD FOR 3.5 SWIVEL","1790"
"18551","V-000722","2026-02-14","RIG 237 LABOR 02/08-02/14/26","00009392","RIG 237 LABOR 02/08-02/14/26","9575.61"
"18555","V-000722","2026-02-14","RIG 238 LABOR 02/08-02/14/26","00009393","RIG 238 LABOR 02/08-02/14/26","4962.2"
"18527","V-001115","2026-02-14","26-CWS","10028284945","LODGING-H.HOWELL","188.7"
"18515","V-000722","2026-02-14","RIG 101 LABOR WE 02/8-02/14/26","00009384","RIG 101 LABOR WE 02/8-02/14/26","2242.24"
"18529","V-001115","2026-02-14","LODGING-B.ANDERSON","10028281226","LODGING-B.ANDERSON","94.35"
"18453","V-002251","2026-02-05","RIG 14 INSPECTION","YR014","RIG 14 INSPECTION","750"
"18455","V-002251","2026-02-05","RIG 102 INSPECTION","1021","RIG 102 INSPECTION","400"
"18565","V-000566","2026-02-15","26-CWS","20260041","COMPOSITE MAT RENTAL ","2820"
"18431","V-001262","2026-02-02","60'' CORRUGATED PIPE","6129","60'' CORRUGATED PIPE","2668.8"
"18537","V-000722","2026-02-14","RIG 713 LABOR 02/08-02/14/26","00009399","RIG 713 LABOR 02/08-02/14/26","2421.2"
"18543","V-000722","2026-02-14","RIG 214 LABOR 02/08-02/14/26","00009388","RIG 214 LABOR 02/08-02/14/26","5726.57"
"18523","V-001115","2026-02-14","LODGING-R.KUHN","10028301590","LODGING-R.KUHN","1226.55"
"18525","V-001115","2026-02-14","LODGING-J.BROSIOUS","10028293727","LODGING-J.BROSIOUS","377.4"
"18535","V-001702","2026-02-14","FUEL TANK-GLAD FORK CAMP RUN","2196148","FUEL TANK-GLAD FORK CAMP RUN","2677"
"18539","V-000722","2026-02-14","RIG 103 LABOR WE 02/08-02/14/26","00009385","RIG 103 LABOR WE 02/08-02/14/26","3630.06"
"18489","V-001069","2026-02-13","FERTILIZER/LIME/OTC ","1853A","FERTILIZER/LIME/OTC ","932.65"
"18495","V-000502","2026-02-13","FROG POND","3539","FROG POND","2760"
"18519","V-001115","2026-02-14","LODGING-J.HELDRETH","10028301090","LODGING-J.HELDRETH","566.1"
"18517","V-000722","2026-02-14","RIG 212 LABOR WE 02/08-02/14/26","00009386","RIG 212 LABOR WE 02/08-02/14/26","4842.4"
"18521","V-001115","2026-02-14","LODGING-J.PECK","10028294673","LODGING-J.PECK","377.4"
"18541","V-000722","2026-02-14","26-CWS","00009387","RIG 213 LABOR 02/08-02/14/26","4796.41"
"18481","V-001262","2026-02-12","HAULED A HEATER","6173","HAULED A HEATER","575"
"18531","V-001877","2026-02-14","GENERATOR RENTAL-101","257187943002","GENERATOR RENTAL-101","1086.5"
"18533","V-001702","2026-02-14","FUEL TANK-HUNDRED OFF ROAD ","2206661","FUEL TANK-HUNDRED OFF ROAD ","1775.76"
"18499","V-002238","2026-02-13","CAMLOCKS","93554741","CAMLOCKS","179.12"
"18547","V-000722","2026-02-14","RIG 220 LABOR 02/08-02/14/26","00009390","RIG 220 LABOR 02/08-02/14/26","7373.6"
"18553","V-000722","2026-02-14","RIG 242 LABOR 02/08-02/14/26","00009394","RIG 242 LABOR 02/08-02/14/26","2237.24"
"18559","V-000722","2026-02-14","RIG 248 LABOR 02/08-02/14/26","00009397","RIG 248 LABOR 02/08-02/14/26","6500.4"
"18561","V-000722","2026-02-14","RIG 247 LABOR 02/08-02/14/26","00009396","RIG 247 LABOR 02/08-02/14/26","3913.59"
"18549","V-000722","2026-02-14","26-CWS","00009391","RIG 221 LABOR 02/08-02/14/26","4305.85"
"18867","V-002029","2026-02-25","FUEL TANK- MINE FIRE","26583613","FUEL TANK- MINE FIRE","5275.26"
"18871","V-002238","2026-02-25","SWAGE-NIPPLE","93558795","SWAGE-NIPPLE","146.43"
"19120","V-001266","2026-03-03","ADAPTERS","182052","ADAPTERS","21.64"
"18794","V-000679","2026-02-17","26-CWS","139401","FUEL TANK-RIG 250 JOB 7272","3366.22"
"18913","V-000722","2026-02-26","RIG 243 LABOR 02/15-02/21/26","00009640","RIG 243 LABOR 02/15-02/21/26","4842.4"
"18651","V-002269","2026-02-18","FUEL TANK-RIG 237 JOB 7147","64868","FUEL TANK-RIG 237 JOB 7147","3124.43"
"19062","V-001266","2026-02-17","3/4 X 4 USA CABLE THIMBLE TO","181327","3/4 X 4 USA CABLE THIMBLE TO","415.8"
"18881","V-000338","2026-02-25","HAULED PIT","14565","HAULED PIT","1429.12"
"19098","V-001715","2026-02-14","SKIDSTEER RENTAL DIESEL FUEL","1800935710001","SKIDSTEER RENTAL DIESEL FUEL","106.05"
"18647","V-001702","2026-02-17","FUEL TANK-RIG 248 JOB7221","2211432","FUEL TANK-RIG 248 JOB7221","1187.44"
"18649","V-000246","2026-02-17","FUEL TANK-RIG 221 JOB 7252","288147554","FUEL TANK-RIG 221 JOB 7252","4532.21"
"19040","V-001715","2026-02-14","LIGHT TOWER RENTAL","1768887130004","LIGHT TOWER RENTAL","1527.27"
"18709","V-001560","2026-02-20","MOVED RIG 220","4704372","MOVED RIG 220","2170"
"18879","V-000338","2026-02-25","HAULED WATER AND PIT","14563","HAULED WATER AND PIT","3722.24"
"18808","V-000722","2026-02-21","RIG 237 LABOR 02/15-02/21/26","00009637","RIG 237 LABOR 02/15-02/21/26","11736.2"
"18798","V-001678","2026-02-17","APPACP1034CD","1827119600","APPACP1034CD","885.88"
"18751","V-000722","2026-02-21","RIG 220 LABOR 02/15-02/21/26","00009635","RIG 220 LABOR 02/15-02/21/26","2837.8"
"18792","V-000679","2026-02-17","FUEL TANK-RIG 102 JOB 7271","139398","FUEL TANK-RIG 102 JOB 7271","1857.75"
"18784","V-001135","2026-02-17","SILTSAVER BELT FENCE","517416","SILTSAVER BELT FENCE","353.97"
"18657","V-001675","2026-02-18","LODGING-D.MCCOWIEN","9081","LODGING-D.MCCOWIEN","389.84"
"18693","V-001702","2026-02-19","FUEL TANK-HUNDRED OFF ROAD ","2216279","FUEL TANK-HUNDRED OFF ROAD ","1448.12"
"18713","V-001111","2026-02-20","WELL MARKER FOR WELL 1399","922N","WELL MARKER FOR WELL 1399","240.92"
"18719","V-001560","2026-02-20","MOVED RIG 214","4704370","MOVED RIG 214","1680"
"18741","V-000722","2026-02-21","RIG 103 LABOR WE02/15-02/21/26","00009630","RIG 103 LABOR WE02/15-02/21/26","2154.32"
"18739","V-000722","2026-02-21","RIG 101 LABOR WE 02/15-02/21/26","00009629","RIG 101 LABOR WE 02/15-02/21/26","1523.76"
"18737","V-000722","2026-02-21","RIG 713 LABOR 02/15-02/21/26","00009644","RIG 713 LABOR 02/15-02/21/26","3037.09"
"18918","V-000945","2026-02-27","MISC LABOR ","3010933","MISC LABOR ","9099"
"18671","V-000969","2026-02-18","FISHING TOOLS","1422981","FISHING TOOLS","1675.34"
"18715","V-001111","2026-02-20","WELL MARKER FOR WELL 1624","921N","WELL MARKER FOR WELL 1624","240.92"
"18747","V-000722","2026-02-21","RIG 214 LABOR 02/15-02/21/26","00009633","RIG 214 LABOR 02/15-02/21/26","3083.08"
"18691","V-001702","2026-02-19","FUEL TANK-HUNDRED ON ROAD ","2215084","FUEL TANK-HUNDRED ON ROAD ","1648.39"
"18697","V-000391","2026-02-19","MARY GARY #1 ","319","MARY GARY #1 ","29590.52"
"18717","V-001678","2026-02-20","PLUG","1827119601","PLUG","544.22"
"18707","V-001560","2026-02-20","MOVED RIG 238 JUNK TUB","4704371","MOVED RIG 238 JUNK TUB","1050"
"18810","V-000722","2026-02-21","RIG 238 LABOR 02/15-02/21/26","00009638","RIG 238 LABOR 02/15-02/21/26","2898.05"
"18745","V-000722","2026-02-21","RIG 213 LABOR 02/15-02/21/26","00009632","RIG 213 LABOR 02/15-02/21/26","4474.48"
"18733","V-000722","2026-02-21","RIG 248 LABOR 02/15-02/21/26","00009642","RIG 248 LABOR 02/15-02/21/26","9726.68"
"18735","V-000722","2026-02-21","RIG 251 LABOR 02/15-02/21/26","00009643","RIG 251 LABOR 02/15-02/21/26","3028.08"
"18861","V-001135","2026-02-25","FLAKE PINE/CONCRETE","518727","FLAKE PINE/CONCRETE","51.38"
"18743","V-000722","2026-02-21","RIG 212 LABOR 02/15-02/21/26","00009631","RIG 212 LABOR 02/15-02/21/26","5504.28"
"18749","V-000722","2026-02-21","RIG 215 LABOR 02/15-02/21/26","00009634","RIG 215 LABOR 02/15-02/21/26","4658.4"
"18727","V-000945","2026-02-20","MISC LABOR ","3010931","MISC LABOR ","8875.8"
"18729","V-001111","2026-02-21","WELL MARKER FOR WELL 1643","924N","WELL MARKER FOR WELL 1643","240.92"
"18731","V-000722","2026-02-21","RIG 247 LABOR 02/15-02/21/26","00009641","RIG 247 LABOR 02/15-02/21/26","2237.24"
"19004","V-000136","2026-02-16","26-CWS","INV34043803","STONE","1390.13"
"18812","V-000722","2026-02-21","26-CWS","00009639","RIG 242 LABOR 02/15-02/21/26","2145.26"
"19092","V-001011","2026-02-18","T14R RENTAL","1294242","T14R RENTAL","14000"
"19042","V-001111","2026-02-16","WELL MARKER FOR WELL MARY GARY #2","917N","WELL MARKER FOR WELL MARY GARY #2","318"
"19046","V-000134","2026-02-16","RD-1352-SOC16","25481","RD-1352-SOC16","5250"
"19116","V-001266","2026-03-03","230PCS ROLL PIN KIT","182044","230PCS ROLL PIN KIT","22.78"
"19112","V-001266","2026-03-03","3/8-10MM CUNNEBO SLING HOOK","182042","3/8-10MM CUNNEBO SLING HOOK","1256.9"
"18753","V-000722","2026-02-21","RIG 221 LABOR 02/15-02/21/26","00009636","RIG 221 LABOR 02/15-02/21/26","2636.47"
"19006","V-000136","2026-02-16","STONE","INV34043802","STONE","613.16"
"19002","V-000136","2026-02-16","STONE","INV34043805","STONE","1640.06"
"18877","V-000338","2026-02-25","HAULED WATER","14566","HAULED WATER","1152"
"18850","V-001702","2026-02-24","FUEL TANK-RIG 251 JOB 7257","2224981","FUEL TANK-RIG 251 JOB 7257","412.95"
"18824","V-001439","2026-02-23","PORTA JOHN RENTAL ","I7868","PORTA JOHN RENTAL ","320.65"
"18848","V-001702","2026-02-24","FUEL TANK-RIG 257 JOB 7257","2224501","FUEL TANK-RIG 257 JOB 7257","1174.67"
"19044","V-001111","2026-02-16","26-CWS","918N","WELL MARKER FOR WELL 1408","240.92"
"18998","V-001135","2026-02-16","T-POST/BLACK ZIP TIE","517298","T-POST/BLACK ZIP TIE","524.65"
"19008","V-000136","2026-02-16","STONE","INV34043780","STONE","4421.96"
"18790","V-002396","2026-02-17","GEL/PALLETS","01830787","GEL/PALLETS","1878.85"
"18776","V-001135","2026-02-17","CONCRETE","517396","CONCRETE","19.96"
"19333","V-001111","2026-02-16","WELL MARKER FOR HELEN GORDON","916N","WELL MARKER FOR HELEN GORDON","318"
"19174","V-001439","2026-02-19","PORTA JOHN RENTAL","I7843","PORTA JOHN RENTAL","291.5"
"19303","V-000338","2026-02-25","26-CWS","14562","HAUL WATER AND PIT","1152"
"19305","V-000338","2026-02-25","HAULED WATER AND PIT","14564","HAULED WATER AND PIT","2038.4"
"19315","V-001266","2026-02-24","JIC CAP PLUG KIT","181696","JIC CAP PLUG KIT","87.14"
"19289","V-000945","2026-02-27","MISC LABOR ","3010932","MISC LABOR ","11231.1"
"19329","V-000666","2026-02-18","CHAIN LOOP/CHAIN SAW","403336","CHAIN LOOP/CHAIN SAW","2213.88"
"19301","V-000338","2026-02-25","HAULED WATER","14561","HAULED WATER","1251.84"
"19335","V-000343","2026-02-17","UNIFORM RENTALS","4259900520","UNIFORM RENTALS","3665.3"
"19365","V-001111","2026-02-21","26-CWS","923N","WELL MARKER FOR WELL W-1094","240.92"
"29698","V-000009","2026-03-12","60# HANDICRETE","0261845479","60# HANDICRETE","68.85"
"29706","V-000136","2026-03-13","STONE","INV34045568","STONE","11525.76"
"29688","V-000322","2026-03-12","DAILY RATE/NG,3 ARM CAL","0114738IN","DAILY RATE/NG,3 ARM CAL","7210"
"29704","V-000799","2026-03-13","HAULED WATER","6442","HAULED WATER","4614.98"
"29690","V-001262","2026-03-12","CUT & DRY 100","6297","CUT & DRY 100","7768"
"29708","V-000136","2026-03-13","STONE","INV34045578","STONE","1476.57"
"29700","V-000823","2026-03-12","MIX HOT WATER/CALCIUM","5797","MIX HOT WATER/CALCIUM","2050"
"29702","V-001135","2026-03-13","CONCRETE","521335","CONCRETE","24.95"
"29716","V-000136","2026-03-16","STONE","INV34045633","STONE","7993.08"
"29712","V-001702","2026-03-14","FUEL TANK-HUNDRED ON ROAD ","2251299","FUEL TANK-HUNDRED ON ROAD ","2018.65"
"29747","V-001135","2026-03-27","SILTSAVER BELT FENCE","523551","SILTSAVER BELT FENCE","589.95"
"29728","V-000136","2026-03-18","STONE","INV34045817","STONE","11944.67"
"29682","V-000136","2026-03-12","STONE","INV34045480","STONE","10823.95"
"29724","V-000136","2026-03-17","STONE","INV34045738","STONE","779.44"
"29726","V-001135","2026-03-17","COMPOSITE HAND SAW","522030","COMPOSITE HAND SAW","152.97"
"29730","V-001135","2026-03-19","FASTNERS","522222","FASTNERS","32.52"
"29738","V-001702","2026-03-23","FUEL TANK-RIG 213 JOB 7201","2262998","FUEL TANK-RIG 213 JOB 7201","6018.61"
"29692","V-001262","2026-03-12","HYDRO GELPLUS/CITRIC ACID ","6298","HYDRO GELPLUS/CITRIC ACID ","2896.4"
"29751","V-001135","2026-03-27","3HL PERF BE","523662","3HL PERF BE","-739.8"
"29720","V-000679","2026-03-17","FUEL TANK- RIG 250 JOB 7272","143288","FUEL TANK- RIG 250 JOB 7272","4839.48"
"29718","V-000136","2026-03-16","STONE","INV34045641","STONE","1531.32"
"29732","V-000945","2026-03-20","MISC LABOR ","3010948","MISC LABOR ","12514.95"
"29710","V-000945","2026-03-13","MISC LABOR ","3010944","MISC LABOR ","8991"
"29736","V-002029","2026-03-23","FUEL TANK-MINE FIRE ","26599698","FUEL TANK-MINE FIRE ","5336.4"
"29749","V-001135","2026-03-27","PVC CEMENT/3HL PERF","523655","PVC CEMENT/3HL PERF","2171.4"
"29745","V-001115","2026-03-26","LODGING-R.KUHN","10028513599","LODGING-R.KUHN","1603.95"
"29674","V-002000","2026-03-09","WELDING CALL OUT","61159","WELDING CALL OUT","380"
"29694","V-001135","2026-03-12","COASTAL SEED BLEED 50#","521159","COASTAL SEED BLEED 50#","115"
"29676","V-002000","2026-03-10","WELDING CALLOUT","61162","WELDING CALLOUT","380"
"29680","V-002238","2026-03-12","CUP-VISCOSITY MEASURING","93565151","CUP-VISCOSITY MEASURING","60.71"
"29684","V-000136","2026-03-12","STONE","INV34045483","STONE","12456.91"
"29696","V-001331","2026-03-12","HAULED DRILL MUD","CDE031226A","HAULED DRILL MUD","1656.25"
"29714","V-000580","2026-03-16","RIG LABOR WE 031426","202","RIG LABOR WE 031426","15470"
"29734","V-002269","2026-03-20","FUEL TANK-RIG 237 JOB 7147","67975","FUEL TANK-RIG 237 JOB 7147","4380.82"
"29741","V-001135","2026-03-25","PENNANT FLAG/YELLPW ROPE","523252","PENNANT FLAG/YELLPW ROPE","152.16"
"29818","V-000804","2026-03-08","RIG MOVE","644","RIG MOVE","5263"
"36514","V-000207","2026-02-19","RR SB TOOTH BIT SN LR7033","27090","RR SB TOOTH BIT SN LR7033","2500"
"36500","V-000343","2026-01-06","CORRECTION INVOICE FOR SHORT PAY OF INVOICE","4255396998C","CORRECTION INVOICE FOR SHORT PAY OF INVOICE","50.11"
"36522","V-001435","2026-02-20","LODGING-R.ALLEN","80406050","LODGING-R.ALLEN","377.4"
"36516","V-001435","2026-02-20","LODGING-E.CLARK","80406033","LODGING-E.CLARK","377.4"
"36518","V-001435","2026-02-20","24-CDE","80406034","LODGING-D.HALL","471.75"
"36520","V-001435","2026-02-20","LODGING-T.BORKOQSKI","80406037","LODGING-T.BORKOQSKI","1352.98"
"36524","V-001435","2026-02-20","LODGING-W.METZGER","80406062","LODGING-W.METZGER","1357.26"
"36572","V-001435","2026-02-27","LODGING-P.ROWE","80484996","LODGING-P.ROWE","471.75"
"36552","V-001435","2026-02-27","LODGING-A.WAGNER","80484807","LODGING-A.WAGNER","377.4"
"36570","V-001435","2026-02-27","LODGING-K.KING","80484967","LODGING-K.KING","283.05"
"36556","V-001435","2026-02-27","LODGING-B.BARCLEY","80484876","LODGING-B.BARCLEY","283.05"
"36560","V-001435","2026-02-27","LODGING-W.METZGER","80484925","LODGING-W.METZGER","660.45"
"36548","V-001435","2026-02-25","LODGING-D.OGDEN","80461250","LODGING-D.OGDEN","94.35"
"36526","V-001435","2026-02-20","LODGING-L.CLARKSON","80406065","LODGING-L.CLARKSON","377.4"
"36568","V-001435","2026-02-27","LODGING-R.WALKER","80484966","LODGING-R.WALKER","377.4"
"36546","V-000343","2026-02-24","UNIFORM RENTAL","4260719968","UNIFORM RENTAL","2922.14"
"36574","V-001435","2026-02-27","LODGING-J.PECK","80484998","LODGING-J.PECK","122.1"
"36532","V-001435","2026-02-20","LODGING-P.ROWE","80406074","LODGING-P.ROWE","471.75"
"36566","V-001435","2026-02-27","LODGING-E.CLARK","80484965","LODGING-E.CLARK","283.05"
"36530","V-001435","2026-02-20","LODGING-T.CORNELL ","80406073","LODGING-T.CORNELL ","471.75"
"36558","V-001435","2026-02-27","LODGING-T.CORNELL","80484924","LODGING-T.CORNELL","283.05"
"36564","V-001435","2026-02-27","LODGING-M.SMITH","80484964","LODGING-M.SMITH","471.75"
"36528","V-001435","2026-02-20","LODGING-K.KING","80406072","LODGING-K.KING","377.4"
"36554","V-001435","2026-02-27","LODGING-I.WILLIAMS","80484842","LODGING-I.WILLIAMS","377.4"
"36534","V-001435","2026-02-20","LODGING-I.WILLIAMS","80406084","LODGING-I.WILLIAMS","377.4"
"36536","V-001435","2026-02-20","LODGING-B.DONATE","80406085","LODGING-B.DONATE","377.4"
"36538","V-001435","2026-02-20","LODGING-D.OGDEN","80406100","LODGING-D.OGDEN","471.75"
"36550","V-001435","2026-02-26","24-CDE","80472377","LODGING-J.PECK","94.35"
"36544","V-001435","2026-02-24","LODGING-D.OGDEN","80457815","LODGING-D.OGDEN","188.7"
"36562","V-001435","2026-02-27","LODGING-B.DONATE","80484927","LODGING-B.DONATE","377.4"
"36656","V-000009","2026-03-21","STAPLE PINS","0261845759","STAPLE PINS","255.19"
"36620","V-001435","2026-03-06","LODGING-T.FORD","80565835","LODGING-T.FORD","323.24"
"36614","V-001435","2026-03-06","LODGING-K.KING","80565813","LODGING-K.KING","320"
"36672","V-001262","2026-03-23","HYDOGEL PLUS","6379","HYDOGEL PLUS","1160.5"
"36622","V-001098","2026-03-06","MEC CHARGES BILLED TO CWS","5812930612","MEC CHARGES BILLED TO CWS","2794.35"
"36690","V-001331","2026-03-24","HAULED DRILL MUD","CDE032426B","HAULED DRILL MUD","1562.5"
"36692","V-000823","2026-03-24","CALCIUM/HOT WATER","5944","CALCIUM/HOT WATER","2050"
"36702","V-001214","2026-03-24","4 MAN CREW WITH TRUCK","536287","4 MAN CREW WITH TRUCK","1619.8"
"36704","V-000190","2026-03-24","WASTE DISPOSAL ","BSC30124","WASTE DISPOSAL ","1310.27"
"36710","V-001207","2026-03-24","TRUCK WASHOUT","MM3142","TRUCK WASHOUT","2625.09"
"36708","V-001207","2026-03-24","TRUCK WASHOUT","MM3140","TRUCK WASHOUT","4798.62"
"36714","V-000201","2026-03-24","LODGING-I.MITCHELL","29345","LODGING-I.MITCHELL","164"
"36612","V-001435","2026-03-06","LODGING-R.WALKER","80565771","LODGING-R.WALKER","160"
"36624","V-001560","2026-03-12","YELLOW BIRD","474001","YELLOW BIRD","165951.58"
"36634","V-001098","2026-03-13","MEC CHARGES BILLED TO CWS","5812930613","MEC CHARGES BILLED TO CWS","3812.25"
"36616","V-001435","2026-03-06","LODGING-I.WILLIAMS","80565815","LODGING-I.WILLIAMS","160"
"36618","V-001435","2026-03-06","LODGING-B.DONATE","80565832","LODGING-B.DONATE","320"
"36636","V-000804","2026-03-14","REBUILDING SITE ","647","REBUILDING SITE ","5023"
"36602","V-001754","2026-02-28","TEKC CHARGES BILLED TO CWS","5412930602","TEKC CHARGES BILLED TO CWS","3275.83"
"36680","V-001262","2026-03-24","HYDRO GEL/THINNER","6383","HYDRO GEL/THINNER","1953.86"
"36706","V-000190","2026-03-24","WASTE DISPOSAL ","BSC30125","WASTE DISPOSAL ","2303.17"
"36712","V-001262","2026-03-24","CORRUGATED PIPE","6372 ","CORRUGATED PIPE","2510"
"36652","V-001250","2026-03-20","HDD CHARGES BILLED TO CWS","5212930615","HDD CHARGES BILLED TO CWS","7568.13"
"36654","V-000804","2026-03-21","RECLAIMING SITE","653","RECLAIMING SITE","20774"
"36650","V-001560","2026-03-20","MOVED CWS RIG 221","4704381","MOVED CWS RIG 221","4550"
"36662","V-001262","2026-03-23","HAULED SWIVEL,BOP","6387","HAULED SWIVEL,BOP","2300"
"36670","V-001262","2026-03-23","26-CWS","6378","HYDROGEL PLUS","1160.5"
"36660","V-000750","2026-03-23","HAULED TIMBER MATS ","1011499","HAULED TIMBER MATS ","387.5"
"36668","V-000306","2026-03-23","ELEMENT/GASKET","PRT0100497","ELEMENT/GASKET","363.04"
"36666","V-001232","2026-03-23","CASING SWAGE/CASING COLLAR","5653","CASING SWAGE/CASING COLLAR","1436"
"36674","V-001262","2026-03-23","CITRIC ACID ","6380","CITRIC ACID ","917.16"
"36676","V-001262","2026-03-23","CITRIC ACID","6381","CITRIC ACID","1528.6"
"36678","V-001262","2026-03-23","HYDRO GEL PLUS","6382","HYDRO GEL PLUS","1821"
"36686","V-000343","2026-03-24","UNIFORM RENTAL ","4263649804","UNIFORM RENTAL ","2734.13"
"36696","V-001331","2026-03-24","HAULED FRESH WATER/DRILL MUD","CDE032426C","HAULED FRESH WATER/DRILL MUD","1218.75"
"36688","V-001331","2026-03-24","HAULED DRILL MUD AND WATER","CDE032426A","HAULED DRILL MUD AND WATER","3250"
"36604","V-000009","2026-02-28","PREM KD SPF","0261845129","PREM KD SPF","147.3"
"36658","V-001675","2026-03-22","LODGING-B.BLACK","9390","LODGING-B.BLACK","545.79"
"36610","V-001435","2026-03-06","LODGING-W.METZGER","80565770","LODGING-W.METZGER","320"
"36725","V-001673","2026-03-24","SURFACE RENTAL","557020001","SURFACE RENTAL","1714.76"
"36729","V-000807","2026-03-24","HOSE/ADAPTER","706009","HOSE/ADAPTER","150.09"
"36735","V-000009","2026-03-25","PENNANTS","0261845896","PENNANTS","19.72"
"36733","V-001455","2026-03-25","LAID CASING","5287","LAID CASING","5150"
"36739","V-001673","2026-03-25","TECHNICIAN","5572990001","TECHNICIAN","1578.18"
"36817","V-001702","2026-03-26","FUEL TANK-RIG 238 JOB 7267","2266963","FUEL TANK-RIG 238 JOB 7267","2033.62"
"36801","V-002066","2026-03-26","PORTA JOHN RENTAL ","5364","PORTA JOHN RENTAL ","410"
"36823","V-001702","2026-03-26","FUEL TANK- RIG 238 JOB 7267","2268360","FUEL TANK- RIG 238 JOB 7267","1954.27"
"36815","V-001455","2026-03-26","LAID CASING","5288","LAID CASING","3650"
"36819","V-000136","2026-03-26","STONE","INV34046383","STONE","8083.97"
"36781","V-001675","2026-03-25","LODGING-G.MARKS","9307","LODGING-G.MARKS","155.94"
"36759","V-001069","2026-03-25","OTC/FROSTY ANNUAL RYE","1917A","OTC/FROSTY ANNUAL RYE","1662.25"
"36772","V-001262","2026-03-25","SWITCHGRASS FILTER SOCK","6373","SWITCHGRASS FILTER SOCK","8144.54"
"36825","V-001995","2026-03-26","CLETUS D DILLIE #1 ","8383312","CLETUS D DILLIE #1 ","760"
"36763","V-000136","2026-03-25","STONE","INV34046290","STONE","8548.08"
"36797","V-001262","2026-03-26","CITRIC ACID/BICARBONATE OF SODA","6385","CITRIC ACID/BICARBONATE OF SODA","2097.7"
"36791","V-001262","2026-03-26","HAULED DRILL PIPE","6389","HAULED DRILL PIPE","503.13"
"36775","V-001262","2026-03-25","EROSION BLANKET","6374","EROSION BLANKET","2055.25"
"36821","V-000136","2026-03-26","STONE","INV34046389","STONE","2204.64"
"36761","V-001331","2026-03-25","HAULED DRILL MUD AND WATER","CDE032526A","HAULED DRILL MUD AND WATER","6937.5"
"36777","V-001262","2026-03-25","EROSION BLANKET ","6375","EROSION BLANKET ","2055.25"
"36793","V-001262","2026-03-26","HAULED MINI EXCAVATOR","6390","HAULED MINI EXCAVATOR","646.88"
"36770","V-001207","2026-03-25","TRUCK WASHOUT","MM3141","TRUCK WASHOUT","6736.3"
"36809","V-000969","2026-03-26","FISHING TOOLS","1426625","FISHING TOOLS","1673.1"
"36811","V-001111","2026-03-26","WELL MARKER FOR WELL 5440","937N","WELL MARKER FOR WELL 5440","240.92"
"36813","V-001111","2026-03-26","WELL MARKER FOR WELL 820","938N","WELL MARKER FOR WELL 820","240.92"
"36783","V-001675","2026-03-25","LODGING-S.NESTOR","9309","LODGING-S.NESTOR","233.91"
"36795","V-001262","2026-03-26","SWITCHGRASS FILTER SOCK","6376","SWITCHGRASS FILTER SOCK","5948.79"
"36841","V-000969","2026-03-26","FISHING TOOLS","1426589","FISHING TOOLS","19506.78"
"36766","V-001715","2026-03-25","RENTAL PROTECTION PLAN CREDIT","1800935710004","RENTAL PROTECTION PLAN CREDIT","-539.01"
"36785","V-001675","2026-03-25","LODGING-G.HALL","9310","LODGING-G.HALL","233.91"
"36789","V-001262","2026-03-26","26-CWS","6388","HAULED RIG MATS","287.5"
"36804","V-001111","2026-03-26","WELL MARKER FOR WELL 7485","939N","WELL MARKER FOR WELL 7485","240.92"
"36768","V-000190","2026-03-25","TRUCK CLEAN OUT ","BSC30123","TRUCK CLEAN OUT ","5658.97"
"36779","V-001675","2026-03-25","LODGING-G.HALL","9285","LODGING-G.HALL","233.91"
"36799","V-000190","2026-03-26","WASTE DISPOSAL ","BSC30126","WASTE DISPOSAL ","7560.03"
"36757","V-001673","2026-03-25","PORTABLE WATER DELIVERY","5573160001","PORTABLE WATER DELIVERY","1120"
"36787","V-001675","2026-03-25","LODGING-G.HALL","9321","LODGING-G.HALL","77.97"
"36893","V-002115","2026-03-26","COUPLING CASING WELD ON ","6164963","COUPLING CASING WELD ON ","550"
"36913","V-001133","2026-03-26","CPLG CASING/SWAGE NIPPLE","4138701","CPLG CASING/SWAGE NIPPLE","1345"
"36891","V-001133","2026-03-26","CPLG TUBING","4138717","CPLG TUBING","276"
"36937","V-001697","2026-03-26","TIMBER MAT RENTAL ","INV033886","TIMBER MAT RENTAL ","280"
"37039","V-001214","2026-03-26","2 MAN CREW W/TRUCK","536308","2 MAN CREW W/TRUCK","963.2"
"37031","V-000009","2026-03-20","PRIME TRT SYP","0261845721","PRIME TRT SYP","169.76"
"37057","V-000136","2026-03-27","STONE","INV34046479","STONE","4019.6"
"37049","V-001115","2026-03-27","LODGING-D.SCHMIDT","80811785","LODGING-D.SCHMIDT","376.32"
"37043","V-000184","2026-03-27","STAKES ","2026731","STAKES ","436.8"
"37047","V-001331","2026-03-27","HAULED FRESH WATER","CDE032726C","HAULED FRESH WATER","2125"
"37079","V-001331","2026-03-27","HAULED MINE DISPOSAL","CDE032726A","HAULED MINE DISPOSAL","1218.75"
"37149","V-001435","2026-03-13","LODGING-B.BARCKLEY","80643736","LODGING-B.BARCKLEY","480"
"37041","V-001439","2026-03-27","PORTA JOHN RENTAL","I8192","PORTA JOHN RENTAL","320.65"
"37157","V-001069","2026-03-27","26-CWS","1924A","GRIPPLE,MED","18.5"
"37025","V-001435","2026-03-06","LODGING-M.SMITH","80565886","LODGING-M.SMITH","399.99"
"37045","V-001331","2026-03-27","HAULED DRILL MUD","CDE032726B","HAULED DRILL MUD","3375"
"37061","V-000136","2026-03-27","26-CWS","INV34046481","STONE","1393.7"
"37013","V-001435","2026-02-27","LODGING-T.BORKOWSKI","80484879","LODGING-T.BORKOWSKI","660.45"
"37027","V-000978","2026-03-08","SUPER VAC RENTAL","0753660401","SUPER VAC RENTAL","2800"
"37063","V-001262","2026-03-27","HAULED SKID STEER","6396","HAULED SKID STEER","503.13"
"37059","V-000136","2026-03-27","STONE","INV34046482","STONE","4643.16"
"37069","V-001435","2026-03-06","LODGING-R.KUHN","80565985","LODGING-R.KUHN","320"
"37067","V-001435","2026-03-06","LODGING-P.ROWE","80565920","LODGING-P.ROWE","399.99"
"37051","V-000399","2026-03-27","LODGING-B.BARCUS","80810903","LODGING-B.BARCUS","470.4"
"37055","V-000028","2026-03-27","HOT WATER/6370","32900","HOT WATER/6370","2080"
"37023","V-001435","2026-03-06","LODGING-B.BARCLEY","80565847","LODGING-B.BARCLEY","320"
"37153","V-002238","2026-03-27","CUP-VISCOSITY MEASURING","93572158","CUP-VISCOSITY MEASURING","60.71"
"37273","V-002066","2026-03-28","PORTA JOHN RENTAL ","5300","PORTA JOHN RENTAL ","445.2"
"37275","V-000722","2026-03-28","RIG 221 LABOR WE 03/22-03/28/26","000000011989","RIG 221 LABOR WE 03/22-03/28/26","2114.6"
"37269","V-002066","2026-03-28","PORTA JOHN RENTAL","5298","PORTA JOHN RENTAL","205"
"37265","V-000978","2026-03-20","SUPER VAC RENTAL","0753678001","SUPER VAC RENTAL","7350"
"37277","V-001207","2026-03-28","TRUCK WASHOUT","MM3143","TRUCK WASHOUT","1568.8"
"37283","V-001262","2026-03-28","CORR ROLL PERF PIPE","6399","CORR ROLL PERF PIPE","1122.1"
"37293","V-001111","2026-03-29","26-CWS","940N","WELL MARKER FOR WELL MD-31","240.92"
"37295","V-001111","2026-03-29","WELL MARKER FOR GH-40","943N","WELL MARKER FOR GH-40","240.92"
"37263","V-000978","2026-03-20","SUPER VAC RENTAL","0753677901","SUPER VAC RENTAL","7000"
"37271","V-002066","2026-03-28","PORTA JOHN RENTAL","5299","PORTA JOHN RENTAL","410"
"37279","V-001995","2026-03-28","PAD B/WELDING LABOR","8163412N","PAD B/WELDING LABOR","1140"
"37281","V-001262","2026-03-28","SILT FENCE","6398","SILT FENCE","232.92"
"37285","V-001331","2026-03-28","26-CWS","CDE032826A","HALED DRILL MUD","1187.5"
"37287","V-001455","2026-03-28","STAND BY","5283","STAND BY","2500"
"37289","V-001111","2026-03-29","WELL MARKER FOR WELL COP TRACT 29 #11 ","942N","WELL MARKER FOR WELL COP TRACT 29 #11 ","318"
"37291","V-001111","2026-03-29","WELL MARKER FOR WELL W-1135","941N","WELL MARKER FOR WELL W-1135","240.92"
"37329","V-001455","2026-03-29","LAID CASING","5290","LAID CASING","2500"
"37331","V-001262","2026-03-30","HAULED SKIDSTEER WITH BUCKET","6432","HAULED SKIDSTEER WITH BUCKET","503.13"
"37422","V-002000","2026-03-27","CUT DOWN CONDUCTOR AND CASING","61177","CUT DOWN CONDUCTOR AND CASING","665"
"37440","V-000201","2026-03-30","LODGING-A.MONTGOMERY","29370","LODGING-A.MONTGOMERY","410"
"37426","V-002000","2026-03-29","REPAIRED BRACKET FOR RIGGING","61183","REPAIRED BRACKET FOR RIGGING","665"
"37442","V-001262","2026-03-30","HAULED CASING,COLLAR,NIPPE","6426","HAULED CASING,COLLAR,NIPPE","2012.5"
"37382","V-001098","2026-03-20","MEC CHARGES BILLED TO CWS","5812930614","MEC CHARGES BILLED TO CWS","3452.48"
"37438","V-001262","2026-03-30","CUT & DRY 100","6408","CUT & DRY 100","3884"
"37448","V-001702","2026-03-30","FUEL TANK-RUFF CREEK","2270827","FUEL TANK-RUFF CREEK","1368.99"
"37400","V-002238","2026-03-26","SEAL-SIDE MUD BUCKET DOOR","93571327","SEAL-SIDE MUD BUCKET DOOR","726.48"
"37408","V-001098","2026-03-27","MEC CHARGES BILLED TO CWS","5812930615","MEC CHARGES BILLED TO CWS","2907.5"
"37424","V-002000","2026-03-28","CUT AND WELDING TO CONDUCTOR","61176","CUT AND WELDING TO CONDUCTOR","1235"
"37428","V-002000","2026-03-30","CUT DOWN CONDUCTOR AND CASING","61184","CUT DOWN CONDUCTOR AND CASING","1140"
"37450","V-001262","2026-03-30","ZIP TIES","6400","ZIP TIES","121.5"
"14740","V-000797","2025-12-05","UTV RENTAL","35981993003DI","UTV RENTAL","1819.24"
"14812","V-000475","2026-01-27","WATER HAULING ","007319","WATER HAULING ","1086.5"
"14808","V-000969","2026-01-27","FISHING TOOLS","1420759","FISHING TOOLS","1474.4"
"14800","V-001702","2026-01-23","FUEL TANK-RIG 213 JOB 7201","2165537","FUEL TANK-RIG 213 JOB 7201","1249.26"
"14806","V-000969","2026-01-27","FISHING TOOLS","1420758","FISHING TOOLS","9600"
"14802","V-001995","2026-01-23","WELDING LABOR ","8328312","WELDING LABOR ","1000.4"
"14804","V-001702","2026-01-24","FUEL TANK-RIG 251 JOB 7257","2164332","FUEL TANK-RIG 251 JOB 7257","937.41"
"14814","V-000475","2026-01-27","WATER HAULING ","007321","WATER HAULING ","1601.75"
"14798","V-001439","2026-01-23","PORTA JOHN RENTAL ","I7639","PORTA JOHN RENTAL ","291.5"
"15172","V-001262","2026-01-29","SWITCHGRASS FILTER SOCK","6116","SWITCHGRASS FILTER SOCK","3365.23"
"15110","V-001877","2026-01-28","LIGHT TOWER RENTAL-MINE FIRE","247800039016","LIGHT TOWER RENTAL-MINE FIRE","848"
"15242","V-001702","2026-01-30","FUEL TANK-RIG 247 JOB 7226","2177140","FUEL TANK-RIG 247 JOB 7226","2058.87"
"15174","V-001262","2026-01-29","HAULED CONDUCTOR ","6120","HAULED CONDUCTOR ","575"
"15224","V-001877","2026-01-30","SKID TRACK LOADER RENTAL","242600835015","SKID TRACK LOADER RENTAL","3352.78"
"15212","V-001702","2026-01-29","FUEL TANK- RIG 102 JOB 7187","2176037","FUEL TANK- RIG 102 JOB 7187","1261.82"
"15090","V-000969","2026-01-23","FISHING TOOLS","1420496","FISHING TOOLS","3656.5"
"15098","V-000969","2026-01-28","FISHING TOOLS","1420813","FISHING TOOLS","4024.8"
"15092","V-000475","2026-01-27","WATER HAULING","007322","WATER HAULING","962.5"
"15228","V-001702","2026-01-30","FUEL TANK-RIG 248 JOB 7221","2176486","FUEL TANK-RIG 248 JOB 7221","1186.31"
"15246","V-001262","2026-01-30","HYDROGEL PLUS ","6118","HYDROGEL PLUS ","1223"
"15252","V-000969","2026-01-31","26-CWS","1421758","FISHING TOOLS","2584.12"
"15108","V-001697","2026-01-28","TIMBER MAT RENTAL ","INV033158","TIMBER MAT RENTAL ","434"
"15104","V-002066","2026-01-28","PORTA JOHN RENTAL","5008","PORTA JOHN RENTAL","445.2"
"15094","V-000475","2026-01-27","WATER HAULING","007320","WATER HAULING","1275"
"15100","V-000969","2026-01-28","FISHING TOOLS","1420812","FISHING TOOLS","25.2"
"15102","V-002066","2026-01-28","PORTA JOHN RENTAL ","5007","PORTA JOHN RENTAL ","410"
"15180","V-001266","2026-01-29","39 PC SAE TAP DIE ","180374","39 PC SAE TAP DIE ","120.04"
"15240","V-001262","2026-01-30","HAULED CONDUCTOR","6124","HAULED CONDUCTOR","359.38"
"15198","V-001266","2026-01-29","72' SAFETY FLAG W MOUNT","180408","72' SAFETY FLAG W MOUNT","143.46"
"15226","V-000969","2026-01-30","FISHING TOOLS","1421092","FISHING TOOLS","1673.1"
"15244","V-001262","2026-01-30","HYDROGEL PLUS ","6117","HYDROGEL PLUS ","973"
"15248","V-001262","2026-01-30","DRINKING WATER","6119","DRINKING WATER","100.2"
"15438","V-000566","2026-01-31","COMPOSITE MAT RENTAL","20260028","COMPOSITE MAT RENTAL","3008"
"15847","V-001237","2026-02-02","STONE","10749","STONE","977.5"
"15849","V-000157","2026-02-02","RIG 238 JOB 7213","34620","RIG 238 JOB 7213","19767"
"15957","V-000969","2026-02-12","FISHING TOOLS","1422440","FISHING TOOLS","15714.96"
"15762","V-001266","2026-01-30","9 16 INDICATOR LITE","180446","9 16 INDICATOR LITE","62.78"
"15803","V-001266","2026-02-02","STARTER","180525","STARTER","243.98"
"15770","V-001266","2026-01-30","QUICK RELEASE AIR VALVE ","180450","QUICK RELEASE AIR VALVE ","143.09"
"15929","V-000969","2026-02-06","FISHING TOOLS","1421987","FISHING TOOLS","9146.58"
"15760","V-001266","2026-01-30","DIESEL FUEL ADDITIVE ","180443","DIESEL FUEL ADDITIVE ","113.04"
"15861","V-001262","2026-02-02","HYDROGEL PLUS/THINNER","6136","HYDROGEL PLUS/THINNER","1785.08"
"15821","V-001266","2026-02-02","26-CWS","180555","BLUE ROUND SLING","131.56"
"15766","V-001266","2026-01-30","TESTER-MULTIMETER","180448","TESTER-MULTIMETER","24.18"
"15851","V-000157","2026-02-02","26-CWS","34629","RIG 103 JOB 7250","930"
"15853","V-001945","2026-02-02","WASTE REMOVAL ","600889449624","WASTE REMOVAL ","1537.88"
"15865","V-001262","2026-02-03","HAULED CONDUCTOR","6145","HAULED CONDUCTOR","287.5"
"15793","V-001770","2026-02-01","PORTA JOHN RENTAL ","I15934","PORTA JOHN RENTAL ","142.36"
"15863","V-001262","2026-02-03","HYDROGEL PLUS/THINNER","6137","HYDROGEL PLUS/THINNER","1926.8"
"15889","V-001266","2026-02-03","3/8 SAFETY SWIVEL HOOK","180611","3/8 SAFETY SWIVEL HOOK","411.32"
"15917","V-001331","2026-02-03","HAULING DRILL MUD","CDE020326A","HAULING DRILL MUD","2500"
"15919","V-001262","2026-02-03","SWITCHGRASS FILTER SOCK","6130","SWITCHGRASS FILTER SOCK","7378.35"
"15921","V-001702","2026-02-04","FUEL TANK- 238 JOB 7213","2186278","FUEL TANK- 238 JOB 7213","1318.24"
"15891","V-001266","2026-02-03","DRILL BIT SET 29PC","180612","DRILL BIT SET 29PC","72.53"
"16139","V-000782","2026-02-10","CHIPPED ROAD ","20180433","CHIPPED ROAD ","380"
"16141","V-000782","2026-02-10","PLOW AND CHIPPED","20180432","PLOW AND CHIPPED","760"
"15987","V-002066","2025-12-28","PORTA JOHN","4875","PORTA JOHN","410"
"16103","V-000722","2026-02-07","RIG 213 LABOR 02/01-02/07/26","00008292","RIG 213 LABOR 02/01-02/07/26","1961.3"
"16063","V-001266","2026-02-05","220K BTU MR. HEATER","180768","220K BTU MR. HEATER","467.99"
"16125","V-000722","2026-02-07","26-CWS","00008302","RIG 248 LABOR 02/01-02/07/26","8271.6"
"16109","V-000722","2026-02-07","RIG 220 LABOR 02/01-02/07/26","00008295","RIG 220 LABOR 02/01-02/07/26","5865.88"
"16123","V-000722","2026-02-07","RIG 247 LABOR 02/01-02/07/26","00008301","RIG 247 LABOR 02/01-02/07/26","4842.4"
"16101","V-000722","2026-02-07","RIG 103 LABOR 02/01-02/07/26","00008290","RIG 103 LABOR 02/01-02/07/26","2108.33"
"16095","V-000306","2026-02-06","Tank/Door/Cover","PRT0070034","Tank/Door/Cover","6723.3"
"16099","V-000207","2026-02-06","NEW OB TOOTH BIT SN 9131110","27082","NEW OB TOOTH BIT SN 9131110","1000"
"16105","V-000722","2026-02-07","RIG 214 LABOR 02/01-02/07/26","00008293","RIG 214 LABOR 02/01-02/07/26","661.88"
"16097","V-000207","2026-02-06","RR SB TOOTH BIT SN MM3093","27081","RR SB TOOTH BIT SN MM3093","1200"
"16121","V-000722","2026-02-07","RIG 243 LABOR 02/01-02/07/26","00008300","RIG 243 LABOR 02/01-02/07/26","4235.52"
"16107","V-000722","2026-02-07","RIG 215 LABOR 02/01-02/07/26","00008294","RIG 215 LABOR 02/01-02/07/26","2421.2"
"16115","V-000722","2026-02-07","RIG 237 LABOR 02/01-02/07/26","00008297","RIG 237 LABOR 02/01-02/07/26","11736.2"
"16117","V-000722","2026-02-07","RIG 242 LABOR 02/01-02/07/26","00008299","RIG 242 LABOR 02/01-02/07/26","1814.32"
"16113","V-000722","2026-02-07","26-CWS","00008296","RIG 221 LABOR 02/01-02/07/26","2761.15"
"16031","V-001266","2026-02-05","CARLYLE","180736","CARLYLE","29.52"
"16043","V-001266","2026-02-05","TRI-POWER IND V-BELT","180747","TRI-POWER IND V-BELT","69.75"
"16119","V-000722","2026-02-07","RIG 238 LABOR 02/01-02/07/26","00008298","RIG 238 LABOR 02/01-02/07/26","4632.56"
"15985","V-001877","2025-08-17","LIGHT TOWER","247966360004","LIGHT TOWER","1696"
"16111","V-000722","2026-02-07","RIG 212 LABOR 02/01-02/07/26","00008291","RIG 212 LABOR 02/01-02/07/26","6735.12"
"16129","V-000722","2026-02-07","RIG 251 LABOR 02/01-02/07/26","00008305","RIG 251 LABOR 02/01-02/07/26","2329.22"
"16127","V-000722","2026-02-07","RIG 249 LABOR 02/01-02/07/26","00008304","RIG 249 LABOR 02/01-02/07/26","2638.51"
"16001","V-001266","2026-02-04","RIDGID CUTTER WHEELS","180681","RIDGID CUTTER WHEELS","34.12"
"16131","V-000722","2026-02-07","RIG 713 LABOR 02/01-02/07/26","00008307","RIG 713 LABOR 02/01-02/07/26","2237.24"
"16135","V-000580","2026-02-09","RIG LABOR WE 02/07/26","197","RIG LABOR WE 02/07/26","12090"
"16221","V-001266","2026-02-04","TARP","180672","TARP","41.57"
"16225","V-001702","2026-02-20","Fuel","2218465","Fuel","1072.31"
"16227","V-000656","2026-02-23","Safety Services","8999608","Safety Services","10166.42"
"16209","V-001262","2025-10-22","HOT SHOT HAULING","5753","HOT SHOT HAULING","2064.28"
"16229","V-000656","2025-12-30","Safety Services","8999605","Safety Services","10382.49"
"16231","V-000656","2026-02-06","Safety Services","8999606","Safety Services","11780.97"
"16233","V-000656","2026-02-13","F4S SAFETY ADMIN SERVICES","8999607","F4S SAFETY ADMIN SERVICES","10156.2"
"16485","V-001702","2026-02-06","FUEL TANK- RIG 14 JOB 7114","2192846","FUEL TANK- RIG 14 JOB 7114","2688.29"
"16545","V-001266","2026-02-10","5.0AH BATTERY PACKS","181003","5.0AH BATTERY PACKS","333.56"
"16481","V-001702","2026-02-05","FUEL TANK-RIG 248 JOB 7221","2191064","FUEL TANK-RIG 248 JOB 7221","1191.01"
"16629","V-000396","2026-02-13","PA PERMITS","UL01499408","PA PERMITS","533.24"
"16491","V-001266","2026-02-06","COUPLER","180830","COUPLER","313.53"
"16505","V-001266","2026-02-06","6' BIMETAL SAWZALL BLADE","180855","6' BIMETAL SAWZALL BLADE","125"
"16507","V-001266","2026-02-06","3/8 SAFETY SWIVEL HOOK","180856","3/8 SAFETY SWIVEL HOOK","205.66"
"16533","V-001266","2026-02-10","HDWR KIT-SNAP RINGS","180984","HDWR KIT-SNAP RINGS","12.83"
"16547","V-001266","2026-02-10","SCREWDRIVER SET 15PC","181004","SCREWDRIVER SET 15PC","437.39"
"16856","V-001877","2026-02-02","LIGHT TOWER RENTAL-MINE FIRE","253712954007","LIGHT TOWER RENTAL-MINE FIRE","1696"
"16925","V-002061","2026-02-28","RIG 102 PLUGGING","3230","RIG 102 PLUGGING","157343.46"
"16927","V-002061","2026-02-28","RIG 2 PLUGGING","3231","RIG 2 PLUGGING","130492.88"
"16987","V-001702","2025-12-31","VOYAGER FUEL SDIP 12.31.25","31627","VOYAGER FUEL SDIP 12.31.25","57678.92"
"17035","V-002061","2026-02-28","HEATER","3229","HEATER","5724.83"
"17065","V-000246","2026-02-10","FUEL TANK-RIG 238 JOB 7213","63831","FUEL TANK-RIG 238 JOB 7213","3801.21"
"17063","V-001702","2026-02-10","FUEL TANK-RIG 238 JOB 7213","2197470","FUEL TANK-RIG 238 JOB 7213","272.03"
"17061","V-000343","2026-02-10","UNIFORM RENTAL ","4259136045","UNIFORM RENTAL ","2686.65"
"17097","V-002363","2026-02-16","PLUGGING 512-1V","1505","PLUGGING 512-1V","75634.69"
"17339","V-001877","2026-02-03","GENERATOR RENTAL","255858856003","GENERATOR RENTAL","2141.07"
"17277","V-000246","2026-02-11","FUEL TANK-RIG 102 JOB 7187","63936","FUEL TANK-RIG 102 JOB 7187","2059.12"
"17345","V-000978","2026-02-01","SUPER VAC RENTAL","0753602701","SUPER VAC RENTAL","7150.96"
"17275","V-000246","2026-02-11","FUEL TANK- RIG 713 JOB 7212","63937","FUEL TANK- RIG 713 JOB 7212","2668.55"
"17353","V-001120","2026-01-31","HAULED SUPPLIES ","48305","HAULED SUPPLIES ","13365"
"17386","V-001262","2026-02-04","EDGE MULCH","6153","EDGE MULCH","519.55"
"17440","V-002251","2026-02-05","RIG 103 INSPECTION","1031","RIG 103 INSPECTION","300"
"17428","V-000679","2026-02-05","FUEL TANK-103","137840","FUEL TANK-103","1819.5"
"17392","V-000750","2026-02-04","HAULED CAT EXCAVATOR","1011277","HAULED CAT EXCAVATOR","720"
"17382","V-001262","2026-02-02","HAULED GENERATOR","6144","HAULED GENERATOR","359.38"
"17388","V-000750","2026-02-04","HAULED CAT 349 EXCAVATOR ","1011278","HAULED CAT 349 EXCAVATOR ","1740.5"
"17426","V-000679","2026-02-05","FUEK TANK-RIG 250 ","137839","FUEK TANK-RIG 250 ","2078.96"
"17432","V-002238","2026-02-05","MELT-SNOW & ICE ","93551397","MELT-SNOW & ICE ","141.68"
"17390","V-000750","2026-02-04","HAULED EXCAVATOR-52-0944","1011276","HAULED EXCAVATOR-52-0944","1005"
"17394","V-001262","2026-02-04","HYDROGEL PLUS","6138","HYDROGEL PLUS","1098"
"17424","V-001262","2026-02-05","SWITCHGRASS FILTER SOCK","6133","SWITCHGRASS FILTER SOCK","20881.6"
"17384","V-001262","2026-02-04","HAULED ROAD PLATES","6146","HAULED ROAD PLATES","431.25"
"17400","V-001262","2026-02-04","HYDROGELPLUS ","6141","HYDROGELPLUS ","1758.5"
"17420","V-001262","2026-02-04","4'' PERF PIPE","6131","4'' PERF PIPE","540.28"
"17416","V-002066","2026-02-04","PORTA JOHN RENTAL ","5070","PORTA JOHN RENTAL ","205"
"17422","V-001262","2026-02-04","EROSION BLANKET","6132","EROSION BLANKET","319.42"
"17396","V-001262","2026-02-04","CITRIC ACID","6139","CITRIC ACID","1290.48"
"17442","V-001262","2026-02-05","HYDROGELPLUS ","6142","HYDROGELPLUS ","695.8"
"17398","V-001262","2026-02-04","HYDROGELPLUS ","6140","HYDROGELPLUS ","973"
"18451","V-002251","2026-02-05","RIG 2 INSPECTION","YR0022","RIG 2 INSPECTION","300"
"18645","V-001945","2026-02-17","WASTE REMOVAL ","600891149624","WASTE REMOVAL ","1905.35"
"17571","V-001262","2026-02-10","26-CWS","6156","EDGE MULCH","757.05"
"17565","V-001069","2026-02-09","OTC/FROSTY ANNUAL RYE","1847A","OTC/FROSTY ANNUAL RYE","1253.3"
"17569","V-001262","2026-02-10","HAULED SKID STEER","6164","HAULED SKID STEER","431.25"
"17533","V-001678","2026-02-05","100W/LED HP LAMP","1825668100","100W/LED HP LAMP","202.94"
"17613","V-000782","2026-02-11","CHIPPED ROAD ","20180453","CHIPPED ROAD ","602.5"
"17549","V-000679","2026-02-07","FUEL TANK-RIG 101","137972","FUEL TANK-RIG 101","2251.45"
"17589","V-001214","2026-02-10","3 MAN CREW W/TRUCK LABOR","535669","3 MAN CREW W/TRUCK LABOR","31010"
"17557","V-000306","2026-02-09","D6 CAT RENTAL","EQP0017381","D6 CAT RENTAL","8980"
"17539","V-001877","2026-02-06","GENERATOR RENTAL","256005276003","GENERATOR RENTAL","1645.13"
"17615","V-000782","2026-02-11","CHIPPED ROAD ","20180477","CHIPPED ROAD ","735"
"17537","V-000945","2026-02-06","FUEL FOR RIG 213","3010925","FUEL FOR RIG 213","803.06"
"17535","V-001439","2026-02-06","PORTA JOHN RENTAL","I7768","PORTA JOHN RENTAL","291.5"
"17563","V-001262","2026-02-09","ORANGE FENCE","6155","ORANGE FENCE","542.08"
"17573","V-001262","2026-02-10","SWITCHGRASS FILTER SOCK","6157","SWITCHGRASS FILTER SOCK","5843.35"
"17599","V-001069","2026-02-10","OTC/FROSTY ANNUAL RYE","1849A","OTC/FROSTY ANNUAL RYE","1413.45"
"17575","V-001262","2026-02-10","HAULED 40'' POLY PIPE ","6165","HAULED 40'' POLY PIPE ","287.5"
"17611","V-000782","2026-02-11","SPREAD STONE","20180452","SPREAD STONE","900"
"17541","V-001262","2026-02-06","CUT & DRY 100","6135","CUT & DRY 100","3401.25"
"17547","V-001262","2026-02-06","SWITCHGRASS FILTER SOCK","6134","SWITCHGRASS FILTER SOCK","1728.5"
"17667","V-001331","2026-02-12","HAULED DRILL MUD","CDE021226A","HAULED DRILL MUD","1187.5"
"17677","V-000679","2026-02-12","FUEL TANK-RIG 103 JOB 7250","138990","FUEL TANK-RIG 103 JOB 7250","610.58"
"17679","V-000679","2026-02-12","FUEL TANK- RIG 250 JOB 7257","138992","FUEL TANK- RIG 250 JOB 7257","2526.81"
"17635","V-001439","2026-02-11","PORTA JOHN RENTAL","I7795","PORTA JOHN RENTAL","291.5"
"17671","V-000207","2026-02-12","26-CWS","27089","KELLY HOSE W FIG 200","7040"
"17631","V-000306","2026-02-11","Glass","PRT0073183","Glass","255.66"
"17687","V-000190","2026-02-13","WASTE DISPOSAL ","BSC29314","WASTE DISPOSAL ","6468.44"
"17637","V-001111","2026-02-11","WELL MARKER FOR WELL 7518","915N","WELL MARKER FOR WELL 7518","240.92"
"17651","V-001702","2026-02-12","FUEL TANK-RIG 248 JOB 7221","2204731","FUEL TANK-RIG 248 JOB 7221","1269.86"
"17647","V-001702","2026-02-12","FUEL TANK-213 JOB 7201","2205189","FUEL TANK-213 JOB 7201","1502.27"
"17681","V-001702","2026-02-12","FUEL TANK- RIG 243 JOB 7234","2206557","FUEL TANK- RIG 243 JOB 7234","435.59"
"17639","V-001331","2026-02-11","HAULED DRILL MUD","CDE021126A","HAULED DRILL MUD","1406.25"
"17643","V-001262","2026-02-11","HAULED SKID STEER","6172","HAULED SKID STEER","359.38"
"17689","V-000136","2026-02-13","26-CWS","INV34043712","STONE","7628.52"
"17691","V-001262","2026-02-13","HAULED HAMMER ATTACHMENT","6174","HAULED HAMMER ATTACHMENT","287.5"
"17697","V-001262","2026-02-13","DRINKING WATER","6162","DRINKING WATER","100.2"
"17695","V-001262","2026-02-13","HYDROGEL PLUS/THINNER","6161","HYDROGEL PLUS/THINNER","1708.04"
"17655","V-001262","2026-02-13","HAULED SIDE BY SIDE ","6171","HAULED SIDE BY SIDE ","431.25"
"17693","V-001262","2026-02-13","EROSION BLANKET","6159","EROSION BLANKET","1328.69"
"17685","V-000246","2026-02-12","FUEL TANK-RIG 214 JOB 7240","64181","FUEL TANK-RIG 214 JOB 7240","3769.32"
"17645","V-000190","2026-02-11","WSATE DISPOSAL ","BSC29313","WSATE DISPOSAL ","8288.25"
"17665","V-000136","2026-02-12","STONE","INV34043644","STONE","6256.84"
"17673","V-000679","2026-02-12","FUEL TANK-RIG 101JOB 7255","138823","FUEL TANK-RIG 101JOB 7255","3438.01"
"17641","V-001262","2026-02-11","SWITCHGRASS FILTER SOCK","6158","SWITCHGRASS FILTER SOCK","9529.59"
"17669","V-001331","2026-02-12","HAULED DRILL MUD","CDE021226B","HAULED DRILL MUD","1250"
"17675","V-000679","2026-02-12","FUEL TANK-RIG 103 JOB 7250","138824","FUEL TANK-RIG 103 JOB 7250","1869.5"
"17683","V-001995","2026-02-12","GARY MARY","8161012N","GARY MARY","1221"
"17653","V-001702","2026-02-12","FUEL TANK-RIG 237 JOB 7247","2204784","FUEL TANK-RIG 237 JOB 7247","2738.8"
"17710","V-001348","2026-02-13","BOWL/INSERTS,DIRECTIONAL","194468","BOWL/INSERTS,DIRECTIONAL","5984.35"
"17712","V-001348","2026-02-13","BUSHING,ASSEMBLY","194470","BUSHING,ASSEMBLY","3825.04"
"17751","V-001262","2026-02-11","HAULED CONDUCTOR","6167","HAULED CONDUCTOR","503.13"
"17753","V-001439","2026-02-12","PORTA JOHN RENTAL ","I7821","PORTA JOHN RENTAL ","291.5"
"17757","V-001348","2026-02-13","COUPLING/BUSHING/PLUG","194473","COUPLING/BUSHING/PLUG","855.17"
"17742","V-000945","2026-02-13","MISC LABOR ","3010930","MISC LABOR ","8616.6"
"17760","V-000502","2026-02-13","HAULED EXCAVATOR ","3538","HAULED EXCAVATOR ","1705"
"17762","V-001115","2026-02-13","LODGING-E.HALL","10028294665","LODGING-E.HALL","377.4"
"28568","V-000654","2026-01-15","WASTE DISPOSAL ","73937","WASTE DISPOSAL ","2410"
"28578","V-001262","2026-03-09","HAULED JD MINI","6326","HAULED JD MINI","431.25"
"28685","V-001262","2026-03-11","HAULED CONDUCTOR","6323","HAULED CONDUCTOR","431.25"
"28677","V-001262","2026-03-11","HAULED CUT & DRY","6313","HAULED CUT & DRY","354.62"
"28681","V-000136","2026-03-11","STONE","INV34045387","STONE","3086.99"
"28689","V-000945","2026-03-11","HAULED CLEAN MATS","3010946","HAULED CLEAN MATS","18560"
"28693","V-001356","2026-03-12","STAPLES/WIRE TIES","031226","STAPLES/WIRE TIES","831.04"
"28679","V-000136","2026-03-11","STONE","INV34045339","STONE","751.66"
"28699","V-001702","2026-03-12","FUEL TANK-FLAD FORK CAMP RUN","2249903","FUEL TANK-FLAD FORK CAMP RUN","2183.75"
"28695","V-000903","2026-03-12","GYROSCOPIC SURVEY","7104","GYROSCOPIC SURVEY","4500"
"28691","V-001262","2026-03-11","HAULED RIG MATS","6327","HAULED RIG MATS","503.13"
"28697","V-000903","2026-03-12","26-CWS","7105","GYROSCOPIC SURVEY","4500"
"28675","V-001702","2026-03-11","FUEL TANK-RIG 102 JOB 7187","2247153","FUEL TANK-RIG 102 JOB 7187","1534.09"
"28687","V-000322","2026-03-11","DAILY RATE/TOOL HUNG IN HOLE","0114737IN","DAILY RATE/TOOL HUNG IN HOLE","2578"
"28907","V-001702","2026-03-19","FUEL TANK POLAR VORTEX","2258962","FUEL TANK POLAR VORTEX","10981.29"
"28889","V-001675","2026-03-16","24-CDE","9185","LODGING-D.MCCOWIEN","311.88"
"28791","V-001675","2026-03-13","LODGING-D.MCCOWIEN","9282","LODGING-D.MCCOWIEN","427.26"
"28799","V-000722","2026-03-14","RIG 221 LABOR WE 03/08-03/14/26","000000011450","RIG 221 LABOR WE 03/08-03/14/26","7956.14"
"28801","V-000722","2026-03-14","RIG 220 LABOR WE 03/08-03/14/26","000000011449","RIG 220 LABOR WE 03/08-03/14/26","5734.23"
"28787","V-001702","2026-03-13","FUEL TANK-RIG 243 JOB 7227","2250289","FUEL TANK-RIG 243 JOB 7227","1671.87"
"28785","V-001702","2026-03-13","FUEL TANK-RIG 248 JOB 7221","2250350","FUEL TANK-RIG 248 JOB 7221","925.32"
"28807","V-000722","2026-03-14","RIG 213 LABOR WE 03/08-03/14/26","000000011446","RIG 213 LABOR WE 03/08-03/14/26","2283.23"
"28819","V-000566","2026-03-15","COMPOSITE MAT RENTAL","20260072","COMPOSITE MAT RENTAL","14500"
"28805","V-000722","2026-03-14","RIG 214 LABOR WE 03/08-03/14/26","000000011447","RIG 214 LABOR WE 03/08-03/14/26","7281.32"
"28811","V-000722","2026-03-14","RIG 212 LABOR WE 03/08-03/14/26","000000011444","RIG 212 LABOR WE 03/08-03/14/26","7648.86"
"28809","V-000722","2026-03-14","RIG 212 LABOR WE 03/08-03/14/26","000000011445","RIG 212 LABOR WE 03/08-03/14/26","6026.92"
"28803","V-000722","2026-03-14","RIG 220 LABOR WE 03/08-03/14/26","000000011448","RIG 220 LABOR WE 03/08-03/14/26","2269.25"
"28813","V-000566","2026-03-15","COMPOSITE MAT RENTAL","20260069","COMPOSITE MAT RENTAL","2820"
"28815","V-000566","2026-03-15","26-CWS","20260070","COMPOSITE MAT RENTAL","6960"
"28817","V-000566","2026-03-15","COMPOSITE MAT RENTAL","20260071","COMPOSITE MAT RENTAL","2190"
"28825","V-000246","2026-03-16","FUEL TANK-RIG 713 JOB 7280","67431","FUEL TANK-RIG 713 JOB 7280","6911.42"
"28793","V-000722","2026-03-14","RIG 237 LABOR WE 03/08-03/14/26","000000011451","RIG 237 LABOR WE 03/08-03/14/26","11383.41"
"28829","V-001675","2026-03-16","LODGING-B.BLACK","9312","LODGING-B.BLACK","311.88"
"28833","V-001675","2026-03-16","LODGING B S BLACK","9209","LODGING B S BLACK","545.79"
"28901","V-001702","2026-03-18","FUEL TANK-RIG 247 JOB 7258","2257307","FUEL TANK-RIG 247 JOB 7258","2965.69"
"28831","V-001675","2026-03-16","LODGING-D.CHEE","9326","LODGING-D.CHEE","545.79"
"28877","V-001266","2026-03-16","DRILL BIT SET 29PC","182700","DRILL BIT SET 29PC","160.28"
"28771","V-001266","2026-03-13","230PCS ROLL PIN KIT","182591","230PCS ROLL PIN KIT","19.7"
"28887","V-001675","2026-03-16","LODGING-D.MCCOWIEN","9174","LODGING-D.MCCOWIEN","77.97"
"28891","V-001675","2026-03-16","LODGING-D.CHEE","9211","LODGING-D.CHEE","545.79"
"28827","V-000797","2026-03-16","55KW GENERATOR","36349538001","55KW GENERATOR","3996.66"
"28821","V-000246","2026-03-16","FUEL TANK-RIG 221 JOB WELL MD-43","67487","FUEL TANK-RIG 221 JOB WELL MD-43","5015.67"
"28895","V-001675","2026-03-16","LODGING-D.MCCOWIEN","9256","LODGING-D.MCCOWIEN","311.88"
"28893","V-001675","2026-03-16","LODGING-S.NESTOR","9230","LODGING-S.NESTOR","233.91"
"28897","V-001702","2026-03-17","26-CWS","2255623","FUEL TANK RIG 249 JOB 7261","1920.54"
"28899","V-000246","2026-03-18","FUEL TANK RIG 212 JOB 7230","67752","FUEL TANK RIG 212 JOB 7230","5349.81"
"28905","V-001702","2026-03-19","26-CWS","2257294","FUEL TANK-RIG 243 JOB 7227","1711.83"
"28930","V-001115","2026-03-12","LODGING-C.HILSON","10028442305","LODGING-C.HILSON","377.4"
"28932","V-001115","2026-03-13","26-CWS","10028447502","LODGING-J.PECK","471.75"
"28962","V-001135","2026-03-11","GRAY CEMENT/PVC CEMENT","521075","GRAY CEMENT/PVC CEMENT","2211.38"
"28950","V-001675","2026-03-22","LODGING-B.BLACK","9322","LODGING-B.BLACK","77.97"
"28946","V-001675","2026-03-20","LODGING-B.BLACK","9319","LODGING-B.BLACK","155.94"
"28926","V-001115","2026-03-12","LODGING-E.HALL","10028446681","LODGING-E.HALL","377.4"
"28948","V-001877","2026-03-21","ROLLER RENTAL ","259576374001","ROLLER RENTAL ","4052"
"28936","V-001702","2026-03-18","FUEL TANK- RIG 238 JOB 7267","2257357","FUEL TANK- RIG 238 JOB 7267","5456.68"
"28940","V-000666","2026-03-19","CHAIN SAW/CHAIN LOOP","404259","CHAIN SAW/CHAIN LOOP","2307.12"
"28970","V-001262","2026-03-11","HYDROGEL PLUS/MUD EXTENDER","6294","HYDROGEL PLUS/MUD EXTENDER","1124.25"
"28976","V-001262","2026-03-12","HAULED JD MINI 60","6334","HAULED JD MINI 60","431.25"
"28972","V-001262","2026-03-11","26-CWS","6295","CUT & DRY 100","3288.75"
"28928","V-001115","2026-03-12","LODGING-K.MORGAN","10028442678","LODGING-K.MORGAN","283.05"
"28978","V-001214","2026-03-12","3 MAN CREW/TRUCK LABOR","536118","3 MAN CREW/TRUCK LABOR","659.6"
"28966","V-001262","2026-03-11","HYDRO GEL PLUS/CITRIC ACID","6292","HYDRO GEL PLUS/CITRIC ACID","1612.1"
"28974","V-001262","2026-03-11","QUICK CREATE","296","QUICK CREATE","451.15"
"28942","V-001702","2026-03-19","FUEL TANK-RIG 248 JOB 7221","2258912","FUEL TANK-RIG 248 JOB 7221","1268.87"
"28934","V-001877","2026-03-17","UTV 4WD 4 SEAT CAB","246156536013","UTV 4WD 4 SEAT CAB","1095"
"28952","V-001675","2026-03-22","24-CDE","9327","LODGING-D.MCCOWIEN","77.97"
"28964","V-001262","2026-03-11","CUT & DRY 100","6291","CUT & DRY 100","1628"
"28968","V-001262","2026-03-11","DRINKING WATER","6293","DRINKING WATER","230.4"
"28980","V-001262","2026-03-12","HAULED JD 60 MINI","6328","HAULED JD 60 MINI","287.5"
"28982","V-001356","2026-04-01","PAIR OF WIRE CUTTERS","031126","PAIR OF WIRE CUTTERS","21.2"
"28984","V-000136","2026-03-11","STONE","INV34045393","STONE","2824.99"
"29097","V-000396","2026-03-13","PERMITS","UL01500508","PERMITS","491.18"
"29008","V-000396","2025-12-15","PERMITS","UL01497111","PERMITS","517.48"
"29012","V-000396","2025-12-31","PERMITS","UL01497704","PERMITS","969.64"
"29069","V-001214","2026-03-12","3 MAN CREW/TRUCK LABOR","536117","3 MAN CREW/TRUCK LABOR","3115"
"29185","V-000396","2026-03-31","PERMITS","UL01501178","PERMITS","382.32"
"29026","V-000396","2025-11-26","PERMITS","UL01496417","PERMITS","976.84"
"29052","V-000580","2026-03-11","RIG LABOR WE 03082026","201","RIG LABOR WE 03082026","11065"
"29038","V-000396","2026-02-27","PERMITS","UL01499945","PERMITS","130.06"
"29107","V-001111","2026-03-20","26-CWS","935N","WELL MARKER","240.92"
"29050","V-001266","2026-03-10","RETREVIS RADIOA","182403","RETREVIS RADIOA","333.2"
"29198","V-001262","2026-03-09","DEF 2.5 GALLONS","6286","DEF 2.5 GALLONS","184.2"
"29200","V-000322","2026-03-11","DAILY RATE/NG,3 ARM CAL,CCL","0114740IN","DAILY RATE/NG,3 ARM CAL,CCL","6479.2"
"29202","V-000502","2026-03-12","HAULING JUNK TUB","3553","HAULING JUNK TUB","725"
"29204","V-000338","2026-03-12","WATER HAULING","14624","WATER HAULING","1672.32"
"29442","V-000136","2026-02-19","STONE","INV34044006","STONE","12776.85"
"29274","V-000343","2026-03-03","UNIFORM RENTAL ","4261420815","UNIFORM RENTAL ","2680.29"
"29276","V-000343","2026-03-10","UNIFORM RENTAL ","4262141961","UNIFORM RENTAL ","6952.04"
"31229","V-000375","2026-02-28","D&T","700021","D&T","16660"
"29382","V-000656","2026-03-31","F4S SAFETY ADMIN SERVICES","8999615","F4S SAFETY ADMIN SERVICES","10213.38"
"29437","V-000136","2026-02-24","STONE","INV34044298","STONE","5044.89"
"29418","V-000136","2026-02-23","STONE","INV34044199","STONE","5029.98"
"29656","V-001237","2025-11-21","STONE","10545","STONE","632.5"
"29427","V-000136","2026-02-20","STONE","INV34044103","STONE","5076.02"
"31661","V-001439","2026-02-20","PORTA JOHN RENTAL ","I7856","PORTA JOHN RENTAL ","338.14"
"36170","V-001098","2026-01-31","MEC CHARGES BILLED TO CWS","5812930606","MEC CHARGES BILLED TO CWS","15123.32"
"37071","V-001435","2026-03-13","LODGING-W.METZGER","80643667","LODGING-W.METZGER","560"
"13064","V-000903","2025-11-20","GYROSCOPIC SURVEY","7034","GYROSCOPIC SURVEY","4500"
"13062","V-000903","2025-11-07","GYROSCOPIC SURVEY","7029","GYROSCOPIC SURVEY","4500"
"13084","V-001435","2025-12-05","26-CWS","79644195","LODGING-T.CORNELL","355.2"
"13092","V-001435","2025-12-05","LODGING-Z.BENNETT","79644167","LODGING-Z.BENNETT","444"
"13090","V-001435","2025-12-05","LODGING-T.BORKOWSKI","79644192","LODGING-T.BORKOWSKI","355.2"
"13086","V-001435","2025-12-05","LODGING-I.EZELL","79644194","LODGING-I.EZELL","444"
"13088","V-001435","2025-12-05","LODGING-B.DONATE","79644193","LODGING-B.DONATE","355.2"
"13094","V-001435","2025-12-05","LODGING.N.BENNETT","79644166","LODGING.N.BENNETT","444"
"13096","V-001435","2025-12-05","LODGING-B.FREEMAN","79644157","LODGING-B.FREEMAN","444"
"13098","V-001435","2025-12-05","LODGING-D.HALL","79644156","LODGING-D.HALL","355.2"
"13503","V-001331","2026-01-08","WATER TRUCK","CDE010826A","WATER TRUCK","7750"
"13483","V-001348","2025-12-23","BARREL/PLUNGER","193356","BARREL/PLUNGER","1667.4"
"13485","V-001877","2025-12-23","UTV RENTAL ","246156536010","UTV RENTAL ","1095"
"13487","V-001702","2025-12-23","FUEL RIG 102","2110269","FUEL RIG 102","1195.99"
"13489","V-000951","2025-12-27","7"" CASING","1083710","7"" CASING","19612.5"
"13495","V-000797","2026-01-05","HVAC DUCT WYE ADAPTER","36182629001","HVAC DUCT WYE ADAPTER","494.61"
"13497","V-000797","2026-01-05","BTU SELF CONTAIN HEATER ","89932118001","BTU SELF CONTAIN HEATER ","1257.25"
"13453","V-001877","2025-11-05","LIGHT TOWER RENTAL","254598171001","LIGHT TOWER RENTAL","581.94"
"13501","V-001331","2026-01-07","WATER TRUCK","CDE010726A","WATER TRUCK","3312.5"
"13491","V-001877","2026-01-02","SKID RENTAL","242600835014","SKID RENTAL","3352.78"
"13459","V-001115","2025-12-12","LODGING-H.HOWELL","10027962647","LODGING-H.HOWELL","93.9"
"13467","V-001945","2025-12-16","WASTE REMOVAL ","600882549626","WASTE REMOVAL ","1224.89"
"13473","V-000223","2025-12-18","24-CDE","07123108","RENTAL","3577.5"
"13479","V-001348","2025-12-19","CUP,SEATING/CAGE","192966","CUP,SEATING/CAGE","808.23"
"13509","V-000679","2026-01-13","FUEL TANK-RIG 101 JOB 7255","133194","FUEL TANK-RIG 101 JOB 7255","801"
"13538","V-001115","2026-01-16","LODGING-G.GREEN","10028144973","LODGING-G.GREEN","471.75"
"13542","V-001115","2026-01-16","LODGING-J.HELDRETH","10028144733","LODGING-J.HELDRETH","471.75"
"13552","V-001115","2026-01-16","LODGING-E.HALL","10028144408","LODGING-E.HALL","377.4"
"13546","V-001115","2026-01-16","LODGING-J.HUDNALL","10028144626","LODGING-J.HUDNALL","471.75"
"13536","V-001715","2026-01-14","LIGHT TOWER RENTAL","1768887130003","LIGHT TOWER RENTAL","1527.26"
"13526","V-000797","2026-01-09","BTU SELF CONTAIN HEATER ","36182187002","BTU SELF CONTAIN HEATER ","1736.22"
"13532","V-000797","2026-01-12","UTV RENTAL ","36180819002","UTV RENTAL ","975.93"
"13586","V-000969","2026-01-21","FISHING TOOLS","1420256","FISHING TOOLS","1636.54"
"13540","V-001115","2026-01-16","LODGING-T.FORD","10028144743","LODGING-T.FORD","377.4"
"13584","V-000823","2026-01-20","HOT WATER/CALCIUM","5327","HOT WATER/CALCIUM","1070"
"13608","V-001675","2026-01-21","LODGING-L.BRYANT","8942","LODGING-L.BRYANT","311.88"
"13598","V-001133","2026-01-14","INSERT / PLUG","4137567","INSERT / PLUG","930"
"13544","V-001115","2026-01-16","LODGING-B.BARKLEY","10028144725","LODGING-B.BARKLEY","377.4"
"13528","V-000797","2026-01-09","UTV RENTAL ","36197378001","UTV RENTAL ","1455.2"
"13630","V-002269","2026-01-20","RIG 237 JOB 7147","59528","RIG 237 JOB 7147","2348.47"
"13632","V-002269","2025-12-22","RIG 215 JOB 7223","55621","RIG 215 JOB 7223","3119.4"
"13644","V-000951","2026-01-13","CASING","3103076","CASING","35596.45"
"13759","V-001702","2026-01-22","HUNDRED ON ROAD FUEL TANK","2177856","HUNDRED ON ROAD FUEL TANK","385.49"
"13699","V-001262","2025-12-31","GEO ROAD FABRIC ","6021","GEO ROAD FABRIC ","6764"
"13703","V-001995","2026-01-12","WELDING LABOR ","8336012","WELDING LABOR ","774.18"
"13715","V-000306","2026-01-20","D6N","EQP013766","D6N","8980"
"13731","V-000475","2026-01-22","HAULED WATER","007312","HAULED WATER","512.5"
"13739","V-001702","2026-01-22","FUEL TANK-RIG 242 JOB 7232","2161273","FUEL TANK-RIG 242 JOB 7232","1281.06"
"13747","V-000978","2026-01-22","SUPER VAC RENTAL","0753602801","SUPER VAC RENTAL","7075.48"
"13741","V-001741","2026-01-22","HAULED WATER","605351","HAULED WATER","2832.5"
"13743","V-001741","2026-01-22","HAULED WATER","605350","HAULED WATER","3625.6"
"13745","V-001741","2026-01-22","HAULED WATER","605352","HAULED WATER","4758.6"
"13753","V-000679","2026-01-22","FUEL TANK-RIG 101 JOB 7255","134986","FUEL TANK-RIG 101 JOB 7255","373.97"
"13757","V-000190","2026-01-22","WASTE DISPOSAL ","BSC29037","WASTE DISPOSAL ","5929.85"
"13755","V-000679","2026-01-22","FUEL TANK-RIG 101 JOB 7255","134792","FUEL TANK-RIG 101 JOB 7255","1886.86"
"13812","V-001115","2026-01-23","LODGING-R.KUHN","10028184076","LODGING-R.KUHN","754.8"
"13766","V-000969","2026-01-22","FISHING TOOLS","1420302","FISHING TOOLS","2575.82"
"13830","V-001115","2026-01-23","LODGING-J.HELDRETH","10028183473","LODGING-J.HELDRETH","283.05"
"13808","V-000823","2026-01-23","HMIX HOT WATER","5377","HMIX HOT WATER","1580"
"13818","V-000782","2026-01-23","PLOWED SNOW ","20180197","PLOWED SNOW ","380"
"13796","V-000475","2026-01-22","WATER HAULING","007313","WATER HAULING","250"
"13802","V-001702","2026-01-23","FUEL TANK-RIG 243 JOB 7234","2164937","FUEL TANK-RIG 243 JOB 7234","870.07"
"13824","V-001115","2026-01-23","LODGING-S.NESTOR","10028169507","LODGING-S.NESTOR","188.7"
"13816","V-000782","2026-01-23","PLOWED ACCESS ROAD ","20180195","PLOWED ACCESS ROAD ","807.5"
"13804","V-001702","2026-01-23","FUEL TANK-RIG 238 JOB 7213","2162231","FUEL TANK-RIG 238 JOB 7213","254.22"
"13814","V-001115","2026-01-23","LODGING-J.HELDRETH","10028184067","LODGING-J.HELDRETH","471.75"
"13806","V-001702","2026-01-23","FUEL TANK-243 JOB 7234","2165633","FUEL TANK-243 JOB 7234","1109.01"
"13820","V-000782","2026-01-23","PLOW & STONE","20180196","PLOW & STONE","485"
"13832","V-001115","2026-01-23","LODGING-R.KUHN","10028181633","LODGING-R.KUHN","946.9"
"13786","V-001266","2026-01-22","RECHARGE D BATTERY KIT","180124","RECHARGE D BATTERY KIT","432.68"
"13828","V-001115","2026-01-23","LODGING-G.GREEN","10028181801","LODGING-G.GREEN","471.75"
"14183","V-001115","2026-02-09","LODGING-J.HUDNALL","10028264454","LODGING-J.HUDNALL","471.75"
"14189","V-001115","2026-02-09","LODGING-H.HOWELL","10028264305","LODGING-H.HOWELL","471.75"
"13933","V-000782","2026-01-28","CHIPPED ROAD ","20180239","CHIPPED ROAD ","380"
"13999","V-000722","2026-01-31","RIG 249 LABOR WE 01/25-01/3126","00007822","RIG 249 LABOR WE 01/25-01/3126","1323.76"
"14105","V-000782","2026-02-03","PLOWED","20180275","PLOWED","380"
"13893","V-001331","2026-01-22","HAULED DRILLMUD/WATER","CDE012226A","HAULED DRILLMUD/WATER","12093.75"
"13931","V-000666","2026-01-28","CHAIN LOOP/BAR OIL","403005","CHAIN LOOP/BAR OIL","667.8"
"14001","V-000722","2026-01-31","26-CWS","00007823","RIG 251 LABOR WE 01/25-01/3126","300.28"
"14083","V-000807","2026-02-02","26-CWS","701047","PORTABLE PRO HEATER","224.99"
"14087","V-000157","2026-02-02","RIG 11 JOB TERRY LITZERMAN","34631","RIG 11 JOB TERRY LITZERMAN","1260"
"14137","V-001135","2026-02-05","COASTAL SEED BLEED 50#","515609","COASTAL SEED BLEED 50#","149.49"
"14089","V-000246","2026-02-02","FUEL TANK-RIG102 JOB 7187","62390","FUEL TANK-RIG102 JOB 7187","1968.99"
"14113","V-000136","2026-02-04","STONE","INV34043327","STONE","7616.83"
"14141","V-000951","2026-02-05","26-CWS","1083884","CASING","68145.2"
"14153","V-000136","2026-02-06","STONE","INV34043400","STONE","2357.98"
"14163","V-000782","2026-02-06","PLOW TRUCK","20180352","PLOW TRUCK","640"
"14167","V-000207","2026-02-06","KELLY HOSE W/MPT","27085","KELLY HOSE W/MPT","2300"
"14169","V-000951","2026-02-06","FLAPPER VALVE","3103293","FLAPPER VALVE","267.5"
"13923","V-002238","2026-01-27","BUSHING/CAMLOCK","93547736","BUSHING/CAMLOCK","199.05"
"13959","V-001135","2026-01-30","PROPANE TANK FILL ","514602","PROPANE TANK FILL ","37.38"
"13889","V-000246","2026-01-23","FUEL TANK-RIG 713 JOB 7212","60441","FUEL TANK-RIG 713 JOB 7212","2890.49"
"13897","V-000322","2026-01-26","DAILY RATE/GYRO DEV","0114590IN","DAILY RATE/GYRO DEV","3450"
"13985","V-000722","2026-01-31","RIG 103 LABOR WE 01/25-01/3126","00007615","RIG 103 LABOR WE 01/25-01/3126","2154.32"
"14015","V-000815","2026-01-31","LODGING-J.FARRAR","14049","LODGING-J.FARRAR","814.74"
"14071","V-000679","2026-02-02","FUEL TANK-RIG 103 JOB 7271","136798","FUEL TANK-RIG 103 JOB 7271","1818.04"
"14021","V-000815","2026-01-31","LODGING-J.HUMPHREY","14024","LODGING-J.HUMPHREY","132.09"
"14149","V-000136","2026-02-05","STONE","INV34043387","STONE","5284.25"
"13917","V-001945","2026-01-27","WASTE DISPOSAL ","600887949623","WASTE DISPOSAL ","2279.95"
"13907","V-000782","2026-01-26","CHIPPED ROAD ","20180238","CHIPPED ROAD ","432.5"
"13927","V-000343","2026-01-28","UNIFORM RENTAL ","427638635","UNIFORM RENTAL ","2648.89"
"13919","V-002238","2026-01-27","26-CWS","93547733","GASKET-COUPLINGS","119.12"
"13945","V-001135","2026-01-29","PROPANE TANK FILL ","514330","PROPANE TANK FILL ","18.69"
"13961","V-001115","2026-01-30","LODGING-L.BRYANT","10028217726","LODGING-L.BRYANT","188.7"
"13965","V-001115","2026-01-30","LODGING-T.FORD","10028217770","LODGING-T.FORD","188.7"
"13973","V-000945","2026-01-30","MISC LABOR ","3010923","MISC LABOR ","10057.5"
"13983","V-000722","2026-01-31","RIG 220 LABOR WE 01/25-01/3126","00007722","RIG 220 LABOR WE 01/25-01/3126","2960.44"
"13975","V-000679","2026-01-30","FUEL TANK-RIG 103 JOB 7271","136606","FUEL TANK-RIG 103 JOB 7271","284.57"
"13981","V-000566","2026-01-31","COMPOSITE MAT RENTAL","20260030","COMPOSITE MAT RENTAL","7424"
"13987","V-000722","2026-01-31","RIG 215 LABOR WE 01/25-01/3126","00007721","RIG 215 LABOR WE 01/25-01/3126","1268.76"
"14005","V-000969","2026-01-31","FISHING TOOLS","1421754","FISHING TOOLS","25783.9"
"13991","V-000722","2026-01-31","RIG 237 LABOR WE 01/25-01/3126","00007816","RIG 237 LABOR WE 01/25-01/3126","5405.04"
"13993","V-000722","2026-01-31","RIG 238 LABOR WE 01/25-01/3126","00007817","RIG 238 LABOR WE 01/25-01/3126","6807.76"
"13885","V-000475","2026-01-22","26-CWS","007315","HAULED WATER","950"
"13883","V-000475","2026-01-22","HAULED WATER","007314","HAULED WATER","387.5"
"13891","V-001702","2026-01-23","FUEL TANK RIG 248 JOB 7221","2162150","FUEL TANK RIG 248 JOB 7221","737.6"
"13935","V-000782","2026-01-28","26-CWS","20180237","PLOW TRUCK-CHIP ROAD","380"
"13909","V-000309","2026-01-27","MOVED MUD PUMP ","8316","MOVED MUD PUMP ","4039"
"13921","V-002238","2026-01-27","MELT-ICE","93547735","MELT-ICE","154.53"
"13925","V-001135","2026-01-28","PROPANE TANK FILL ","514244","PROPANE TANK FILL ","56.07"
"13937","V-000782","2026-01-28","PLOW TRUCK AND CINDER","20180241","PLOW TRUCK AND CINDER","432.5"
"13947","V-001135","2026-01-30","DRILL SCREWS/PENNANT FLAG","514591","DRILL SCREWS/PENNANT FLAG","149.57"
"13949","V-000640","2026-01-30","12-1/2X432FT S200 WOV","1023900","12-1/2X432FT S200 WOV","890.4"
"13963","V-001115","2026-01-30","26-CWS","10028217803","LODGING-R.KUHN","377.4"
"13957","V-001135","2026-01-30","LARGE FLAKE PINE BEDDING","514595","LARGE FLAKE PINE BEDDING","73.9"
"13979","V-000679","2026-01-30","FUEL TANK-RIG 250 JOB 7254","136592","FUEL TANK-RIG 250 JOB 7254","1967.24"
"13995","V-000722","2026-01-31","RIG 242 LABOR WE 01/25-01/3126","00007818","RIG 242 LABOR WE 01/25-01/3126","1146.12"
"13989","V-000722","2026-01-31","RIG 221 LABOR WE 01/25-01/3126","00007724","RIG 221 LABOR WE 01/25-01/3126","3001.48"
"13971","V-000945","2026-01-30","MISC LABOR ","3010924","MISC LABOR ","5871.6"
"13997","V-000722","2026-01-31","RIG 247 LABOR WE 01/25-01/3126","00007821","RIG 247 LABOR WE 01/25-01/3126","1691.68"
"13977","V-000679","2026-01-30","FUEL TANK-RIG 103 JOB 7271","136593","FUEL TANK-RIG 103 JOB 7271","1819.5"
"14029","V-001115","2026-01-31","LODGING-E.HALL","10028224541","LODGING-E.HALL","566.1"
"14011","V-000815","2026-01-31","LODGING-D.MOORE","14046","LODGING-D.MOORE","528.36"
"14047","V-000265","2026-01-31","PORTA JOHN RENTAL RIG 221","25295","PORTA JOHN RENTAL RIG 221","400"
"14049","V-000265","2026-01-31","PORTA JOHN RENTAL ","25298","PORTA JOHN RENTAL ","400"
"14013","V-000815","2026-01-31","LODGING-J.HUMPHREY","14050","LODGING-J.HUMPHREY","1343.1"
"14009","V-000815","2026-01-31","LODGING-W.BARKER","14028","LODGING-W.BARKER","1211.01"
"14035","V-000969","2026-01-31","FISHING TOOLS","1421751","FISHING TOOLS","31413.88"
"14023","V-001115","2026-01-31","LODGING-H.HOWELL","10028224644","LODGING-H.HOWELL","283.05"
"14025","V-001115","2026-01-31","LODGING-J.HELDRETH","10028224643","LODGING-J.HELDRETH","188.7"
"14027","V-001115","2026-01-31","LODGING-J.HUDNALL","10028224544","LODGING-J.HUDNALL","283.05"
"14055","V-000265","2026-01-31","PORTA JOHN RENTAL ","25301","PORTA JOHN RENTAL ","400"
"14079","V-000903","2026-02-02","GYROSCOPIC SURVEY","7074","GYROSCOPIC SURVEY","4500"
"14063","V-000265","2026-01-31","PORTA JOHN RENTAL ","25305","PORTA JOHN RENTAL ","400"
"14081","V-000807","2026-02-02","HEATER","701031","HEATER","429.99"
"14093","V-000338","2026-02-03","PLOW AND CHIPPED","14489","PLOW AND CHIPPED","955.68"
"14097","V-000338","2026-02-03","CHIPPED ROAD ","14501","CHIPPED ROAD ","2985"
"14103","V-000782","2026-02-03","HAULED RECLAIM","20180274","HAULED RECLAIM","3255"
"14051","V-000265","2026-01-31","PORTA JOHN RENTAL ","25299","PORTA JOHN RENTAL ","400"
"14037","V-000265","2026-01-31","PORTA JOHN RENTAL RIG 215","25291","PORTA JOHN RENTAL RIG 215","400"
"14057","V-000265","2026-01-31","PORTA JOHN RENTAL ","25302","PORTA JOHN RENTAL ","400"
"14039","V-000265","2026-01-31","PORTA JOHN RENTAL RIG 249","25292","PORTA JOHN RENTAL RIG 249","400"
"14053","V-000265","2026-01-31","PORTA JOHN RENTAL ","25300","PORTA JOHN RENTAL ","400"
"14041","V-000265","2026-01-31","PORTA JOHN RENTAL RIG 212","25293","PORTA JOHN RENTAL RIG 212","400"
"14043","V-000265","2026-01-31","PORTA JOHN RENTAL RIG 237","25294","PORTA JOHN RENTAL RIG 237","400"
"14045","V-000265","2026-01-31","PORTA JOHN RENTAL ","25297","PORTA JOHN RENTAL ","400"
"14061","V-000265","2026-01-31","PORTA JOHN RENTAL ","25304","PORTA JOHN RENTAL ","90.3"
"14067","V-000782","2026-02-02","PLOWED AND CHIPPED","20180267","PLOWED AND CHIPPED","377.5"
"14131","V-002269","2026-02-05","FUEL TANK- RIG 237 JOB 7147","63170","FUEL TANK- RIG 237 JOB 7147","3636.25"
"14161","V-000904","2026-02-06","DELIVERED 942 CAT LOADER","71053","DELIVERED 942 CAT LOADER","405"
"14185","V-001115","2026-02-09","LODGING-E.HALL","10028264642","LODGING-E.HALL","471.75"
"14165","V-000207","2026-02-06","BUCK OF FOAM OUT ","27086","BUCK OF FOAM OUT ","220"
"14171","V-001135","2026-02-06","T-POST/CABLE TIE","515802","T-POST/CABLE TIE","149.89"
"14187","V-001115","2026-02-09","LODGING-J.HELDRETH","10028263995","LODGING-J.HELDRETH","471.75"
"14069","V-000679","2026-02-02","FUEL TANK-RIG 250 JOB 7254","136796","FUEL TANK-RIG 250 JOB 7254","3060.04"
"14091","V-000782","2026-02-03","SPREAD STONE","20180276","SPREAD STONE","2100"
"14073","V-000679","2026-02-02","FUEL TANK-RIG 103 JOB 7271","136940","FUEL TANK-RIG 103 JOB 7271","528.38"
"14075","V-000679","2026-02-02","FUEL TANK- RIG 101 JOB 7255","136799","FUEL TANK- RIG 101 JOB 7255","3639"
"14095","V-000338","2026-02-03","CHIPPED ROAD AT PICKEN PAW","14490","CHIPPED ROAD AT PICKEN PAW","1074.24"
"14077","V-000679","2026-02-02","FUEL TANK RIG 101 JOB 7255","137056","FUEL TANK RIG 101 JOB 7255","115.36"
"14107","V-001135","2026-02-04","GALV.NIPP/FASTENER","515381","GALV.NIPP/FASTENER","79.53"
"14125","V-000157","2026-02-04","RIG 250 JOB 7229","34655","RIG 250 JOB 7229","20378"
"14145","V-000782","2026-02-05","PLOWED AND CHIPPED","20180350","PLOWED AND CHIPPED","485"
"14155","V-000136","2026-02-06","STONE","INV34043449","STONE","1447.8"
"14173","V-000391","2026-02-08","26-CWS","314","HELEN GORDON #12","5880"
"14175","V-000969","2026-02-09","FISHING TOOLS","1422077","FISHING TOOLS","2349.4"
"14179","V-000246","2026-02-09","FUEL TANK-RIG 11 JOB 7231","60332","FUEL TANK-RIG 11 JOB 7231","3156.7"
"14121","V-000157","2026-02-04","RIG 101 JOB 7224","34653","RIG 101 JOB 7224","36073"
"14123","V-000157","2026-02-04","RIG 11 JOB 7231","34654","RIG 11 JOB 7231","7267"
"16173","V-001702","2026-02-06","FUEL TANK-RIG 247 JOB 7226","2189213","FUEL TANK-RIG 247 JOB 7226","2800.3"
"16205","V-001702","2026-02-10","FUEL TANK- RIG 251 JOB 7257","2195063","FUEL TANK- RIG 251 JOB 7257","1053.39"
"16185","V-001702","2026-02-06","FUEL TANK-RIG 212 JOB 7230","2188584","FUEL TANK-RIG 212 JOB 7230","2240.8"
"16191","V-001702","2026-02-09","FUEL TANK-RIG 213 JOB 7201","2193545","FUEL TANK-RIG 213 JOB 7201","1253.28"
"16177","V-001702","2026-02-02","FUEL TANK-ELM GROVE","2182051","FUEL TANK-ELM GROVE","1546.4"
"16187","V-001702","2026-02-06","FUEL TANK-RIG 251 JOB 7257","2188068","FUEL TANK-RIG 251 JOB 7257","1248.93"
"16193","V-001702","2026-02-09","FUEL TANK-RUFF CREEK","2192642","FUEL TANK-RUFF CREEK","2366.02"
"16199","V-001702","2026-02-09","26-CWS","2191820","FUEL TANK- RIG 102 JOB 7187","973.96"
"16197","V-001702","2026-02-09","FUEL TANK-RIG 243 JOB7234","2187746","FUEL TANK-RIG 243 JOB7234","1319.23"
"16195","V-001702","2026-02-09","FUEL TANK-RIG220 JOB 7233","2188646","FUEL TANK-RIG220 JOB 7233","2748.38"
"16183","V-001702","2026-02-04","FUEL TANK-RIG 212 JOB 7230","2186948","FUEL TANK-RIG 212 JOB 7230","1380.28"
"16201","V-001702","2026-02-10","FUEL TANK-HUNDRED ON ROAD ","2192665","FUEL TANK-HUNDRED ON ROAD ","2860.24"
"16189","V-001702","2026-02-09","26-CWS","2192849","FUEL TANK-RIG 2 JOB 7171","1256.28"
"16203","V-000246","2026-02-10","FUEL TANK RIG 2 JOB 7171","63860","FUEL TANK RIG 2 JOB 7171","5202.47"
"16179","V-001702","2026-02-03","FUEL TANK-RIG 248 JOB 7221","2186705","FUEL TANK-RIG 248 JOB 7221","615.25"
"16181","V-001702","2026-02-03","FUEL TANK RIG 102 JOB 7187","2185514","FUEL TANK RIG 102 JOB 7187","1072.65"
"14390","V-002140","2025-12-28","API CLASS A OILWELL","722162667","API CLASS A OILWELL","6533.8"
"18863","V-001214","2026-02-25","2 MAN CREW W/TRUCK","535873","2 MAN CREW W/TRUCK","1345.5"
"14726","V-001251","2025-12-31","BOREHOLE DRILLING","647301","BOREHOLE DRILLING","357795"
"27922","V-000656","2026-01-31","F4S FUEL TO CWS","8999614","F4S FUEL TO CWS","274.83"
"27968","V-000656","2026-03-20","23-SDI","8999613","F4S SAFETY ADMIN SERVICES","11642.13"
"28110","V-001229","2025-12-01","PORTA JOHN RENTAL ","R005391","PORTA JOHN RENTAL ","300"
"28170","V-001435","2026-01-24","LODGING-T.BORKOWSKI","80137143","LODGING-T.BORKOWSKI","188.7"
"28114","V-001250","2025-12-31","HDD CHARGES BILLED TO CWS","5212930606","HDD CHARGES BILLED TO CWS","3678.84"
"28122","V-000691","2026-01-16","4 DRUM 60.5 GALLON SUMP","INV169731","4 DRUM 60.5 GALLON SUMP","1187.95"
"28112","V-001435","2025-12-05","LODGING-L.ANDERSON","79644221","LODGING-L.ANDERSON","444"
"28184","V-001435","2026-01-30","LODGING-B.BARCLEY","80187695","LODGING-B.BARCLEY","188.7"
"28186","V-001435","2026-01-30","LODGING-P.ROWE","80187709","LODGING-P.ROWE","187.04"
"28108","V-001331","2025-10-30","HAULING DRILL MUD","CDE103025A","HAULING DRILL MUD","5812.5"
"28124","V-000823","2026-01-21","658 CEM 2082 SD 693 #8","5340","658 CEM 2082 SD 693 #8","2142.5"
"28188","V-001435","2026-01-30","24-CDE","80187710","LODGING-L.ANDERSON","188.7"
"28190","V-001435","2026-01-30","LODGING-T.BORKOWSKI","80187809","LODGING-T.BORKOWSKI","187.04"
"28212","V-002066","2026-02-28","PORTA JOHN RENTAL","5134","PORTA JOHN RENTAL","205"
"28206","V-000580","2026-02-24","RIG LABR WE 02/22/26","199","RIG LABR WE 02/22/26","11325"
"28204","V-001135","2026-02-20","SCREW EYE/TP HINGE","517906","SCREW EYE/TP HINGE","44.45"
"28210","V-001012","2026-02-27","PURCHASED 24 FEET OF PIPE","7681561","PURCHASED 24 FEET OF PIPE","1080"
"28200","V-001702","2026-02-20","26-CWS","2217703","FUEL TANK-RIG 102 JOB 7187","1524.5"
"28198","V-001702","2026-02-18","FUEL TANK-RIG 213 JOB 7201","2213317","FUEL TANK-RIG 213 JOB 7201","1045.64"
"28226","V-001435","2026-02-06","LODGING-K.KING","80258189","LODGING-K.KING","377.4"
"28236","V-001435","2026-02-06","LODGING-I.WILLIAMS","80258206","LODGING-I.WILLIAMS","377.4"
"28264","V-001435","2026-02-13","LODGING-K.KING","80330126","LODGING-K.KING","377.4"
"28272","V-001435","2026-02-13","LODGING-B.BARCLEY ","80330194","LODGING-B.BARCLEY ","283.05"
"28276","V-001435","2026-02-13","LODGING-B.DONATE","80330224","LODGING-B.DONATE","377.4"
"28284","V-001435","2026-02-14","LODGING-R.HEDRICK","80342901","LODGING-R.HEDRICK","471.75"
"28268","V-001435","2026-02-13","LODGING-T.CORNELL","80330184","LODGING-T.CORNELL","471.75"
"28242","V-001435","2026-02-06","LODGING-D.OGDEN","80258299","LODGING-D.OGDEN","471.75"
"28250","V-001435","2026-02-07","LODGING-E.CLARK","80270295","LODGING-E.CLARK","94.35"
"28274","V-001435","2026-02-13","LODGING-I.WILLIAMS","80330195","LODGING-I.WILLIAMS","377.4"
"28278","V-001435","2026-02-13","LODGING-M.SMITH","80330227","LODGING-M.SMITH","377.4"
"28286","V-001435","2026-02-20","LODGING-M.SMITH","80406003","LODGING-M.SMITH","377.4"
"28244","V-001435","2026-02-06","LODGING-T.BORKOWSKI","80258075","LODGING-T.BORKOWSKI","660.45"
"28314","V-001135","2026-02-20","CEMENT ","518055","CEMENT ","2266.73"
"28232","V-001435","2026-02-06","LODGING-T.CORNELL","80258204","LODGING-T.CORNELL","471.75"
"28260","V-001435","2026-02-12","LODGING-S.NESTOR","80318504","LODGING-S.NESTOR","283.05"
"28228","V-001435","2026-02-06","LODGING-E.CLARK","80258190","LODGING-E.CLARK","377.4"
"28234","V-001435","2026-02-06","LODGING-P.ROWE","80258205","LODGING-P.ROWE","377.4"
"28238","V-001435","2026-02-06","24-CDE","80258252","LODGING-B.DONATE","377.4"
"28282","V-001435","2026-02-13","LODGING-R.WALKER","80330310","LODGING-R.WALKER","188.7"
"28262","V-001435","2026-02-13","LODGING-L.CLARKSON","80330125","LODGING-L.CLARKSON","355.2"
"28266","V-001435","2026-02-13","LODGING-D.HALL","80330177","LODGING-D.HALL","471.75"
"28240","V-001435","2026-02-06","LODGING-W.METZGER","80258009","LODGING-W.METZGER","847.49"
"28288","V-001435","2026-02-20","LODGING-B.BARCLEY","80406075","LODGING-B.BARCLEY","377.4"
"28246","V-001435","2026-02-07","LODGING-.ANDERSON","80270292","LODGING-.ANDERSON","471.75"
"28280","V-001435","2026-02-13","LODGING-D.OGDEN","80330308","LODGING-D.OGDEN","471.75"
"28248","V-001435","2026-02-07","LODGING-T.CORNELL","80270293","LODGING-T.CORNELL","98.79"
"28290","V-001135","2026-02-23","SILTSAVER BELT FENCE","518413","SILTSAVER BELT FENCE","353.97"
"28270","V-001435","2026-02-13","LODGING-P.ROWE","80330193","LODGING-P.ROWE","377.4"
"28296","V-001135","2026-02-24","PROPANE TANK FILL ","518539","PROPANE TANK FILL ","74.76"
"28224","V-001435","2026-02-06","LODGING-B.BARCLEY","80258085","LODGING-B.BARCLEY","377.4"
"28230","V-001435","2026-02-06","LODGING-D.HALL ","80258191","LODGING-D.HALL ","471.75"
"28311","V-001435","2026-02-13","LODGING-E.CLARK","80330266","LODGING-E.CLARK","355.2"
"28407","V-001262","2026-03-09","HYDOGEL GEL PLUS","6281","HYDOGEL GEL PLUS","1098"
"28366","V-001262","2026-03-09","EROSION BLANKET","6309","EROSION BLANKET","1099.49"
"28439","V-000969","2026-03-10","FISHING TOOLS","1425093","FISHING TOOLS","367.2"
"28364","V-001262","2026-03-09","HAULED SUPER SUCKER VAC","6317","HAULED SUPER SUCKER VAC","431.25"
"28372","V-001675","2026-03-09","LODGING-D.CHEE","9284","LODGING-D.CHEE","545.79"
"28356","V-001262","2026-03-04","HYDROGELPLUS/CITRIC ACID","6257","HYDROGELPLUS/CITRIC ACID","1895.82"
"28348","V-000603","2026-02-28","TELEHANDER RENTAL ","PIT53536810009","TELEHANDER RENTAL ","4104.53"
"28449","V-000391","2026-03-11","COP TRACT 29 #11 ","329","COP TRACT 29 #11 ","7741.28"
"28368","V-001262","2026-03-09","SWITCHGRASS FILTER SOCK","6310","SWITCHGRASS FILTER SOCK","1312"
"28352","V-000750","2026-03-03","HAULED MULCH TRAILER","1011351","HAULED MULCH TRAILER","230"
"28441","V-001135","2026-03-10","CONCRETE","520907","CONCRETE","29.94"
"28419","V-001262","2026-03-10","HYDROGELPLUS ","6288","HYDROGELPLUS ","1821"
"28425","V-001262","2026-03-10","EROSION BLANKET","6312","EROSION BLANKET","1214.43"
"28411","V-001262","2026-03-09","HYDOGEL GEL PLUS","6283","HYDOGEL GEL PLUS","1223"
"28435","V-001214","2026-03-10","3 MAN CREW/TRUCK LABOR","536077","3 MAN CREW/TRUCK LABOR","1035.7"
"28409","V-001262","2026-03-09","HYDOGEL GEL PLUS","6282","HYDOGEL GEL PLUS","1035.5"
"28421","V-001262","2026-03-10","CUT & DRY 100","6289","CUT & DRY 100","3413.75"
"28423","V-001262","2026-03-10","CUT & DRY 100","6290","CUT & DRY 100","5262"
"28443","V-000904","2026-03-10","DELIVERED ROCK TRUCK & DOZER","71595","DELIVERED ROCK TRUCK & DOZER","1565"
"28445","V-001262","2026-03-11","SWITCHGRASS FILTER SOCK","6314","SWITCHGRASS FILTER SOCK","6154.19"
"28427","V-001266","2026-03-10","3/8 CLEVIS SAFETY HOOK GUNNEBO","182398","3/8 CLEVIS SAFETY HOOK GUNNEBO","568.91"
"28354","V-001675","2026-03-03","CORRECTING INVOICE FOR SHORT PAY","9146C","CORRECTING INVOICE FOR SHORT PAY","77.97"
"28370","V-001262","2026-03-09","EROSION BLANKET","6311","EROSION BLANKET","2402.31"
"28580","V-001262","2026-03-09","HAULED SKIDSTEER ","6329","HAULED SKIDSTEER ","431.25"
"28574","V-000750","2026-03-04","HOT SHOT CHARGE","1011373","HOT SHOT CHARGE","450"
"47669","V-000580","2026-04-28","RIG LABOR WE 042526","208","RIG LABOR WE 042526","12875"
"47675","V-000246","2026-04-28","FUEL TANK RIG 237 JOB 7147","70811","FUEL TANK RIG 237 JOB 7147","4628.38"
"47677","V-001135","2026-04-28","CORD ORNG/GRASS SEED","529530","CORD ORNG/GRASS SEED","454.02"
"47585","V-002061","2026-03-31","PLUGGING GH24","3285","PLUGGING GH24","19763.77"
"47649","V-001262","2026-04-23","26-CWS","6556","BALCK TOP PATCHES","1261.8"
"47611","V-001877","2026-04-22","LIGHT TOWER RENTAL-MINE FIRE","247800039019","LIGHT TOWER RENTAL-MINE FIRE","848"
"47645","V-000391","2026-04-23","WW.LITKE A 6H","361","WW.LITKE A 6H","12421.2"
"47599","V-001877","2026-04-21","LIGHT TOWER RENTAL-MINE FIRE","255673567008","LIGHT TOWER RENTAL-MINE FIRE","1098"
"47627","V-001435","2026-04-22","LODGING-M.HARVEY","81119566","LODGING-M.HARVEY","177.6"
"47607","V-000343","2026-04-21","UNIFORM RENTAL","4266656097","UNIFORM RENTAL","2813.28"
"47613","V-001331","2026-04-22","HAULED FRESH WATER AND DIRLL MUD","CDE042226A","HAULED FRESH WATER AND DIRLL MUD","5156.25"
"47651","V-001331","2026-04-23","HAULED WATER AND DRILL MUD","CDE042326A","HAULED WATER AND DRILL MUD","1625"
"47663","V-001877","2026-04-27","LIGHT TOWER RENTAL-MINE FIRE","253712954011","LIGHT TOWER RENTAL-MINE FIRE","1696"
"47653","V-000136","2026-04-23","STONE","INV34048212","STONE","3706.23"
"47665","V-000903","2026-04-27","DADDY LONG LEGS ","7140","DADDY LONG LEGS ","4500"
"47583","V-002061","2026-03-13","PLUGGING GH83","3284","PLUGGING GH83","26940.26"
"47591","V-002363","2026-03-31","PLUGGING GH 109SW","1542","PLUGGING GH 109SW","9521.83"
"47597","V-001435","2026-04-20","LODGING-E.CLARK","81088928","LODGING-E.CLARK","88.8"
"47629","V-001435","2026-04-22","LODGING-D.MUNYER","81119592","LODGING-D.MUNYER","266.4"
"47671","V-001135","2026-04-28","HVDTY STAPLE GUN","529691","HVDTY STAPLE GUN","23.17"
"47623","V-002078","2026-04-22","REIMBURSHABLES","43436","REIMBURSHABLES","1916.25"
"47643","V-000679","2026-04-23","FUEL TANK-RIG 103","147119","FUEL TANK-RIG 103","2369.5"
"47579","V-002061","2026-02-28","PLUGGING GH 91","3235","PLUGGING GH 91","11010.2"
"47681","V-002363","2026-04-30","PLUGGING GH-88","1524","PLUGGING GH-88","10744.39"
"47587","V-002061","2026-03-31","PLUGGING GH-41","3289","PLUGGING GH-41","14604.48"
"47673","V-001675","2026-04-28","LODGING-G.MARKS","9459","LODGING-G.MARKS","311.88"
"47593","V-002363","2026-03-31","PLUGGING 109 PG","1525","PLUGGING 109 PG","11331.85"
"47679","V-001702","2026-04-29","FUEL TANK-POLAR VORTEX","2304109","FUEL TANK-POLAR VORTEX","13025.22"
"47581","V-002061","2026-02-28","PLUGGING GH 80","3283","PLUGGING GH 80","9767.7"
"47589","V-002061","2026-03-31","PLUGGING GH-40","3290","PLUGGING GH-40","9626.68"
"47683","V-002363","2026-04-30","PLUGGING GH87","1528","PLUGGING GH87","6223.49"
"47657","V-001877","2026-04-24","26-CWS","242600835018","SKID TRACK LOADER RENTAL","3163"
"47685","V-002363","2026-04-30","PLUGGING GH38","1529","PLUGGING GH38","21826.37"
"47711","V-000656","2026-05-12","F4S SAFETY ADMIN SERVICES","8999622","F4S SAFETY ADMIN SERVICES","10457.01"
"47667","V-000903","2026-04-27","GYROSCOPIC SURVEY","7141","GYROSCOPIC SURVEY","4500"
"47719","V-001819","2026-04-14","CONTROLLER/WIRELESS RELAYER","73988910001","CONTROLLER/WIRELESS RELAYER","17148.24"
"47739","V-000375","2026-01-29","Mob CWS Rig 251","4704367","Mob CWS Rig 251","1540"
"47733","V-001560","2026-01-31","EQUIPMENT RENTAL","4704368","EQUIPMENT RENTAL","24750"
"47743","V-000375","2026-01-29","Haul Forklift CWS Rig 248","4704365","Haul Forklift CWS Rig 248","1470"
"47741","V-000375","2026-01-29","Hauled Mat Boards ","4704366","Hauled Mat Boards ","2660"
"47745","V-001560","2026-01-31","EQUIPMENT RENTAL","4704369","EQUIPMENT RENTAL","22350"
"47945","V-002484","2026-04-24","CANCEL 7527","7527C","CANCEL 7527","-1312.5"
"47949","V-002484","2026-04-24","CANCEL 7525","7525C","CANCEL 7525","-6264.26"
"47955","V-001577","2026-04-24","1CALL INVOICE 7525","7525","1CALL INVOICE 7525","6264.26"
"47947","V-002484","2026-04-24","CANCEL 7526","7526C","CANCEL 7526","-1417.5"
"47951","V-001577","2026-04-24","1CALL INVOICE 7527","7527","1CALL INVOICE 7527","1312.5"
"47953","V-001577","2026-04-24","1CALL INVOICE 7526","7526","1CALL INVOICE 7526","1417.5"
"48343","V-000797","2026-04-27","GENERATOR RENTAL","36349538003","GENERATOR RENTAL","3442.94"
