"Sage_ID","Invoice_Sage_ID","Parent_Invoice_Sage_ID","Job","Unique_Job","Cost_Code","Activity_Status","Activity_Date","Transaction_Date","Amount","Vendor_Sage_ID","Expense_Account","Description"
"7615","8298","2563","07242-26-01","07242-26-01-job","58-4000","","1/6/2026","1/6/2026","4252","V-000309","50300","EQUIP HAULING"
"7633","3518","2572","07211-26-01","07211-26-01-job","47-0600","","12/31/2025","12/31/2025","600","V-000502","53000","HAULING POWER SWIVEL"
"7635","3521","2573","07242-26-01","07242-26-01-job","58-4000","","12/31/2025","12/31/2025","9325","V-000502","50300","EQUIP HAULING"
"7637","3522","2574","07242-26-01","07242-26-01-job","58-4000","","12/31/2025","12/31/2025","4125","V-000502","50300","EQUIP HAULING"
"7639","3524","2575","07231-26-01","07231-26-01-job","58-4000","","1/6/2026","1/6/2026","3575","V-000502","50300","MOVE RIG 11"
"7641","3525","2576","07234-26-01","07234-26-01-job","58-4000","","1/6/2026","1/6/2026","600","V-000502","50300","EQUIP HAULING"
"7643","3526","2577","07242-26-01","07242-26-01-job","58-4000","","1/6/2026","1/6/2026","3000","V-000502","50300","EQUIP HAULING"
"7647","194","2579","07254-26-01","07254-26-01-job","49-3000","","1/20/2026","1/20/2026","3790","V-000580","50100","RIG LABOR WE 011726"
"7655","193","2580","07254-26-01","07254-26-01-job","49-3000","","1/13/2026","1/13/2026","2005","V-000580","50100","RIG LABOR WE 011026"
"7661","192","2581","07114-26-01","07114-26-01-job","46-3000","","1/6/2026","1/6/2026","460","V-000580","50100","RIG LABOR WE 010326"
"7671","191","2582","07212-26-01","07212-26-01-job","47-3000","","12/29/2025","12/29/2025","2760","V-000580","50100","RIG LABOR WE 122725"
"7677","0000250725","2583","07212-26-01","07212-26-01-job","47-3000","","12/27/2025","12/27/2025","1146.12","V-000722","50100","RIG 713 LABOR 12/21-12/27"
"7679","0000250724","2584","07216-26-01","07216-26-01-job","48-3000","","12/27/2025","12/27/2025","1085.46","V-000722","50100","RIG 251 LABOR 12/21-12/27"
"7681","0000250723","2585","07220-26-01","07220-26-01-job","48-3000","","12/27/2025","12/27/2025","962.82","V-000722","50100","RIG249 LABOR 12/21-12/27"
"7687","0000250717","2588","07147-26-01","07147-26-01-job","47-3000","","12/27/2025","12/27/2025","2863.46","V-000722","50100","RIG 237 LABOR 12/21-12/27"
"7689","0000250711","2589","07224-26-01","07224-26-01-job","49-3000","","12/27/2025","12/27/2025","985.18","V-000722","50100","RIG 101 LABOR 12/21-12/27"
"7697","0000250722","2593","07194-26-01","07194-26-01-job","48-3000","","12/27/2025","12/27/2025","5662.16","V-000722","50100","RIG 248 LABOR 12/21-12/27"
"7699","0000250721","2594","07226-26-01","07226-26-01-job","47-3000","","12/30/2025","12/30/2025","2462.52","V-000722","50100","RIG 247 LABOR 12/21-12/27"
"7701","0000250720","2595","07234-26-01","07234-26-01-job","48-3000","","12/27/2025","12/27/2025","1299.42","V-000722","50100","RIG 243 LABOR 12/21-12/27"
"7703","0000250719","2596","07129-26-01","07129-26-01-job","47-3000","","12/27/2025","12/27/2025","983.48","V-000722","50100","RIG 242 LABOR 12/21-12/27"
"7705","0000250718","2597","07213-26-01","07213-26-01-job","47-3000","","12/27/2025","12/27/2025","1176.78","V-000722","50100","RIG 238 LABOR 12/21-12/27"
"7707","0000250716","2598","07203-26-01","07203-26-01-job","47-3000","","12/27/2025","12/27/2025","3438.36","V-000722","50100","RIG 220 LABOR 12/21-12/27"
"7709","0000250715","2599","07223-26-01","07223-26-01-job","47-3000","","12/27/2025","12/27/2025","2502.52","V-000722","50100","RIG 215 LABOR 12/21-12/27"
"7711","0000250714","2600","07211-26-01","07211-26-01-job","47-3000","","12/27/2025","12/27/2025","1207.44","V-000722","50100","RIG 214 LABOR 12/21-12/27"
"7713","0000250713","2601","07222-26-01","07222-26-01-job","47-3000","","12/27/2025","12/27/2025","2242.24","V-000722","50100","RIG 212 LABOR 12/21-12/27"
"7715","0000250712","2602","07250-26-01","07250-26-01-job","49-3000","","12/27/2025","12/27/2025","864.52","V-000722","50100","RIG 103 LABOR 12/21-12/27"
"7721","1011114","2605","07223-26-01","07223-26-01-job","58-4000","","12/8/2025","12/8/2025","2012.5","V-000750","50300","HAULED MATS AND PINS"
"7723","1011159","2606","07223-26-01","07223-26-01-job","58-5000","","12/21/2025","12/21/2025","826.57","V-000750","50300","HAULED 30 MATS"
"7727","1011160","2607","07223-26-01","07223-26-01-job","58-5000","","12/21/2025","12/21/2025","826.57","V-000750","50300","HAULED 45 MATS"
"7733","1011175","2609","07251-26-01","07251-26-01-job","58-1000","","1/8/2026","1/8/2026","790.63","V-000750","50300","HAULED 40 MATS AND PINS"
"7737","1011176","2611","07251-26-01","07251-26-01-job","58-1000","","1/8/2026","1/8/2026","359.38","V-000750","50300","HAULED 40 MATS"
"7753","618","2619","07241-26-01","07241-26-01-job","58-2000","","1/4/2026","1/4/2026","3275","V-000804","50300","RIG MOVE"
"7755","621","2620","07236-26-01","07236-26-01-job","51-0300","","1/11/2026","1/11/2026","1125","V-000804","53000","SKID STEER MACHINE"
"7757","1011116","2621","07223-26-01","07223-26-01-job","58-5000","","12/8/2025","12/8/2025","2012.5","V-000750","50300","HAULED 40 MATS"
"7759","1011158","2622","07223-26-01","07223-26-01-job","58-5000","","12/21/2005","12/21/2005","682.82","V-000750","50300","HAULED 45 MATS"
"7763","616","2623","07223-26-01","07223-26-01-job","51-0300","","12/28/2025","12/28/2025","450","V-000804","53000","CAT 306 MACHINE"
"7767","3010913","2624","07195-26-01","07195-26-01-job","51-4015","","12/26/2025","12/26/2025","1373.4","V-000945","50100","MISC LABOR"
"7775","3010909","2625","07209-26-01","07209-26-01-job","51-2015","","12/12/2025","12/12/2025","1951.2","V-000945","50100","MISC LABOR"
"7783","3010914","2627","07201-26-01","07201-26-01-job","51-4015","","1/2/2026","1/2/2026","1659.6","V-000945","50100","MISC LABOR"
"7811","6022","2640","07251-26-01","07251-26-01-job","58-1000","","12/31/2025","12/31/2025","6384.27","V-001262","50300","SWITCHGRASS FILTER SOCK"
"7897","79718899","2683","07222-26-01","07222-26-01-job","47-0100","","12/12/2025","12/12/2025","355.2","V-001435","50100","LODGING-B.DONATE"
"7915","2145963","2692","07236-26-01","07236-26-01-job","51-0820","","1/14/2026","1/14/2026","302.59","V-001702","50300","FUEL TANK-ELM GROVE"
"7925","2146290","2693","07201-26-01","07201-26-01-job","47-4111","","1/15/2026","1/15/2026","880.69","V-001702","50300","FUEL TANK-RIG 213 JOB 7201"
"7931","2128760","2696","07234-26-01","07234-26-01-job","58-4000","","1/6/2026","1/6/2026","1031.21","V-001702","50300","FUEL TANK-RIG 243 JOB 7234"
"7933","2118819","2697","07211-26-01","07211-26-01-job","47-4111","","1/5/2026","1/5/2026","3096.76","V-001702","50300","FUEL TANK-RIG 214 JOB 7211"
"7935","2153232","2698","07234-26-01","07234-26-01-job","58-4000","","1/13/2026","1/13/2026","750","V-001702","50300","FUEL TANK- RIG 243 JOB 7234"
"7937","2123185","2699","07232-26-01","07232-26-01-job","58-4000","","1/5/2026","1/5/2026","971.35","V-001702","50300","FUEL TANK-RIG 242 JOB 7232"
"7939","2133225","2700","07234-26-01","07234-26-01-job","58-4000","","1/9/2026","1/9/2026","237.23","V-001702","50300","FUEL TANK-RIG 243 JOB 7234"
"7941","2133921","2701","07190-26-01","07190-26-01-job","51-0820","","1/7/2026","1/7/2026","394.68","V-001702","50300","FUEL TANK-RUFF CREEK"
"7947","2134414","2702","07234-26-01","07234-26-01-job","58-4000","","1/7/2026","1/7/2026","374.52","V-001702","50300","FUEL TANK-RIG 243 JOB 7234"
"7951","2133918","2704","07171-26-01","07171-26-01-job","51-0820","","1/7/2026","1/7/2026","1589.74","V-001702","50300","FUEL TANK-GLAD FORK CAMP RUN"
"7953","2136760","2705","07226-26-01","07226-26-01-job","58-4000","","1/9/2026","1/9/2026","2111.21","V-001702","50300","FUEL TANK-RIG 247 JOB 7226"
"7963","2144491","2710","07234-26-01","07234-26-01-job","58-4000","","1/14/2026","1/14/2026","1131.04","V-001702","50300","FUEL TANK-RIG 243 JOB 7234"
"7965","2138431","2711","07222-26-01","07222-26-01-job","47-4111","","1/12/2026","1/12/2026","2418.4","V-001702","50300","FUEL TANK-RIG 212 JOB 7222"
"7969","2091217","2713","07219-26-01","07219-26-01-job","51-0820","","12/11/2025","12/11/2025","609.71","V-001702","50300","FUEL TANK-HUNDRED OFF ROAD"
"7973","2102190","2714","07152-26-01","07152-26-01-job","51-0820","","12/16/2025","12/16/2025","1137.79","V-001702","50300","FUEL TANK-GLAD FORK CAMP RUN"
"7975","2109525","2715","07222-26-01","07222-26-01-job","47-4111","","12/22/2025","12/22/2025","3368.67","V-001702","50300","FUEL TANK-RIG 212 JOB 7222"
"7979","2125256","2717","07224-26-01","07224-26-01-job","58-4000","","12/31/2025","12/31/2025","2449.99","V-001702","50300","FUEL TANK-RIG 101 JOB 7224"
"7981","2113581","2718","07201-26-01","07201-26-01-job","47-4111","","12/29/2025","12/29/2025","3010.28","V-001702","50300","FUEL TANK-RIG 213 JOB 7201"
"7983","2118356","2719","07226-26-01","07226-26-01-job","58-4000","","12/30/2025","12/30/2025","2746.8","V-001702","50300","FUEL TANK-RIG 247 JOB 7226"
"8051","2826","2753","07114-26-01","07114-26-01-job","46-0300","","6/27/2025","6/27/2025","18405.3","V-002061","53000","RIG 14 SUBBASE"
"8053","2005769","2754","07018-26-01","07018-26-01-job","51-0820","","10/14/2025","10/14/2025","540.31","V-001702","50300","FUEL TANK-RUFF CREEK"
"8059","2111369","2755","07146-26-01","07146-26-01-job","53-0820","","12/23/2025","12/23/2025","262.65","V-001702","50300","FUEL TANK-HUNDRED ON ROAD"
"8069","2102283","2756","07184-26-01","07184-26-01-job","51-0820","","12/18/2025","12/18/2025","207.62","V-001702","50300","FUEL TANK-ELM GROVE"
"8079","2058916","2757","07212-26-01","07212-26-01-job","51-0820","","11/20/2025","11/20/2025","421.21","V-001702","50300","FUEL TANK-HUNDRED OFF ROAD"
"8085","2111269","2758","07197-26-01","07197-26-01-job","51-0820","","12/23/2025","12/23/2025","346.84","V-001702","50300","FUEL TANK-HUNDRED OFF ROAD"
"8103","2070830","2764","07220-26-01","07220-26-01-job","51-0820","","11/30/2025","11/30/2025","384.1","V-001702","50300","FUEL TANK-ELM GROVE"
"8111","2074433","2765","07209-26-01","07209-26-01-job","53-0820","","12/3/2025","12/3/2025","445.08","V-001702","50300","FUEL TANK-HUNDRED ON ROAD"
"8119","2135520","2766","07232-26-01","07232-26-01-job","53-0820","","1/10/2026","1/10/2026","905.29","V-001702","50300","FUEL TANK-HUNDRED ON ROAD"
"8157","2057079","2773","07226-26-01","07226-26-01-job","53-0820","","11/20/2025","11/20/2025","438.66","V-001702","50300","FUEL TANK-HUNDRED ON ROAD"
"8185","2089657","2784","07211-26-01","07211-26-01-job","53-0820","","12/11/2025","12/11/2025","374.47","V-001702","50300","FUEL TANK-HUNDRED ON ROAD"
"8193","2076564","2785","07234-26-01","07234-26-01-job","51-0820","","12/3/2025","12/3/2025","116.28","V-001702","50300","FUEL TANK-HUNDRED OFF ROAD"
"8201","2145452","2786","07220-26-01","07220-26-01-job","51-0820","","1/14/2026","1/14/2026","417.05","V-001702","50300","FUEL TANK-RUFF CREEK"
"8391","26559876","2878","07228-26-01","07228-26-01-job","58-4000","","1/20/2026","1/20/2026","5950.16","V-002029","50300","FUEL"
"10422","44922WV","3300","07215-26-01","07215-26-01-job","58-4000","","11/26/2025","11/26/2025","1361","V-000179","50300","CRANE / OPERATOR"
"11106","M00000479562","3518","07223-26-01","07223-26-01-job","47-0820","","1/8/2026","1/8/2026","39.95","V-001103","50300","WILSON"
"11164","647302","3535","07218-26-01","07218-26-01-job","58-4000","","1/1/2026","1/1/2026","62000","V-001251","50300","16"" BOREHOLES"
"11220","1607A","3559","07121-26-01","07121-26-01-job","58-1000","","10/2/2025","10/2/2025","1180.3","V-001069","50300","LIME/O.T.C"
"11222","1717A","3560","07178-26-01","07178-26-01-job","58-1000","","10/30/2025","10/30/2025","583.04","V-001069","50300","FROSTY ANNUAL RYE"
"11224","2036267","3561","07184-26-01","07184-26-01-job","58-4000","","11/4/2025","11/4/2025","1143.06","V-001702","50300","FUEL TANK- RIG 248 JOB 7184"
"11226","2040384","3562","07184-26-01","07184-26-01-job","58-4000","","11/6/2025","11/6/2025","1548.93","V-001702","50300","FUEL TANK-RIG 248 JOB 7184"
"11230","1792A","3564","07163-26-01","07163-26-01-job","58-5000","","12/9/2025","12/9/2025","1875.3","V-001069","50300","OTC/FROSTY ANNUAL RYE"
"11232","79644238","3565","07212-26-01","07212-26-01-job","47-0100","","12/5/2025","12/5/2025","444","V-001435","50300","LODGING-D.OGDEN"
"11246","1794A","3572","07183-26-01","07183-26-01-job","58-5000","","12/11/2025","12/11/2025","766","V-001069","50300","FROSTY ANNUAL RYE"
"11252","79718928","3575","07212-26-01","07212-26-01-job","47-0100","","12/12/2025","12/12/2025","444","V-001435","50300","LODGING-D.OGDEN"
"11254","54279","3576","07195-26-01","07195-26-01-job","58-4000","","12/12/2025","12/12/2025","1134.8","V-000246","50300","RIG 103 JOB 7195"
"11256","79731621","3577","07212-26-01","07212-26-01-job","47-0100","","12/13/2025","12/13/2025","88.8","V-001435","50300","LODGING-D.OGDEN"
"11260","20250462","3579","07202-26-01","07202-26-01-job","58-4009","","12/15/2025","12/15/2025","2190","V-000566","50300","COMPOSITE MAT RENTAL"
"11264","20179753","3581","07187-26-01","07187-26-01-job","58-4000","","12/16/2025","12/16/2025","432.5","V-000782","50300","PLOWED AND CHIPPED"
"11276","1800A","3587","07183-26-01","07183-26-01-job","58-5000","","12/18/2025","12/18/2025","1751.5","V-001069","50300","SEED MIX,LIME"
"11278","507968","3588","07197-26-01","07197-26-01-job","47-0250","","12/19/2025","12/19/2025","32.98","V-001135","50300","MAILBOX BLK"
"11284","55136","3589","07147-26-01","07147-26-01-job","58-4000","","12/18/2025","12/18/2025","2903.64","V-000246","50300","RIG 237 JOB 7147"
"11296","508081","3593","07232-26-01","07232-26-01-job","58-4000","","12/20/2025","12/20/2025","420.10","V-001135","50300","GATE HOOK/POST"
"11302","3010918","3594","07244-26-01","07244-26-01-job","58-5000","","12/22/2025","12/22/2025","6545","V-000945","50300","770 BALES OF STRAW"
"11306","2109526","3596","07194-26-01","07194-26-01-job","58-4000","","12/22/2025","12/22/2025","754.23","V-001702","50300","FUEL TANK- RIG 248 JOB 7194"
"11318","79830494","3600","07222-26-01","07222-26-01-job","47-0100","","12/23/2025","12/23/2025","266.4","V-001435","50300","LODGING-B.DONATE"
"11328","79844833","3605","07212-26-01","07212-26-01-job","47-0100","","12/24/2025","12/24/2025","888","V-001435","50300","LODGING-D.HALL"
"11334","10028023694","3607","07194-26-01","07194-26-01-job","48-0100","","12/26/2025","12/26/2025","660.45","V-001115","50300","LODGING-B.BARCLEY"
"11342","6034","3610","07245-26-01","07245-26-01-job","58-4000","","12/29/2025","12/29/2025","375","V-001262","50300","HAULED WASH PIPE"
"11344","6024","3611","07201-26-01","07201-26-01-job","47-4111","","12/29/2025","12/29/2025","1883.5","V-001262","50300","BARAKADE"
"11346","6026","3612","07226-26-01","07226-26-01-job","58-4000","","12/29/2025","12/29/2025","2226.9","V-001262","50300","HYDROGEL/THINNER"
"11348","8777","3613","07250-26-01","07250-26-01-job","49-0100","","12/29/2025","12/29/2025","311.88","V-001675","50300","LODGING-R.ODELL"
"11350","6027","3614","07226-26-01","07226-26-01-job","47-0250","","12/29/2025","12/29/2025","50.1","V-001262","50300","DRINKING WATER"
"11356","904N","3616","07231-26-01","07231-26-01-job","58-4000","","12/29/2025","12/29/2025","954","V-001111","50300","WELL MARKER FOR WELL TERRY LITZELMAN"
"11360","INV34041622","3617","07194-26-01","07194-26-01-job","58-4000","","12/29/2025","12/29/2025","821.68","V-000136","50300","STONE"
"11368","288098162","3620","07197-26-01","07197-26-01-job","58-4000","","12/29/2025","12/29/2025","2355.79","V-000246","50300","RIG 221 JOB 7197"
"11400","1718A","3632","07244-26-01","07244-26-01-job","58-5000","","10/30/2025","10/30/2025","1244","V-001069","50300","OTC/FROSTY ANNUAL RYE"
"11536","55621","3676","07223-26-01","07223-26-01-job","58-4000","","12/22/2025","12/22/2025","6238.8","V-000246","50300","RIG 215 JOB 7123"
"11750","243753327023","3733","07071-26-01","07071-26-01-job","58-4000","","12/31/2025","12/31/2025","2559","V-001877","50300","LIGHT TOWER RENTAL"
"11760","243566642021","3736","07071-26-01","07071-26-01-job","58-4000","","12/31/2025","12/31/2025","356","V-001877","50300","LIGHT TOWER"
"11794","188","3746","07224-26-01","07224-26-01-job","49-3000","","12/9/2025","12/9/2025","3285","V-000580","50100","RIG LABOR WE 120625"
"11824","123125KING","3755","07010-26-01","07010-26-01-job","58-4000","","1/9/2026","1/9/2026","1220","V-000259","50300","FRAC TANK"
"12588","Reversed - 3521","3945","07242-26-01","07242-26-01-job","58-4000","","12/31/2025","12/31/2025","-9325","V-000502","50300","EQUIP HAULING"
"12590","Reversed - 3522","3946","07242-26-01","07242-26-01-job","58-4000","","12/31/2025","12/31/2025","-4125","V-000502","50300","EQUIP HAULING"
"12592","Reversed - 3526","3947","07242-26-01","07242-26-01-job","58-4000","","1/31/2026","1/31/2026","-3000","V-000502","50300","EQUIP HAULING"
"12630","72674","3962","07125-26-01","07125-26-01-job","58-4000","","7/22/2025","7/22/2025","2783.75","V-000654","50300","WASTE DISPOSAL"
"12680","35981993003","3975","07190-26-01","07190-26-01-job","58-4000","","12/5/2025","12/5/2025","1819.24","V-000797","50300","POLARIS RENTAL"
"12690","1760738700002","3978","07155-26-01","07155-26-01-job","58-4000","","12/8/2025","12/8/2025","1594.95","V-001715","50300","GENERATOR RENTAL"
"12708","31410","3982","07197-26-01","07197-26-01-job","58-4000","","12/10/2025","12/10/2025","2390.0","V-000028","50300","AIR FLY/HOT WATER"
"12826","129186","4007","07229-26-01","07229-26-01-job","58-4000","","12/17/2025","12/17/2025","3012.27","V-000679","50300","FUEL"
"12840","34469","4011","07254-26-01","07254-26-01-job","58-4000","","12/19/2025","12/19/2025","930.0","V-000157","50300","WELL HELEN GORDON"
"12864","01009749","4016","07195-26-01","07195-26-01-job","49-0810","","12/22/2025","12/22/2025","240","V-001413","50300","TELESCOPIC HOT STICK"
"12922","73785","4030","07213-26-01","07213-26-01-job","58-4000","","12/23/2025","12/23/2025","1778.75","V-000654","50300","WASTE DISPOSAL"
"12930","600883049626","4032","07195-26-01","07195-26-01-job","58-4000","","12/23/2025","12/23/2025","5554.36","V-001945","50300","WASTE REMOVAL"
"12934","600883149624","4034","07212-26-01","07212-26-01-job","58-4000","","12/23/2025","12/23/2025","2186.01","V-001945","50300","WASTE REMOVAL"
"12936","600882849620","4035","07180-26-01","07180-26-01-job","58-4000","","12/23/2025","12/23/2025","2103.47","V-001945","50300","WASTE REMOVAL"
"12940","600882949628","4037","07184-26-01","07184-26-01-job","58-4000","","12/23/2025","12/23/2025","1604.62","V-001945","50300","WASTE REMOVAL"
"12944","600882749622","4039","07202-26-01","07202-26-01-job","58-4000","","12/23/2025","12/23/2025","1515.18","V-001945","50300","WASTE REMOVAL"
"12980","1283945","4047","07152-26-01","07152-26-01-job","58-1000","","12/26/2025","12/26/2025","14000","V-001011","50300","T14R BUMPER"
"12990","1759598810003","4049","07195-26-01","07195-26-01-job","49-0300","","12/27/2025","12/27/2025","4669.75","V-001715","53000","TELEHANDLER RENTAL"
"13012","1284255","4054","07252-26-01","07252-26-01-job","51-0600","","12/29/2025","12/29/2025","40.48","V-001011","53000","HEX NUT BOLT WASHER"
"13022","1284261","4058","07252-26-01","07252-26-01-job","51-0810","","12/29/2025","12/29/2025","749.78","V-001011","50300","ANVIL HARDWARE BANDIT"
"13032","6025","4061","07222-26-01","07222-26-01-job","58-4000","","12/29/2025","12/29/2025","973","V-001262","50300","BARAKADE"
"13086","179047","4068","07213-26-01","07213-26-01-job","47-0810","","12/30/2025","12/30/2025","300.56","V-001266","50300","1"" WELD DRING"
"13102","4254795859","4071","07222-26-01","07222-26-01-job","47-0250","","12/30/2025","12/30/2025","442.58","V-000343","50300","UNIFORM RENTAL"
"13132","1768887130002","4073","07234-26-01","07234-26-01-job","58-4000","","12/30/2025","12/30/2025","1527.26","V-001715","50300","LIGHT RENTAL"
"13136","3002674","4074","07234-26-01","07234-26-01-job","58-4000","","12/30/2025","12/30/2025","177.97","V-002238","50300","NIPPLE/HAMMER/VALVE CHECK"
"13144","6029","4076","07253-26-01","07253-26-01-job","58-1000","","12/30/2025","12/30/2025","6365","V-001262","50300","CUT & DRY 100"
"13164","6030","4081","07253-26-01","07253-26-01-job","51-0250","","12/30/2025","12/30/2025","510.96","V-001262","50300","DRINKING WATER"
"13180","26883","4084","07216-26-01","07216-26-01-job","58-4000","","12/30/2025","12/30/2025","1200","V-000207","50300","61/4'' SB TOOTH BIT"
"13182","179019","4085","07234-26-01","07234-26-01-job","58-4000","","12/30/2025","12/30/2025","441.68","V-001266","50300","DIXON MALE NIPPLE"
"13188","131164","4086","07250-26-01","07250-26-01-job","58-4000","","12/30/2025","12/30/2025","1122.63","V-000679","50300","FUEL TANK RIG 103 JOB 7250"
"13194","131019","4087","07250-26-01","07250-26-01-job","58-4000","","12/30/2025","12/30/2025","1619.50","V-000679","50300","FUEL TANK RIG 103 JOB 7250"
"13200","INV34041747","4088","07201-26-01","07201-26-01-job","58-4000","","12/30/2025","12/30/2025","8366.96","V-000136","50300","STONE"
"13254","6023","4102","07235-26-01","07235-26-01-job","58-1000","","12/31/2025","12/31/2025","1416","V-001262","50300","SWITCHGRASS FILTER SOCK"
"13256","296","4103","07254-26-01","07254-26-01-job","58-4000","","12/31/2025","12/31/2025","8840.08","V-000391","50300","GORDON, HELEN # 8"
"13262","10028061012","4104","07194-26-01","07194-26-01-job","48-0100","","12/31/2025","12/31/2025","188.70","V-001115","50300","LODGING-B.BARKLEY"
"13292","36182359001","4110","07187-26-01","07187-26-01-job","58-4000","","12/31/2025","12/31/2025","4622.67","V-000797","50300","HEATER RENTAL"
"13296","36182582001","4111","07216-26-01","07216-26-01-job","58-4000","","12/31/2025","12/31/2025","4622.67","V-000797","50300","HEATER RENTAL"
"13300","36182187001","4112","07250-26-01","07250-26-01-job","58-4000","","12/31/2025","12/31/2025","4622.67","V-000797","50300","HEATER RENTAL"
"13310","20179936","4116","07222-26-01","07222-26-01-job","58-4000","","1/6/2026","1/6/2026","325","V-000782","50300","PLOW TRUCK AND CINDER"
"13312","20179921","4117","07251-26-01","07251-26-01-job","58-1000","","1/6/2026","1/6/2026","275","V-000782","50300","HAULED HOE TO SITE"
"13314","20179924","4118","07146-26-01","07146-26-01-job","58-5000","","1/6/2026","1/6/2026","343.75","V-000782","50300","HAULED HOE TO SITE"
"13316","20179923","4119","07220-26-01","07220-26-01-job","58-5000","","1/6/2026","1/6/2026","343.75","V-000782","50300","HAULED HOE TO SITE"
"13324","510391","4121","07219-26-01","07219-26-01-job","58-1000","","1/6/2026","1/6/2026","739.80","V-001135","50300","3HL PERF BE"
"13366","510340","4129","07171-26-01","07171-26-01-job","46-0810","","1/6/2026","1/6/2026","37.55","V-001135","50300","FASTENER"
"13372","73838","4130","07251-26-01","07251-26-01-job","58-4000","","1/6/2026","1/6/2026","837.5","V-000654","50300","WASTE DISPOSAL"
"13380","179311","4132","07234-26-01","07234-26-01-job","58-4000","","1/6/2026","1/6/2026","541.80","V-001266","50300","DOSA IN LINE ADJUSTMENT"
"13392","179215","4134","07226-26-01","07226-26-01-job","47-0810","","1/5/2026","1/5/2026","105.60","V-001266","50300","ZIP TIES"
"13404","179200","4136","07147-26-01","07147-26-01-job","47-0810","","1/5/2026","1/5/2026","94.36","V-001266","50300","ADJ WRENCH"
"13426","179211","4140","07197-26-01","07197-26-01-job","47-0810","","1/5/2026","1/5/2026","525.42","V-001266","50300","LEVER HOIST"
"13436","73837","4142","07194-26-01","07194-26-01-job","58-4000","","1/5/2026","1/5/2026","1582.50","V-000654","50300","WASTE DISPOSAL"
"13460","6043","4148","07232-26-01","07232-26-01-job","47-0250","","1/5/2026","1/5/2026","510.96","V-001262","50300","DRINKING WATER"
"13462","6045","4149","07234-26-01","07234-26-01-job","58-4000","","1/5/2026","1/5/2026","3276.25","V-001262","50300","CUT & DRY 100"
"13468","6042","4150","07232-26-01","07232-26-01-job","58-4000","","1/5/2026","1/5/2026","2508.22","V-001262","50300","THINNER/HYDROGEL"
"13476","131780","4152","07250-26-01","07250-26-01-job","58-4000","","1/5/2026","1/5/2026","1308.88","V-000679","50300","FUEL TANK RIG 103 JOB 7250"
"13500","6038","4156","07234-26-01","07234-26-01-job","58-4000","","1/5/2026","1/5/2026","252.31","V-001262","50300","SAND BAGS"
"13506","131701","4157","07250-26-01","07250-26-01-job","58-4000","","1/5/2026","1/5/2026","1619.50","V-000679","50300","FUEL TANK RIG 103 JOB 7250"
"13512","8289","4158","07234-26-01","07234-26-01-job","58-2000","","1/5/2026","1/5/2026","1885.0","V-000309","50300","HAULED TUB AND CUTTINGS"
"13518","8288","4159","07197-26-01","07197-26-01-job","58-2000","","1/5/2026","1/5/2026","1420.0","V-000309","50300","HAULED 3 LOADS"
"13524","131702","4160","07254-26-01","07254-26-01-job","58-4000","","1/5/2026","1/5/2026","2329.81","V-000679","50300","FUEL TANK RIG 250 JOB 7254"
"13534","905N","4162","07229-26-01","07229-26-01-job","58-4000","","1/4/2026","1/4/2026","318","V-001111","50300","WELL MARKER FOR WELL GORDON HELEN # 8"
"13542","6035","4165","07250-26-01","07250-26-01-job","58-4000","","1/2/2026","1/2/2026","1150","V-001262","50300","MISCELLANEOUS ITEMS HAULED"
"13548","600883949627","4166","07202-26-01","07202-26-01-job","58-4000","","1/2/2026","1/2/2026","1688.69","V-001945","50300","WASTE REMOVAL"
"13550","600884449627","4167","07180-26-01","07180-26-01-job","58-4000","","1/2/2026","1/2/2026","4448.47","V-001945","50300","WASTE REMOVAL"
"13552","131555","4168","07254-26-01","07254-26-01-job","58-4000","","1/2/2026","1/2/2026","2885.30","V-000679","50300","FUEL TANK 250 JOB 7254"
"13564","131556","4170","07250-26-01","07250-26-01-job","58-4000","","1/2/2026","1/2/2026","1617.23","V-000679","50300","FUEL TANK RIG 103 JOB 7250"
"13582","20179956","4175","07236-26-01","07236-26-01-job","58-4000","","1/6/2026","1/6/2026","807.5","V-000782","50300","PLOW TRUCK & CINDERS"
"13586","20179954","4177","07211-26-01","07211-26-01-job","58-4000","","1/6/2026","1/6/2026","443","V-000782","50300","PLOW TRUCK AND CINDER"
"13632","20179953","4186","07211-26-01","07211-26-01-job","58-4000","","1/6/2026","1/6/2026","525","V-000782","50300","HAUL RECLAIM"
"13636","4255396998","4188","07230-26-01","07230-26-01-job","47-0250","","1/6/2026","1/6/2026","417.53","V-000343","50300","UNIFORM RENTAL"
"13656","20179922","4189","07235-26-01","07235-26-01-job","58-1000","","1/6/2026","1/6/2026","275","V-000782","50300","MOVED DOZER TO SITE"
"13658","255858856002","4190","07254-26-01","07254-26-01-job","58-4000","","1/6/2026","1/6/2026","2141.07","V-001877","50300","GENERATOR RENTAL"
"13672","6057","4193","07251-26-01","07251-26-01-job","58-1000","","1/6/2026","1/6/2026","287.5","V-001262","50300","HAULED CONDUCTOR"
"13680","26886","4196","07232-26-01","07232-26-01-job","58-4000","","1/6/2026","1/6/2026","1325","V-000207","50300","SUCTION HOSE"
"13682","6047","4197","07223-26-01","07223-26-01-job","58-4000","","1/6/2026","1/6/2026","1098","V-001262","50300","HYDROGELPLUS"
"13686","6046","4199","07227-26-01","07227-26-01-job","58-1000","","1/6/2026","1/6/2026","4954.5","V-001262","50300","CUT & DRY 100"
"13694","6039","4202","07236-26-01","07236-26-01-job","58-1000","","1/6/2026","1/6/2026","2453.5","V-001262","50300","HAULED CORRUGATED PIPE"
"13698","14381","4204","07222-26-01","07222-26-01-job","47-4111","","1/6/2026","1/6/2026","720","V-000338","50300","HAULED WATER"
"13704","14380","4207","07211-26-01","07211-26-01-job","47-4111","","1/6/2026","1/6/2026","720","V-000338","50300","HAULED WATER"
"13706","14378","4208","07202-26-01","07202-26-01-job","58-4000","","1/6/2026","1/6/2026","5051.52","V-000338","50300","HAULED PIT OUT"
"13726","3002701","4214","07231-26-01","07231-26-01-job","58-4000","","12/30/2025","12/30/2025","300.5","V-002238","50300","MELT ICE SAFE"
"13730","20179955","4216","07201-26-01","07201-26-01-job","58-4000","","1/6/2026","1/6/2026","535","V-000782","50300","PLOW TRUCK AND CINDER"
"13734","298","4218","07224-26-01","07224-26-01-job","58-4000","","1/6/2026","1/6/2026","10168.4","V-000391","50300","CLEARVIEW A 4H"
"13736","299","4219","07250-26-01","07250-26-01-job","58-4000","","1/6/2026","1/6/2026","21539.60","V-000391","50300","MARY E GARY #2"
"13744","6040","4221","07251-26-01","07251-26-01-job","58-1000","","1/6/2026","1/6/2026","266.19","V-001262","50300","TREATED 4X4 POST/MAILBOX"
"13766","2146818","4228","07194-26-01","07194-26-01-job","58-4000","","1/15/2026","1/15/2026","340.3","V-001702","50300","FUEL TANK-RIG 248 JOB 7194"
"13768","131704","4229","07250-26-01","07250-26-01-job","58-4000","","1/7/2026","1/7/2026","1477.63","V-000679","50300","FUEL TANK RIG 103 JOB 7250"
"13788","300","4233","07254-26-01","07254-26-01-job","58-4000","","1/8/2026","1/8/2026","15355.12","V-000391","50300","HELEN GORDON #12"
"13794","133116","4234","07255-26-01","07255-26-01-job","58-4000","","1/13/2026","1/13/2026","3036.13","V-000679","50300","FUEL TANK RIG 101 JOB 7255"
"13796","310","4235","07254-26-01","07254-26-01-job","58-4000","","1/21/2026","1/21/2026","10002.64","V-000391","50300","HELEN GORDON #12"
"13802","309","4236","07250-26-01","07250-26-01-job","58-4000","","1/21/2026","1/21/2026","10371.76","V-000391","50300","MARY E GARY #2"
"13830","3010920","4242","07235-26-01","07235-26-01-job","51-1015","","1/16/2026","1/16/2026","4860","V-000945","50100","MISC LABOR"
"13838","14439","4244","07147-26-01","07147-26-01-job","58-4000","","1/13/2026","1/13/2026","1152.00","V-000338","50300","HAULED WATER AND PIT"
"13844","14438","4245","07129-26-01","07129-26-01-job","58-4000","","1/13/2026","1/13/2026","1156.48","V-000338","50300","HAULED POWER SWIVEL"
"13850","3010921","4247","07235-26-01","07235-26-01-job","51-1015","","1/23/2026","1/23/2026","5184","V-000945","50100","MISC LABOR"
"13856","3010919","4248","07195-26-01","07195-26-01-job","51-5015","","1/9/2026","1/9/2026","1404","V-000945","50100","MISC LABOR"
"13868","26957","4252","07234-26-01","07234-26-01-job","58-4000","","1/23/2026","1/23/2026","2460.0","V-000207","50300","HOSE W/FIG200 ENDS"
"13874","3010917","4253","07223-26-01","07223-26-01-job","58-5000","","1/16/2026","1/16/2026","3120","V-000945","50300","WASHED AND STACKED MATS"
"13878","26963","4254","07222-26-01","07222-26-01-job","47-4111","","1/8/2026","1/8/2026","1200","V-000207","50300","61/4'' SB TOOTH BIT"
"13880","26960","4255","07221-26-01","07221-26-01-job","47-4111","","1/26/2026","1/26/2026","1200","V-000207","50300","61/4'' SB TOOTH BIT"
"13882","26954","4256","07234-26-01","07234-26-01-job","58-4000","","1/19/2026","1/19/2026","485","V-000207","50300","BUCKET FOAM OUT DEFOAMER"
"13890","26953","4260","07254-26-01","07254-26-01-job","58-4000","","1/19/2026","1/19/2026","2975","V-000207","50300","KELLY HOSE W/1502 ENDS"
"13892","26887","4261","07197-26-01","07197-26-01-job","58-4000","","1/8/2026","1/8/2026","2900","V-000207","50300","HOSE W/FIG"
"13898","59528","4264","07147-26-01","07147-26-01-job","58-4000","","1/20/2026","1/20/2026","4696.94","V-000246","50300","RIG 237 JOB 7147"
"13900","1837A","4265","07220-26-01","07220-26-01-job","58-5000","","1/16/2026","1/16/2026","1093.15","V-001069","50300","OTC/FROSTY ANNUAL RYE"
"13948","4256154223","4268","07212-26-01","07212-26-01-job","47-0250","","1/13/2026","1/13/2026","481.79","V-000343","50300","UNIFORM RENTAL"
"13972","4256896120","4269","07213-26-01","07213-26-01-job","47-0250","","1/20/2026","1/20/2026","442.21","V-000343","50300","UNIFORM RENTAL"
"13994","301","4270","07254-26-01","07254-26-01-job","58-4000","","1/17/2026","1/17/2026","21041.20","V-000391","50300","HELEN GORDON #12"
"14050","302","4278","07250-26-01","07250-26-01-job","58-4000","","1/17/2026","1/17/2026","9524.24","V-000391","50300","MARY E GARY #2"
"14056","303","4279","07255-26-01","07255-26-01-job","58-4000","","1/17/2026","1/17/2026","6813.2","V-000391","50300","TEXAS GULF B A 4H"
"14064","195","4281","07254-26-01","07254-26-01-job","49-3000","","1/26/2026","1/26/2026","1915.0","V-000580","50100","RIG LABOR WE 012426"
"14082","73840","4282","07234-26-01","07234-26-01-job","58-4000","","1/12/2026","1/12/2026","1230.0","V-000654","50300","WASTE DISPOSAL"
"14092","73839","4284","07234-26-01","07234-26-01-job","58-4000","","1/7/2026","1/7/2026","3023.75","V-000654","50300","WASTE DISPOSAL"
"14098","131703","4285","07254-26-01","07254-26-01-job","58-4000","","1/7/2026","1/7/2026","775.42","V-000679","50300","FUEL TANK 250 JOB 7254"
"14106","134776","4287","07250-26-01","07250-26-01-job","58-4000","","1/22/2026","1/22/2026","1669.50","V-000679","50300","FUEL TANK RIG 103 JOB 7250"
"14112","134777","4288","07254-26-01","07254-26-01-job","58-4000","","1/22/2026","1/22/2026","1376.34","V-000679","50300","FUEL TANK RIG 250 JOB 7254"
"14120","00006610","4290","07224-26-01","07224-26-01-job","49-3000","","1/11/2026","1/11/2026","1523.76","V-000722","50100","RIG 101 LABOR 01/04/01/11"
"14126","00006634","4292","07250-26-01","07250-26-01-job","49-3000","","1/21/2026","1/21/2026","2200.31","V-000722","50100","RIG 103 LABOR 01/04-01/10"
"14130","00006637","4294","07221-26-01","07221-26-01-job","47-3000","","1/21/2026","1/21/2026","5081.36","V-000722","50100","RIG 212 LABOR 01/04-01/10"
"14132","00006639","4295","07201-26-01","07201-26-01-job","47-3000","","1/21/2026","1/21/2026","606.88","V-000722","50100","RIG 213 LABOR 01/04-01/10"
"14134","00006643","4296","07223-26-01","07223-26-01-job","47-3000","","1/21/2026","1/21/2026","4842.4","V-000722","50100","RIG 215 LABOR 01/04-01/10"
"14148","INV34042650","4301","07234-26-01","07234-26-01-job","58-4000","","1/15/2026","1/15/2026","6258.20","V-000136","50300","STONE"
"14152","INV34042408","4302","07234-26-01","07234-26-01-job","58-1000","","1/13/2026","1/13/2026","6139.75","V-000136","50300","STONE"
"14156","INV34042309","4303","07234-26-01","07234-26-01-job","58-4000","","1/12/2026","1/12/2026","9102.12","V-000136","50300","STONE"
"14162","34548","4305","07231-26-01","07231-26-01-job","58-4000","","1/15/2026","1/15/2026","1560","V-000157","50300","TRUCKING - BOP PARTS"
"14168","00006650","4308","07213-26-01","07213-26-01-job","47-3000","","1/10/2026","1/10/2026","4654.27","V-000722","50100","RIG 238 LABOR 01/04-01/10"
"14170","00006648","4309","07147-26-01","07147-26-01-job","47-3000","","1/10/2026","1/10/2026","4842.4","V-000722","50100","RIG 237 LABOR 01/04-01/10"
"14172","00006647","4310","07203-26-01","07203-26-01-job","47-3000","","1/10/2026","1/10/2026","4615.14","V-000722","51100","RIG 220 LABOR 01/04-01/10"
"14184","00006651","4316","07232-26-01","07232-26-01-job","47-3000","","1/10/2026","1/10/2026","2283.23","V-000722","50100","RIG 242 LABOR 01/04-01/10"
"14186","00006656","4317","07234-26-01","07234-26-01-job","48-3000","","1/10/2026","1/10/2026","2660.16","V-000722","50100","RIG 243 LABOR 01/04-01/10"
"14188","00006657","4318","07226-26-01","07226-26-01-job","47-3000","","1/10/2026","1/10/2026","4842.4","V-000722","50100","RIG 247 LABOR 01/04-01/10"
"14190","00006658","4319","07194-26-01","07194-26-01-job","48-3000","","1/10/2026","1/10/2026","11847.6","V-000722","50100","RIG 248 LABOR 01/04-01/10"
"14192","00006660","4320","07241-26-01","07241-26-01-job","48-3000","","1/10/2026","1/10/2026","845.44","V-000722","50100","RIG 249 LABOR 01/04-01/10"
"14198","00006662","4323","07216-26-01","07216-26-01-job","48-3000","","1/10/2026","1/10/2026","2329.22","V-000722","50100","RIG 251 LABOR 01/04-01/10"
"14200","00006665","4324","07212-26-01","07212-26-01-job","47-3000","","1/10/2026","1/10/2026","2421.2","V-000722","50100","RIG 713 LABOR 01/04-01/10"
"14228","00006884","4332","07226-26-01","07226-26-01-job","47-3000","","1/24/2026","1/24/2026","4842.40","V-000722","50100","RIG 247 LABOR 01/18-01/24/26"
"14234","00006871","4333","07255-26-01","07255-26-01-job","49-3000","","1/24/2026","1/24/2026","1523.76","V-000722","50100","RIG 101 LABOR 01/18-01/24/26"
"14242","00006873","4335","07212-26-01","07212-26-01-job","47-3000","","1/24/2026","1/24/2026","2237.24","V-000722","50100","RIG 212  LABOR 01/18-01/24/26"
"14254","00006874","4340","07201-26-01","07201-26-01-job","47-3000","","1/24/2026","1/24/2026","422.92","V-000722","50100","RIG 213 LABOR 01/18-01/24/26"
"14256","00006875","4341","07211-26-01","07211-26-01-job","47-3000","","1/24/2026","1/24/2026","2306.23","V-000722","50100","RIG 214 LABOR 01/18-01/24/26"
"14264","00006876","4343","07236-26-01","07236-26-01-job","47-3000","","1/24/2026","1/24/2026","4474.48","V-000722","50100","RIG 215 LABOR 01/18-01/24/26"
"14266","00006879","4344","07198-26-01","07198-26-01-job","47-3000","","1/24/2026","1/24/2026","3177.07","V-000722","50100","RIG 221 LABOR 01/18-01/24/26"
"14276","00006878","4347","07233-26-01","07233-26-01-job","47-3000","","1/24/2026","1/24/2026","6840.68","V-000722","50100","RIG 220 LABOR 01/18-01/24/26"
"14318","00006885","4356","07221-26-01","07221-26-01-job","48-3000","","1/24/2026","1/24/2026","10026.96","V-000722","50100","RIG 248 LABOR 01/18-01/24/26"
"14326","00006882","4358","07232-26-01","07232-26-01-job","47-3000","","1/24/2026","1/24/2026","2421.2","V-000722","50100","RIG 242 LABOR 01/18-01/24/26"
"14340","00006883","4361","07234-26-01","07234-26-01-job","48-3000","","1/24/2026","1/24/2026","1722.34","V-000722","50100","RIG 243 LABOR 01/18-01/24/26"
"14346","00006881","4362","07213-26-01","07213-26-01-job","47-3000","","1/24/2026","1/24/2026","2981.02","V-000722","50100","RIG 238 LABOR 01/18-01/24/26"
"14358","00006880","4364","07147-26-01","07147-26-01-job","47-3000","","1/24/2026","1/24/2026","7197.71","V-000722","50100","RIG 237 LABOR 01/18-01/24/26"
"14368","00006887","4366","07216-26-01","07216-26-01-job","48-3000","","1/24/2026","1/24/2026","1176.68","V-000722","50100","RIG 251 LABOR 01/18-01/24/26"
"14374","00006886","4368","07241-26-01","07241-26-01-job","48-3000","","1/24/2026","1/24/2026","2421.2","V-000722","50100","RIG 249 LABOR 01/18-01/24/26"
"14378","00006641","4370","07211-26-01","07211-26-01-job","47-3000","","1/21/2026","1/21/2026","2237.24","V-000722","50100","RIG 214 LABOR 01/04-01/10"
"14386","00006872","4372","07250-26-01","07250-26-01-job","49-3000","","1/24/2026","1/24/2026","2154.32","V-000722","50100","RIG 103 LABOR 01/18-01/24/26"
"14398","59570","4376","07198-26-01","07198-26-01-job","58-4000","","1/20/2026","1/20/2026","1832.68","V-000246","50300","RIG 221 JOB 7198"
"16611","M0000479301","4603","07226-26-01","07226-26-01-job","47-0820","","1/1/2026","1/1/2026","161.20","V-001103","50300","BENNETT"
"17005","INV34042092","4656","07235-26-01","07235-26-01-job","58-1000","","1/8/2026","1/8/2026","9825.47","V-000136","50300","STONE"
"17013","INV34042637","4658","07251-26-01","07251-26-01-job","58-1000","","1/15/2026","1/15/2026","5112.46","V-000136","50300","STONE"
"17021","INV34042229","4660","07212-26-01","07212-26-01-job","58-4000","","1/9/2026","1/9/2026","5068.69","V-000136","50300","STONE"
"17025","INV34042729","4661","07251-26-01","07251-26-01-job","58-1000","","1/16/2026","1/16/2026","7497.39","V-000136","50300","STONE"
"17033","INV34042230","4663","07251-26-01","07251-26-01-job","58-1000","","1/9/2026","1/9/2026","6833.04","V-000136","50300","STONE"
"17065","600886249629","4671","07211-26-01","07211-26-01-job","58-4000","","1/13/2026","1/13/2026","2637.6","V-001945","50300","WASTE REMOVAL"
"17073","600887049622","4673","07194-26-01","07194-26-01-job","58-4000","","1/20/2026","1/20/2026","2051.88","V-001945","50300","WASTE REMOVAL"
"17085","600886849626","4675","07222-26-01","07222-26-01-job","58-4000","","1/20/2026","1/20/2026","1613.33","V-001945","50300","WASTE REMOVAL"
"17087","600886949624","4676","07234-26-01","07234-26-01-job","58-4000","","1/20/2026","1/20/2026","1617.50","V-001945","50300","WASTE REMOVAL"
"17107","34547","4679","07234-26-01","07234-26-01-job","58-4000","","1/15/2026","1/15/2026","625.0","V-000157","50300","RIG 243 JOB 7234"
"17157","20180140","4691","07187-26-01","07187-26-01-job","58-4000","","1/20/2026","1/20/2026","1035","V-000782","50300","PLOW TRUCK & CHIPS"
"17159","622","4692","07233-26-01","07233-26-01-job","58-1000","","1/25/2026","1/25/2026","6201.43","V-000804","50300","STONE"
"17173","623","4698","07201-26-01","07201-26-01-job","58-4000","","1/25/2026","1/25/2026","24902.52","V-000804","50300","STONE"
"17175","624","4699","07211-26-01","07211-26-01-job","58-4000","","1/25/2026","1/25/2026","6047.99","V-000804","50300","STONE"
"17177","625","4700","07220-26-01","07220-26-01-job","58-5000","","1/25/2026","1/25/2026","37165.5","V-000804","50300","RECLAIMING SITE"
"17179","628","4701","07261-26-01","07261-26-01-job","58-1000","","1/25/2026","1/25/2026","16868","V-000804","50300","BUILDING SITE"
"17185","626","4703","07146-26-01","07146-26-01-job","51-0300","","1/25/2026","1/25/2026","5150","V-000804","53000","CAT 320 MACHINE"
"17189","627","4704","07223-26-01","07223-26-01-job","51-0300","","1/25/2026","1/25/2026","990","V-000804","53000","SKID STEER MACHINE"
"17205","5228","4709","07236-26-01","07236-26-01-job","58-4000","","1/8/2026","1/8/2026","2075","V-000823","50300","4AF*/CALCIUM"
"17213","5285","4713","07257-26-01","07257-26-01-job","58-4000","","1/13/2026","1/13/2026","2050","V-000823","50300","4AF*/CALCIUM/HOTWATER"
"17219","5227","4716","07251-26-01","07251-26-01-job","58-1000","","1/8/2026","1/8/2026","2050","V-000823","50300","4AF*/CALCIUM"
"17221","1419372","4717","07223-26-01","07223-26-01-job","58-4000","","1/12/2026","1/12/2026","4179.58","V-000969","50300","FISHING TOOLS"
"17223","1420316","4718","07147-26-01","07147-26-01-job","58-4000","","1/22/2026","1/22/2026","27314.65","V-000969","50300","FISHING TOOLS"
"17297","1820A","4733","07204-26-01","07204-26-01-job","58-5000","","1/7/2026","1/7/2026","1093.15","V-001069","50300","OTC/FROSTY ANNUAL RYE"
"17299","1828A","4734","07220-26-01","07220-26-01-job","58-5000","","1/12/2026","1/12/2026","1413.45","V-001069","50300","OTC/FROSTY ANNUAL RYE"
"17369","909N","4750","07222-26-01","07222-26-01-job","47-4111","","1/15/2026","1/15/2026","240.92","V-001111","50300","WELL MARKER FOR WELL 817"
"17373","912N","4751","07194-26-01","07194-26-01-job","48-4111","","1/18/2026","1/18/2026","240.92","V-001111","50300","WELL MARKER FOR WELL 1607"
"17377","910N","4752","07197-26-01","07197-26-01-job","58-4000","","1/18/2026","1/18/2026","240.92","V-001111","50300","WELL MARKER FOR WELL  7494"
"17381","908N","4753","07224-26-01","07224-26-01-job","58-4000","","1/11/2026","1/11/2026","371","V-001111","50300","WELL MARKER FOR WELL CLEAR VIEW A"
"17393","906N","4756","07203-26-01","07203-26-01-job","47-4111","","1/9/2026","1/9/2026","240.92","V-001111","50300","WELL MARKER FOR WELL 1467"
"17397","913N","4757","07216-26-01","07216-26-01-job","58-4000","","1/21/2026","1/21/2026","240.92","V-001111","50300","WELL MARKER FOR WELL JAS RAINEY #1"
"17401","907N","4758","07223-26-01","07223-26-01-job","58-4000","","1/9/2026","1/9/2026","240.92","V-001111","50300","WELL MARKER FOR WELL M-1743"
"17409","911N","4760","07211-26-01","07211-26-01-job","47-4111","","1/18/2026","1/18/2026","240.92","V-001111","50300","WELL MARKER FOR WELL 5437"
"17421","10028107780","4763","07194-26-01","07194-26-01-job","48-0100","","1/9/2026","1/9/2026","377.40","V-001115","50300","LODGING-B.BARKLEY"
"17449","10028113146","4773","07211-26-01","07211-26-01-job","47-0100","","1/9/2026","1/9/2026","1320.9","V-001115","50300","LODGING-R.KUHN"
"17451","511525","4774","07197-26-01","07197-26-01-job","58-4000","","1/14/2026","1/14/2026","19.96","V-001135","50300","CONCRETE"
"17463","511596","4776","07252-26-01","07252-26-01-job","58-4000","","1/14/2026","1/14/2026","204.52","V-001135","50300","DRILL SCREWS/PENNANT FLAG"
"17475","512156","4778","07232-26-01","07232-26-01-job","58-4000","","1/19/2026","1/19/2026","345.0","V-001135","50300","COASTAL SEED BLEED 50#"
"17481","511819","4779","07198-26-01","07198-26-01-job","58-4000","","1/16/2026","1/16/2026","230.0","V-001135","50300","SEED"
"17499","6041","4783","07227-26-01","07227-26-01-job","58-1000","","1/7/2026","1/7/2026","1186.41","V-001262","50300","EROSION BLANKET"
"17505","6052","4786","07213-26-01","07213-26-01-job","47-0250","","1/8/2026","1/8/2026","60.12","V-001262","50300","DRINKING WATER"
"17509","6054","4788","07251-26-01","07251-26-01-job","58-1000","","1/9/2026","1/9/2026","1410.5","V-001262","50300","CUT & DRY 100"
"17511","6079","4789","07239-26-01","07239-26-01-job","58-4000","","1/15/2026","1/15/2026","215.63","V-001262","50300","HAULED 8 CATTLE GATES"
"17525","6097","4791","07221-26-01","07221-26-01-job","58-4000","","1/20/2026","1/20/2026","562.08","V-001262","50300","THINNER"
"17543","6098","4793","07213-26-01","07213-26-01-job","58-4000","","1/23/2026","1/23/2026","973.00","V-001262","50300","HYDROGEL PLUS"
"17551","6099","4795","07257-26-01","07257-26-01-job","58-4000","","1/23/2026","1/23/2026","1821","V-001262","50300","HYDROGEL PLUS"
"17591","6100","4803","07240-26-01","07240-26-01-job","58-1000","","1/23/2026","1/23/2026","928.00","V-001262","50300","CORRUGATED PIPE"
"17599","6096","4805","07236-26-01","07236-26-01-job","58-4000","","1/20/2026","1/20/2026","1936","V-001262","50300","HYDROGEL PLUS/MUD EXTENDER"
"17603","6091","4807","07261-26-01","07261-26-01-job","58-1000","","1/20/2026","1/20/2026","8249.99","V-001262","50300","SWITCHGRASS FILTER SOCK"
"17607","6060","4809","07195-26-01","07195-26-01-job","58-5000","","1/13/2026","1/13/2026","6302.5","V-001262","50300","CUT & DRY 100"
"17615","6061","4811","07147-26-01","07147-26-01-job","58-4000","","1/13/2026","1/13/2026","1223.91","V-001262","50300","HYDROGEL PLUS/SODA ASH"
"17621","6062","4812","07211-26-01","07211-26-01-job","58-4000","","1/14/2026","1/14/2026","1098","V-001262","50300","HYDRO GEL PLUS"
"17625","6063","4814","07233-26-01","07233-26-01-job","58-1000","","1/14/2026","1/14/2026","3856.5","V-001262","50300","CUT & DRY 100"
"17629","6069","4816","07244-26-01","07244-26-01-job","51-0250","","1/14/2026","1/14/2026","200.4","V-001262","50300","DRINKING WATER"
"17633","6070","4818","07228-26-01","07228-26-01-job","58-4000","","1/15/2026","1/15/2026","5392","V-001262","50300","CUT & DRY 100"
"17639","6072","4820","07257-26-01","07257-26-01-job","58-4000","","1/12/2026","1/12/2026","748.8","V-001262","50300","CORRUGATED PIPE"
"17641","6071","4821","07233-26-01","07233-26-01-job","58-4000","","1/16/2026","1/16/2026","187.36","V-001262","50300","THINNER"
"17647","6073","4823","07251-26-01","07251-26-01-job","58-1000","","1/12/2026","1/12/2026","2875.69","V-001262","50300","EROSION BLANKET"
"17651","6074","4825","07235-26-01","07235-26-01-job","58-1000","","1/13/2026","1/13/2026","811.3","V-001262","50300","CORRUGATED PIPE"
"17657","6082","4828","07244-26-01","07244-26-01-job","58-5000","","1/16/2026","1/16/2026","359.38","V-001262","50300","HAULED RIG MATS"
"17659","6075","4829","07230-26-01","07230-26-01-job","58-1000","","1/13/2026","1/13/2026","2783.92","V-001262","50300","NON-WOVEN"
"17675","6080","4837","07238-26-01","07238-26-01-job","58-4000","","1/15/2026","1/15/2026","215.63","V-001262","50300","HAULED 8 CATTLE GATES"
"17679","6077","4839","07202-26-01","07202-26-01-job","58-5000","","1/13/2026","1/13/2026","431.25","V-001262","50300","HAULED JD 60 MINI"
"17681","6081","4840","07239-26-01","07239-26-01-job","58-4000","","1/15/2026","1/15/2026","359.38","V-001262","50300","HAULED CAT SKIDSTEER"
"17683","6086","4841","07230-26-01","07230-26-01-job","58-2000","","1/13/2026","1/13/2026","431.25","V-001262","50300","HAULED SKIDSTEER WITH BUCKET"
"17685","6089","4842","07238-26-01","07238-26-01-job","58-4000","","1/19/2026","1/19/2026","1581.02","V-001262","50300","SWITCHGRASS FILTER SOCK"
"17687","6090","4843","07260-26-01","07260-26-01-job","58-1000","","1/20/2026","1/20/2026","4399.89","V-001262","50300","SWITCHGRASS FILTER SOCK"
"17693","6092","4845","07260-26-01","07260-26-01-job","58-1000","","1/22/2026","1/22/2026","1187.5","V-001262","50300","CORRUGATED PIPE"
"17695","6093","4846","07240-26-01","07240-26-01-job","58-1000","","1/22/2026","1/22/2026","8899.94","V-001262","50300","SWITCHGRASS FILTER SOCK"
"17699","6094","4848","07230-26-01","07230-26-01-job","58-4000","","1/19/2026","1/19/2026","468.4","V-001262","50300","THINNER"
"17703","6095","4849","07212-26-01","07212-26-01-job","58-4000","","1/20/2026","1/20/2026","1899.28","V-001262","50300","HYDROGEL PLUS/THINNER"
"18117","256005276002","4943","07250-26-01","07250-26-01-job","58-4000","","1/9/2026","1/9/2026","1645.13","V-001877","50300","GENERATOR RENTAL"
"18197","250754558008","4959","07248-26-01","07248-26-01-job","58-5000","","1/22/2026","1/22/2026","1160.7","V-001877","50300","POLARIS RENTAL"
"18205","257187943001","4961","07224-26-01","07224-26-01-job","58-4000","","1/17/2026","1/17/2026","1696","V-001877","50300","GENERATOR RENTAL"
"18447","INV032920","5021","07190-26-01","07190-26-01-job","58-4009","","1/8/2026","1/8/2026","651","V-001697","50300","TIMBER MAT RENTAL"
"19069","14462","5202","07241-26-01","07241-26-01-job","58-4000","","1/27/2026","1/27/2026","1329.28","V-000338","50300","HAULED WATER IN"
"19073","14463","5204","07198-26-01","07198-26-01-job","58-4000","","1/27/2026","1/27/2026","2148.48","V-000338","50300","CHIPPED PICKEN PAW ROAD"
"19077","14461","5206","07198-26-01","07198-26-01-job","58-4000","","1/27/2026","1/27/2026","1329.28","V-000338","50300","HAULED WATER IN"
"19275","1011172","5240","07250-26-01","07250-26-01-job","58-4000","","1/7/2026","1/7/2026","2415.0","V-000750","50300","HAULED POTHOLE MACHINE"
"19371","6078","5266","07194-26-01","07194-26-01-job","58-4000","","1/14/2026","1/14/2026","431.25","V-001262","50300","HAULED JD 60 MINI"
"19451","20250483","5276","07201-26-01","07201-26-01-job","58-4009","","12/31/2025","12/31/2025","260","V-000566","50300","COMPOSITE MAT RENTAL"
"20197","179020","5441","07234-26-01","07234-26-01-job","48-0810","","12/30/2025","12/30/2025","44.14","V-001266","50300","HYDRAULIC QUICK CONNECT"
"20209","179024","5443","07213-26-01","07213-26-01-job","47-0810","","12/30/2025","12/30/2025","54.98","V-001266","50300","LARGE ALLEN SET"
"20245","179052","5449","07197-26-01","07197-26-01-job","47-0810","","12/30/2025","12/30/2025","145.74","V-001266","50300","FUSE PAC"
"21373","179367","5659","07197-26-01","07197-26-01-job","47-0250","","1/7/2026","1/7/2026","155.28","V-001266","50300","KONG MET GLOVES"
"21409","179352","5665","07213-26-01","07213-26-01-job","47-0810","","1/7/2026","1/7/2026","60.64","V-001266","50300","MICROFIBER TOWEL"
"21429","179372","5669","07234-26-01","07234-26-01-job","48-0810","","1/7/2026","1/7/2026","177.26","V-001266","50300","3/8 RATCHET BINDER"
"21601","179703","5701","07250-26-01","07250-26-01-job","49-0810","","1/14/2026","1/14/2026","161.46","V-001266","50300","2K POCKET LIGHT"
"21613","179701","5703","07250-26-01","07250-26-01-job","49-0810","","1/14/2026","1/14/2026","131.19","V-001266","50300","ADAPTER"
"21637","179682","5707","07253-26-01","07253-26-01-job","58-1000","","1/14/2026","1/14/2026","157.78","V-001266","50300","SZL BLADE"
"21917","179710","5763","07221-26-01","07221-26-01-job","51-0250","","1/14/2026","1/14/2026","183.36","V-001266","50300","MILWAUKEE CHARGER"
"22559","180012","5898","07213-26-01","07213-26-01-job","47-0810","","1/21/2026","1/21/2026","315.75","V-001266","50300","ANTIFREEZE"
"22981","179960","5969","07147-26-01","07147-26-01-job","47-0810","","1/20/2026","1/20/2026","55.98","V-001266","50300","BUTANE TORCH"
"23273","20260015","6025","07236-26-01","07236-26-01-job","58-4009","","1/15/2026","1/15/2026","928","V-000566","50300","COMPOSITE MAT RENTAL"
"23277","20260016","6027","07223-26-01","07223-26-01-job","58-4009","","1/15/2026","1/15/2026","2080","V-000566","50300","COMPOSITE MAT RENTAL"
"23291","20250011","6032","07202-26-01","07202-26-01-job","58-4009","","1/15/2026","1/15/2026","1898","V-000566","50300","COMPOSITE MAT RENTAL"
"23433","79805650","6067","07209-26-01","07209-26-01-job","47-0100","","12/20/2005","12/20/2005","355.2","V-001435","50300","LODGING-I.WILLIAMS"
"23439","I11746","6069","07174-26-01","07174-26-01-job","58-4000","","9/1/2025","9/1/2025","142.36","V-001770","50300","PORTA JOHN RENTAL"
"23447","I15930","6071","07174-26-01","07174-26-01-job","58-4000","","10/1/2025","10/1/2025","142.36","V-001770","50300","PORTA JOHN RENTAL"
"23467","I15931","6075","07216-26-01","07216-26-01-job","58-4000","","11/1/2025","11/1/2025","142.36","V-001770","50300","PORTA JOHN RENTAL"
"23485","8263112N","6079","07224-26-01","07224-26-01-job","58-4000","","11/23/2025","11/23/2025","1016.73","V-001995","50300","CLEARVIEW PAD - WELDING"
"23491","SMPR1130254","6081","07221-26-01","07221-26-01-job","58-1000","","11/30/2025","11/30/2025","25740","V-000997","50300","SAWMILL WAFFLE MATS"
"23499","SMPR113025","6083","07163-26-01","07163-26-01-job","58-5009","","11/30/2025","11/30/2025","4804.8","V-000997","50300","SAWMILL TIMBER MAT RENTAL"
"23509","R005393","6087","07224-26-01","07224-26-01-job","58-4000","","12/1/2025","12/1/2025","300","V-001229","50300","PORTA JOHN RENTAL RIG 101"
"23513","R005391","6089","07229-26-01","07229-26-01-job","58-4000","","12/1/2025","12/1/2025","600","V-000412","50300","PORTA JOHN RENTAL RIG 250"
"23519","I15932","6091","07216-26-01","07216-26-01-job","58-4000","","12/1/2025","12/1/2025","142.36","V-001770","50300","PORTA JOHN RENTAL"
"23541","79644222","6097","07220-26-01","07220-26-01-job","47-0100","","12/5/2025","12/5/2025","444","V-001435","50300","LODGING-D.HELMICK"
"23545","79657001","6099","07209-26-01","07209-26-01-job","47-0100","","12/6/2025","12/6/2025","460.65","V-001435","50300","LODGING-I.WILLIAMS"
"23557","79706299","6105","07202-26-01","07202-26-01-job","47-0100","","12/11/2025","12/11/2025","266.4","V-001435","50300","LODGING-S.NESTOR"
"23561","79716101","6107","07212-26-01","07212-26-01-job","47-0100","","12/11/2025","12/11/2025","532.8","V-001435","50300","LODGING-W.EZELL"
"23565","79718897","6109","07220-26-01","07220-26-01-job","48-0100","","12/12/2025","12/12/2025","621.6","V-001435","50300","LODGING-D.HELMICK"
"23577","79731563","6115","07209-26-01","07209-26-01-job","47-0100","","12/13/2025","12/13/2025","621.6","V-001435","50300","LODGING-I.WILLIAMS"
"23581","745127","6117","07227-26-01","07227-26-01-job","58-1000","","12/15/2025","12/15/2025","16317","V-000737","50300","STONE"
"23589","8335512","6121","07229-26-01","07229-26-01-job","58-4000","","12/16/2025","12/16/2025","855","V-001995","50300","WELDING LABOR"
"23601","R005445","6125","07231-26-01","07231-26-01-job","58-4000","","12/17/2025","12/17/2025","150","V-001229","50300","PORTA JOHN RENTAL RIG 11"
"23633","R005447","6133","07250-26-01","07250-26-01-job","58-4000","","12/17/2025","12/17/2025","150","V-001229","50300","PORTA JOHN RENTAL RIG 103"
"23639","I7385","6135","07187-26-01","07187-26-01-job","58-4000","","12/17/2025","12/17/2025","291.5","V-001439","50300","PORTA JOHN RENTAL JOB 7187"
"23649","402190","6137","07234-26-01","07234-26-01-job","51-0810","","12/18/2025","12/18/2025","211.97","V-000666","50300","WOODCUTTERS"
"23751","I7406","6153","07202-26-01","07202-26-01-job","58-4000","","12/22/2025","12/22/2025","291.5","V-001439","50300","PORTA JOHN RENTAL JOB 7202"
"23759","I7408","6155","07226-26-01","07226-26-01-job","58-4000","","12/22/2025","12/22/2025","338.14","V-001439","50300","PORTA JOHN RENTAL JOB 7202"
"23771","PIT57013080004","6159","07180-26-01","07180-26-01-job","58-4000","","12/23/2025","12/23/2025","2282.66","V-000603","50300","TELEHANDLER RENTAL"
"23777","60787","6161","07234-26-01","07234-26-01-job","58-4000","","12/23/2025","12/23/2025","570","V-002000","50300","CUT DOWN CONDUCTOR PIPE"
"23781","60790","6163","07234-26-01","07234-26-01-job","58-4000","","12/23/2025","12/23/2025","1235","V-002000","50300","CUT DOWN CONDUCTOR PIPE"
"23785","79840294","6165","07209-26-01","07209-26-01-job","47-0100","","12/23/2025","12/23/2025","266.4","V-001435","50300","LODGING-I.WILLIAMS"
"23789","10028023790","6167","07226-26-01","07226-26-01-job","47-0100","","12/26/2025","12/26/2025","660.45","V-001115","50300","LODGING-E.HALL"
"23793","10028023795","6169","07213-26-01","07213-26-01-job","47-0100","","12/26/2025","12/26/2025","849.15","V-001115","50300","LODGING-G.GREEN"
"23797","10028026230","6171","07222-26-01","07222-26-01-job","47-0100","","12/26/2025","12/26/2025","849.15","V-001115","50300","LODGING-H.HOWELL"
"23801","10028026440","6173","07222-26-01","07222-26-01-job","47-0100","","12/26/2025","12/26/2025","849.15","V-001115","50300","LODGING-J.HELDRETH"
"23805","10028024956","6175","07194-26-01","07194-26-01-job","48-0100","","12/26/2025","12/26/2025","754.8","V-001115","50300","LODGING-J.HUDNALL"
"23809","10028023776","6177","07194-26-01","07194-26-01-job","48-0100","","12/26/2025","12/26/2025","849.15","V-001115","50300","LODGING-T.FORD"
"23813","10028013461","6179","07202-26-01","07202-26-01-job","47-0100","","12/26/2025","12/26/2025","566.1","V-001115","50300","LODGING-S.NESTOR"
"23819","4876","6181","07228-26-01","07228-26-01-job","58-4000","","12/28/2025","12/28/2025","445.2","V-002066","50300","PORTA JOHN RENTAL"
"23835","BSC28734","6185","07213-26-01","07213-26-01-job","58-4000","","12/30/2025","12/30/2025","2073.57","V-000190","50300","WASTE REMOVAL"
"23841","131931","6187","07255-26-01","07255-26-01-job","58-4000","","12/30/2025","12/30/2025","850","V-000679","50300","OIL DRUM"
"23857","0261843854","6191","07194-26-01","07194-26-01-job","58-4000","","12/30/2025","12/30/2025","67.04","V-000009","50300","CORE PIPE PLAIN"
"23883","3530","6198","07202-26-01","07202-26-01-job","58-5000","","1/29/2026","1/29/2026","465","V-000502","50300","EQUIP HAULING"
"23887","3531","6200","07234-26-01","07234-26-01-job","58-2000","","1/29/2026","1/29/2026","375","V-000502","50300","EQUIP HAULING"
"23891","10028184518","6202","07226-26-01","07226-26-01-job","47-0100","","1/23/2026","1/23/2026","471.75","V-001115","50300","LODGING-E.HALL"
"23895","10028184491","6204","07230-26-01","07230-26-01-job","47-0100","","1/23/2026","1/23/2026","471.75","V-001115","50300","LODGING-H.HOWELL"
"23903","1002818712","6206","07221-26-01","07221-26-01-job","48-0100","","1/23/2026","1/23/2026","377.40","V-001115","50300","LODGING-T.FORD"
"23911","10028181777","6208","07213-26-01","07213-26-01-job","47-0100","","1/23/2026","1/23/2026","94.35","V-001115","50300","LODGING-J.BROSIOUS"
"23915","3200","6210","07234-26-01","07234-26-01-job","58-4000","","1/21/2026","1/21/2026","700","V-002061","50300","MECHANIC"
"23943","2153836","6214","07234-26-01","07234-26-01-job","58-4000","","1/20/2026","1/20/2026","2381.19","V-001702","50300","FUEL TANK-RIG 243 JOB 7234"
"23947","2155254","6216","07226-26-01","07226-26-01-job","58-4000","","1/20/2026","1/20/2026","1991.95","V-001702","50300","FUEL TANK-RIG 247 JOB 7226"
"23951","2155302","6218","07197-26-01","07197-26-01-job","58-4000","","1/20/2026","1/20/2026","1098.04","V-001702","50300","FUEL TANK-RIG 102 JOB 7187"
"23955","2155928","6220","07213-26-01","07213-26-01-job","58-4000","","1/20/2026","1/20/2026","1712.51","V-001702","50300","FUEL TANK-RIG 238 JOB 7213"
"23959","2155299","6222","07233-26-01","07233-26-01-job","47-4111","","1/20/2026","1/20/2026","3228.81","V-001702","50300","FUEL TANK-RIG 220 JOB 7233"
"23967","10028153143","6226","07222-26-01","07222-26-01-job","47-0100","","1/18/2026","1/18/2026","566.1","V-001115","50300","LODGING-H.HOWELL"
"23971","2149632","6228","07216-26-01","07216-26-01-job","58-4000","","1/17/2026","1/17/2026","988.18","V-001702","50300","FUEL TANK-RIG 251 JOB 7216"
"23975","2150576","6230","07201-26-01","07201-26-01-job","47-4111","","1/16/2026","1/16/2026","773.35","V-001702","50300","FUEL TANK-RIG 213 JOB 7201"
"23981","I7583","6232","07187-26-01","07187-26-01-job","58-4000","","1/14/2026","1/14/2026","291.5","V-001439","50300","PORTA JOHN RENTAL JOB 7187"
"23991","I7563","6235","07213-26-01","07213-26-01-job","58-4000","","1/9/2026","1/9/2026","291.5","V-001439","50300","PORTA JOHN RENTAL JOB 7213"
"23997","10028109984","6237","07222-26-01","07222-26-01-job","47-0100","","1/9/2026","1/9/2026","471.75","V-001115","50300","LODGING-J.HELDRETH"
"24001","10028109632","6239","07194-26-01","07194-26-01-job","48-0100","","1/9/2026","1/9/2026","471.75","V-001115","50300","LODGING-J.HUDNALL"
"24005","10028101627","6241","07202-26-01","07202-26-01-job","47-0100","","1/9/2026","1/9/2026","283.05","V-001115","50300","LODGING-S.NESTOR"
"24009","10028107636","6243","07194-26-01","07194-26-01-job","48-0100","","1/9/2026","1/9/2026","377.4","V-001115","50300","LODGING-L.BRYANT"
"24013","10028109644","6245","07226-26-01","07226-26-01-job","47-0100","","1/9/2026","1/9/2026","377.4","V-001115","50300","LODGING-E.HALL"
"24017","10028107777","6247","07213-26-01","07213-26-01-job","47-0100","","1/9/2026","1/9/2026","471.75","V-001115","50300","LODGING-G.GREEN"
"24025","10028095920","6249","07234-26-01","07234-26-01-job","48-0100","","1/9/2026","1/9/2026","199.80","V-001115","50300","LODGING-Z.NAYLOR"
"24033","10028110017","6251","07222-26-01","07222-26-01-job","47-0100","","1/9/2026","1/9/2026","471.75","V-001115","50300","LODGING-H.HOWELL"
"24047","I7555","6255","07208-26-01","07208-26-01-job","58-4000","","1/8/2026","1/8/2026","291.5","V-001439","50300","PORTA JOHN RENTAL JOB 7208"
"24053","79644236","6257","07203-26-01","07203-26-01-job","47-0100","","12/5/2025","12/5/2025","355.2","V-001435","50300","LODGING-J. HADDIX"
"24057","79731561","6259","07203-26-01","07203-26-01-job","47-0100","","12/13/2025","12/13/2025","444","V-001435","50300","LODGING-J. HADDIX"
"24061","79830492","6261","07203-26-01","07203-26-01-job","47-0100","","12/23/2025","12/23/2025","710.4","V-001435","50300","LODGING-J. HADDIX"
"24065","79718896","6263","07203-26-01","07203-26-01-job","47-0100","","12/12/2025","12/12/2025","444","V-001435","50300","LODGING-L.ANDERSON"
"24069","79822270","6265","07203-26-01","07203-26-01-job","47-0100","","12/22/2025","12/22/2025","1054.5","V-001435","50300","LODGING-L.ANDERSON"
"24073","79830495","6267","07203-26-01","07203-26-01-job","47-0100","","12/23/2025","12/23/2025","98.79","V-001435","50300","LODGING-L.ANDERSON"
"24077","79718807","6269","07197-26-01","07197-26-01-job","47-0100","","12/12/2025","12/12/2025","444","V-001435","50300","LODGING-N.BENNETT"
"24081","79760574","6271","07197-26-01","07197-26-01-job","47-0100","","12/16/2025","12/16/2025","88.8","V-001435","50300","LODGING-N.BENNETT"
"24085","79644223","6273","07203-26-01","07203-26-01-job","47-0100","","12/5/2025","12/5/2025","355.2","V-001435","50300","LODGING-P.ROWE"
"24089","79718879","6275","07203-26-01","07203-26-01-job","47-0100","","12/12/2025","12/12/2025","355.2","V-001435","50300","LODGING-P.ROWE"
"24093","79731620","6277","07203-26-01","07203-26-01-job","47-0100","","12/13/2025","12/13/2025","88.8","V-001435","50300","LODGING-P.ROWE"
"24097","79830447","6279","07203-26-01","07203-26-01-job","47-0100","","12/23/2025","12/23/2025","710.4","V-001435","50300","LODGING-P.ROWE"
"24101","79718868","6281","07223-26-01","07223-26-01-job","47-0100","","11/22/2025","11/22/2025","355.2","V-001435","50300","LODGING-T.BORKOWSKI"
"24105","79830493","6283","07223-26-01","07223-26-01-job","47-0100","","12/23/2025","12/23/2025","621.6","V-001435","50300","LODGING-T.BORKOWSKI"
"24109","79830509","6285","07212-26-01","07212-26-01-job","47-0100","","12/23/2025","12/23/2025","621.6","V-001435","50300","LODGING-T.CORNELL"
"24113","79718898","6287","07212-26-01","07212-26-01-job","47-0100","","12/12/2025","12/12/2025","355.2","V-001435","50300","LODGING-T.CORNELL"
"24117","79718876","6289","07197-26-01","07197-26-01-job","47-0100","","12/12/2025","12/12/2025","444","V-001435","50300","LODGING-Z.BENNETT"
"24121","79760575","6291","07197-26-01","07197-26-01-job","47-0100","","12/16/2025","12/16/2025","88.8","V-001435","50300","LODGING-Z.BENNETT"
"24149","25191","6299","07195-26-01","07195-26-01-job","58-4000","","12/31/2025","12/31/2025","400","V-000265","50300","PORTA JOHN RENTAL RIG 103"
"24153","25192","6301","07211-26-01","07211-26-01-job","47-4111","","12/31/2025","12/31/2025","400","V-000265","50300","PORTA JOHN RENTAL RIG 214"
"24157","25178","6303","07223-26-01","07223-26-01-job","47-0100","","12/31/2025","12/31/2025","400","V-000265","50300","PORTA JOHN RENTAL RIG 215"
"24161","25179","6305","07241-26-01","07241-26-01-job","48-0100","","12/31/2025","12/31/2025","400","V-000265","50300","PORTA JOHN RENTAL RIG 249"
"24165","25180","6307","07222-26-01","07222-26-01-job","47-4111","","12/31/2025","12/31/2025","400","V-000265","50300","PORTA JOHN RENTAL RIG 212"
"24169","25182","6309","07197-26-01","07197-26-01-job","47-0100","","12/31/2025","12/31/2025","400","V-000265","50300","PORTA JOHN RENTAL RIG 221/234"
"24173","25181","6311","07147-26-01","07147-26-01-job","47-0100","","12/31/2025","12/31/2025","400","V-000265","50300","PORTA JOHN RENTAL JOB 7147"
"24177","25183","6313","07203-26-01","07203-26-01-job","47-4111","","12/31/2025","12/31/2025","400","V-000265","50300","PORTA JOHN RENTAL RIG 220"
"24181","25184","6315","07129-26-01","07129-26-01-job","47-0100","","12/31/2025","12/31/2025","400","V-000265","50300","PORTA JOHN RENTAL RIG 242"
"24185","25185","6317","07201-26-01","07201-26-01-job","47-4111","","12/31/2025","12/31/2025","400","V-000265","50300","PORTA JOHN RENTAL RIG 213"
"24189","25186","6319","07212-26-01","07212-26-01-job","58-4000","","12/31/2025","12/31/2025","400","V-000265","50300","PORTA JOHN RENTAL RIG 713"
"24193","25187","6321","07234-26-01","07234-26-01-job","58-4000","","12/31/2025","12/31/2025","400","V-000265","50300","PORTA JOHN RENTAL RIG 243"
"24197","25188","6323","07194-26-01","07194-26-01-job","58-4000","","12/31/2025","12/31/2025","400","V-000265","50300","PORTA JOHN RENTAL RIG 248"
"24201","25189","6325","07171-26-01","07171-26-01-job","46-0100","","12/31/2025","12/31/2025","400","V-000265","50300","PORTA JOHN RENTAL RIG 2"
"24245","007299","6335","07202-26-01","07202-26-01-job","58-4000","","1/2/2026","1/2/2026","3472.3","V-000475","50300","HAULED WATER"
"24249","20250012","6337","07147-26-01","07147-26-01-job","58-4009","","1/1/2026","1/1/2026","2820","V-000566","50300","COMPOSITE MAT RENTAL"
"24263","1011199","6342","07236-26-01","07236-26-01-job","58-2000","","1/14/2026","1/14/2026","690","V-000750","50300","HAULED CAT 389 SKID STEER"
"24267","20179920","6344","07184-26-01","07184-26-01-job","51-0600","","1/6/2026","1/6/2026","275","V-000782","50300","HAULED HOE TO MEC-52-0944"
"24299","1286113","6356","07252-26-01","07252-26-01-job","58-1000","","1/7/2026","1/7/2026","1310.96","V-001011","50300","KNIFE 2290 BABB"
"24303","7681424","6358","07251-26-01","07251-26-01-job","58-1000","","1/6/2026","1/6/2026","1155","V-001012","50300","33 FEET OF 16INCH PIPE"
"24307","10028061226","6360","07226-26-01","07226-26-01-job","47-0100","","1/5/2026","1/5/2026","188.7","V-001115","50300","LODGING-E.HALL"
"24311","10028060935","6362","07213-26-01","07213-26-01-job","47-0100","","1/5/2026","1/5/2026","283.05","V-001115","50300","LODGING-G.GREEN"
"24315","10028073776","6364","07222-26-01","07222-26-01-job","47-0100","","1/5/2026","1/5/2026","471.75","V-001115","50300","LODGING-H.HOWELL"
"24319","10028060507","6366","07222-26-01","07222-26-01-job","47-0100","","1/5/2026","1/5/2026","283.05","V-001115","50300","LODGING-J.HELDRETH"
"24323","10028061045","6368","07194-26-01","07194-26-01-job","48-0100","","1/5/2026","1/5/2026","188.7","V-001115","50300","LODGING-T.FORD"
"24327","10028061024","6370","07194-26-01","07194-26-01-job","48-0100","","1/5/2026","1/5/2026","188.7","V-001115","50300","LODGING-L.BRYANT"
"24331","10028054666","6372","07234-26-01","07234-26-01-job","48-0100","","1/5/2026","1/5/2026","94.35","V-001115","50300","LODGING-Z.NAYLOR"
"24389","3162","6385","07071-26-01","07071-26-01-job","46-3000","","12/31/2025","12/31/2025","5596.19","V-002061","50100","RIG/LABOR"
"24585","20250478","6437","07244-26-01","07244-26-01-job","58-5009","","12/31/2025","12/31/2025","64","V-000566","50300","COMPOSITE MAT RENTAL"
"24589","20250479","6439","07202-26-01","07202-26-01-job","58-4009","","12/31/2025","12/31/2025","2336","V-000566","50300","COMPOSITE MAT RENTAL"
"24593","20250480","6441","07195-26-01","07195-26-01-job","58-4009","","12/31/2025","12/31/2025","1300","V-000566","50300","COMPOSITE MAT RENTAL"
"24621","20250482","6445","07223-26-01","07223-26-01-job","58-4009","","12/31/2025","12/31/2025","2560","V-000566","50300","COMPOSITE MAT RENTAL"
"24727","36180819001","6467","07220-26-01","07220-26-01-job","58-4000","","1/2/2026","1/2/2026","1221.14","V-000797","50300","KUBOTA RENTAL"
"24843","I15933","6491","07216-26-01","07216-26-01-job","58-4000","","1/1/2026","1/1/2026","142.36","V-001770","50300","PORTA JOHN RENTAL"
"25053","14379","6528","07220-26-01","07220-26-01-job","58-4000","","1/6/2026","1/6/2026","5162.24","V-000338","50300","HAULED PIT AND WATER"
"25069","179370","6534","07197-26-01","07197-26-01-job","47-0810","","1/7/2026","1/7/2026","158.08","V-001266","50300","3/4 x 5.2 TE TE"
"25129","8868","6550","07241-26-01","07241-26-01-job","48-0100","","1/7/2026","1/7/2026","77.97","V-001675","50300","LODGING-G.MARKS"
"25701","1290004","6676","07252-26-01","07252-26-01-job","58-1000","","1/27/2026","1/27/2026","30000","V-001011","50300","BANDIT"
"25853","179423","6716","07226-26-01","07226-26-01-job","47-0810","","1/8/2026","1/8/2026","126.64","V-001266","50300","BOLT SAFETY SHACKLE"
"26065","1011210","6760","07223-26-01","07223-26-01-job","58-5000","","1/15/2026","1/15/2026","517.5","V-000750","50300","HAULED CAT WHEEL"
"26859","1501","6836","07263-26-01","07263-26-01-job","46-3000","","1/21/2026","1/21/2026","10636.3","V-002363","50300","PLUGGING SANCHIS 1129-1V"
"31617","89988523001","7403","07191-26-01","07191-26-01-job","01-6010","","1/13/2026","1/13/2026","2432.62","V-000797","53000","EQUP REPAIR - POLARIS"
"31791","179555","7431","07254-26-01","07254-26-01-job","49-0810","","1/12/2026","1/12/2026","108.45","V-001266","50300","FITTINGS"
"31845","EQP0012829","7441","07227-26-01","07227-26-01-job","51-0300","","1/12/2026","1/12/2026","2245","V-000306","53000","D6 RENTAL"
"33135","EQP0008616","7682","07227-26-01","07227-26-01-job","51-0300","","12/15/2025","12/15/2025","2245","V-000306","53000","D6 RENTAL"
"33291","EQP0009992","7710","07227-26-01","07227-26-01-job","51-0300","","12/23/2025","12/23/2025","2245","V-000306","53000","D6 RENTAL"
"36699","10911","8384","07195-26-01","07195-26-01-job","58-4000","","10/22/2025","10/22/2025","5770.75","V-001022","50300","CONSOL 5444"
"36707","3002706","8388","07224-26-01","07224-26-01-job","58-4000","","10/30/2025","10/30/2025","300.5","V-002238","50300","MELT ICE 30LBS"
"36711","93541550","8390","07231-26-01","07231-26-01-job","58-4000","","1/7/2026","1/7/2026","47.43","V-002238","50300","ELL WELD 2 IN STD LR 90"
"36719","1288984","8394","07152-26-01","07152-26-01-job","58-1000","","1/21/2026","1/21/2026","14000","V-001011","53000","T14R BUMPER"
"36881","INV34041621","8447","07242-26-01","07242-26-01-job","58-1000","","12/29/2025","12/29/2025","14690.24","V-000136","50300","STONE"
"36885","CDE123025A","8449","07071-26-01","07071-26-01-job","58-4000","","12/30/2025","12/30/2025","625","V-001331","50300","WATER HAULING"
"36891","3160","8451","07114-26-01","07114-26-01-job","46-3000","","12/31/2025","12/31/2025","115552.19","V-002061","50300","PLUGGING JOHN A KEYS"
"36897","3519","8453","07187-26-01","07187-26-01-job","58-4000","","12/31/2025","12/31/2025","490","V-000502","50300","TRUCKING"
"36901","3520","8455","07071-26-01","07071-26-01-job","46-3000","","12/31/2025","12/31/2025","1880","V-000502","50100","RIG 11 MNE FIRE"
"36905","247800039015","8457","07071-26-01","07071-26-01-job","58-4000","","1/1/2026","1/1/2026","848","V-001877","53000","LIGHT TOWER"
"36909","253712954006","8459","07071-26-01","07071-26-01-job","58-4000","","1/5/2026","1/5/2026","1696","V-001877","53000","LIGHT TOWER"
"36913","INV34042196","8461","07071-26-01","07071-26-01-job","58-4000","","1/9/2026","1/9/2026","713.61","V-000136","50300","STONE"
"36925","INV34042346","8465","07256-26-01","07256-26-01-job","58-1000","","1/12/2026","1/12/2026","4827.41","V-000136","50300","STONE"
"36929","3103075","8467","07242-26-01","07242-26-01-job","46-0810","","1/13/2026","1/13/2026","297.2","V-000951","50300","FLAPPER VALVE"
"36933","4137505","8469","07216-26-01","07216-26-01-job","58-4000","","1/13/2026","1/13/2026","186","V-001133","50300","TONG DIE"
"36957","1500","8475","07263-26-01","07263-26-01-job","46-3000","","1/15/2026","1/15/2026","58618.23","V-002363","50300","PLUGGING SANCHIS 1129-1V"
"37095","PIT53536810006","8509","07071-26-01","07071-26-01-job","58-4000","","12/8/2025","12/8/2025","4104.53","V-000603","53000","TELEHANDLER RENTAL"
"37101","255673567003","8511","07071-26-01","07071-26-01-job","58-4000","","12/30/2025","12/30/2025","6588","V-001877","53000","LIGHT TOWER"
"37105","CDE010626A","8513","07071-26-01","07071-26-01-job","58-4000","","1/6/2026","1/6/2026","906.25","V-001331","53000","WATER HAULING"
"37111","PIT53536810007","8515","07071-26-01","07071-26-01-job","58-4000","","1/5/2026","1/5/2026","4104.53","V-000603","53000","TELEHANDLER RENTAL"
"37125","247966360006","8519","07071-26-01","07071-26-01-job","58-4000","","10/12/2025","10/12/2025","1696","V-001877","53000","LIGHT TOWER"
"37129","101573","8521","07071-26-01","07071-26-01-job","58-4000","","10/18/2025","10/18/2025","4240","V-001637","50300","SMALL STONE"
"37133","10905","8523","07163-26-01","07163-26-01-job","58-4000","","10/24/2025","10/24/2025","11958.3","V-001022","50300","CONSOL 648"
"37139","SMPR14740","8525","07190-26-01","07190-26-01-job","58-1000","","10/31/2025","10/31/2025","17106.38","V-000997","50300","SAWMILL TIMBER MATS"
"37147","SMPR10312025","8527","07163-26-01","07163-26-01-job","58-1000","","10/31/2025","10/31/2025","6006","V-000997","50300","SAWMILL TIMBER MATS"
"37181","3145","8537","07187-26-01","07187-26-01-job","46-3000","","12/31/2025","12/31/2025","120172.68","V-002061","50300","plugging well 1135"
"37185","247841225009","8539","07071-26-01","07071-26-01-job","58-4000","","12/31/2025","12/31/2025","5404","V-001877","53000","LIGHT TOWER"
"37189","247800039014","8541","07071-26-01","07071-26-01-job","58-4000","","12/31/2025","12/31/2025","3052.32","V-001877","50300","LIGHT TOWER"
"37193","253712954005","8543","07071-26-01","07071-26-01-job","58-4000","","12/31/2025","12/31/2025","9744.92","V-001877","50300","LIGHT TOWER"
"37209","1286752","8549","07256-26-01","07256-26-01-job","58-1000","","1/9/2026","1/9/2026","14000","V-001011","53000","T14 EQUIPMENT RENTAL"
"37213","26557774","8551","07071-26-01","07071-26-01-job","58-4000","","1/12/2026","1/12/2026","7234.13","V-002029","50300","FUEL"
"37233","UL01498318","8557","07071-26-01","07071-26-01-job","58-4000","","1/15/2026","1/15/2026","115.1","V-000396","50300","PERMITS"
"37241","3179","8559","07242-26-01","07242-26-01-job","46-3000","","1/15/2026","1/15/2026","64412.5","V-002061","50300","GVB 9-3"
"37265","1288320","8565","07256-26-01","07256-26-01-job","58-1000","","1/19/2026","1/19/2026","-9333.33","V-001011","53000","T14 RENTAL"
"37361","1504","8595","07256-26-01","07256-26-01-job","46-3000","","1/29/2026","1/29/2026","133847.5","V-002363","50300","GVB 9-1"
"37393","1796A","8607","07190-26-01","07190-26-01-job","58-5000","","12/12/2025","12/12/2025","1253.3","V-001069","50300","LIME/FIELD FERTILIZER"
"37397","79718885","8609","07212-26-01","07212-26-01-job","47-0100","","12/12/2025","12/12/2025","444","V-001435","50300","LODGING-D.HALL"
"37413","007295","8613","07216-26-01","07216-26-01-job","58-4000","","12/17/2025","12/17/2025","825","V-000475","50300","WATER HAULING"
"37417","007294","8615","07212-26-01","07212-26-01-job","58-4000","","12/17/2025","12/17/2025","1475","V-000475","50300","WATER HAULING"
"37431","1842A","8620","07184-26-01","07184-26-01-job","58-5000","","12/20/2025","12/20/2025","1795.95","V-001069","50300","LIME/OTC/FROSTY RYE"
"37435","79822269","8622","07220-26-01","07220-26-01-job","47-0100","","12/22/2025","12/22/2025","621.6","V-001435","50300","LODGING-D.HELMICK"
"37749","INV032718","8673","07213-26-01","07213-26-01-job","58-4009","","12/23/2025","12/23/2025","308.00","V-001697","50300","TIMBER MAT RENTAL"
"37757","10028023675","8675","07213-26-01","07213-26-01-job","47-0100","","12/26/2025","12/26/2025","471.75","V-001115","50300","LODGING-B.BURKHULDER"
"37763","611","8677","07220-26-01","07220-26-01-job","51-0300","","12/28/2025","12/28/2025","7632","V-000804","53000","ASSISTING RIG"
"37769","6028","8679","07071-26-01","07071-26-01-job","58-4000","","12/30/2025","12/30/2025","6302.5","V-001262","50300","CUT & DRY 100"
"37773","7840612","8681","07250-26-01","07250-26-01-job","58-4000","","12/31/2025","12/31/2025","1308","V-001995","50300","WELDING LABOR"
"37789","64809251","8685","07126-26-01","07126-26-01-job","58-4000","","12/31/2025","12/31/2025","375.26","V-002335","50300","DISPOSAL"
"37833","1418357","8697","07071-26-01","07071-26-01-job","58-4000","","12/31/2025","12/31/2025","1673.1","V-000969","50300","FISHING TOOLS"
"37837","1418974","8699","07213-26-01","07213-26-01-job","58-4000","","12/31/2025","12/31/2025","12621.04","V-000969","50300","FISHING TOOLS"
"37841","6031","8701","07220-26-01","07220-26-01-job","58-1000","","12/31/2025","12/31/2025","6302.5","V-001262","50300","CUT & DRY 100"
"37845","1419029","8703","07187-26-01","07187-26-01-job","58-4000","","12/31/2025","12/31/2025","973.44","V-000969","50300","FISHING TOOLS"
"38121","34397","8841","07188-26-01","07188-26-01-job","58-4000","","12/4/2025","12/4/2025","19816","V-000157","50300","BOP RIG 250 JOB 7188"
"38125","34414","8843","07156-26-01","07156-26-01-job","58-4000","","12/4/2025","12/4/2025","22252","V-000157","50300","BOP RIG 221 JOB 7156"
"38129","34441","8845","07114-26-01","07114-26-01-job","58-4000","","12/10/2025","12/10/2025","900","V-000157","50300","BOP DELIVERY"
"38147","130352","8847","07147-26-01","07147-26-01-job","47-0330","","12/16/2025","12/16/2025","247.51","V-001168","50300","DAILY ENGINE REPORT LOGS"
"38165","2103946","8849","07212-26-01","07212-26-01-job","58-4000","","12/18/2025","12/18/2025","4272.18","V-001702","50300","FUEL TANK-RIG 713 JOB 7212"
"38169","34470","8851","07180-26-01","07180-26-01-job","58-4000","","12/19/2025","12/19/2025","1315","V-000157","50300","BOP RIG 238 JOB 7180"
"38173","34471","8853","07212-26-01","07212-26-01-job","58-4000","","12/19/2025","12/19/2025","18952","V-000157","50300","BOP RIG 713 JOB 7212"
"38177","0753563301","8855","07213-26-01","07213-26-01-job","58-4009","","12/20/2025","12/20/2025","5950","V-000978","53000","SUPER VAC RENTAL"
"38181","0753574001","8857","07194-26-01","07194-26-01-job","58-4009","","12/20/2025","12/20/2025","7250","V-000978","53000","DIESEL SUPER VAC RENTAL"
"38185","0753574301","8859","07212-26-01","07212-26-01-job","58-4009","","12/20/2025","12/20/2025","7000","V-000978","53000","DIESEL SUPER VAC RENTAL"
"38195","615","8861","07201-26-01","07201-26-01-job","51-0300","","12/28/2025","12/28/2025","700","V-000804","53000","WORKING ON SITE"
"38205","2116627","8863","07194-26-01","07194-26-01-job","58-4000","","12/29/2025","12/29/2025","724.05","V-001702","50300","FUEL TANK-RIG 248 JOB 7194"
"38209","2120625","8865","07216-26-01","07216-26-01-job","58-4000","","12/30/2025","12/30/2025","1117.83","V-001702","50300","FUEL TANK-RIG 251 JOB 7216"
"38213","20250481","8867","07147-26-01","07147-26-01-job","58-4009","","12/31/2025","12/31/2025","3008","V-000566","50300","COMPOSITE MAT RENTAL"
"38217","34496","8869","07179-26-01","07179-26-01-job","58-4000","","12/22/2025","12/22/2025","27623","V-000157","50300","BOP RIG 238 JOB 7179"
"38221","1418959","8871","07195-26-01","07195-26-01-job","58-4000","","12/31/2025","12/31/2025","51228.12","V-000969","50300","FISHING TOOLS"
"38225","0753577501","8873","07202-26-01","07202-26-01-job","58-4009","","12/31/2025","12/31/2025","8975.48","V-000978","53000","SUPER VAC RENTAL"
"38229","6033","8875","07114-26-01","07114-26-01-job","58-2000","","12/31/2025","12/31/2025","800","V-001262","50300","HAULED SHOES, MILL,WASHOUT PIPE"
"38387","13970","8954","07224-26-01","07224-26-01-job","49-0100","","1/1/2026","1/1/2026","132.09","V-000815","50300","LODGING-W.BARKER"
"38395","13974","8958","07224-26-01","07224-26-01-job","49-0100","","1/1/2026","1/1/2026","132.09","V-000815","50300","LODGING-J.JOHNSON"
"38403","13997","8962","07229-26-01","07229-26-01-job","49-0100","","1/1/2026","1/1/2026","946.83","V-000815","50300","LODGING-W.BARKER"
"38411","617","8966","07220-26-01","07220-26-01-job","58-4000","","1/4/2026","1/4/2026","2086","V-000804","50300","WORKING ON SITE"
"38419","INV032834","8970","07177-26-01","07177-26-01-job","58-4009","","1/5/2026","1/5/2026","2108","V-001697","50300","CRANE MAT"
"38427","6044","8974","07194-26-01","07194-26-01-job","58-4000","","1/5/2026","1/5/2026","3337.2","V-001262","50300","CITRIC ACID/BICARBONATE OF SODA"
"38469","2120875","8987","07212-26-01","07212-26-01-job","58-4000","","1/5/2026","1/5/2026","3367.26","V-001702","50300","FUEL TANK-RIG 713 JOB 7212"
"38475","2131040","8990","07194-26-01","07194-26-01-job","58-4000","","1/6/2026","1/6/2026","1080.8","V-001702","50300","FUEL TANK-RIG248 JOB 7194"
"38483","2131041","8994","07187-26-01","07187-26-01-job","58-4000","","1/6/2026","1/6/2026","1068.38","V-001702","50300","RIG 102 JOB 7187"
"38491","288108246","8998","07147-26-01","07147-26-01-job","58-4000","","1/6/2026","1/6/2026","2804.99","V-002269","50300","FUEL TANK-RIG 238 JOB 7147"
"38499","31671","9002","07198-26-01","07198-26-01-job","58-4000","","1/6/2026","1/6/2026","2390","V-000028","50300","HOT WATER/ YARD"
"38509","1760738700003","9007","07155-26-01","07155-26-01-job","58-4000","","1/7/2026","1/7/2026","157.5","V-001715","50300","GENERATOR FUEL"
"38517","6048","9011","07114-26-01","07114-26-01-job","58-4000","","1/7/2026","1/7/2026","973","V-001262","50300","HYDROGEL PLUS"
"38527","93541766","9016","07234-26-01","07234-26-01-job","58-4000","","1/7/2026","1/7/2026","82.58","V-000640","50300","NIPPLE-PIPE"
"38535","6049","9020","07222-26-01","07222-26-01-job","47-4111","","1/7/2026","1/7/2026","1035.5","V-001262","50300","HYDROGEL PLUS"
"38545","BSC28800","9024","07222-26-01","07222-26-01-job","58-4000","","1/7/2026","1/7/2026","4005.16","V-000190","50300","WASTE DISPOSAL"
"38555","5252","9028","07241-26-01","07241-26-01-job","58-4000","","1/7/2026","1/7/2026","2500","V-001455","50300","LAID CASING"
"38593","795000","9040","07180-26-01","07180-26-01-job","58-4000","","1/8/2026","1/8/2026","777.21","V-000271","50300","HOT SHOT CHARGE"
"38621","5253","9051","07241-26-01","07241-26-01-job","58-4000","","1/8/2026","1/8/2026","2500","V-001455","50300","LAID CASING"
"38633","BSC28801","9056","07203-26-01","07203-26-01-job","58-4000","","1/8/2026","1/8/2026","11931.73","V-000190","50300","WASTE DISPOSAL"
"38645","6050","9061","07171-26-01","07171-26-01-job","58-4000","","1/8/2026","1/8/2026","1223","V-001262","50300","HYDROGEL PLUS"
"38651","6051","9064","07213-26-01","07213-26-01-job","58-4000","","1/8/2026","1/8/2026","973","V-001262","50300","HYDROGEL PLUS"
"38657","INV032919","9067","07212-26-01","07212-26-01-job","58-4009","","1/8/2026","1/8/2026","651","V-001697","50300","TIMBER MAT RENTAL"
"38667","2135139","9072","07241-26-01","07241-26-01-job","58-4000","","1/8/2026","1/8/2026","1101.87","V-001702","50300","FUEL TANK-RIG 249 JOB 7241"
"38675","2138064","9076","07216-26-01","07216-26-01-job","58-4000","","1/9/2026","1/9/2026","938.85","V-001702","50300","FUEL TANK-RIG 251 JOB 7216"
"38683","2136758","9080","07194-26-01","07194-26-01-job","58-4000","","1/9/2026","1/9/2026","1049.82","V-001702","50300","FUEL TANK-RIG 248 JOB 7194"
"38691","1419200","9084","07220-26-01","07220-26-01-job","58-4000","","1/9/2026","1/9/2026","13706.28","V-000969","50300","FISHING TOOLS"
"38699","1419228","9088","07187-26-01","07187-26-01-job","58-4000","","1/9/2026","1/9/2026","3976.6","V-000969","50300","FISHING TOOLS"
"38709","1419309","9093","07217-26-01","07217-26-01-job","58-4000","","1/9/2026","1/9/2026","1159.2","V-000969","50300","FISHING TOOLS"
"38717","6053","9097","07220-26-01","07220-26-01-job","58-1000","","1/9/2026","1/9/2026","9284","V-001262","50300","CUT & DRY 100"
"38725","6059","9101","07203-26-01","07203-26-01-job","47-0600","","1/9/2026","1/9/2026","287.5","V-001262","50300","HAULED GENERATOR"
"38731","93542208","9104","07217-26-01","07217-26-01-job","58-5000","","1/9/2026","1/9/2026","46.26","V-002238","50300","COUPLING-CORRUG"
"38751","1231FROG","9112","07155-26-01","07155-26-01-job","58-4000","","1/9/2026","1/9/2026","1220","V-000259","50300","FRANK TANK RENTAL"
"38787","620","9120","07201-26-01","07201-26-01-job","58-4000","","1/11/2026","1/11/2026","1250","V-000804","50300","HAULED LIME"
"38795","2140261","9124","07187-26-01","07187-26-01-job","58-4000","","1/11/2026","1/11/2026","1008.8","V-001702","50300","FUEL TANK-RIG 102 JOB 7187"
"38805","CDE011226A","9129","07171-26-01","07171-26-01-job","58-4000","","1/12/2026","1/12/2026","1218.75","V-001331","50300","HAULED WATER AND DRILL MUD"
"38813","CDE011226B","9133","07147-26-01","07147-26-01-job","58-4000","","1/12/2026","1/12/2026","3875","V-001331","50300","HAULED DRILL MUD"
"38821","8336112","9137","07231-26-01","07231-26-01-job","58-4000","","1/12/2026","1/12/2026","950","V-001995","50300","TERRY D.LITZELMAN A"
"38831","8336212","9142","07250-26-01","07250-26-01-job","58-4000","","1/13/2026","1/13/2026","950","V-001995","50300","WELDING LABOR"
"39063","2144381","9258","07212-26-01","07212-26-01-job","58-4000","","1/13/2026","1/13/2026","3651.39","V-001702","50300","FUEL TANK-RIG 713 JOB 7212"
"39069","2145029","9261","07213-26-01","07213-26-01-job","58-4000","","1/13/2026","1/13/2026","1191.14","V-001702","50300","FUEL TANK-RIG 238 JOB 7213"
"39081","34518","9265","07213-26-01","07213-26-01-job","58-4000","","1/13/2026","1/13/2026","810.0","V-000157","50300","RIG 238 JOB 7213"
"39095","CDE011326A","9270","07223-26-01","07223-26-01-job","58-4000","","1/13/2026","1/13/2026","6250","V-001331","50300","HAULED DRILL MUD"
"39107","CDE011326B","9274","07197-26-01","07197-26-01-job","58-4000","","1/13/2026","1/13/2026","1812.50","V-001331","50300","HAULED WATER"
"39119","5302","9278","07235-26-01","07235-26-01-job","58-1000","","1/14/2026","1/14/2026","2050","V-000823","50300","HOT WATER/CALCIUM"
"39125","133474","9281","07250-26-01","07250-26-01-job","58-4000","","1/14/2026","1/14/2026","1662.15","V-000679","50300","FUEL TANK-RIG 103 JOB 7250"
"39133","133491","9285","07250-26-01","07250-26-01-job","58-4000","","1/14/2026","1/14/2026","372.97","V-000679","50300","FUEL TANK-RIG 103 JOB 7250"
"39141","7065","9289","07216-26-01","07216-26-01-job","58-4000","","1/14/2026","1/14/2026","4500","V-000903","50300","GYROSCOPIC SURVEY"
"39147","INV34042563","9291","07234-26-01","07234-26-01-job","58-4000","","1/14/2026","1/14/2026","7543.52","V-000136","50300","STONE"
"39199","93547738","9304","07226-26-01","07226-26-01-job","58-4000","","1/14/2026","1/14/2026","258.37","V-002238","50300","HANDLE-FLEX"
"39207","10704","9308","07152-26-01","07152-26-01-job","58-1000","","1/14/2026","1/14/2026","2127.5","V-001237","50300","TAILGATED STONE"
"39215","8908","9312","07241-26-01","07241-26-01-job","48-0100","","1/15/2026","1/15/2026","311.88","V-001675","50300","LODGING-G.MARKS"
"39223","8907","9316","07180-26-01","07180-26-01-job","51-0100","","1/15/2026","1/15/2026","311.88","V-001675","50300","LODGING-D.MCCOWIEN"
"39247","BSC28941","9325","07222-26-01","07222-26-01-job","58-4000","","1/15/2026","1/15/2026","4164.42","V-000190","50300","WASTE DISPOSAL"
"39257","CDE011526A","9329","07222-26-01","07222-26-01-job","58-4000","","1/15/2026","1/15/2026","3218.75","V-001331","50300","HAULED DRILL MUD"
"39267","CDE011526B","9332","07194-26-01","07194-26-01-job","58-4000","","1/15/2026","1/15/2026","3625.0","V-001331","50300","HAULED DRILL MUD"
"39279","2148553","9336","07187-26-01","07187-26-01-job","58-4000","","1/15/2026","1/15/2026","1091.93","V-001702","50300","FUEL TANK-RIG 102 JOB 7187"
"39287","134078","9340","07254-26-01","07254-26-01-job","58-4000","","1/16/2026","1/16/2026","3027.13","V-000679","50300","FUEL TANK-RIG 250 JOB 7254"
"39297","133893","9345","07250-26-01","07250-26-01-job","58-4000","","1/16/2026","1/16/2026","1549.63","V-000679","50300","FUEL TANK-RIG 103 JOB 7250"
"39305","70737","9349","07239-26-01","07239-26-01-job","58-4000","","1/16/2026","1/16/2026","632.5","V-000904","50300","DELIVERED SKID STEER"
"39335","BSC28940","9359","07194-26-01","07194-26-01-job","58-4000","","1/16/2026","1/16/2026","7744.47","V-000190","50300","WASTE DISPOSAL"
"39347","CDE011626A","9364","07194-26-01","07194-26-01-job","58-4000","","1/16/2026","1/16/2026","4500","V-001331","50300","HAULED DRILL MUD"
"39353","CDE011826A","9367","07228-26-01","07228-26-01-job","58-4000","","1/18/2026","1/18/2026","6500","V-001331","50300","HAULED WATER"
"39361","8340712","9371","07254-26-01","07254-26-01-job","58-4000","","1/18/2026","1/18/2026","760","V-001995","50300","WELDING LABOR"
"39369","CDE011926A","9375","07213-26-01","07213-26-01-job","58-4000","","1/19/2026","1/19/2026","2250","V-001331","50300","HAULED DRILLMUD/WATER"
"39377","4704364","9379","07216-26-01","07216-26-01-job","58-2000","","1/19/2026","1/19/2026","840","V-001560","50300","MOVED PIPE TUB-RIG 251"
"39409","MM2962","9388","07211-26-01","07211-26-01-job","58-4000","","1/19/2026","1/19/2026","1398.14","V-001207","50300","WASTE DISPOSAL"
"39421","MM2963","9392","07212-26-01","07212-26-01-job","58-4000","","1/19/2026","1/19/2026","1755.36","V-001207","50300","MATERIAL DISPOSAL"
"39431","10736","9396","07152-26-01","07152-26-01-job","58-1000","","1/19/2026","1/19/2026","1092.5","V-001237","50300","STONE"
"39439","T12310","9400","07250-26-01","07250-26-01-job","58-4000","","1/19/2026","1/19/2026","855","V-002081","50300","HAULED SWIVEL"
"39447","133895","9404","07255-26-01","07255-26-01-job","58-4000","","1/19/2026","1/19/2026","4120.5","V-000679","50300","FUEL TANK-RIG 101 JOB 7255"
"39453","134136","9407","07254-26-01","07254-26-01-job","58-4000","","1/19/2026","1/19/2026","1697.21","V-000679","50300","FUEL TANK-RIG 250 JOB 7254"
"39471","134137","9416","07250-26-01","07250-26-01-job","58-4000","","1/19/2026","1/19/2026","928.24","V-000679","50300","FUEL TANK-RIG 103JOB 7250"
"39499","I7611","9425","07202-26-01","07202-26-01-job","58-4000","","1/19/2026","1/19/2026","291.5","V-001439","50300","PORTA JOHN RENTAL JOB 7202"
"39511","6111","9430","07221-26-01","07221-26-01-job","58-2000","","1/19/2026","1/19/2026","431.25","V-001262","50300","HAULED CAT SKID STEER"
"39519","193768","9434","07226-26-01","07226-26-01-job","58-4000","","1/20/2026","1/20/2026","1251.86","V-001348","50300","DIE TONG"
"39529","193767","9439","07234-26-01","07234-26-01-job","58-4000","","1/20/2026","1/20/2026","919.9","V-001348","50300","PIN RETAINER"
"39539","193769","9444","07232-26-01","07232-26-01-job","58-4000","","1/20/2026","1/20/2026","468.5","V-001348","50300","POWER TONG"
"39553","2600060","9451","07195-26-01","07195-26-01-job","58-2000","","1/20/2026","1/20/2026","5768.1","V-002146","50300","RIG MOVE"
"39603","512469","9474","07252-26-01","07252-26-01-job","58-4000","","1/20/2026","1/20/2026","210.89","V-001135","50300","SAFETY FENCE/CABLE TIE"
"39617","INV34042803","9478","07251-26-01","07251-26-01-job","58-1000","","1/20/2026","1/20/2026","5061.86","V-000136","50300","STONE"
"39629","INV34042776","9482","07194-26-01","07194-26-01-job","58-4000","","1/20/2026","1/20/2026","1300.21","V-000136","50300","STONE"
"39653","BSC29038","9490","07213-26-01","07213-26-01-job","58-4000","","1/20/2026","1/20/2026","2019.19","V-000190","50300","WASTE DISPOSAL"
"40269","2081217","9779","07183-26-01","07183-26-01-job","51-0820","","12/7/2025","12/7/2025","573.79","V-001702","50300","FUEL TANK-RUFF CREEK"
"40287","2091588","9781","07183-26-01","07183-26-01-job","51-0820","","12/12/2025","12/12/2025","395.18","V-001702","50300","FUEL TANK-RUFF CREEK"
"40317","2103917","9789","07227-26-01","07227-26-01-job","51-0820","","12/18/2025","12/18/2025","558.76","V-001702","50300","FUEL TANK-RUFF CREEK"
"40371","2110095","9797","07167-26-01","07167-26-01-job","51-0820","","12/23/2025","12/23/2025","326.37","V-001702","50300","FUEL TANK-ELM GROVE"
"40441","179219","9809","07234-26-01","07234-26-01-job","58-4000","","1/5/2026","1/5/2026","68.04","V-001266","50300","2PLY WHIP CHECK"
"40453","179292","9811","07234-26-01","07234-26-01-job","48-0810","","1/6/2026","1/6/2026","67.82","V-001266","50300","TARP"
"40509","179556","9821","07241-26-01","07241-26-01-job","58-4000","","1/12/2026","1/12/2026","166.44","V-001266","50300","SAWZ ALL BLADES"
"40521","179544","9825","07234-26-01","07234-26-01-job","48-0810","","1/12/2026","1/12/2026","252.08","V-001266","50300","FILTER"
"40561","179559","9831","07147-26-01","07147-26-01-job","47-0810","","1/12/2026","1/12/2026","803.17","V-001266","50300","JAR OF CLAMPS"
"40597","179572","9837","07201-26-01","07201-26-01-job","47-0810","","1/12/2026","1/12/2026","250.32","V-001266","50300",""
"40621","179609","9847","07213-26-01","07213-26-01-job","47-0810","","1/13/2026","1/13/2026","229.62","V-001266","50300","SOLENOID"
"40717","93544722","9869","07254-26-01","07254-26-01-job","58-4000","","1/16/2026","1/16/2026","257.55","V-002238","50300","MELT-ICE"
"40721","93544740","9871","07255-26-01","07255-26-01-job","58-4000","","1/16/2026","1/16/2026","257.55","V-002238","50300","MELT-ICE"
"40729","93544744","9873","07213-26-01","07213-26-01-job","47-0810","","1/16/2026","1/16/2026","137.20","V-002238","50300","UNION HAMMER"
"40857","416559","9911","07223-26-01","07223-26-01-job","58-5000","","1/20/2026","1/20/2026","772","V-000971","50300","SEED MIXTURE"
"40919","0646601","9925","07238-26-01","07238-26-01-job","59-0006","","1/20/2026","1/20/2026","35267.5","V-000373","50300","DADDY LONG LEGS & POLAR VORTEX"
"40931","2157163","9927","07147-26-01","07147-26-01-job","53-0820","","1/21/2026","1/21/2026","497.79","V-001702","50300","FUEL TANK-HUNDRED ON ROAD"
"40945","2157113","9929","07220-26-01","07220-26-01-job","51-0820","","1/21/2026","1/21/2026","713.68","V-001702","50300","FUEL TANK-RUFF CREEK"
"40965","93545979","9937","07234-26-01","07234-26-01-job","58-4000","","1/21/2026","1/21/2026","345.86","V-002238","50300","UNION HAMMER/VALVE CHECK"
"40969","93545992","9939","07234-26-01","07234-26-01-job","58-4000","","1/21/2026","1/21/2026","164.53","V-002238","50300","STRAINER-CAST IRON"
"40977","180299","9941","07213-26-01","07213-26-01-job","47-0810","","1/28/2026","1/28/2026","479.99","V-001266","50300","HEATER"
"40993","700770","9945","07187-26-01","07187-26-01-job","46-0810","","1/29/2026","1/29/2026","16.68","V-000807","50300","HOSE ADAPTERS"
"41007","2175151","9947","07240-26-01","07240-26-01-job","51-0820","","1/29/2026","1/29/2026","645.64","V-001702","50300","FUEL TANK-RUFF CREEK"
"41033","25296","9953","07233-26-01","07233-26-01-job","47-4111","","1/31/2026","1/31/2026","400","V-000265","50300","PORTA JOHN RENTAL"
"41081","6115","9965","07262-26-01","07262-26-01-job","58-1000","","12/28/2025","12/28/2025","1680.48","V-001262","50300","SILT FENCE/CORRUGATED PIPE"
"41085","134148","9967","07250-26-01","07250-26-01-job","58-4000","","1/19/2026","1/19/2026","915.22","V-000679","50300","FUEL TANK-RIG 103JOB 7250"
"41123","3146","9978","07171-26-01","07171-26-01-job","46-3000","","12/31/2025","12/31/2025","60347.12","V-002061","50300","PLUGGING WELL 7699"
"41593","642127","10141","07215-26-01","07215-26-01-job","58-4000","","12/21/2025","12/21/2025","16230","V-001251","50300","SUPERINTENDENT"
"44354","16168","10550","07194-26-01","07194-26-01-job","48-0100","","12/30/2025","12/30/2025","790.32","V-000281","50300","LODGING-L.BRYANT"
"48563","1502","11820","07263-26-01","07263-26-01-job","46-3000","","1/31/2026","1/31/2026","43806.21","V-002363","50300","WOOD 512-1V"
"48567","1506","11822","07263-26-01","07263-26-01-job","46-3000","","1/31/2026","1/31/2026","22665.02","V-002363","50300","SANCHIS 1129-1V"
"49359","65034482001","12097","07250-26-01","07250-26-01-job","58-4000","","1/22/2026","1/22/2026","666.28","V-000797","50300","REPLACED INLET COVER"
"49367","36182359002","12099","07216-26-01","07216-26-01-job","58-4000","","1/28/2026","1/28/2026","4187.98","V-000797","53000","SELF CONTAIN HEATER"
"49375","36182582002","12101","07187-26-01","07187-26-01-job","58-4000","","1/28/2026","1/28/2026","4187.98","V-000797","53000","SELF CONTAIN HEATER"
"49383","36217925001","12103","07187-26-01","07187-26-01-job","58-4000","","1/30/2026","1/30/2026","640.93","V-000797","50300","HEATER DUCK BLK/ADAPTER"
"49391","36182629002","12105","07250-26-01","07250-26-01-job","58-4000","","2/2/2026","2/2/2026","59.92","V-000797","50300","DUCT WYE ADAPTR"
"51475","7029","13062","07172-26-01","07172-26-01-job","58-4000","","11/7/2025","11/7/2025","4500","V-000903","50300","GYROSCOPIC SURVEY"
"51479","7034","13064","07195-26-01","07195-26-01-job","58-4000","","11/20/2025","11/20/2025","4500","V-000903","50300","GYROSCOPIC SURVEY"
"51559","79644195","13084","07212-26-01","07212-26-01-job","47-0100","","12/5/2025","12/5/2025","355.2","V-001435","50300","LODGING-T.CORNELL"
"51563","79644194","13086","07217-26-01","07217-26-01-job","47-0100","","12/5/2025","12/5/2025","444","V-001435","50300","LODGING-I.EZELL"
"51567","79644193","13088","07204-26-01","07204-26-01-job","47-0100","","12/5/2025","12/5/2025","355.2","V-001435","50300","LODGING-B.DONATE"
"51571","79644192","13090","07146-26-01","07146-26-01-job","47-0100","","12/5/2025","12/5/2025","355.2","V-001435","50300","LODGING-T.BORKOWSKI"
"51575","79644167","13092","07147-26-01","07147-26-01-job","47-0100","","12/5/2025","12/5/2025","444","V-001435","50300","LODGING-Z.BENNETT"
"51579","79644166","13094","07147-26-01","07147-26-01-job","47-0100","","12/5/2025","12/5/2025","444","V-001435","50300","LODGING.N.BENNETT"
"51583","79644157","13096","07203-26-01","07203-26-01-job","47-0100","","12/5/2025","12/5/2025","444","V-001435","50300","LODGING-B.FREEMAN"
"51587","79644156","13098","07212-26-01","07212-26-01-job","47-0100","","12/5/2025","12/5/2025","355.2","V-001435","50300","LODGING-D.HALL"
"53866","254598171001","13453","07195-26-01","07195-26-01-job","58-4000","","11/5/2025","11/5/2025","581.94","V-001877","53000","LIGHT TOWER RENTAL"
"53880","10027962647","13459","07204-26-01","07204-26-01-job","47-0100","","12/12/2025","12/12/2025","93.9","V-001115","50300","LODGING-H.HOWELL"
"53924","600882549626","13467","07195-26-01","07195-26-01-job","58-4000","","12/16/2025","12/16/2025","1224.89","V-001945","50300","WASTE REMOVAL"
"53942","07123108","13473","07161-26-01","07161-26-01-job","47-0300","","12/18/2025","12/18/2025","3577.5","V-000223","53000","RENTAL"
"53964","192966","13479","07243-26-01","07243-26-01-job","58-4000","","12/19/2025","12/19/2025","808.23","V-001348","50300","CUP,SEATING/CAGE"
"53980","193356","13483","07243-26-01","07243-26-01-job","58-4000","","12/23/2025","12/23/2025","1667.4","V-001348","50300","BARREL/PLUNGER"
"53984","246156536010","13485","07232-26-01","07232-26-01-job","58-4000","","12/23/2025","12/23/2025","1095","V-001877","50300","UTV RENTAL"
"53988","2110269","13487","07187-26-01","07187-26-01-job","58-4000","","12/23/2025","12/23/2025","1195.99","V-001702","50300","FUEL RIG 102"
"53992","1083710","13489","07237-26-01","07237-26-01-job","58-4000","","12/27/2025","12/27/2025","19612.5","V-000951","50300","7"" CASING"
"53998","242600835014","13491","07230-26-01","07230-26-01-job","58-4000","","1/2/2026","1/2/2026","3352.78","V-001877","50300","SKID RENTAL"
"54018","36182629001","13495","07250-26-01","07250-26-01-job","58-4000","","1/5/2026","1/5/2026","494.61","V-000797","50300","HVAC DUCT WYE ADAPTER"
"54026","89932118001","13497","07224-26-01","07224-26-01-job","58-4000","","1/5/2026","1/5/2026","1257.25","V-000797","50300","BTU SELF CONTAIN HEATER"
"54038","CDE010726A","13501","07222-26-01","07222-26-01-job","58-4000","","1/7/2026","1/7/2026","2750","V-001331","50300","WATER TRUCK"
"54046","CDE010826A","13503","07203-26-01","07203-26-01-job","47-4111","","1/8/2026","1/8/2026","906.25","V-001331","50300","WATER TRUCK"
"54060","133194","13509","07255-26-01","07255-26-01-job","58-4000","","1/13/2026","1/13/2026","801","V-000679","50300","FUEL TANK-RIG 101 JOB 7255"
"54126","36182187002","13526","07250-26-01","07250-26-01-job","58-4000","","1/9/2026","1/9/2026","1736.22","V-000797","50300","BTU SELF CONTAIN HEATER"
"54134","36197378001","13528","07201-26-01","07201-26-01-job","58-4000","","1/9/2026","1/9/2026","1455.2","V-000797","53000","UTV RENTAL"
"54146","36180819002","13532","07220-26-01","07220-26-01-job","58-4000","","1/12/2026","1/12/2026","975.93","V-000797","53000","UTV RENTAL"
"54170","1768887130003","13536","07234-26-01","07234-26-01-job","58-4000","","1/14/2026","1/14/2026","1527.26","V-001715","53000","LIGHT TOWER RENTAL"
"54176","10028144973","13538","07213-26-01","07213-26-01-job","47-0100","","1/16/2026","1/16/2026","471.75","V-001115","50300","LODGING-G.GREEN"
"54184","10028144743","13540","07194-26-01","07194-26-01-job","48-0100","","1/16/2026","1/16/2026","377.40","V-001115","50300","LODGING-T.FORD"
"54192","10028144733","13542","07230-26-01","07230-26-01-job","47-0100","","1/16/2026","1/16/2026","471.75","V-001115","50300","LODGING-J.HELDRETH"
"54200","10028144725","13544","07194-26-01","07194-26-01-job","48-0100","","1/16/2026","1/16/2026","377.40","V-001115","50300","LODGING-B.BARKLEY"
"54212","10028144626","13546","07221-26-01","07221-26-01-job","48-0100","","1/16/2026","1/16/2026","471.75","V-001115","50300","LODGING-J.HUDNALL"
"54236","10028144408","13552","07226-26-01","07226-26-01-job","47-0100","","1/16/2026","1/16/2026","377.40","V-001115","50300","LODGING-E.HALL"
"54452","5327","13584","07238-26-01","07238-26-01-job","59-0006","","1/20/2026","1/20/2026","1070","V-000823","50300","HOT WATER/CALCIUM"
"54456","1420256","13586","07129-26-01","07129-26-01-job","58-4000","","1/21/2026","1/21/2026","1636.54","V-000969","50300","FISHING TOOLS"
"54528","4137567","13598","07242-26-01","07242-26-01-job","46-0810","","1/14/2026","1/14/2026","930","V-001133","50300","INSERT / PLUG"
"54572","8942","13608","07221-26-01","07221-26-01-job","48-0100","","1/21/2026","1/21/2026","311.88","V-001675","50300","LODGING-L.BRYANT"
"54752","3103076","13644","07239-26-01","07239-26-01-job","59-0006","","1/13/2026","1/13/2026","35596.45","V-000951","21050",""
"55248","6021","13699","07253-26-01","07253-26-01-job","58-1000","","12/31/2025","12/31/2025","6764.00","V-001262","50300","GEO ROAD FABRIC"
"55276","8336012","13703","07254-26-01","07254-26-01-job","58-4000","","1/12/2026","1/12/2026","774.18","V-001995","50300","WELDING LABOR"
"55416","EQP013766","13715","07240-26-01","07240-26-01-job","51-0300","","1/20/2026","1/20/2026","8980","V-000306","53000","D6N"
"55484","007312","13731","07234-26-01","07234-26-01-job","58-4000","","1/22/2026","1/22/2026","512.5","V-000475","50300","HAULED WATER"
"55512","2161273","13739","07232-26-01","07232-26-01-job","58-4000","","1/22/2026","1/22/2026","1281.06","V-001702","50300","FUEL TANK-RIG 242 JOB 7232"
"55516","605351","13741","07010-26-01","07010-26-01-job","58-4000","","1/22/2026","1/22/2026","2832.5","V-001741","50300","HAULED WATER"
"55520","605350","13743","07010-26-01","07010-26-01-job","58-4000","","1/22/2026","1/22/2026","3625.6","V-001741","50300","HAULED WATER"
"55524","605352","13745","07010-26-01","07010-26-01-job","58-4000","","1/22/2026","1/22/2026","4758.6","V-001741","50300","HAULED WATER"
"55528","0753602801","13747","07212-26-01","07212-26-01-job","58-4009","","1/22/2026","1/22/2026","7075.48","V-000978","53000","SUPER VAC RENTAL"
"55544","134986","13753","07255-26-01","07255-26-01-job","58-4000","","1/22/2026","1/22/2026","373.97","V-000679","50300","FUEL TANK-RIG 101 JOB 7255"
"55548","134792","13755","07255-26-01","07255-26-01-job","58-4000","","1/22/2026","1/22/2026","1886.86","V-000679","50300","FUEL TANK-RIG 101 JOB 7255"
"55554","BSC29037","13757","07211-26-01","07211-26-01-job","58-4000","","1/22/2026","1/22/2026","5929.85","V-000190","50300","WASTE DISPOSAL"
"55562","2177856","13759","07129-26-01","07129-26-01-job","53-0810","","1/22/2026","1/22/2026","192.75","V-001702","50300","TANK MAINTENACE/NOZZLE"
"55620","1420302","13766","07222-26-01","07222-26-01-job","47-4111","","1/22/2026","1/22/2026","2575.82","V-000969","50300","FISHING TOOLS"
"55676","180124","13786","07198-26-01","07198-26-01-job","47-0810","","1/22/2026","1/22/2026","432.68","V-001266","50300","RECHARGE D BATTERY KIT"
"55700","007313","13796","07203-26-01","07203-26-01-job","47-4111","","1/22/2026","1/22/2026","250","V-000475","50300","WATER HAULING"
"55724","2164937","13802","07234-26-01","07234-26-01-job","58-4000","","1/23/2026","1/23/2026","870.07","V-001702","50300","FUEL TANK-RIG 243 JOB 7234"
"55732","2162231","13804","07212-26-01","07212-26-01-job","58-4000","","1/23/2026","1/23/2026","254.22","V-001702","50300","FUEL TANK-RIG 238 JOB 7213"
"55740","2165633","13806","07234-26-01","07234-26-01-job","58-4000","","1/23/2026","1/23/2026","1109.01","V-001702","50300","FUEL TANK-243 JOB 7234"
"55748","5377","13808","07262-26-01","07262-26-01-job","58-1000","","1/23/2026","1/23/2026","1580","V-000823","50300","HMIX HOT WATER"
"55756","10028184076","13812","07211-26-01","07211-26-01-job","47-0100","","1/23/2026","1/23/2026","754.8","V-001115","50300","LODGING-R.KUHN"
"55760","10028184067","13814","07230-26-01","07230-26-01-job","47-0100","","1/23/2026","1/23/2026","471.75","V-001115","50300","LODGING-J.HELDRETH"
"55764","20180195","13816","07262-26-01","07262-26-01-job","58-1000","","1/23/2026","1/23/2026","807.5","V-000782","50300","PLOWED ACCESS ROAD"
"55768","20180197","13818","07261-26-01","07261-26-01-job","58-1000","","1/23/2026","1/23/2026","380","V-000782","50300","PLOWED SNOW"
"55772","20180196","13820","07220-26-01","07220-26-01-job","58-4000","","1/23/2026","1/23/2026","485","V-000782","50300","PLOW & STONE"
"55788","10028169507","13824","07226-26-01","07226-26-01-job","47-0100","","1/23/2026","1/23/2026","188.7","V-001115","50300","LODGING-S.NESTOR"
"55800","10028181801","13828","07213-26-01","07213-26-01-job","47-0100","","1/23/2026","1/23/2026","471.75","V-001115","50300","LODGING-G.GREEN"
"55804","10028183473","13830","07230-26-01","07230-26-01-job","47-0100","","1/23/2026","1/23/2026","283.05","V-001115","50300","LODGING-J.HELDRETH"
"55808","10028181633","13832","07211-26-01","07211-26-01-job","47-0100","","1/23/2026","1/23/2026","946.9","V-001115","50300","LODGING-R.KUHN"
"56638","007314","13883","07222-26-01","07222-26-01-job","47-4111","","1/22/2026","1/22/2026","387.5","V-000475","50300","HAULED WATER"
"56642","007315","13885","07216-26-01","07216-26-01-job","58-4000","","1/22/2026","1/22/2026","950","V-000475","50300","HAULED WATER"
"56686","60441","13889","07212-26-01","07212-26-01-job","58-4000","","1/23/2026","1/23/2026","2890.49","V-000246","50300","FUEL TANK-RIG 713 JOB 7212"
"56694","2162150","13891","07221-26-01","07221-26-01-job","48-4111","","1/23/2026","1/23/2026","737.60","V-001702","50300","FUEL TANK RIG 248 JOB 7221"
"56704","CDE012226A","13893","07211-26-01","07211-26-01-job","58-4000","","1/22/2026","1/22/2026","9218.75","V-001331","50300","HAULED DRILLMUD/WATER"
"56718","0114590IN","13897","07198-26-01","07198-26-01-job","58-4000","","1/26/2026","1/26/2026","3450","V-000322","50300","DAILY RATE/GYRO DEV"
"56766","20180238","13907","07221-26-01","07221-26-01-job","58-4000","","1/26/2026","1/26/2026","432.5","V-000782","50300","CHIPPED ROAD"
"56770","8316","13909","07221-26-01","07221-26-01-job","58-2000","","1/27/2026","1/27/2026","4039","V-000309","50300","MOVED MUD PUMP"
"56806","600887949623","13917","07234-26-01","07234-26-01-job","58-4000","","1/27/2026","1/27/2026","2279.95","V-001945","50300","WASTE DISPOSAL"
"56816","93547733","13919","07232-26-01","07232-26-01-job","58-4000","","1/27/2026","1/27/2026","119.12","V-002238","50300","GASKET-COUPLINGS"
"56822","93547735","13921","07201-26-01","07201-26-01-job","58-4000","","1/27/2026","1/27/2026","154.53","V-002238","50300","MELT-ICE"
"56826","93547736","13923","07230-26-01","07230-26-01-job","47-0810","","1/27/2026","1/27/2026","199.05","V-002238","50300","BUSHING/CAMLOCK"
"56834","514244","13925","07171-26-01","07171-26-01-job","58-4000","","1/28/2026","1/28/2026","56.07","V-001135","50300","PROPANE TANK FILL"
"56864","427638635","13927","07221-26-01","07221-26-01-job","51-0250","","1/28/2026","1/28/2026","441.48","V-000343","50300","UNIFORM RENTAL"
"56910","403005","13931","07240-26-01","07240-26-01-job","51-0250","","1/28/2026","1/28/2026","667.8","V-000666","50300","CHAIN LOOP/BAR OIL"
"56914","20180239","13933","07240-26-01","07240-26-01-job","58-4000","","1/28/2026","1/28/2026","380","V-000782","50300","CHIPPED ROAD"
"56918","20180237","13935","07233-26-01","07233-26-01-job","58-4000","","1/28/2026","1/28/2026","380","V-000782","50300","PLOW TRUCK-CHIP ROAD"
"56922","20180241","13937","07240-26-01","07240-26-01-job","58-1000","","1/28/2026","1/28/2026","432.5","V-000782","50300","PLOW TRUCK AND CINDER"
"56958","514330","13945","07232-26-01","07232-26-01-job","58-4000","","1/29/2026","1/29/2026","18.69","V-001135","50300","PROPANE TANK FILL"
"56970","514591","13947","07196-26-01","07196-26-01-job","58-4000","","1/30/2026","1/30/2026","149.57","V-001135","50300","DRILL SCREWS/PENNANT FLAG"
"56980","1023900","13949","07196-26-01","07196-26-01-job","58-1000","","1/30/2026","1/30/2026","890.4","V-000640","50300","12-1/2X432FT S200 WOV"
"57002","514595","13957","07198-26-01","07198-26-01-job","58-4000","","1/30/2026","1/30/2026","73.90","V-001135","50300","LARGE FLAKE PINE BEDDING"
"57010","514602","13959","07198-26-01","07198-26-01-job","58-4000","","1/30/2026","1/30/2026","37.38","V-001135","50300","PROPANE TANK FILL"
"57014","10028217726","13961","07221-26-01","07221-26-01-job","48-0100","","1/30/2026","1/30/2026","188.7","V-001115","50300","LODGING-L.BRYANT"
"57018","10028217803","13963","07211-26-01","07211-26-01-job","47-0100","","1/30/2026","1/30/2026","377.4","V-001115","50300","LODGING-R.KUHN"
"57022","10028217770","13965","07221-26-01","07221-26-01-job","48-0100","","1/30/2026","1/30/2026","188.7","V-001115","50300","LODGING-T.FORD"
"57038","3010924","13971","07240-26-01","07240-26-01-job","51-1015","","1/30/2026","1/30/2026","5871.6","V-000945","50100","MISC LABOR"
"57050","3010923","13973","07146-26-01","07146-26-01-job","51-5015","","1/30/2026","1/30/2026","1426.5","V-000945","50100","MISC LABOR"
"57062","136606","13975","07271-26-01","07271-26-01-job","58-4000","","1/30/2026","1/30/2026","284.57","V-000679","50300","FUEL TANK-RIG 103 JOB 7271"
"57066","136593","13977","07271-26-01","07271-26-01-job","58-4000","","1/30/2026","1/30/2026","1819.5","V-000679","50300","FUEL TANK-RIG 103 JOB 7271"
"57070","136592","13979","07254-26-01","07254-26-01-job","58-4000","","1/30/2026","1/30/2026","1967.24","V-000679","50300","FUEL TANK-RIG 250 JOB 7254"
"57074","20260030","13981","07236-26-01","07236-26-01-job","58-4009","","1/31/2026","1/31/2026","7424","V-000566","50300","COMPOSITE MAT RENTAL"
"57078","00007722","13983","07233-26-01","07233-26-01-job","47-3000","","1/31/2026","1/31/2026","2960.44","V-000722","50100","RIG 220 LABOR WE 01/25-01/3126"
"57082","00007615","13985","07250-26-01","07250-26-01-job","49-3000","","1/31/2026","1/31/2026","2154.32","V-000722","50100","RIG 103 LABOR WE 01/25-01/3126"
"57086","00007721","13987","07236-26-01","07236-26-01-job","47-3000","","1/31/2026","1/31/2026","1268.76","V-000722","50100","RIG 215 LABOR WE 01/25-01/3126"
"57090","00007724","13989","07198-26-01","07198-26-01-job","47-3000","","1/31/2026","1/31/2026","3001.48","V-000722","50100","RIG 221 LABOR WE 01/25-01/3126"
"57094","00007816","13991","07147-26-01","07147-26-01-job","47-3000","","1/31/2026","1/31/2026","5405.04","V-000722","50100","RIG 237 LABOR WE 01/25-01/3126"
"57098","00007817","13993","07221-26-01","07221-26-01-job","48-3000","","1/31/2026","1/31/2026","6807.76","V-000722","50100","RIG 238 LABOR WE 01/25-01/3126"
"57102","00007818","13995","07232-26-01","07232-26-01-job","47-3000","","1/31/2026","1/31/2026","1146.12","V-000722","50100","RIG 242 LABOR WE 01/25-01/3126"
"57106","00007821","13997","07226-26-01","07226-26-01-job","47-3000","","1/31/2026","1/31/2026","1691.68","V-000722","50100","RIG 247 LABOR WE 01/25-01/3126"
"57110","00007822","13999","07241-26-01","07241-26-01-job","48-3000","","1/31/2026","1/31/2026","1323.76","V-000722","50100","RIG 249 LABOR WE 01/25-01/3126"
"57114","00007823","14001","07257-26-01","07257-26-01-job","48-3000","","1/31/2026","1/31/2026","300.28","V-000722","50100","RIG 251 LABOR WE 01/25-01/3126"
"57122","1421754","14005","07213-26-01","07213-26-01-job","58-4000","","1/31/2026","1/31/2026","25783.9","V-000969","50300","FISHING TOOLS"
"57130","14028","14009","07229-26-01","07229-26-01-job","49-0100","","1/31/2026","1/31/2026","1211.01","V-000815","50300","LODGING-W.BARKER"
"57134","14046","14011","07250-26-01","07250-26-01-job","49-0100","","1/31/2026","1/31/2026","528.36","V-000815","50300","LODGING-D.MOORE"
"57138","14050","14013","07224-26-01","07224-26-01-job","49-0100","","1/31/2026","1/31/2026","1343.1","V-000815","50300","LODGING-J.HUMPHREY"
"57142","14049","14015","07255-26-01","07255-26-01-job","49-0100","","1/31/2026","1/31/2026","814.74","V-000815","50300","LODGING-J.FARRAR"
"57162","14024","14021","07250-26-01","07250-26-01-job","49-0100","","1/31/2026","1/31/2026","132.09","V-000815","50300","LODGING-J.HUMPHREY"
"57166","10028224644","14023","07230-26-01","07230-26-01-job","47-0100","","1/31/2026","1/31/2026","283.05","V-001115","50300","LODGING-H.HOWELL"
"57170","10028224643","14025","07230-26-01","07230-26-01-job","47-0100","","1/31/2026","1/31/2026","188.7","V-001115","50300","LODGING-J.HELDRETH"
"57174","10028224544","14027","07221-26-01","07221-26-01-job","48-0100","","1/31/2026","1/31/2026","283.05","V-001115","50300","LODGING-J.HUDNALL"
"57178","10028224541","14029","07226-26-01","07226-26-01-job","47-0100","","1/31/2026","1/31/2026","566.1","V-001115","50300","LODGING-E.HALL"
"57190","1421751","14035","07187-26-01","07187-26-01-job","58-4000","","1/31/2026","1/31/2026","31413.88","V-000969","50300","FISHING TOOLS"
"57194","25291","14037","07236-26-01","07236-26-01-job","48-0100","","1/31/2026","1/31/2026","400","V-000265","50300","PORTA JOHN RENTAL RIG 215"
"57198","25292","14039","07241-26-01","07241-26-01-job","48-0100","","1/31/2026","1/31/2026","400","V-000265","50300","PORTA JOHN RENTAL RIG 249"
"57202","25293","14041","07230-26-01","07230-26-01-job","47-4111","","1/31/2026","1/31/2026","400","V-000265","50300","PORTA JOHN RENTAL RIG 212"
"57206","25294","14043","07147-26-01","07147-26-01-job","47-0100","","1/31/2026","1/31/2026","400","V-000265","50300","PORTA JOHN RENTAL RIG 237"
"57210","25297","14045","07232-26-01","07232-26-01-job","47-0100","","1/31/2026","1/31/2026","400","V-000265","50300","PORTA JOHN RENTAL"
"57214","25295","14047","07198-26-01","07198-26-01-job","47-0100","","1/31/2026","1/31/2026","400","V-000265","50300","PORTA JOHN RENTAL RIG 221"
"57218","25298","14049","07201-26-01","07201-26-01-job","47-4111","","1/31/2026","1/31/2026","400","V-000265","50300","PORTA JOHN RENTAL"
"57222","25299","14051","07212-26-01","07212-26-01-job","58-4000","","1/31/2026","1/31/2026","400","V-000265","50300","PORTA JOHN RENTAL"
"57226","25300","14053","07234-26-01","07234-26-01-job","58-4000","","1/31/2026","1/31/2026","400","V-000265","50300","PORTA JOHN RENTAL"
"57230","25301","14055","07221-26-01","07221-26-01-job","48-4111","","1/31/2026","1/31/2026","400","V-000265","50300","PORTA JOHN RENTAL"
"57234","25302","14057","07171-26-01","07171-26-01-job","46-0100","","1/31/2026","1/31/2026","400","V-000265","50300","PORTA JOHN RENTAL"
"57242","25304","14061","07195-26-01","07195-26-01-job","47-0100","","1/31/2026","1/31/2026","90.3","V-000265","50300","PORTA JOHN RENTAL"
"57246","25305","14063","07240-26-01","07240-26-01-job","47-4111","","1/31/2026","1/31/2026","400","V-000265","50300","PORTA JOHN RENTAL"
"57258","20180267","14067","07240-26-01","07240-26-01-job","58-1000","","2/2/2026","2/2/2026","377.5","V-000782","50300","PLOWED AND CHIPPED"
"57262","136796","14069","07254-26-01","07254-26-01-job","58-4000","","2/2/2026","2/2/2026","3060.04","V-000679","50300","FUEL TANK-RIG 250 JOB 7254"
"57266","136798","14071","07271-26-01","07271-26-01-job","58-4000","","2/2/2026","2/2/2026","1818.04","V-000679","50300","FUEL TANK-RIG 103 JOB 7271"
"57270","136940","14073","07271-26-01","07271-26-01-job","58-4000","","2/2/2026","2/2/2026","528.38","V-000679","50300","FUEL TANK-RIG 103 JOB 7271"
"57274","136799","14075","07255-26-01","07255-26-01-job","58-4000","","2/2/2026","2/2/2026","3639","V-000679","50300","FUEL TANK- RIG 101 JOB 7255"
"57278","137056","14077","07255-26-01","07255-26-01-job","58-4000","","2/2/2026","2/2/2026","115.36","V-000679","50300","FUEL TANK RIG 101 JOB 7255"
"57282","7074","14079","07241-26-01","07241-26-01-job","58-4000","","2/2/2026","2/2/2026","4500","V-000903","50300","GYROSCOPIC SURVEY"
"57286","701031","14081","07234-26-01","07234-26-01-job","48-0810","","2/2/2026","2/2/2026","429.99","V-000807","50300","HEATER"
"57290","701047","14083","07257-26-01","07257-26-01-job","48-0810","","2/2/2026","2/2/2026","224.99","V-000807","50300","PORTABLE PRO HEATER"
"57314","34631","14087","07231-26-01","07231-26-01-job","58-4000","","2/2/2026","2/2/2026","1260","V-000157","50300","RIG 11 JOB TERRY LITZERMAN"
"57318","62390","14089","07187-26-01","07187-26-01-job","58-4000","","2/2/2026","2/2/2026","1968.99","V-000246","50300","FUEL TANK-RIG102 JOB 7187"
"57322","20180276","14091","07256-26-01","07256-26-01-job","58-4000","","2/3/2026","2/3/2026","2100","V-000782","50300","SPREAD STONE"
"57326","14489","14093","07155-26-01","07155-26-01-job","58-4000","","2/3/2026","2/3/2026","955.68","V-000338","50300","PLOW AND CHIPPED"
"57330","14490","14095","07198-26-01","07198-26-01-job","58-4000","","2/3/2026","2/3/2026","1074.24","V-000338","50300","CHIPPED ROAD AT PICKEN PAW"
"57334","14501","14097","07232-26-01","07232-26-01-job","58-4000","","2/3/2026","2/3/2026","2985","V-000338","50300","CHIPPED ROAD"
"57350","20180274","14103","07240-26-01","07240-26-01-job","58-1000","","2/3/2026","2/3/2026","3255","V-000782","50300","HAULED RECLAIM"
"57354","20180275","14105","07240-26-01","07240-26-01-job","58-1000","","2/3/2026","2/3/2026","380","V-000782","50300","PLOWED"
"57362","515381","14107","07221-26-01","07221-26-01-job","48-0810","","2/4/2026","2/4/2026","79.53","V-001135","50300","GALV.NIPP/FASTENER"
"57380","INV34043327","14113","07260-26-01","07260-26-01-job","58-1000","","2/4/2026","2/4/2026","7616.83","V-000136","50300","STONE"
"57398","34653","14121","07224-26-01","07224-26-01-job","58-4000","","2/4/2026","2/4/2026","36073","V-000157","50300","RIG 101 JOB 7224"
"57402","34654","14123","07231-26-01","07231-26-01-job","58-4000","","2/4/2026","2/4/2026","7267","V-000157","50300","RIG 11 JOB 7231"
"57406","34655","14125","07229-26-01","07229-26-01-job","58-4000","","2/4/2026","2/4/2026","20378","V-000157","50300","RIG 250 JOB 7229"
"57426","63170","14131","07147-26-01","07147-26-01-job","58-4000","","2/5/2026","2/5/2026","3636.25","V-002269","50300","FUEL TANK- RIG 237 JOB 7147"
"57446","515609","14137","07197-26-01","07197-26-01-job","58-4000","","2/5/2026","2/5/2026","149.49","V-001135","50300","COASTAL SEED BLEED 50#"
"57474","1083884","14141","07239-26-01","07239-26-01-job","59-0006","","2/5/2026","2/5/2026","68145.2","V-000951","21050",""
"57498","20180350","14145","07261-26-01","07261-26-01-job","58-1000","","2/5/2026","2/5/2026","485","V-000782","50300","PLOWED AND CHIPPED"
"57508","INV34043387","14149","07260-26-01","07260-26-01-job","58-1000","","2/5/2026","2/5/2026","5284.25","V-000136","50300","STONE"
"57520","INV34043400","14153","07201-26-01","07201-26-01-job","58-4000","","2/6/2026","2/6/2026","2357.98","V-000136","50300","STONE"
"57528","INV34043449","14155","07194-26-01","07194-26-01-job","58-5000","","2/6/2026","2/6/2026","1447.80","V-000136","50300","STONE"
"57542","71053","14161","07239-26-01","07239-26-01-job","59-0012","","2/6/2026","2/6/2026","405","V-000904","50300","DELIVERED 942 CAT LOADER"
"57546","20180352","14163","07261-26-01","07261-26-01-job","58-4000","","2/6/2026","2/6/2026","640","V-000782","50300","PLOW TRUCK"
"57550","27086","14165","07234-26-01","07234-26-01-job","58-4000","","2/6/2026","2/6/2026","220","V-000207","50300","BUCK OF FOAM OUT"
"57554","27085","14167","07257-26-01","07257-26-01-job","58-4000","","2/6/2026","2/6/2026","2300","V-000207","50300","KELLY HOSE W/MPT"
"57558","3103293","14169","07238-26-01","07238-26-01-job","59-0006","","2/6/2026","2/6/2026","267.5","V-000951","50300","FLAPPER VALVE"
"57566","515802","14171","07197-26-01","07197-26-01-job","58-4000","","2/6/2026","2/6/2026","149.89","V-001135","50300","T-POST/CABLE TIE"
"57574","314","14173","07254-26-01","07254-26-01-job","58-4000","","2/8/2026","2/8/2026","5880","V-000391","50300","HELEN GORDON #12"
"57578","1422077","14175","07187-26-01","07187-26-01-job","58-4000","","2/9/2026","2/9/2026","2349.4","V-000969","50300","FISHING TOOLS"
"57586","60332","14179","07212-26-01","07212-26-01-job","58-4000","","2/9/2026","2/9/2026","3156.7","V-000246","50300","FUEL TANK-RIG 11 JOB 7231"
"57594","10028264454","14183","07221-26-01","07221-26-01-job","48-0100","","2/9/2026","2/9/2026","471.75","V-001115","50300","LODGING-J.HUDNALL"
"57598","10028264642","14185","07226-26-01","07226-26-01-job","47-0100","","2/9/2026","2/9/2026","471.75","V-001115","50300","LODGING-E.HALL"
"57602","10028263995","14187","07230-26-01","07230-26-01-job","47-0100","","2/9/2026","2/9/2026","471.75","V-001115","50300","LODGING-J.HELDRETH"
"57606","10028264305","14189","07230-26-01","07230-26-01-job","47-0100","","2/9/2026","2/9/2026","471.75","V-001115","50300","LODGING-H.HOWELL"
"58306","722162667","14390","07231-26-01","07231-26-01-job","57-9000","","12/28/2025","12/28/2025","6533.8","V-002140","21050",""
"59532","647301","14726","07218-26-01","07218-26-01-job","46-3000","","12/31/2025","12/31/2025","357795","V-001251","50300","BOREHOLE DRILLING"
"59582","35981993003DI","14740","07191-26-01","07191-26-01-job","47-0600","","12/5/2025","12/5/2025","1819.24","V-000797","53000","UTV RENTAL"
"59844","I7639","14798","07180-26-01","07180-26-01-job","58-5000","","1/23/2026","1/23/2026","291.5","V-001439","50300","PORTA JOHN RENTAL"
"59850","2165537","14800","07201-26-01","07201-26-01-job","47-4111","","1/23/2026","1/23/2026","1249.26","V-001702","50300","FUEL TANK-RIG 213 JOB 7201"
"59854","8328312","14802","07257-26-01","07257-26-01-job","58-4000","","1/23/2026","1/23/2026","1000.4","V-001995","50300","WELDING LABOR"
"59858","2164332","14804","07257-26-01","07257-26-01-job","58-4000","","1/24/2026","1/24/2026","937.41","V-001702","50300","FUEL TANK-RIG 251 JOB 7257"
"59862","1420758","14806","07212-26-01","07212-26-01-job","58-4000","","1/27/2026","1/27/2026","9600","V-000969","50300","FISHING TOOLS"
"59866","1420759","14808","07212-26-01","07212-26-01-job","58-4000","","1/27/2026","1/27/2026","1474.4","V-000969","50300","FISHING TOOLS"
"59878","007319","14812","07230-26-01","07230-26-01-job","58-4000","","1/27/2026","1/27/2026","1086.5","V-000475","50300","WATER HAULING"
"59882","007321","14814","07238-26-01","07238-26-01-job","59-0010","","1/27/2026","1/27/2026","1601.75","V-000475","50300","WATER HAULING"
"61222","1420496","15090","07202-26-01","07202-26-01-job","58-4000","","1/23/2026","1/23/2026","3656.5","V-000969","50300","FISHING TOOLS"
"61226","007322","15092","07230-26-01","07230-26-01-job","47-4111","","1/27/2026","1/27/2026","962.5","V-000475","50300","WATER HAULING"
"61230","007320","15094","07216-26-01","07216-26-01-job","58-4000","","1/27/2026","1/27/2026","1275","V-000475","50300","WATER HAULING"
"61238","1420813","15098","07171-26-01","07171-26-01-job","46-0600","","1/28/2026","1/28/2026","4024.8","V-000969","50300","FISHING TOOLS"
"61242","1420812","15100","07171-26-01","07171-26-01-job","58-4000","","1/28/2026","1/28/2026","25.2","V-000969","50300","FISHING TOOLS"
"61246","5007","15102","07228-26-01","07228-26-01-job","58-4000","","1/28/2026","1/28/2026","410","V-002066","50300","PORTA JOHN RENTAL"
"61252","5008","15104","07228-26-01","07228-26-01-job","58-4000","","1/28/2026","1/28/2026","445.2","V-002066","50300","PORTA JOHN RENTAL"
"61266","INV033158","15108","07184-26-01","07184-26-01-job","58-5009","","1/28/2026","1/28/2026","434","V-001697","50300","TIMBER MAT RENTAL"
"61270","247800039016","15110","07228-26-01","07228-26-01-job","58-4000","","1/28/2026","1/28/2026","848","V-001877","53000","LIGHT TOWER RENTAL-MINE FIRE"
"61590","6116","15172","07240-26-01","07240-26-01-job","58-1000","","1/29/2026","1/29/2026","3365.23","V-001262","50300","SWITCHGRASS FILTER SOCK"
"61594","6120","15174","07262-26-01","07262-26-01-job","58-1000","","1/29/2026","1/29/2026","575","V-001262","50300","HAULED CONDUCTOR"
"61610","180374","15180","07213-26-01","07213-26-01-job","47-0810","","1/29/2026","1/29/2026","120.04","V-001266","50300","39 PC SAE TAP DIE"
"61702","180408","15198","07198-26-01","07198-26-01-job","47-0250","","1/29/2026","1/29/2026","143.46","V-001266","50300","72' SAFETY FLAG W MOUNT"
"61754","2176037","15212","07187-26-01","07187-26-01-job","58-4000","","1/29/2026","1/29/2026","1261.82","V-001702","50300","FUEL TANK- RIG 102 JOB 7187"
"61780","242600835015","15224","07230-26-01","07230-26-01-job","58-4000","","1/30/2026","1/30/2026","3352.78","V-001877","53000","SKID TRACK LOADER RENTAL"
"61786","1421092","15226","07228-26-01","07228-26-01-job","58-4000","","1/30/2026","1/30/2026","1673.1","V-000969","50300","FISHING TOOLS"
"61790","2176486","15228","07221-26-01","07221-26-01-job","48-4111","","1/30/2026","1/30/2026","1186.31","V-001702","50300","FUEL TANK-RIG 248 JOB 7221"
"61838","6124","15240","07240-26-01","07240-26-01-job","58-1000","","1/30/2026","1/30/2026","359.38","V-001262","50300","HAULED CONDUCTOR"
"61842","2177140","15242","07226-26-01","07226-26-01-job","58-4000","","1/30/2026","1/30/2026","2058.87","V-001702","50300","FUEL TANK-RIG 247 JOB 7226"
"61846","6117","15244","07233-26-01","07233-26-01-job","47-4111","","1/30/2026","1/30/2026","973","V-001262","50300","HYDROGEL PLUS"
"61850","6118","15246","07198-26-01","07198-26-01-job","58-4000","","1/30/2026","1/30/2026","1223","V-001262","50300","HYDROGEL PLUS"
"61854","6119","15248","07198-26-01","07198-26-01-job","47-0250","","1/30/2026","1/30/2026","100.2","V-001262","50300","DRINKING WATER"
"61874","1421758","15252","07234-26-01","07234-26-01-job","58-4000","","1/31/2026","1/31/2026","2584.12","V-000969","50300","FISHING TOOLS"
"62668","20260028","15438","07147-26-01","07147-26-01-job","58-4009","","1/31/2026","1/31/2026","3008.00","V-000566","50300","COMPOSITE MAT RENTAL"
"65179","180443","15760","07226-26-01","07226-26-01-job","58-4000","","1/30/2026","1/30/2026","113.04","V-001266","50300","DIESEL FUEL ADDITIVE"
"65191","180446","15762","07213-26-01","07213-26-01-job","47-0810","","1/30/2026","1/30/2026","62.78","V-001266","50300","9 16 INDICATOR LITE"
"65207","180448","15766","07213-26-01","07213-26-01-job","47-0810","","1/30/2026","1/30/2026","24.18","V-001266","50300","TESTER-MULTIMETER"
"65231","180450","15770","07213-26-01","07213-26-01-job","47-0810","","1/30/2026","1/30/2026","143.09","V-001266","50300","QUICK RELEASE AIR VALVE"
"65351","I15934","15793","07257-26-01","07257-26-01-job","58-4000","","2/1/2026","2/1/2026","142.36","V-001770","50300","PORTA JOHN RENTAL"
"65377","180525","15803","07171-26-01","07171-26-01-job","46-0600","","2/2/2026","2/2/2026","243.98","V-001266","53000","STARTER"
"65465","180555","15821","07228-26-01","07228-26-01-job","58-4000","","2/2/2026","2/2/2026","131.56","V-001266","50300","BLUE ROUND SLING"
"65601","10749","15847","07152-26-01","07152-26-01-job","58-1000","","2/2/2026","2/2/2026","977.5","V-001237","50300","STONE"
"65605","34620","15849","07213-26-01","07213-26-01-job","58-4000","","2/2/2026","2/2/2026","19767","V-000157","50300","RIG 238 JOB 7213"
"65613","34629","15851","07250-26-01","07250-26-01-job","58-4000","","2/2/2026","2/2/2026","930.0","V-000157","50300","RIG 103 JOB 7250"
"65621","600889449624","15853","07212-26-01","07212-26-01-job","58-4000","","2/2/2026","2/2/2026","1537.88","V-001945","50300","WASTE REMOVAL"
"65641","6136","15861","07198-26-01","07198-26-01-job","58-4000","","2/2/2026","2/2/2026","1785.08","V-001262","50300","HYDROGEL PLUS/THINNER"
"65649","6137","15863","07201-26-01","07201-26-01-job","58-4000","","2/3/2026","2/3/2026","617.52","V-001262","50300","THINNER"
"65657","6145","15865","07258-26-01","07258-26-01-job","58-1000","","2/3/2026","2/3/2026","287.5","V-001262","50300","HAULED CONDUCTOR"
"65737","180611","15889","07213-26-01","07213-26-01-job","47-0250","","2/3/2026","2/3/2026","411.32","V-001266","50300","3/8 SAFETY SWIVEL HOOK"
"65745","180612","15891","07213-26-01","07213-26-01-job","47-0810","","2/3/2026","2/3/2026","72.53","V-001266","50300","DRILL BIT SET 29PC"
"65861","CDE020326A","15917","07241-26-01","07241-26-01-job","58-4000","","2/3/2026","2/3/2026","2500","V-001331","50300","HAULING DRILL MUD"
"65865","6130","15919","07258-26-01","07258-26-01-job","58-1000","","2/3/2026","2/3/2026","7378.35","V-001262","50300","SWITCHGRASS FILTER SOCK"
"65869","2186278","15921","07213-26-01","07213-26-01-job","58-4000","","2/4/2026","2/4/2026","1318.24","V-001702","50300","FUEL TANK- 238 JOB 7213"
"65885","1421987","15929","07241-26-01","07241-26-01-job","58-4000","","2/6/2026","2/6/2026","9146.58","V-000969","50300","FISHING TOOLS"
"65977","1422440","15957","07194-26-01","07194-26-01-job","58-4000","","2/12/2026","2/12/2026","15714.96","V-000969","50300","FISHING TOOLS"
"66061","247966360004","15985","07071-26-01","07071-26-01-job","58-4000","","8/17/2025","8/17/2025","1696","V-001877","53000","LIGHT TOWER"
"66065","4875","15987","07071-26-01","07071-26-01-job","58-4000","","12/28/2025","12/28/2025","410","V-002066","50300","PORTA JOHN"
"66157","180681","16001","07198-26-01","07198-26-01-job","58-4000","","2/4/2026","2/4/2026","34.12","V-001266","50300","RIDGID CUTTER WHEELS"
"66281","180736","16031","07213-26-01","07213-26-01-job","47-0810","","2/5/2026","2/5/2026","29.52","V-001266","50300","CARLYLE"
"66329","180747","16043","07226-26-01","07226-26-01-job","47-0810","","2/5/2026","2/5/2026","69.75","V-001266","50300","TRI-POWER IND V-BELT"
"66417","180768","16063","07155-26-01","07155-26-01-job","46-0810","","2/5/2026","2/5/2026","467.99","V-001266","50300","220K BTU MR. HEATER"
"66533","PRT0070034","16095","07242-26-01","07242-26-01-job","01-6010","","2/6/2026","2/6/2026","6723.3","V-000306","53000","Tank/Door/Cover - DIRT DIVISION"
"66537","27081","16097","07201-26-01","07201-26-01-job","47-4111","","2/6/2026","2/6/2026","1200","V-000207","50300","RR SB TOOTH BIT SN MM3093"
"66541","27082","16099","07114-26-01","07114-26-01-job","58-4000","","2/6/2026","2/6/2026","1000","V-000207","50300","NEW OB TOOTH BIT SN 9131110"
"66545","00008290","16101","07250-26-01","07250-26-01-job","49-3000","","2/7/2026","2/7/2026","2108.33","V-000722","50100","RIG 103 LABOR 02/01-02/07/26"
"66549","00008292","16103","07201-26-01","07201-26-01-job","47-3000","","2/7/2026","2/7/2026","1961.3","V-000722","50100","RIG 213 LABOR 02/01-02/07/26"
"66553","00008293","16105","07240-26-01","07240-26-01-job","47-3000","","2/7/2026","2/7/2026","661.88","V-000722","50100","RIG 214 LABOR 02/01-02/07/26"
"66557","00008294","16107","07236-26-01","07236-26-01-job","47-3000","","2/7/2026","2/7/2026","2421.2","V-000722","50100","RIG 215 LABOR 02/01-02/07/26"
"66561","00008295","16109","07233-26-01","07233-26-01-job","47-3000","","2/7/2026","2/7/2026","5865.88","V-000722","50100","RIG 220 LABOR 02/01-02/07/26"
"66565","00008291","16111","07230-26-01","07230-26-01-job","47-3000","","2/7/2026","2/7/2026","6735.12","V-000722","50100","RIG 212 LABOR 02/01-02/07/26"
"66569","00008296","16113","07198-26-01","07198-26-01-job","47-3000","","2/7/2026","2/7/2026","2761.15","V-000722","50100","RIG 221 LABOR 02/01-02/07/26"
"66573","00008297","16115","07147-26-01","07147-26-01-job","47-3000","","2/7/2026","2/7/2026","11736.2","V-000722","50100","RIG 237 LABOR 02/01-02/07/26"
"66577","00008299","16117","07232-26-01","07232-26-01-job","47-3000","","2/7/2026","2/7/2026","1814.32","V-000722","50100","RIG 242 LABOR 02/01-02/07/26"
"66581","00008298","16119","07213-26-01","07213-26-01-job","47-3000","","2/7/2026","2/7/2026","4632.56","V-000722","50100","RIG 238 LABOR 02/01-02/07/26"
"66585","00008300","16121","07234-26-01","07234-26-01-job","48-3000","","2/7/2026","2/7/2026","4235.52","V-000722","50100","RIG 243 LABOR 02/01-02/07/26"
"66589","00008301","16123","07226-26-01","07226-26-01-job","47-3000","","2/7/2026","2/7/2026","4842.4","V-000722","50100","RIG 247 LABOR 02/01-02/07/26"
"66593","00008302","16125","07221-26-01","07221-26-01-job","48-3000","","2/7/2026","2/7/2026","8271.6","V-000722","50100","RIG 248 LABOR 02/01-02/07/26"
"66601","00008304","16127","07261-26-01","07261-26-01-job","48-3000","","2/7/2026","2/7/2026","753.86","V-000722","50100","RIG 249 LABOR 02/01-02/07/26"
"66609","00008305","16129","07257-26-01","07257-26-01-job","48-3000","","2/7/2026","2/7/2026","2329.22","V-000722","50100","RIG 251 LABOR 02/01-02/07/26"
"66613","00008307","16131","07212-26-01","07212-26-01-job","47-3000","","2/7/2026","2/7/2026","2237.24","V-000722","50100","RIG 713 LABOR 02/01-02/07/26"
"66627","197","16135","07254-26-01","07254-26-01-job","49-3000","","2/9/2026","2/9/2026","1915","V-000580","50100","RIG LABOR WE 02/07/26"
"66641","20180433","16139","07240-26-01","07240-26-01-job","58-4000","","2/10/2026","2/10/2026","380","V-000782","50300","CHIPPED ROAD"
"66645","20180432","16141","07258-26-01","07258-26-01-job","58-1000","","2/10/2026","2/10/2026","760","V-000782","50300","PLOW AND CHIPPED"
"66757","2189213","16173","07226-26-01","07226-26-01-job","58-4000","","2/6/2026","2/6/2026","2800.30","V-001702","50300","FUEL TANK-RIG 247 JOB 7226"
"66773","2182051","16177","07236-26-01","07236-26-01-job","51-0820","","2/2/2026","2/2/2026","515.47","V-001702","50300","FUEL TANK-ELM GROVE"
"66781","2186705","16179","07221-26-01","07221-26-01-job","48-4111","","2/3/2026","2/3/2026","615.25","V-001702","50300","FUEL TANK-RIG 248 JOB 7221"
"66785","2185514","16181","07187-26-01","07187-26-01-job","58-4000","","2/3/2026","2/3/2026","1072.65","V-001702","50300","FUEL TANK RIG 102 JOB 7187"
"66789","2186948","16183","07230-26-01","07230-26-01-job","47-4111","","2/4/2026","2/4/2026","1380.28","V-001702","50300","FUEL TANK-RIG 212 JOB 7230"
"66793","2188584","16185","07230-26-01","07230-26-01-job","47-4111","","2/6/2026","2/6/2026","2240.8","V-001702","50300","FUEL TANK-RIG 212 JOB 7230"
"66797","2188068","16187","07257-26-01","07257-26-01-job","58-4000","","2/6/2026","2/6/2026","1248.93","V-001702","50300","FUEL TANK-RIG 251 JOB 7257"
"66801","2192849","16189","07171-26-01","07171-26-01-job","58-4000","","2/9/2026","2/9/2026","1256.28","V-001702","50300","FUEL TANK-RIG 2 JOB 7171"
"66805","2193545","16191","07201-26-01","07201-26-01-job","47-4111","","2/9/2026","2/9/2026","1253.28","V-001702","50300","FUEL TANK-RIG 213 JOB 7201"
"66811","2192642","16193","07233-26-01","07233-26-01-job","51-0820","","2/9/2026","2/9/2026","1183.01","V-001702","50300","FUEL TANK-RUFF CREEK"
"66817","2188646","16195","07233-26-01","07233-26-01-job","47-4111","","2/9/2026","2/9/2026","2748.38","V-001702","50300","FUEL TANK-RIG220 JOB 7233"
"66821","2187746","16197","07234-26-01","07234-26-01-job","58-4000","","2/9/2026","2/9/2026","1319.23","V-001702","50300","FUEL TANK-RIG 243 JOB7234"
"66825","2191820","16199","07187-26-01","07187-26-01-job","58-4000","","2/9/2026","2/9/2026","973.96","V-001702","50300","FUEL TANK- RIG 102 JOB 7187"
"66833","2192665","16201","07232-26-01","07232-26-01-job","53-0820","","2/10/2026","2/10/2026","953.41","V-001702","50300","FUEL TANK-HUNDRED ON ROAD"
"66841","63860","16203","07171-26-01","07171-26-01-job","58-4000","","2/10/2026","2/10/2026","5202.47","V-000246","50300","FUEL TANK RIG 2 JOB 7171"
"66845","2195063","16205","07257-26-01","07257-26-01-job","58-4000","","2/10/2026","2/10/2026","1053.39","V-001702","50300","FUEL TANK- RIG 251 JOB 7257"
"66901","5753","16209","07195-26-01","07195-26-01-job","58-4000","","10/22/2025","10/22/2025","2064.28","V-001262","50300","HOT SHOT HAULING"
"66945","180672","16221","07212-26-01","07212-26-01-job","47-0810","","2/4/2026","2/4/2026","41.57","V-001266","50300","TARP"
"66961","2218465","16225","07221-26-01","07221-26-01-job","48-4111","","2/20/2026","2/20/2026","1072.31","V-001702","50300","Fuel"
"70347","2191064","16481","07221-26-01","07221-26-01-job","48-4111","","2/5/2026","2/5/2026","1191.01","V-001702","50300","FUEL TANK-RIG 248 JOB 7221"
"70367","2192846","16485","07114-26-01","07114-26-01-job","58-4000","","2/6/2026","2/6/2026","2688.29","V-001702","50300","RIG 14 JOB 7114"
"70391","180830","16491","07213-26-01","07213-26-01-job","47-0810","","2/6/2026","2/6/2026","313.53","V-001266","50300","COUPLER"
"70443","180855","16505","07226-26-01","07226-26-01-job","47-0810","","2/6/2026","2/6/2026","125.0","V-001266","50300","6' BIMETAL SAWZALL BLADE"
"70455","180856","16507","07226-26-01","07226-26-01-job","58-4000","","2/6/2026","2/6/2026","205.66","V-001266","50300","3/8 SAFETY SWIVEL HOOK"
"70571","180984","16533","07213-26-01","07213-26-01-job","47-0810","","2/10/2026","2/10/2026","12.83","V-001266","50300","HDWR KIT-SNAP RINGS"
"70611","181003","16545","07232-26-01","07232-26-01-job","47-0810","","2/10/2026","2/10/2026","333.56","V-001266","50300","5.0AH BATTERY PACKS"
"70623","181004","16547","07198-26-01","07198-26-01-job","47-0810","","2/10/2026","2/10/2026","437.39","V-001266","50300","SCREWDRIVER SET 15PC"
"70947","UL01499408","16629","07240-26-01","07240-26-01-job","58-2000","","2/13/2026","2/13/2026","154.14","V-000396","50300","PA PERMITS"
"72251","253712954007","16856","07228-26-01","07228-26-01-job","58-4000","","2/2/2026","2/2/2026","1696","V-001877","53000","LIGHT TOWER RENTAL-MINE FIRE"
"72571","3230","16925","07187-26-01","07187-26-01-job","46-3000","","2/28/2026","2/28/2026","157343.46","V-002061","50300","RIG 102 PLUGGING"
"72575","3231","16927","07171-26-01","07171-26-01-job","46-3000","","2/28/2026","2/28/2026","130492.88","V-002061","50300","RIG 2 PLUGGING"
"76117","3229","17035","07171-26-01","07171-26-01-job","58-4000","","2/28/2026","2/28/2026","1431.2","V-002061","53000","HEATER"
"76215","4259136045","17061","07230-26-01","07230-26-01-job","47-0250","","2/10/2026","2/10/2026","447.78","V-000343","50300","UNIFORM RENTAL"
"76241","2197470","17063","07213-26-01","07213-26-01-job","58-4000","","2/10/2026","2/10/2026","272.03","V-001702","50300","FUEL TANK-RIG 238 JOB 7213"
"76245","63831","17065","07213-26-01","07213-26-01-job","58-4000","","2/10/2026","2/10/2026","3801.21","V-000246","50300","FUEL TANK-RIG 238 JOB 7213"
"76337","1505","17097","07263-26-01","07263-26-01-job","46-3000","","2/16/2026","2/16/2026","75634.69","V-002363","50300","PLUGGING 512-1V"
"77229","63937","17275","07212-26-01","07212-26-01-job","58-4000","","2/11/2026","2/11/2026","2668.55","V-000246","50300","FUEL TANK- RIG 713 JOB 7212"
"77233","63936","17277","07187-26-01","07187-26-01-job","58-4000","","2/11/2026","2/11/2026","2059.12","V-000246","50300","FUEL TANK-RIG 102 JOB 7187"
"77503","255858856003","17339","07254-26-01","07254-26-01-job","58-4000","","2/3/2026","2/3/2026","2141.07","V-001877","53000","GENERATOR RENTAL"
"77533","0753602701","17345","07213-26-01","07213-26-01-job","58-4009","","2/1/2026","2/1/2026","7150.96","V-000978","53000","SUPER VAC RENTAL"
"77577","48305","17353","07231-26-01","07231-26-01-job","58-4000","","1/31/2026","1/31/2026","13365","V-001120","50300","HAULED SUPPLIES"
"77685","6144","17382","07230-26-01","07230-26-01-job","47-0600","","2/2/2026","2/2/2026","359.38","V-001262","50300","HAULED GENERATOR"
"77689","6146","17384","07203-26-01","07203-26-01-job","58-5000","","2/4/2026","2/4/2026","431.25","V-001262","50300","HAULED ROAD PLATES"
"77693","6153","17386","07258-26-01","07258-26-01-job","58-1000","","2/4/2026","2/4/2026","519.55","V-001262","50300","EDGE MULCH"
"77697","1011278","17388","07180-26-01","07180-26-01-job","58-5000","","2/4/2026","2/4/2026","1740.5","V-000750","50300","HAULED CAT 349 EXCAVATOR"
"77701","1011276","17390","07180-26-01","07180-26-01-job","58-5000","","2/4/2026","2/4/2026","1005","V-000750","50300","HAULED EXCAVATOR-52-0944"
"77705","1011277","17392","07180-26-01","07180-26-01-job","58-5000","","2/4/2026","2/4/2026","720","V-000750","50300","HAULED CAT EXCAVATOR"
"77709","6138","17394","07147-26-01","07147-26-01-job","58-4000","","2/4/2026","2/4/2026","1098","V-001262","50300","HYDROGEL PLUS"
"77713","6139","17396","07198-26-01","07198-26-01-job","58-4000","","2/4/2026","2/4/2026","1290.48","V-001262","50300","CITRIC ACID"
"77717","6140","17398","07233-26-01","07233-26-01-job","47-4111","","2/4/2026","2/4/2026","973","V-001262","50300","HYDROGELPLUS"
"77721","6141","17400","07230-26-01","07230-26-01-job","47-4111","","2/4/2026","2/4/2026","1758.5","V-001262","50300","HYDROGELPLUS"
"77757","5070","17416","07171-26-01","07171-26-01-job","46-0100","","2/4/2026","2/4/2026","205","V-002066","50300","PORTA JOHN RENTAL"
"77765","6131","17420","07194-26-01","07194-26-01-job","58-5000","","2/4/2026","2/4/2026","540.28","V-001262","50300","4'' PERF PIPE"
"77769","6132","17422","07260-26-01","07260-26-01-job","58-1000","","2/4/2026","2/4/2026","319.42","V-001262","50300","EROSION BLANKET"
"77773","6133","17424","07180-26-01","07180-26-01-job","58-5000","","2/5/2026","2/5/2026","20881.6","V-001262","50300","SWITCHGRASS FILTER SOCK"
"77777","137839","17426","07254-26-01","07254-26-01-job","58-4000","","2/5/2026","2/5/2026","2078.96","V-000679","50300","FUEK TANK-RIG 250"
"77781","137840","17428","07250-26-01","07250-26-01-job","58-4000","","2/5/2026","2/5/2026","1819.5","V-000679","50300","FUEL TANK-103"
"77793","93551397","17432","07221-26-01","07221-26-01-job","58-4000","","2/5/2026","2/5/2026","141.68","V-002238","50300","MELT-SNOW & ICE"
"77813","1031","17440","07195-26-01","07195-26-01-job","49-0600","","2/5/2026","2/5/2026","300","V-002251","50300","RIG 103 INSPECTION"
"77817","6142","17442","07114-26-01","07114-26-01-job","58-4000","","2/5/2026","2/5/2026","695.8","V-001262","50300","HYDROGELPLUS"
"78197","1825668100","17533","07147-26-01","07147-26-01-job","47-0810","","2/5/2026","2/5/2026","202.94","V-001678","50300","100W/LED HP LAMP"
"78207","I7768","17535","07213-26-01","07213-26-01-job","58-4000","","2/6/2026","2/6/2026","291.5","V-001439","50300","PORTA JOHN RENTAL"
"78213","3010925","17537","07201-26-01","07201-26-01-job","47-4111","","2/6/2026","2/6/2026","803.06","V-000945","50300","FUEL FOR RIG 213"
"78219","256005276003","17539","07250-26-01","07250-26-01-job","58-4000","","2/6/2026","2/6/2026","1645.13","V-001877","53000","GENERATOR RENTAL"
"78225","6135","17541","07228-26-01","07228-26-01-job","58-4000","","2/6/2026","2/6/2026","3401.25","V-001262","50300","CUT & DRY 100"
"78237","6134","17547","07180-26-01","07180-26-01-job","58-5000","","2/6/2026","2/6/2026","1728.5","V-001262","50300","SWITCHGRASS FILTER SOCK"
"78241","137972","17549","07255-26-01","07255-26-01-job","58-4000","","2/7/2026","2/7/2026","2251.45","V-000679","50300","FUEL TANK-RIG 101"
"78263","EQP0017381","17557","07194-26-01","07194-26-01-job","51-0300","","2/9/2026","2/9/2026","4490","V-000306","53000","D6 CAT RENTAL"
"78277","6155","17563","07180-26-01","07180-26-01-job","58-5000","","2/9/2026","2/9/2026","542.08","V-001262","50300","ORANGE FENCE"
"78285","1847A","17565","07194-26-01","07194-26-01-job","58-5000","","2/9/2026","2/9/2026","1253.3","V-001069","50300","OTC/FROSTY ANNUAL RYE"
"78297","6164","17569","07180-26-01","07180-26-01-job","58-5000","","2/10/2026","2/10/2026","431.25","V-001262","50300","HAULED SKID STEER"
"78301","6156","17571","07258-26-01","07258-26-01-job","58-1000","","2/10/2026","2/10/2026","757.05","V-001262","50300","EDGE MULCH"
"78305","6157","17573","07266-26-01","07266-26-01-job","58-1000","","2/10/2026","2/10/2026","5843.35","V-001262","50300","SWITCHGRASS FILTER SOCK"
"78309","6165","17575","07222-26-01","07222-26-01-job","58-5000","","2/10/2026","2/10/2026","287.5","V-001262","50300","HAULED 40'' POLY PIPE"
"78353","535669","17589","07239-26-01","07239-26-01-job","59-0010","","2/10/2026","2/10/2026","31010","V-001214","50300","3 MAN CREW W/TRUCK LABOR"
"78373","1849A","17599","07203-26-01","07203-26-01-job","58-5000","","2/10/2026","2/10/2026","1413.45","V-001069","50300","OTC/FROSTY ANNUAL RYE"
"78401","20180452","17611","07228-26-01","07228-26-01-job","58-4000","","2/11/2026","2/11/2026","900","V-000782","50300","SPREAD STONE"
"78405","20180453","17613","07258-26-01","07258-26-01-job","58-1000","","2/11/2026","2/11/2026","602.5","V-000782","50300","CHIPPED ROAD"
"78409","20180477","17615","07228-26-01","07228-26-01-job","58-4000","","2/11/2026","2/11/2026","735","V-000782","50300","CHIPPED ROAD"
"78449","PRT0073183","17631","07268-26-01","07268-26-01-job","01-6010","","2/11/2026","2/11/2026","255.66","V-000306","50300","Glass"
"78459","I7795","17635","07187-26-01","07187-26-01-job","58-4000","","2/11/2026","2/11/2026","291.5","V-001439","50300","PORTA JOHN RENTAL"
"78467","915N","17637","07198-26-01","07198-26-01-job","58-4000","","2/11/2026","2/11/2026","240.92","V-001111","50300","WELL MARKER FOR WELL 7518"
"78473","CDE021126A","17639","07233-26-01","07233-26-01-job","58-4000","","2/11/2026","2/11/2026","1406.25","V-001331","50300","HAULED DRILL MUD"
"78477","6158","17641","07267-26-01","07267-26-01-job","58-1000","","2/11/2026","2/11/2026","9529.59","V-001262","50300","SWITCHGRASS FILTER SOCK"
"78481","6172","17643","07180-26-01","07180-26-01-job","58-5000","","2/11/2026","2/11/2026","359.38","V-001262","50300","HAULED SKID STEER"
"78487","BSC29313","17645","07233-26-01","07233-26-01-job","58-4000","","2/11/2026","2/11/2026","8288.25","V-000190","50300","WSATE DISPOSAL"
"78493","2205189","17647","07201-26-01","07201-26-01-job","47-4111","","2/12/2026","2/12/2026","1502.27","V-001702","50300","FUEL TANK-213 JOB 7201"
"78505","2204731","17651","07221-26-01","07221-26-01-job","48-4111","","2/12/2026","2/12/2026","1269.86","V-001702","50300","FUEL TANK-RIG 248 JOB 7221"
"78517","2204784","17653","07147-26-01","07147-26-01-job","58-4000","","2/12/2026","2/12/2026","2738.80","V-001702","50300","FUEL TANK-RIG 237 JOB 7247"
"78525","6171","17655","07222-26-01","07222-26-01-job","58-5000","","2/13/2026","2/13/2026","431.25","V-001262","50300","HAULED SIDE BY SIDE"
"78557","INV34043644","17665","07228-26-01","07228-26-01-job","58-4000","","2/12/2026","2/12/2026","6256.84","V-000136","50300","STONE"
"78561","CDE021226A","17667","07198-26-01","07198-26-01-job","58-4000","","2/12/2026","2/12/2026","1187.5","V-001331","50300","HAULED DRILL MUD"
"78565","CDE021226B","17669","07226-26-01","07226-26-01-job","58-4000","","2/12/2026","2/12/2026","1250","V-001331","50300","HAULED DRILL MUD"
"78569","27089","17671","07234-26-01","07234-26-01-job","58-4000","","2/12/2026","2/12/2026","7040","V-000207","50300","KELLY HOSE W FIG 200"
"78573","138823","17673","07255-26-01","07255-26-01-job","58-4000","","2/12/2026","2/12/2026","3438.01","V-000679","50300","FUEL TANK-RIG 101JOB 7255"
"78577","138824","17675","07250-26-01","07250-26-01-job","58-4000","","2/12/2026","2/12/2026","1869.5","V-000679","50300","FUEL TANK-RIG 103 JOB 7250"
"78581","138990","17677","07250-26-01","07250-26-01-job","58-4000","","2/12/2026","2/12/2026","610.58","V-000679","50300","FUEL TANK-RIG 103 JOB 7250"
"78585","138992","17679","07257-26-01","07257-26-01-job","58-4000","","2/12/2026","2/12/2026","2526.81","V-000679","50300","FUEL TANK- RIG 250 JOB 7257"
"78589","2206557","17681","07234-26-01","07234-26-01-job","58-4000","","2/12/2026","2/12/2026","435.59","V-001702","50300","FUEL TANK- RIG 243 JOB 7234"
"78597","8161012N","17683","07250-26-01","07250-26-01-job","58-4000","","2/12/2026","2/12/2026","1221.00","V-001995","50300","GARY MARY"
"78605","64181","17685","07240-26-01","07240-26-01-job","47-4111","","2/12/2026","2/12/2026","3769.32","V-000246","50300","FUEL TANK-RIG 214 JOB 7240"
"78611","BSC29314","17687","07226-26-01","07226-26-01-job","58-4000","","2/13/2026","2/13/2026","6468.44","V-000190","50300","WASTE DISPOSAL"
"78619","INV34043712","17689","07240-26-01","07240-26-01-job","58-4000","","2/13/2026","2/13/2026","7628.52","V-000136","50300","STONE"
"78625","6174","17691","07249-26-01","07249-26-01-job","58-5000","","2/13/2026","2/13/2026","287.5","V-001262","50300","HAULED HAMMER ATTACHMENT"
"78629","6159","17693","07249-26-01","07249-26-01-job","58-5000","","2/13/2026","2/13/2026","1328.69","V-001262","50300","EROSION BLANKET"
"78633","6161","17695","07226-26-01","07226-26-01-job","58-4000","","2/13/2026","2/13/2026","1708.04","V-001262","50300","HYDROGEL PLUS/THINNER"
"78637","6162","17697","07226-26-01","07226-26-01-job","51-0250","","2/13/2026","2/13/2026","100.2","V-001262","50300","DRINKING WATER"
"78671","194468","17710","07183-26-01","07183-26-01-job","47-4111","","2/13/2026","2/13/2026","5984.35","V-001348","50300","BOWL/INSERTS,DIRECTIONAL"
"78675","194470","17712","07241-26-01","07241-26-01-job","58-4000","","2/13/2026","2/13/2026","3825.04","V-001348","50300","BUSHING,ASSEMBLY"
"78801","3010930","17742","07233-26-01","07233-26-01-job","51-4015","","2/13/2026","2/13/2026","189","V-000945","50100","MISC LABOR"
"78863","6167","17751","07266-26-01","07266-26-01-job","58-1000","","2/11/2026","2/11/2026","503.13","V-001262","50300","HAULED CONDUCTOR"
"78869","I7821","17753","07214-26-01","07214-26-01-job","58-4000","","2/12/2026","2/12/2026","291.5","V-001439","50300","PORTA JOHN RENTAL"
"78879","194473","17757","07234-26-01","07234-26-01-job","58-4000","","2/13/2026","2/13/2026","855.17","V-001348","50300","COUPLING/BUSHING/PLUG"
"78885","3538","17760","07261-26-01","07261-26-01-job","58-1000","","2/13/2026","2/13/2026","1705","V-000502","50300","HAULED EXCAVATOR"
"78889","10028294665","17762","07226-26-01","07226-26-01-job","47-0100","","2/13/2026","2/13/2026","377.4","V-001115","50300","LODGING-E.HALL"
"80103","104697","18085","07233-26-01","07233-26-01-job","58-4000","","12/16/2025","12/16/2025","2050","V-001637","50300","HEAT/CALCIUM"
"82406","1284641","18352","07219-26-01","07219-26-01-job","58-4000","","12/30/2025","12/30/2025","30000","V-001011","53000","BANDIT"
"83060","6129","18431","07239-26-01","07239-26-01-job","59-0006","","2/2/2026","2/2/2026","2668.8","V-001262","50300","60'' CORRUGATED PIPE"
"83132","YR0022","18451","07171-26-01","07171-26-01-job","46-0600","","2/5/2026","2/5/2026","300","V-002251","50300","RIG 2 INSPECTION"
"83136","YR014","18453","07114-26-01","07114-26-01-job","46-0600","","2/5/2026","2/5/2026","750","V-002251","50300","RIG 14 INSPECTION"
"83140","1021","18455","07187-26-01","07187-26-01-job","46-0600","","2/5/2026","2/5/2026","400","V-002251","50300","RIG 102 INSPECTION"
"83144","6143","18457","07239-26-01","07239-26-01-job","59-0012","","2/5/2026","2/5/2026","551","V-001262","50300","SAND BAGS"
"83208","5552","18479","07178-26-01","07178-26-01-job","48-0600","","2/11/2026","2/11/2026","1790","V-001232","50300","MOTOR MANIFOLD FOR 3.5 SWIVEL"
"83212","6173","18481","07171-26-01","07171-26-01-job","46-0600","","2/12/2026","2/12/2026","575","V-001262","50300","HAULED A HEATER"
"83236","6170","18487","07155-26-01","07155-26-01-job","58-4000","","2/13/2026","2/13/2026","1006.25","V-001262","50300","HAULED PUMP JACK"
"83240","1853A","18489","07249-26-01","07249-26-01-job","58-5000","","2/13/2026","2/13/2026","932.65","V-001069","50300","FERTILIZER/LIME/OTC"
"83252","3539","18495","07155-26-01","07155-26-01-job","58-4000","","2/13/2026","2/13/2026","2760","V-000502","50300","FROG POND"
"83260","93554741","18499","07240-26-01","07240-26-01-job","47-0810","","2/13/2026","2/13/2026","179.12","V-002238","50300","CAMLOCKS"
"83316","316","18513","07254-26-01","07254-26-01-job","58-4000","","2/14/2026","2/14/2026","3320","V-000391","50300","HELEN GORDON #12"
"83320","00009384","18515","07255-26-01","07255-26-01-job","49-3000","","2/14/2026","2/14/2026","2242.24","V-000722","50100","RIG 101 LABOR WE 02/8-02/14/26"
"83324","00009386","18517","07230-26-01","07230-26-01-job","47-3000","","2/14/2026","2/14/2026","4842.4","V-000722","50100","RIG 212 LABOR WE 02/08-02/14/26"
"83328","10028301090","18519","07240-26-01","07240-26-01-job","47-0100","","2/14/2026","2/14/2026","566.1","V-001115","50300","LODGING-J.HELDRETH"
"83332","10028294673","18521","07213-26-01","07213-26-01-job","47-0100","","2/14/2026","2/14/2026","377.4","V-001115","50300","LODGING-J.PECK"
"83336","10028301590","18523","07240-26-01","07240-26-01-job","47-0100","","2/14/2026","2/14/2026","1226.55","V-001115","50300","LODGING-R.KUHN"
"83340","10028293727","18525","07213-26-01","07213-26-01-job","47-0100","","2/14/2026","2/14/2026","377.4","V-001115","50300","LODGING-J.BROSIOUS"
"83344","10028284945","18527","07240-26-01","07240-26-01-job","47-0100","","2/14/2026","2/14/2026","188.7","V-001115","50300","LODGING-H.HOWELL"
"83348","10028281226","18529","07233-26-01","07233-26-01-job","47-0100","","2/14/2026","2/14/2026","94.35","V-001115","50300","LODGING-B.ANDERSON"
"83354","257187943002","18531","07255-26-01","07255-26-01-job","58-4000","","2/14/2026","2/14/2026","1086.5","V-001877","53000","GENERATOR RENTAL-101"
"83364","2206661","18533","07219-26-01","07219-26-01-job","51-0820","","2/14/2026","2/14/2026","591.92","V-001702","50300","FUEL TANK-HUNDRED OFF ROAD"
"83372","2196148","18535","07252-26-01","07252-26-01-job","51-0820","","2/14/2026","2/14/2026","2677","V-001702","50300","FUEL TANK-GLAD FORK CAMP RUN"
"83376","00009399","18537","07212-26-01","07212-26-01-job","47-3000","","2/14/2026","2/14/2026","2421.2","V-000722","50100","RIG 713 LABOR 02/08-02/14/26"
"83382","00009385","18539","07250-26-01","07250-26-01-job","49-3000","","2/14/2026","2/14/2026","1077.16","V-000722","50100","RIG 103 LABOR WE 02/08-02/14/26"
"83388","00009387","18541","07201-26-01","07201-26-01-job","47-3000","","2/14/2026","2/14/2026","4796.41","V-000722","50100","RIG 213 LABOR 02/08-02/14/26"
"83392","00009388","18543","07240-26-01","07240-26-01-job","47-3000","","2/14/2026","2/14/2026","5726.57","V-000722","50100","RIG 214 LABOR 02/08-02/14/26"
"83396","00009389","18545","07236-26-01","07236-26-01-job","47-3000","","2/14/2026","2/14/2026","4658.44","V-000722","50100","RIG 215 LABOR 02/08-02/14/26"
"83402","00009390","18547","07233-26-01","07233-26-01-job","47-3000","","2/14/2026","2/14/2026","3438.36","V-000722","50100","RIG 220 LABOR 02/08-02/14/26"
"83408","00009391","18549","07196-26-01","07196-26-01-job","47-3000","","2/14/2026","2/14/2026","4305.85","V-000722","50100","RIG 221 LABOR 02/08-02/14/26"
"83412","00009392","18551","07147-26-01","07147-26-01-job","47-3000","","2/14/2026","2/14/2026","9575.61","V-000722","50100","RIG 237 LABOR 02/08-02/14/26"
"83416","00009394","18553","07232-26-01","07232-26-01-job","47-3000","","2/14/2026","2/14/2026","2237.24","V-000722","50100","RIG 242 LABOR 02/08-02/14/26"
"83420","00009393","18555","07221-26-01","07221-26-01-job","47-3000","","2/14/2026","2/14/2026","4962.2","V-000722","50100","RIG 238 LABOR 02/08-02/14/26"
"83424","00009395","18557","07234-26-01","07234-26-01-job","48-3000","","2/14/2026","2/14/2026","4934.38","V-000722","50100","RIG 243 LABOR 02/08-02/14/26"
"83428","00009397","18559","07221-26-01","07221-26-01-job","48-3000","","2/14/2026","2/14/2026","6500.4","V-000722","50100","RIG 248 LABOR 02/08-02/14/26"
"83432","00009396","18561","07226-26-01","07226-26-01-job","47-3000","","2/14/2026","2/14/2026","3913.59","V-000722","50100","RIG 247 LABOR 02/08-02/14/26"
"83436","00009398","18563","07257-26-01","07257-26-01-job","48-3000","","2/14/2026","2/14/2026","2352.22","V-000722","50100","RIG 251 LABOR 02/08-02/14/26"
"83440","20260041","18565","07202-26-01","07202-26-01-job","58-4000","","2/15/2026","2/15/2026","2820","V-000566","50300","COMPOSITE MAT RENTAL"
"83448","2196703","18567","07262-26-01","07262-26-01-job","51-0820","","2/10/2026","2/10/2026","487.86","V-001702","50300","FUEL TANK-ELM GROVE"
"83456","635","18569","07266-26-01","07266-26-01-job","58-1000","","2/15/2026","2/15/2026","18762","V-000804","50300","BUILDING SITE"
"83460","20260042","18571","07236-26-01","07236-26-01-job","58-4009","","2/15/2026","2/15/2026","6960","V-000566","50300","COMPOSITE MAT RENTAL"
"83464","64450","18573","07236-26-01","07236-26-01-job","58-4000","","2/16/2026","2/16/2026","3133.82","V-002269","50300","FUEL TANK- JOB 7236 WELL M-1792"
"83468","2207914","18575","07187-26-01","07187-26-01-job","58-4000","","2/16/2026","2/16/2026","1492.7","V-001702","50300","FUEL TANK-RIG 102 JOB 7187"
"83624","EQP0018140","18603","07213-26-01","07213-26-01-job","51-0300","","2/17/2026","2/17/2026","8980","V-000306","53000","D6N Rental"
"83770","198","18619","07254-26-01","07254-26-01-job","49-3000","","2/17/2026","2/17/2026","467.92","V-000580","50100","RIG LABOR WE 021526"
"83784","71211","18621","07233-26-01","07233-26-01-job","58-5000","","2/17/2026","2/17/2026","1110","V-000904","50300","DELIVERED EQUIPMENT"
"83788","71212","18623","07267-26-01","07267-26-01-job","58-1000","","2/17/2026","2/17/2026","300","V-000904","50300","HAULED TRACK TRUCK"
"83792","7082","18625","07171-26-01","07171-26-01-job","58-4000","","2/17/2026","2/17/2026","4500","V-000903","50300","GYROSCOPIC SURVEY"
"83820","64617","18631","07212-26-01","07212-26-01-job","58-4000","","2/17/2026","2/17/2026","6083.47","V-000246","50300","FUEL TANK- RIG 713 JOB 7212"
"83824","139397","18633","07255-26-01","07255-26-01-job","58-4000","","2/17/2026","2/17/2026","4240.4","V-000679","50300","FUEL TANK-RIG 101 JOB 7255"
"83840","600890749622","18637","07234-26-01","07234-26-01-job","58-4000","","2/17/2026","2/17/2026","1637.8","V-001945","50300","WASTE REMOVAL"
"83844","600890849620","18639","07194-26-01","07194-26-01-job","58-4000","","2/17/2026","2/17/2026","3146.31","V-001945","50300","WASTE REMOVAL"
"83848","600890949628","18641","07201-26-01","07201-26-01-job","58-4000","","2/17/2026","2/17/2026","2559.13","V-001945","50300","WASTE REMOVAL"
"83852","600891049626","18643","07233-26-01","07233-26-01-job","58-4000","","2/17/2026","2/17/2026","1861.11","V-001945","50300","WASTE REMOVAL"
"83856","600891149624","18645","07230-26-01","07230-26-01-job","58-4000","","2/17/2026","2/17/2026","1905.35","V-001945","50300","WASTE REMOVAL"
"83860","2211432","18647","07221-26-01","07221-26-01-job","48-4111","","2/17/2026","2/17/2026","1187.44","V-001702","50300","FUEL TANK-RIG 248 JOB7221"
"83864","288147554","18649","07252-26-01","07252-26-01-job","58-4000","","2/17/2026","2/17/2026","4532.21","V-000246","50300","FUEL TANK-RIG 221 JOB 7252"
"83868","64868","18651","07147-26-01","07147-26-01-job","58-4000","","2/18/2026","2/18/2026","3124.43","V-002269","50300","FUEL TANK-RIG 237 JOB 7147"
"83884","9081","18657","07280-26-01","07280-26-01-job","51-0100","","2/18/2026","2/18/2026","389.84","V-001675","50300","LODGING-D.MCCOWIEN"
"83944","1422981","18671","07155-26-01","07155-26-01-job","58-4000","","2/18/2026","2/18/2026","1675.34","V-000969","50300","FISHING TOOLS"
"83998","2215084","18691","07261-26-01","07261-26-01-job","53-0820","","2/19/2026","2/19/2026","412.1","V-001702","50300","FUEL TANK-HUNDRED ON ROAD"
"84012","2216279","18693","07264-26-01","07264-26-01-job","51-0820","","2/19/2026","2/19/2026","482.71","V-001702","50300","FUEL TANK-HUNDRED OFF ROAD"
"84028","319","18697","07271-26-01","07271-26-01-job","58-4000","","2/19/2026","2/19/2026","29590.52","V-000391","50300","MARY GARY #1"
"84064","4704371","18707","07213-26-01","07213-26-01-job","58-2000","","2/20/2026","2/20/2026","1050","V-001560","50300","MOVED RIG 238 JUNK TUB"
"84068","4704372","18709","07235-26-01","07235-26-01-job","58-2000","","2/20/2026","2/20/2026","2170","V-001560","50300","MOVED RIG 220"
"84078","922N","18713","07234-26-01","07234-26-01-job","58-4000","","2/20/2026","2/20/2026","240.92","V-001111","50300",""
"84086","921N","18715","07212-26-01","07212-26-01-job","58-4000","","2/20/2026","2/20/2026","240.92","V-001111","50300","WELL MARKER FOR WELL 1624"
"84092","1827119601","18717","07273-26-01","07273-26-01-job","49-0810","","2/20/2026","2/20/2026","544.22","V-001678","50300","PLUG"
"84096","4704370","18719","07240-26-01","07240-26-01-job","58-2000","","2/20/2026","2/20/2026","1680","V-001560","50300","MOVED RIG 214"
"84124","3010931","18727","07240-26-01","07240-26-01-job","51-2015","","2/20/2026","2/20/2026","1531.8","V-000945","50100","MISC LABOR"
"84134","924N","18729","07213-26-01","07213-26-01-job","58-4000","","2/21/2026","2/21/2026","240.92","V-001111","50300","WELL MARKER FOR WELL 1643"
"84140","00009641","18731","07226-26-01","07226-26-01-job","47-3000","","2/21/2026","2/21/2026","2237.24","V-000722","50100","RIG 247 LABOR 02/15-02/21/26"
"84144","00009642","18733","07221-26-01","07221-26-01-job","48-3000","","2/21/2026","2/21/2026","9726.68","V-000722","50100","RIG 248 LABOR 02/15-02/21/26"
"84148","00009643","18735","07257-26-01","07257-26-01-job","48-3000","","2/21/2026","2/21/2026","3028.08","V-000722","50100","RIG 251 LABOR 02/15-02/21/26"
"84152","00009644","18737","07212-26-01","07212-26-01-job","47-3000","","2/21/2026","2/21/2026","3037.09","V-000722","50100","RIG 713 LABOR 02/15-02/21/26"
"84156","00009629","18739","07255-26-01","07255-26-01-job","49-3000","","2/21/2026","2/21/2026","1523.76","V-000722","50100","RIG 101 LABOR WE 02/15-02/21/26"
"84160","00009630","18741","07271-26-01","07271-26-01-job","49-3000","","2/21/2026","2/21/2026","2154.32","V-000722","50100","RIG 103 LABOR WE02/15-02/21/26"
"84164","00009631","18743","07230-26-01","07230-26-01-job","47-3000","","2/21/2026","2/21/2026","5504.28","V-000722","50100","RIG 212 LABOR 02/15-02/21/26"
"84168","00009632","18745","07201-26-01","07201-26-01-job","47-3000","","2/21/2026","2/21/2026","4474.48","V-000722","50100","RIG 213 LABOR 02/15-02/21/26"
"84172","00009633","18747","07240-26-01","07240-26-01-job","47-3000","","2/21/2026","2/21/2026","3083.08","V-000722","50100","RIG 214 LABOR 02/15-02/21/26"
"84176","00009634","18749","07236-26-01","07236-26-01-job","47-3000","","2/21/2026","2/21/2026","4658.4","V-000722","50100","RIG 215 LABOR 02/15-02/21/26"
"84180","00009635","18751","07235-26-01","07235-26-01-job","47-3000","","2/21/2026","2/21/2026","2837.8","V-000722","50100","RIG 220 LABOR 02/15-02/21/26"
"84184","00009636","18753","07252-26-01","07252-26-01-job","47-3000","","2/21/2026","2/21/2026","2636.47","V-000722","50100","RIG 221 LABOR 02/15-02/21/26"
"84310","517396","18776","07198-26-01","07198-26-01-job","58-4000","","2/17/2026","2/17/2026","19.96","V-001135","50300","CONCRETE"
"84338","517416","18784","07252-26-01","07252-26-01-job","58-4000","","2/17/2026","2/17/2026","353.97","V-001135","50300","SILTSAVER BELT FENCE"
"84376","01830787","18790","07229-26-01","07229-26-01-job","58-4000","","2/17/2026","2/17/2026","1878.85","V-002396","50300","GEL"
"84394","139398","18792","07271-26-01","07271-26-01-job","58-4000","","2/17/2026","2/17/2026","1857.75","V-000679","50300","FUEL TANK-RIG 102 JOB 7271"
"84398","139401","18794","07272-26-01","07272-26-01-job","58-4000","","2/17/2026","2/17/2026","3366.22","V-000679","50300","FUEL TANK-RIG 250 JOB 7272"
"84406","1827119600","18798","07273-26-01","07273-26-01-job","49-0810","","2/17/2026","2/17/2026","885.88","V-001678","50300","APPACP1034CD"
"84450","00009637","18808","07147-26-01","07147-26-01-job","47-3000","","2/21/2026","2/21/2026","11736.2","V-000722","50100","RIG 237 LABOR 02/15-02/21/26"
"84454","00009638","18810","07213-26-01","07213-26-01-job","47-3000","","2/21/2026","2/21/2026","2898.05","V-000722","50100","RIG 238 LABOR 02/15-02/21/26"
"84460","00009639","18812","07219-26-01","07219-26-01-job","47-3000","","2/21/2026","2/21/2026","422.92","V-000722","50100","RIG 242 LABOR 02/15-02/21/26"
"84508","I7868","18824","07214-26-01","07214-26-01-job","58-4000","","2/23/2026","2/23/2026","320.65","V-001439","50300","PORTA JOHN RENTAL"
"84586","2224501","18848","07257-26-01","07257-26-01-job","58-4000","","2/24/2026","2/24/2026","1174.67","V-001702","50300","FUEL TANK-RIG 257 JOB 7257"
"84590","2224981","18850","07257-26-01","07257-26-01-job","58-4000","","2/24/2026","2/24/2026","412.95","V-001702","50300","FUEL TANK-RIG 251 JOB 7257"
"84640","518727","18861","07219-26-01","07219-26-01-job","58-4000","","2/25/2026","2/25/2026","51.38","V-001135","50300","FLAKE PINE/CONCRETE"
"84648","535873","18863","07227-26-01","07227-26-01-job","58-4000","","2/25/2026","2/25/2026","1345.5","V-001214","50300","2 MAN CREW W/TRUCK"
"84656","26583613","18867","07228-26-01","07228-26-01-job","58-4000","","2/25/2026","2/25/2026","5275.26","V-002029","50300","FUEL TANK- MINE FIRE"
"84664","93558795","18871","07272-26-01","07272-26-01-job","58-4000","","2/25/2026","2/25/2026","146.43","V-002238","50300","SWAGE-NIPPLE"
"84676","14566","18877","07219-26-01","07219-26-01-job","58-4000","","2/25/2026","2/25/2026","1152","V-000338","50300","HAULED WATER"
"84680","14563","18879","07232-26-01","07232-26-01-job","58-4000","","2/25/2026","2/25/2026","3722.24","V-000338","50300","HAULED WATER AND PIT"
"84684","14565","18881","07226-26-01","07226-26-01-job","58-4000","","2/25/2026","2/25/2026","1429.12","V-000338","50300","HAULED PIT"
"84830","00009640","18913","07227-26-01","07227-26-01-job","48-3000","","2/26/2026","2/26/2026","1072.63","V-000722","50100","RIG 243 LABOR 02/15-02/21/26"
"84858","3010933","18918","07199-26-01","07199-26-01-job","51-5015","","2/27/2026","2/27/2026","3519","V-000945","50100","MISC LABOR"
"85208","517298","18998","07152-26-01","07152-26-01-job","58-1000","","2/16/2026","2/16/2026","524.65","V-001135","50300","T-POST/BLACK ZIP TIE"
"85226","INV34043805","19002","07249-26-01","07249-26-01-job","58-5000","","2/16/2026","2/16/2026","1640.06","V-000136","50300","STONE"
"85234","INV34043803","19004","07228-26-01","07228-26-01-job","58-1000","","2/16/2026","2/16/2026","1390.13","V-000136","50300","STONE"
"85242","INV34043802","19006","07212-26-01","07212-26-01-job","58-5000","","2/16/2026","2/16/2026","613.16","V-000136","50300","STONE"
"85250","INV34043780","19008","07240-26-01","07240-26-01-job","58-4000","","2/16/2026","2/16/2026","4421.96","V-000136","50300","STONE"
"85390","1768887130004","19040","07234-26-01","07234-26-01-job","58-4000","","2/14/2026","2/14/2026","1527.27","V-001715","53000","LIGHT TOWER RENTAL"
"85398","917N","19042","07250-26-01","07250-26-01-job","58-4000","","2/16/2026","2/16/2026","318","V-001111","50300","WELL MARKER FOR WELL MARY GARY #2"
"85406","918N","19044","07233-26-01","07233-26-01-job","47-4111","","2/16/2026","2/16/2026","240.92","V-001111","50300","WELL MARKER FOR WELL 1408"
"85416","25481","19046","07234-26-01","07234-26-01-job","58-4000","","2/16/2026","2/16/2026","5250","V-000134","50300","RD-1352-SOC16"
"85472","181327","19062","07252-26-01","07252-26-01-job","47-0810","","2/17/2026","2/17/2026","415.80","V-001266","50300","3/4 X 4 USA CABLE THIMBLE TO"
"85616","1294242","19092","07152-26-01","07152-26-01-job","58-1000","","2/18/2026","2/18/2026","14000","V-001011","53000","T14R RENTAL"
"85632","1800935710001","19098","07264-26-01","07264-26-01-job","51-0820","","2/14/2026","2/14/2026","106.05","V-001715","50300","SKIDSTEER RENTAL DIESEL FUEL"
"85688","182042","19112","07147-26-01","07147-26-01-job","47-0250","","3/3/2026","3/3/2026","1256.90","V-001266","50300","3/8-10MM CUNNEBO SLING HOOK"
"85704","182044","19116","07214-26-01","07214-26-01-job","47-0810","","3/3/2026","3/3/2026","22.78","V-001266","50300","230PCS ROLL PIN KIT"
"85720","182052","19120","07267-26-01","07267-26-01-job","47-0810","","3/3/2026","3/3/2026","21.64","V-001266","50300","ADAPTERS"
"85938","I7843","19174","07276-26-01","07276-26-01-job","58-4000","","2/19/2026","2/19/2026","291.5","V-001439","50300","PORTA JOHN RENTAL"
"86508","3010932","19289","07267-26-01","07267-26-01-job","51-1015","","2/27/2026","2/27/2026","1404","V-000945","50100","MISC LABOR"
"86542","14561","19301","07235-26-01","07235-26-01-job","47-4111","","2/25/2026","2/25/2026","1251.84","V-000338","50300","HAULED WATER"
"86546","14562","19303","07201-26-01","07201-26-01-job","58-4000","","2/25/2026","2/25/2026","1152","V-000338","50300","HAUL WATER AND PIT"
"86550","14564","19305","07230-26-01","07230-26-01-job","58-4000","","2/25/2026","2/25/2026","2038.4","V-000338","50300","HAULED WATER AND PIT"
"86598","181696","19315","07267-26-01","07267-26-01-job","47-0810","","2/24/2026","2/24/2026","87.14","V-001266","50300","JIC CAP PLUG KIT"
"86646","403336","19329","07267-26-01","07267-26-01-job","51-0810","","2/18/2026","2/18/2026","2213.88","V-000666","50300","CHAIN LOOP/CHAIN SAW"
"86656","916N","19333","07254-26-01","07254-26-01-job","58-4000","","2/16/2026","2/16/2026","318","V-001111","50300","WELL MARKER FOR HELEN GORDON"
"86684","4259900520","19335","07272-26-01","07272-26-01-job","49-0250","","2/17/2026","2/17/2026","610.89","V-000343","50300","UNIFORM RENTALS"
"86800","923N","19365","07226-26-01","07226-26-01-job","58-4000","","2/21/2026","2/21/2026","240.92","V-001111","50300","WELL MARKER FOR WELL W-1094"
"95026","250754558009","19609","07248-26-01","07248-26-01-job","58-5000","","2/19/2026","2/19/2026","1160.7","V-001877","53000","UTV RENTAL"
"96028","2181","19819","07023-26-01","07023-26-01-job","46-3000","","12/15/2025","12/15/2025","5368.01","V-002061","50100","601 V PLUGGING"
"97052","2222998","19947","07227-26-01","07227-26-01-job","58-4000","","2/24/2026","2/24/2026","1218.19","V-001702","50300","FUEL TANK-RIG 243 JOB 7227"
"97386","102976839","20002","07239-26-01","07239-26-01-job","59-0006","","3/10/2026","3/10/2026","33172.28","V-000517","21050",""
"102284","534978","20498","07211-26-01","07211-26-01-job","58-1000","","12/16/2025","12/16/2025","2254","V-001214","50300","4 MAN CREW W/TRUCK"
"102288","5212930600","20500","07071-26-01","07071-26-01-job","51-4010","","12/19/2025","12/19/2025","10707.61","V-001250","50100","HDD CHARGES BILLED TO CWS"
"102292","3010911","20502","07201-26-01","07201-26-01-job","58-4000","","12/21/2025","12/21/2025","10550","V-000945","50300","HAULED AND CLEANED MATS"
"102316","5812930600","20506","07215-26-01","07215-26-01-job","51-4010","","12/26/2025","12/26/2025","808.34","V-001098","50100","MEC LABOR CHARGES"
"102340","5212930602","20512","07071-26-01","07071-26-01-job","51-1015","","12/31/2025","12/31/2025","5351.13","V-001250","50100","HDD CHARGES BILLED TO CWS"
"102420","5812930601","20518","07071-26-01","07071-26-01-job","51-0820","","12/31/2025","12/31/2025","248.7","V-001098","50300","COX/TUCKER/MCCOWIEN FUEL"
"102450","5812930602","20520","07071-26-01","07071-26-01-job","51-1015","","12/31/2025","12/31/2025","635.6","V-001098","50100","MEC LABOR ON CWS"
"102456","5212930603","20522","07071-26-01","07071-26-01-job","51-1015","","1/9/2026","1/9/2026","2305.68","V-001250","50100","HDD CHARGES BILLED TO CWS"
"102466","5212930604","20526","07071-26-01","07071-26-01-job","51-1015","","1/16/2026","1/16/2026","998.6","V-001250","50100","HDD CHARGES BILLED TO CWS"
"102474","5812930603","20528","07071-26-01","07071-26-01-job","51-1015","","1/16/2026","1/16/2026","1656.59","V-001098","50100","MEC LABOR ON CWS"
"102488","5812930604","20530","07071-26-01","07071-26-01-job","51-1015","","1/23/2026","1/23/2026","847.59","V-001098","50100","MEC LABOR ON CWS"
"102500","5212930605","20532","07256-26-01","07256-26-01-job","51-1015","","1/23/2026","1/23/2026","3209.16","V-001250","50100","HDD CHARGES BILLED TO CWS"
"102504","5812930605","20534","07228-26-01","07228-26-01-job","51-1015","","1/30/2026","1/30/2026","2930.08","V-001098","50100","MEC CHARGES BILLED TO CWS"
"102518","I7765","20538","07208-26-01","07208-26-01-job","58-1000","","2/5/2026","2/5/2026","291.5","V-001439","50300","PORTA JOHN RENTAL"
"102526","5136","20540","07268-26-01","07268-26-01-job","58-1000","","2/28/2026","2/28/2026","445.2","V-002066","50300","PORTA JOHN"
"102900","6183","20650","07252-26-01","07252-26-01-job","58-4000","","2/16/2026","2/16/2026","2622.02","V-001262","50300","HYDRO GEL / THINNER"
"102904","6185","20652","07114-26-01","07114-26-01-job","58-4000","","2/16/2026","2/16/2026","973","V-001262","50300","GEL"
"102908","6186","20654","07201-26-01","07201-26-01-job","58-4000","","2/16/2026","2/16/2026","3351.25","V-001262","50300","CUT & DRY"
"102948","6201","20670","07266-26-01","07266-26-01-job","58-1000","","2/16/2026","2/16/2026","950","V-001262","50300","EDGE MULCH"
"102956","6202","20672","07235-26-01","07235-26-01-job","58-4000","","2/16/2026","2/16/2026","501.36","V-001262","50300","T POST / CAPS"
"102964","6187","20674","07211-26-01","07211-26-01-job","58-5000","","2/16/2026","2/16/2026","5137","V-001262","50300",""
"102996","6188","20682","07201-26-01","07201-26-01-job","58-4000","","2/17/2026","2/17/2026","1098","V-001262","50300","GEL"
"103000","6189","20684","07221-26-01","07221-26-01-job","58-4000","","2/17/2026","2/17/2026","1098","V-001262","50300","GEL"
"103004","6190","20686","07199-26-01","07199-26-01-job","58-5000","","2/17/2026","2/17/2026","2818.5","V-001262","50300","CUT & DRY"
"103012","6203","20688","07235-26-01","07235-26-01-job","58-4000","","2/17/2026","2/17/2026","1503.28","V-001262","50300","PIPE"
"103024","6204","20690","07199-26-01","07199-26-01-job","58-5000","","2/17/2026","2/17/2026","72.57","V-001262","50300","PIPE"
"103032","6191","20692","07235-26-01","07235-26-01-job","58-4000","","2/18/2026","2/18/2026","5857.25","V-001262","50300","CUT & DRY"
"103036","6192","20694","07201-26-01","07201-26-01-job","58-4000","","2/18/2026","2/18/2026","1665.2","V-001262","50300","THINNER"
"103040","6193","20696","07226-26-01","07226-26-01-job","58-4000","","2/18/2026","2/18/2026","2097.7","V-001262","50300","CITRIC ACID / THINNER"
"103056","6194","20704","07187-26-01","07187-26-01-job","58-4000","","2/19/2026","2/19/2026","976.8","V-001262","50300","THINNER"
"103060","6195","20706","07230-26-01","07230-26-01-job","58-4000","","2/19/2026","2/19/2026","860.32","V-001262","50300","CITRIC ACID"
"103064","6196","20708","07201-26-01","07201-26-01-job","58-4000","","2/19/2026","2/19/2026","1387.1","V-001262","50300","GEL / BICARB"
"103068","6197","20710","07152-26-01","07152-26-01-job","58-1000","","2/20/2026","2/20/2026","6515","V-001262","50300","CUT & DRY"
"103072","6198","20712","07240-26-01","07240-26-01-job","58-4000","","2/20/2026","2/20/2026","3014.28","V-001262","50300","GEL"
"103076","6199","20714","07212-26-01","07212-26-01-job","47-0810","","2/20/2026","2/20/2026","118.6","V-001262","50300","BLUE MAX"
"103080","6205","20716","07280-26-01","07280-26-01-job","58-1000","","2/20/2026","2/20/2026","9244.13","V-001262","50300","SWITCH GRASS FILTER SOCK"
"103088","6206","20718","07233-26-01","07233-26-01-job","58-5000","","2/21/2026","2/21/2026","362.85","V-001262","50300","PIPE"
"103096","6200","20720","07233-26-01","07233-26-01-job","58-5000","","2/21/2026","2/21/2026","5074.5","V-001262","50300","CUT & DRY"
"103102","INV34044564","20722","07280-26-01","07280-26-01-job","58-1000","","2/25/2026","2/25/2026","10116.0","V-000136","50300","STONE 3 IN"
"103108","INV34044569","20724","07228-26-01","07228-26-01-job","58-4000","","2/25/2026","2/25/2026","2729.74","V-000136","50300","STONE 3IN"
"103118","INV34044652","20728","07280-26-01","07280-26-01-job","58-1000","","2/26/2026","2/26/2026","6253.69","V-000136","50300","STONE 2A"
"103124","INV34044655","20730","07228-26-01","07228-26-01-job","58-4000","","2/26/2026","2/26/2026","1354","V-000136","50300","STONE"
"103128","32383","20732","07264-26-01","07264-26-01-job","58-1000","","2/26/2026","2/26/2026","2240","V-000028","50300","CONCRETE"
"103132","65777","20734","07230-26-01","07230-26-01-job","47-4111","","2/26/2026","2/26/2026","4458.43","V-000246","50300","FUEL TANK RIG 212"
"103136","65782","20736","07240-26-01","07240-26-01-job","47-4111","","2/26/2026","2/26/2026","3884.96","V-000246","50300","FUEL TANK RIG 214"
"103140","65953","20738","07147-26-01","07147-26-01-job","58-4000","","2/27/2026","2/27/2026","3759.49","V-002269","50300","FUEL TANK RIG 237"
"103144","2229244","20740","07280-26-01","07280-26-01-job","51-0820","","2/27/2026","2/27/2026","1170.1","V-001702","50300","ELM GROVE FUEL"
"103148","5672","20742","07280-26-01","07280-26-01-job","58-1000","","2/27/2026","2/27/2026","2050","V-000823","50300","4000 PSI"
"103204","519520","20760","07152-26-01","07152-26-01-job","58-1000","","3/2/2026","3/2/2026","115","V-001135","50300","SEED"
"103228","INV033569","20767","07280-26-01","07280-26-01-job","58-1000","","3/2/2026","3/2/2026","1960","V-001697","50300","TIMBER MAT RENTAL"
"103232","INV033574","20769","07244-26-01","07244-26-01-job","58-5000","","3/2/2026","3/2/2026","1904","V-001697","50300","TIMBER MAT RENTAL"
"103236","INV033572","20771","07212-26-01","07212-26-01-job","58-5000","","3/2/2026","3/2/2026","588","V-001697","50300","TIMBER MAT RENTAL"
"103362","1011086","20811","07224-26-01","07224-26-01-job","58-4000","","11/24/2025","11/24/2025","1827.06","V-000750","50300","TRUCKING HEATERS"
"103682","514440","20849","07221-26-01","07221-26-01-job","47-4111","","1/29/2026","1/29/2026","37.38","V-001135","50300","PROPANE"
"103686","1872A","20851","07209-26-01","07209-26-01-job","58-5000","","3/4/2026","3/4/2026","1413.45","V-001069","50300","SEED / FERTILIZER"
"103726","INV033573","20865","07213-26-01","07213-26-01-job","58-5000","","3/2/2026","3/2/2026","392","V-001697","50300","TIMBER MAT RENTAL"
"103730","INV033571","20867","07280-26-01","07280-26-01-job","58-1000","","3/2/2026","3/2/2026","588","V-001697","50300","TIMBER MAT RENTAL"
"103734","640","20869","07266-26-01","07266-26-01-job","58-1000","","3/2/2026","3/2/2026","4680","V-000804","50300","BUILDING SITE"
"103738","368","20871","07241-26-01","07241-26-01-job","58-5000","","3/1/2026","3/1/2026","25083","V-000804","50300","RECLAIMING SITE"
"103744","639","20873","07199-26-01","07199-26-01-job","51-0300","","3/1/2026","3/1/2026","7250","V-000804","53000","CAT 320 / D51 MACHINE"
"103750","255858856004","20875","07272-26-01","07272-26-01-job","58-4000","","3/3/2026","3/3/2026","2001","V-001877","53000","GENERATOR RENTAL"
"103834","20180740","20885","07209-26-01","07209-26-01-job","58-5000","","3/4/2026","3/4/2026","481.25","V-000782","50300","EQUIP HAULING"
"103838","20180742","20887","07211-26-01","07211-26-01-job","58-5000","","3/4/2026","3/4/2026","343.75","V-000782","50300","EQUIP HAULING"
"103906","515008","20897","07171-26-01","07171-26-01-job","51-0810","","2/2/2026","2/2/2026","37.99","V-001135","50300","EXTENSION CORD"
"103914","515271","20899","07232-26-01","07232-26-01-job","58-4000","","2/3/2026","2/3/2026","14.97","V-001135","50300","CONCRETE"
"104050","2203034","20921","07234-26-01","07234-26-01-job","58-4000","","2/12/2026","2/12/2026","1440.14","V-001702","50300","FUEL TANK 243"
"104280","INV34044649","20975","07240-26-01","07240-26-01-job","58-4000","","2/26/2026","2/26/2026","9055.81","V-000136","50300","STONE"
"104286","25398","20977","07230-26-01","07230-26-01-job","47-4111","","2/28/2026","2/28/2026","400","V-000265","50300","212 PORTA JOHN"
"104290","25399","20979","07147-26-01","07147-26-01-job","47-0100","","2/28/2026","2/28/2026","400","V-000265","50300","RIG 237 PORTA JOHN"
"104294","25400","20981","07252-26-01","07252-26-01-job","47-0100","","2/28/2026","2/28/2026","400","V-000265","50300","PORTA JOHN 221"
"104298","25401","20983","07235-26-01","07235-26-01-job","47-4111","","2/28/2026","2/28/2026","400","V-000265","50300","PORTA JOHN 220"
"104302","25402","20985","07232-26-01","07232-26-01-job","47-0100","","2/28/2026","2/28/2026","400","V-000265","50300","PORTA JOHN"
"104306","25403","20987","07201-26-01","07201-26-01-job","47-4111","","2/28/2026","2/28/2026","400","V-000265","50300","PORTA JOHN"
"104310","25404","20989","07212-26-01","07212-26-01-job","58-4000","","2/28/2026","2/28/2026","400","V-000265","50300","PORTA JOHN"
"104314","25405","20991","07227-26-01","07227-26-01-job","58-4000","","2/28/2026","2/28/2026","400","V-000265","50300","PORTA JOHN"
"104318","25406","20993","07221-26-01","07221-26-01-job","48-4111","","2/28/2026","2/28/2026","400","V-000265","50300","PORTA JOHN"
"104322","25407","20995","07171-26-01","07171-26-01-job","46-0100","","2/28/2026","2/28/2026","400","V-000265","50300","PORTA JOHN"
"104330","25409","20999","07240-26-01","07240-26-01-job","47-4111","","2/28/2026","2/28/2026","400","V-000265","50300","PORTA JOHN"
"104334","000010911","21001","07255-26-01","07255-26-01-job","49-3000","","2/28/2026","2/28/2026","3630.06","V-000722","50100","RIG 101 WE 02/22-02/28"
"104338","25396","21003","07236-26-01","07236-26-01-job","47-0100","","2/28/2026","2/28/2026","400","V-000265","50300","215 PORTA JOHN"
"104342","25397","21005","07261-26-01","07261-26-01-job","48-0100","","2/28/2026","2/28/2026","400","V-000265","50300","249 PORTA JOHN"
"104346","20260054","21007","07147-26-01","07147-26-01-job","58-4009","","2/28/2026","2/28/2026","2444","V-000566","50300","MAT RENTAL"
"104350","20260055","21009","07236-26-01","07236-26-01-job","58-4009","","2/28/2026","2/28/2026","6032","V-000566","50300","MAT RENTAL"
"104366","000010912","21017","07271-26-01","07271-26-01-job","49-3000","","2/28/2026","2/28/2026","6090.62","V-000722","50100","RIG 103 02/22-02/28"
"104370","000010913","21019","07230-26-01","07230-26-01-job","47-3000","","2/28/2026","2/28/2026","5265.32","V-000722","50100","RIG 212 2/22 - 2/28"
"104374","000010914","21021","07201-26-01","07201-26-01-job","47-3000","","2/28/2026","2/28/2026","3936.59","V-000722","50100","RIG 213 02/2 - 02/28"
"104378","000010915","21023","07240-26-01","07240-26-01-job","47-3000","","2/28/2026","2/28/2026","6711.72","V-000722","50100","RIG 214 2/22 - 2/28"
"104382","000010916","21025","07236-26-01","07236-26-01-job","47-3000","","2/28/2026","2/28/2026","4005.57","V-000722","50100","RIG 215 2/22 - 2/28"
"104386","000010917","21027","07235-26-01","07235-26-01-job","47-3000","","2/28/2026","2/28/2026","8655","V-000722","50100","RIG 220 2/22 - 2/28"
"104390","000010918","21029","07252-26-01","07252-26-01-job","47-3000","","2/28/2026","2/28/2026","4112.88","V-000722","50100","RIG 221 2/22 - 2/28"
"104394","000010920","21031","07267-26-01","07267-26-01-job","47-3000","","2/28/2026","2/28/2026","5092.4","V-000722","50100","RIG 238 2/22 - 2/28"
"104406","000010919","21035","07147-26-01","07147-26-01-job","47-3000","","3/4/2026","3/4/2026","11196.96","V-000722","50100","RIG 237 2/22 - 2/28"
"104458","000010921","21039","07219-26-01","07219-26-01-job","47-3000","","2/28/2026","2/28/2026","2237.24","V-000722","50100","RIG 242 2/22 - 2/28"
"104474","6215","21047","07235-26-01","07235-26-01-job","58-4000","","2/19/2026","2/19/2026","503.13","V-001262","50300","EQUIP HAULING"
"104478","6216","21049","07280-26-01","07280-26-01-job","58-1000","","2/21/2026","2/21/2026","575","V-001262","50300","MATERIAL HAULING"
"104482","6218","21051","07280-26-01","07280-26-01-job","58-1000","","2/26/2026","2/26/2026","2527.11","V-001262","50300","HOT SHOT HAULING"
"104486","2227600","21053","07267-26-01","07267-26-01-job","58-4000","","2/26/2026","2/26/2026","1472.58","V-001702","50300","FUEL TANK RIG 238"
"104500","PIT5353681009","21055","07228-26-01","07228-26-01-job","58-4000","","2/28/2026","2/28/2026","1026.13","V-000603","53000","TELEHANDLER RENTAL"
"104514","750141","21057","07267-26-01","07267-26-01-job","58-1000","","2/28/2026","2/28/2026","13889.57","V-000737","50300","STONE 6"""
"104518","000010922","21059","07227-26-01","07227-26-01-job","48-3000","","2/28/2026","2/28/2026","4235.52","V-000722","50100","RIG 243 2/22 - 2/28"
"104522","000010923","21061","07214-26-01","07214-26-01-job","47-3000","","2/28/2026","2/28/2026","2853.13","V-000722","50100","RIG 247 2/22 - 2/28"
"104526","000010924","21063","07221-26-01","07221-26-01-job","48-3000","","2/28/2026","2/28/2026","13065.32","V-000722","50100","RIG 248 2/22 - 2/28"
"104530","000010925","21065","07261-26-01","07261-26-01-job","48-3000","","2/28/2026","2/28/2026","1814.32","V-000722","50100","RIG 249 2/22 - 2/28"
"104534","000010926","21067","07272-26-01","07272-26-01-job","49-3000","","2/28/2026","2/28/2026","3292.32","V-000722","50100","RIG 250 2/22 - 2/28"
"104538","000010927","21069","07257-26-01","07257-26-01-job","48-3000","","2/28/2026","2/28/2026","1330.08","V-000722","50100","RIG 251 02/22 - 02/28"
"104550","8337712","21073","07271-26-01","07271-26-01-job","58-4000","","2/24/2026","2/24/2026","760","V-001995","50300","WELDING"
"104554","8338312","21075","07271-26-01","07271-26-01-job","58-4000","","2/26/2026","2/26/2026","1045","V-001995","50300","WELDING"
"104558","8337812","21077","07272-26-01","07272-26-01-job","58-4000","","2/24/2026","2/24/2026","570","V-001995","50300","WELDING"
"104562","8320712","21079","07255-26-01","07255-26-01-job","58-4000","","2/26/2026","2/26/2026","1710","V-001995","50300","WELDING"
"104570","750142","21081","07240-26-01","07240-26-01-job","58-4000","","2/28/2026","2/28/2026","6212.48","V-000737","50300","STONE 3"" / 1"" (ROAD REPAIR)"
"104578","750143","21083","07280-26-01","07280-26-01-job","58-1000","","2/28/2026","2/28/2026","2863.22","V-000737","50300","STONE 6"""
"104584","36182629003","21085","07187-26-01","07187-26-01-job","58-4000","","3/2/2026","3/2/2026","59.92","V-000797","53000","HVAC DUCT ADAPTER"
"104590","93562418","21087","07207-26-01","07207-26-01-job","58-4000","","3/5/2026","3/5/2026","74.33","V-002238","50300","BUTTERFLY VALVE"
"104728","BSC29542","21103","07276-26-01","07276-26-01-job","58-4000","","2/23/2026","2/23/2026","1505.62","V-000190","50300","DISPOSAL"
"104756","BSC29541","21113","07233-26-01","07233-26-01-job","58-4000","","2/27/2026","2/27/2026","1849.01","V-000190","50300","DISPOSAL"
"104772","14585","21119","07240-26-01","07240-26-01-job","47-4111","","3/3/2026","3/3/2026","1506.56","V-000338","50300","WATER IN"
"104776","93562419","21121","07252-26-01","07252-26-01-job","58-4000","","3/5/2026","3/5/2026","74.33","V-002238","50300","BUTTERFLY VALVE"
"104878","BSC29543","21147","07226-26-01","07226-26-01-job","58-4000","","2/23/2026","2/23/2026","521.63","V-000190","50300","DISPOSAL"
"104888","508236","21149","07232-26-01","07232-26-01-job","58-4000","","12/20/2025","12/20/2025","9.98","V-001135","50300","CONCRETE"
"104896","55621C","21151","07123-26-01","07123-26-01-job","58-4000","","12/22/2025","12/22/2025","-3119.4","V-000246","50300","CREDIT INVOICE"
"104916","10028107761","21161","07194-26-01","07194-26-01-job","48-0100","","1/9/2026","1/9/2026","377.4","V-001115","50300","LODGING-T.FORD"
"104920","59528C","21163","07147-26-01","07147-26-01-job","58-4000","","1/20/2026","1/20/2026","-2348.57","V-000246","50300","CREDIT MEMO"
"104924","8943","21165","07241-26-01","07241-26-01-job","48-0100","","1/21/2026","1/21/2026","311.88","V-001675","50300","LODGING G MARKS 1/12-1/15"
"104928","8673","21167","07212-26-01","07212-26-01-job","47-0100","","1/21/2026","1/21/2026","545.79","V-001675","50300","LODGING T CORNELL 11/17-11/23"
"104932","8501","21169","07143-26-01","07143-26-01-job","47-0100","","1/21/2026","1/21/2026","311.88","V-001675","50300","LODGING T CORNELL 10/13-10/16"
"104936","8495","21171","07163-26-01","07163-26-01-job","48-0100","","1/21/2026","1/21/2026","311.88","V-001675","50300","LODGING G MARKS 10/13-10/16"
"104940","535497","21173","07233-26-01","07233-26-01-job","58-1000","","1/28/2026","1/28/2026","4857","V-001214","50300","5 MAN CREW W/TRUCK LABOR"
"104944","10028217900","21175","07213-26-01","07213-26-01-job","47-0100","","1/30/2026","1/30/2026","283.05","V-001115","50300","LODGING-G.GREEN"
"108720","10028258061","21565","07230-26-01","07230-26-01-job","47-0100","","2/6/2026","2/6/2026","377.4","V-001115","50300","LODGING-M.HEDRICK"
"108724","10028256878","21567","07213-26-01","07213-26-01-job","47-0100","","2/6/2026","2/6/2026","283.05","V-001115","50300","LODGING-J.PECK"
"108728","10028257421","21569","07213-26-01","07213-26-01-job","47-0100","","2/6/2026","2/6/2026","471.75","V-001115","50300","LODGING-G.GREEN"
"108732","10028255732","21571","07221-26-01","07221-26-01-job","48-0100","","2/6/2026","2/6/2026","377.4","V-001115","50300","LODGING-T.FORD"
"108736","10028255585","21573","07221-26-01","07221-26-01-job","48-0100","","2/6/2026","2/6/2026","377.4","V-001115","50300","LODGING-L.BRYANT"
"108740","10028249910","21575","07226-26-01","07226-26-01-job","47-0100","","2/6/2026","2/6/2026","283.05","V-001115","50300","LODGING-C.CUFMAN"
"108744","10028249583","21577","07226-26-01","07226-26-01-job","47-0100","","2/6/2026","2/6/2026","283.05","V-001115","50300","LODGING-S.NESTOR"
"108748","515006","21579","07232-26-01","07232-26-01-job","47-0600","","2/6/2026","2/6/2026","17.99","V-001135","50300","POWERBLOCK YEL"
"108772","YR0023","21589","07171-26-01","07171-26-01-job","46-0600","","2/10/2026","2/10/2026","200","V-002251","50300","ELETRICAL INSPECTION"
"108788","6182","21597","07235-26-01","07235-26-01-job","51-0250","","2/16/2026","2/16/2026","120.24","V-001262","50300","DRINKING WATER"
"108792","6207","21599","07272-26-01","07272-26-01-job","58-2000","","2/16/2026","2/16/2026","2300","V-001262","50300","HAULED SWIVEL"
"108798","2210682","21601","07240-26-01","07240-26-01-job","51-0820","","2/16/2026","2/16/2026","675.89","V-001702","50300","FUEL TANK-RUFF CREEK"
"108808","32190","21605","07252-26-01","07252-26-01-job","58-1000","","2/16/2026","2/16/2026","2470","V-000028","50300","CONCRETE 10 YARDS"
"108812","6184","21607","07235-26-01","07235-26-01-job","58-4000","","2/16/2026","2/16/2026","3476.25","V-001262","50300","CUT & DRY 100"
"108816","6180","21609","07201-26-01","07201-26-01-job","58-4000","","2/16/2026","2/16/2026","1413.28","V-001262","50300","THINNER/CITRIC ACID"
"108822","6181","21611","07235-26-01","07235-26-01-job","58-4000","","2/16/2026","2/16/2026","187.36","V-001262","50300","THINNER"
"108828","1422872","21613","07234-26-01","07234-26-01-job","58-4000","","2/17/2026","2/17/2026","2976.82","V-000969","50300","FISHING TOOLS"
"108832","6213","21615","07212-26-01","07212-26-01-job","58-2000","","2/17/2026","2/17/2026","575","V-001262","50300","HAULED TOOLING"
"108838","BSC29398","21617","07213-26-01","07213-26-01-job","58-4000","","2/17/2026","2/17/2026","2429.04","V-000190","50300","WASTE DISPOSAL"
"108846","BSC29399","21619","07201-26-01","07201-26-01-job","58-4000","","2/17/2026","2/17/2026","3595.15","V-000190","50300","WASTE DISPOSAL"
"108854","018030787","21621","07229-26-01","07229-26-01-job","58-4000","","2/17/2026","2/17/2026","1878.85","V-002396","50300","GEL/PALLETS/SHRINK WRAP"
"108894","BSC29400","21633","07234-26-01","07234-26-01-job","58-4000","","2/19/2026","2/19/2026","3136.12","V-000190","50300","WASTE DISPOSAL"
"108902","BSC29401","21635","07212-26-01","07212-26-01-job","58-4000","","2/19/2026","2/19/2026","7102.85","V-000190","50300","WASTE DISPOSAL"
"108908","6214","21637","07273-26-01","07273-26-01-job","58-4000","","2/19/2026","2/19/2026","646.88","V-001262","50300","HAULED FLOW LINE"
"108914","BSC29397","21639","07226-26-01","07226-26-01-job","58-4000","","2/20/2026","2/20/2026","6307.16","V-000190","50300","WASTE REMOVAL"
"108936","CDE022026A","21645","07226-26-01","07226-26-01-job","58-4000","","2/20/2026","2/20/2026","3750","V-001331","50300","HAULING DRILL MUD AND WATER"
"108944","6212","21649","07152-26-01","07152-26-01-job","58-1000","","2/21/2026","2/21/2026","718.75","V-001262","50300","HAULED SWEEPER"
"108950","INV34044398","21651","07240-26-01","07240-26-01-job","58-4000","","2/23/2026","2/23/2026","2032.01","V-000136","50300","STONE"
"108982","INV34044475","21657","07240-26-01","07240-26-01-job","58-4000","","2/24/2026","2/24/2026","5691.66","V-000136","50300","STONE"
"108990","INV34044480","21659","07280-26-01","07280-26-01-job","58-1000","","2/24/2026","2/24/2026","597.30","V-000136","50300","STONE"
"108996","255673567006","21661","07228-26-01","07228-26-01-job","58-4000","","2/24/2026","2/24/2026","1098","V-001877","53000","LIGHT TOWER RENTAL-MINE FIRE"
"109000","600892149623","21663","07180-26-01","07180-26-01-job","58-4000","","2/24/2026","2/24/2026","1182.82","V-001945","50300","WASTE REMOVAL"
"109004","600892249621","21665","07212-26-01","07212-26-01-job","58-4000","","2/24/2026","2/24/2026","1304.61","V-001945","50300","WASTE REMOVAL"
"109008","600892449627","21667","07234-26-01","07234-26-01-job","58-4000","","2/24/2026","2/24/2026","1253","V-001945","50300","WASTE REMOVAL"
"109012","600892549624","21669","07233-26-01","07233-26-01-job","58-4000","","2/24/2026","2/24/2026","1432.3","V-001945","50300","WASTE REMOVAL"
"109016","600892649622","21671","07213-26-01","07213-26-01-job","58-4000","","2/24/2026","2/24/2026","5928.5","V-001945","50300","WASTE REMOVAL"
"109020","2223942","21673","07219-26-01","07219-26-01-job","58-4000","","2/24/2026","2/24/2026","1464.54","V-001702","50300","FUEK TANK-RIG 242 JOB 7219"
"109024","CDE022426B","21675","07261-26-01","07261-26-01-job","58-4000","","2/24/2026","2/24/2026","1312.5","V-001331","50300","HAULED FRESH WATER"
"109028","2230832","21677","07257-26-01","07257-26-01-job","48-0810","","2/24/2026","2/24/2026","834.5","V-001702","50300","RELPLACED FUEL PUMP"
"109032","CDE022426A","21679","07235-26-01","07235-26-01-job","47-4111","","2/24/2026","2/24/2026","812.5","V-001331","50300","HAULED WATER"
"109044","2225344","21683","07261-26-01","07261-26-01-job","58-4000","","2/25/2026","2/25/2026","1509.75","V-001702","50300","FUEL TANK-RIG 249 JOB 7261"
"109048","8340","21685","07214-26-01","07214-26-01-job","58-2000","","2/25/2026","2/25/2026","3028","V-000309","50300","HAULED WATER TANK"
"109052","247800039017","21687","07228-26-01","07228-26-01-job","58-4000","","2/25/2026","2/25/2026","848","V-001877","53000","LIGHT TOWER RENTAL-MINE FIRE"
"109056","8337","21689","07221-26-01","07221-26-01-job","58-4000","","2/25/2026","2/25/2026","1885","V-000309","50300","HAULED JUNK PIPE AND DRILL PIPE"
"109060","8338","21691","07273-26-01","07273-26-01-job","58-4000","","2/25/2026","2/25/2026","1914","V-000309","50300","HAULED MUD PUMP"
"109064","2224237","21693","07221-26-01","07221-26-01-job","48-4111","","2/25/2026","2/25/2026","1318.8","V-001702","50300","FUEL TANK-RIG 248 JOB 7221"
"109068","2224272","21695","07187-26-01","07187-26-01-job","58-4000","","2/25/2026","2/25/2026","1538.32","V-001702","50300","FUEL TANK-RIG 102 JOB 7187"
"109072","2225662","21697","07201-26-01","07201-26-01-job","47-4111","","2/25/2026","2/25/2026","4640.28","V-001702","50300","FUEL TANK-RIG 213 JOB 7201"
"109076","1423793","21699","07198-26-01","07198-26-01-job","58-4000","","2/25/2026","2/25/2026","1331.66","V-000969","50300","FISHING TOOLS"
"109084","2223545","21703","07214-26-01","07214-26-01-job","58-4000","","2/25/2026","2/25/2026","2247.69","V-001702","50300","FUEL TANK-RIG 247 JOB 7214"
"109088","8339","21705","07199-26-01","07199-26-01-job","58-4000","","2/25/2026","2/25/2026","1337","V-000309","50300","HAULED 2 LOADS OF JUNK"
"109288","27112","21751","07114-26-01","07114-26-01-job","58-4000","","2/26/2026","2/26/2026","2500","V-000207","50300","NEW SB TOOTH BIT SN"
"109292","27113","21753","07201-26-01","07201-26-01-job","47-4111","","2/26/2026","2/26/2026","1200","V-000207","50300","RR SB TOOTH BIT SN Y30WM"
"109342","2226157","21765","07152-26-01","07152-26-01-job","51-0820","","2/26/2026","2/26/2026","453.22","V-001702","50300","FUEL TANK-HUNDRED OFF ROAD"
"109358","2227262","21767","07261-26-01","07261-26-01-job","53-0820","","2/26/2026","2/26/2026","138.75","V-001702","50300","FUEL TANK-HUNDRED ON ROAD"
"109370","93559983","21769","07114-26-01","07114-26-01-job","58-4000","","2/26/2026","2/26/2026","922","V-002238","50300","MAGNET-DITCH"
"109376","93559704","21771","07273-26-01","07273-26-01-job","58-4000","","2/26/2026","2/26/2026","173.92","V-002238","50300","STUD/GASKET-FLANGE"
"109388","417417","21775","07241-26-01","07241-26-01-job","58-5000","","2/26/2026","2/26/2026","848.1","V-000971","50300","LONG BRACE PIN/GATE HINGE"
"109392","20180665","21777","07280-26-01","07280-26-01-job","58-1000","","2/26/2026","2/26/2026","655","V-000782","50300","PLOW TRUCK"
"109396","20180666","21779","07240-26-01","07240-26-01-job","58-4000","","2/26/2026","2/26/2026","380","V-000782","50300","PLOW TRUCK"
"109400","1423883","21781","07228-26-01","07228-26-01-job","58-4000","","2/26/2026","2/26/2026","1673.1","V-000969","50300","FISHING TOOLS"
"109412","141329","21787","07255-26-01","07255-26-01-job","58-4000","","2/26/2026","2/26/2026","39.26","V-000679","50300","FUEL TANK-RIG 101 JOB 7255"
"109416","140978","21789","07255-26-01","07255-26-01-job","58-4000","","2/26/2026","2/26/2026","3739","V-000679","50300","FUEL TANK-RIG 101 JOB 7255"
"109420","140980","21791","07271-26-01","07271-26-01-job","58-4000","","2/26/2026","2/26/2026","1698.63","V-000679","50300","FUEL TANK RIG 103 JOB 7271"
"109428","YR0141","21795","07114-26-01","07114-26-01-job","46-0600","","2/26/2026","2/26/2026","350","V-002251","50300","ELETRICAL INSPECTION"
"109432","YR1022","21797","07187-26-01","07187-26-01-job","46-0600","","2/26/2026","2/26/2026","250","V-002251","50300","ELETRICAL INSPECTION"
"109436","2228022","21799","07235-26-01","07235-26-01-job","47-4111","","2/27/2026","2/27/2026","4563.05","V-001702","50300","FUEL TANK-RIG 220 JOB 7235"
"109544","181901","21831","07252-26-01","07252-26-01-job","47-0810","","2/27/2026","2/27/2026","249.38","V-001266","50300","1/2 TTERMINATOR"
"109556","181899","21833","07252-26-01","07252-26-01-job","58-4000","","2/27/2026","2/27/2026","674.59","V-001266","50300","1/2 X 250 CABLE"
"109656","27117","21853","07201-26-01","07201-26-01-job","47-4111","","2/27/2026","2/27/2026","1800","V-000207","50300","RR SB TOOTH BIT SN M25337"
"109666","36217925002","21857","07187-26-01","07187-26-01-job","58-4000","","2/27/2026","2/27/2026","239.68","V-000797","53000","HEATER DUCK BLK/ADAPTER"
"109696","5135","21867","07228-26-01","07228-26-01-job","58-4000","","2/28/2026","2/28/2026","410","V-002066","50300","PORTA JOHN RENTAL"
"109700","0261845128","21869","07226-26-01","07226-26-01-job","58-1000","","2/28/2026","2/28/2026","245.5","V-000009","50300","PREM KD SPF"
"109706","925N","21871","07276-26-01","07276-26-01-job","47-4111","","2/28/2026","2/28/2026","240.92","V-001111","50300","WELL MARKER FOR WELL GH-80"
"109724","326","21875","07271-26-01","07271-26-01-job","58-4000","","2/28/2026","2/28/2026","10357.6","V-000391","50300","MARY GARY #1"
"109728","536019","21877","07239-26-01","07239-26-01-job","59-0010","","2/28/2026","2/28/2026","32652.2","V-001214","50300","4 MAN CREW/TRUCK LABOR"
"109732","R005555","21879","07271-26-01","07271-26-01-job","58-4000","","3/1/2026","3/1/2026","300","V-001229","50300","PORTA JOHN RENTAL RIG 103"
"109736","R005551","21881","07272-26-01","07272-26-01-job","58-4000","","3/1/2026","3/1/2026","300","V-001229","50300","PORTA JOHN RENTAL RIG 250"
"109742","I16339","21883","07257-26-01","07257-26-01-job","58-4000","","3/1/2026","3/1/2026","142.36","V-001770","50300","PORTA JOHN RENTAL"
"109752","181974","21885","07214-26-01","07214-26-01-job","58-4000","","3/2/2026","3/2/2026","-254.60","V-001266","50300","CHAIN TONG 27"
"109764","181975","21887","07214-26-01","07214-26-01-job","58-4000","","3/2/2026","3/2/2026","130.90","V-001266","50300","CHAIN TONG JAWS"
"109784","181991","21893","07252-26-01","07252-26-01-job","47-0810","","3/2/2026","3/2/2026","45.25","V-001266","50300","89 CLNR DISINFECT LG"
"109812","182030","21899","07234-26-01","07234-26-01-job","48-0250","","3/3/2026","3/3/2026","771.13","V-001266","50300","RTU EXT LIFE GAL"
"109820","9168","21901","07280-26-01","07280-26-01-job","51-0100","","3/3/2026","3/3/2026","77.97","V-001675","50300","LODGING-D. MCCOWIEN"
"109824","9169","21903","07280-26-01","07280-26-01-job","51-0100","","3/3/2026","3/3/2026","623.76","V-001675","50300","LODGING-B.BLACK"
"109876","R005553","21923","07255-26-01","07255-26-01-job","58-4000","","3/1/2026","3/1/2026","300","V-001229","50300","PORTA JOHN RENTAL"
"109884","1830428800","21925","07147-26-01","07147-26-01-job","47-0600","","3/6/2026","3/6/2026","1238.27","V-001678","50300","CORD SO 6/4 BLACK"
"110106","0312026","21979","07171-26-01","07171-26-01-job","01-9010","","3/13/2026","3/13/2026","1451.99","V-002418","50300","DAMAGE ESTIMATE"
"112974","318403","22194","07146-26-01","07146-26-01-job","51-0820","","1/15/2026","1/15/2026","260.77","V-001702","50300","AMOS"
"114346","926N","22202","07277-26-01","07277-26-01-job","58-4000","","2/28/2026","2/28/2026","240.92","V-001111","50300","WELL MARKER FOR WELL GH91P"
"118018","320302","22392","07258-26-01","07258-26-01-job","51-0820","","1/31/2026","1/31/2026","294","V-001702","50300","AMOS"
"122802","1512","22871","07263-26-01","07263-26-01-job","46-3000","","3/16/2026","3/16/2026","133814.55","V-002363","50300","PLUGGING 288-1V"
"122846","2041997","22884","07190-26-01","07190-26-01-job","47-4111","","11/7/2025","11/7/2025","1228.41","V-001702","50300","FUEL TANK RIG 213 JOB 7190"
"122850","2106266","22886","07152-26-01","07152-26-01-job","51-0820","","12/19/2025","12/19/2025","1671.75","V-001702","50300","FUEL TANK-GLAD FORK CAMP RUN"
"122858","1011177","22890","07251-26-01","07251-26-01-job","58-1000","","1/8/2026","1/8/2026","718.75","V-000750","50300","HAULED 40 MATS"
"122922","59827","22898","07236-26-01","07236-26-01-job","58-4000","","1/21/2026","1/21/2026","2529.93","V-000246","50300","FUEL TANK- RIG 215 JOB 7236"
"122926","007318","22900","07233-26-01","07233-26-01-job","58-4000","","1/27/2026","1/27/2026","1751.75","V-000475","50300","WATER HAULING"
"122938","61846","22904","07147-26-01","07147-26-01-job","58-4000","","1/30/2026","1/30/2026","2771.64","V-002269","50300","FUEL TANK- RIG 237 JOB 7147"
"122942","R005521","22906","07255-26-01","07255-26-01-job","58-4000","","1/31/2026","1/31/2026","170","V-001229","50300","PORTA JOHN RENTAL"
"122978","3266","22916","07234-26-01","07234-26-01-job","58-4000","","3/6/2026","3/6/2026","6000","V-002061","50300","CONSULTANT"
"124312","2037004","23153","07204-26-01","07204-26-01-job","47-4111","","11/5/2025","11/5/2025","3500.95","V-001702","50300","FUEL TANK-RIG 212 JOB 7204"
"124316","2153306","23155","07171-26-01","07171-26-01-job","51-0820","","1/9/2026","1/9/2026","1095.9","V-001702","50300","FUEL TANK-FORK CAMP RUN"
"124322","INV34043248","23157","07234-26-01","07234-26-01-job","58-4000","","1/27/2026","1/27/2026","1177.51","V-000136","50300","STONE"
"124328","R005511","23159","07255-26-01","07255-26-01-job","58-4000","","1/31/2026","1/31/2026","300","V-001229","50300","PORTA JOHN RENTAL"
"124332","R005509","23161","07254-26-01","07254-26-01-job","58-4000","","1/31/2026","1/31/2026","300","V-001229","50300","PORTA JOHN RENTAL"
"124336","74168","23163","07234-26-01","07234-26-01-job","58-4000","","2/2/2026","2/2/2026","1048.75","V-000654","50300","WASTE DISPOSAL"
"124356","74169","23169","07234-26-01","07234-26-01-job","58-4000","","2/3/2026","2/3/2026","2432.5","V-000654","50300","WASTE DISPOSAL"
"124360","74170","23171","07234-26-01","07234-26-01-job","58-4000","","2/4/2026","2/4/2026","2813.75","V-000654","50300","WASTE DISPOSAL"
"124364","3010937","23173","07194-26-01","07194-26-01-job","58-5000","","2/4/2026","2/4/2026","6545","V-000945","50300","770 BALES OF STRAW"
"124368","74171","23175","07234-26-01","07234-26-01-job","58-4000","","2/5/2026","2/5/2026","2476.25","V-000654","50300","WASTE DISPOSAL"
"124372","74172","23177","07234-26-01","07234-26-01-job","58-4000","","2/7/2026","2/7/2026","1750","V-000654","50300","WASTE DISPOSAL"
"124376","1011301","23179","07241-26-01","07241-26-01-job","58-5000","","2/16/2026","2/16/2026","1207.5","V-000750","50300","HAULED VARIOUS EQUIPMENT"
"124380","3010938","23181","07258-26-01","07258-26-01-job","58-1000","","2/19/2026","2/19/2026","6545","V-000945","50300","770 BALES OF STRAW"
"124384","6238","23183","07244-26-01","07244-26-01-job","51-0250","","2/23/2026","2/23/2026","635.96","V-001262","50300","DRINKING WATER"
"124400","6239","23189","07272-26-01","07272-26-01-job","49-0250","","2/23/2026","2/23/2026","178.72","V-001262","50300","DRINKING WATER"
"124404","6240","23191","07271-26-01","07271-26-01-job","49-0250","","2/23/2026","2/23/2026","60.12","V-001262","50300","DRINKING WATER"
"124408","194655","23193","07155-26-01","07155-26-01-job","58-4000","","2/23/2026","2/23/2026","1534.1","V-001348","50300","BARREL/PLUNGER"
"124412","6242","23195","07267-26-01","07267-26-01-job","47-0250","","2/24/2026","2/24/2026","100.2","V-001262","50300","DRINKING WATER"
"124416","6241","23197","07267-26-01","07267-26-01-job","58-4000","","2/24/2026","2/24/2026","2360.84","V-001262","50300","HYDROGEL PLUS/THINNER"
"124420","6231","23199","07271-26-01","07271-26-01-job","58-4000","","2/24/2026","2/24/2026","718.75","V-001262","50300","HAULED SUPPLIES AND CASING"
"124424","20180618","23201","07258-26-01","07258-26-01-job","58-2000","","2/24/2026","2/24/2026","602.5","V-000782","50300","PLOW TRUCK"
"124428","007345","23203","07235-26-01","07235-26-01-job","47-4111","","2/25/2026","2/25/2026","1365","V-000475","50300","WATER HAULING"
"124432","007344","23205","07257-26-01","07257-26-01-job","58-4000","","2/25/2026","2/25/2026","1027.5","V-000475","50300","WATER HAULING"
"124436","14567","23207","07226-26-01","07226-26-01-job","58-4000","","2/25/2026","2/25/2026","1251.84","V-000338","50300","HAULED PIT"
"124440","6243","23209","07219-26-01","07219-26-01-job","58-4000","","2/25/2026","2/25/2026","2071","V-001262","50300","HYDROGEL PLUS"
"124444","6244","23211","07214-26-01","07214-26-01-job","58-4000","","2/25/2026","2/25/2026","2226.9","V-001262","50300","HYDROGEL PLUS/THINNER"
"124496","6245","23227","07214-26-01","07214-26-01-job","47-0250","","2/25/2026","2/25/2026","50.1","V-001262","50300","DRINKING WATER"
"124500","6246","23229","07211-26-01","07211-26-01-job","58-5000","","2/25/2026","2/25/2026","5732.25","V-001262","50300","CUT & DRY 100"
"124516","6232","23237","07280-26-01","07280-26-01-job","58-1000","","2/25/2026","2/25/2026","750","V-001262","50300","HAULED STEEL PLATES"
"124520","1865A","23239","07241-26-01","07241-26-01-job","58-5000","","2/25/2026","2/25/2026","1093.15","V-001069","50300","OTC/FROSTY ANNUAL RYE"
"124526","36182359003","23241","07257-26-01","07257-26-01-job","58-4000","","2/25/2026","2/25/2026","4187.98","V-000797","53000","BTU SELF CONTAIN HEATER"
"124534","36182582003","23243","07187-26-01","07187-26-01-job","58-4000","","2/25/2026","2/25/2026","4187.98","V-000797","53000","BTU SELF CONTAIN HEATER"
"124540","6247","23245","07255-26-01","07255-26-01-job","49-0250","","2/26/2026","2/26/2026","200.02","V-001262","50300","DRINKING WATER"
"124544","6249","23247","07235-26-01","07235-26-01-job","58-4000","","2/26/2026","2/26/2026","3601.2","V-001262","50300","CITRIC ACID"
"124548","6248","23249","07219-26-01","07219-26-01-job","58-4000","","2/26/2026","2/26/2026","1055.68","V-001262","50300","THINNER/CITRIC ACID"
"124556","6219","23253","07235-26-01","07235-26-01-job","51-0600","","2/26/2026","2/26/2026","646.88","V-001262","50300","HAULED ROLLER"
"124588","6250","23259","07257-26-01","07257-26-01-job","58-4000","","2/27/2026","2/27/2026","1731","V-001262","50300","HYDOGEL GEL PLUS"
"124592","194903","23261","07261-26-01","07261-26-01-job","58-4000","","2/27/2026","2/27/2026","100","V-001348","50300","COUPLING-CASING"
"124598","242600835016","23263","07230-26-01","07230-26-01-job","58-4000","","2/27/2026","2/27/2026","3352.78","V-001877","53000","SKID TRACK LOADER RENTAL"
"124608","140979","23267","07272-26-01","07272-26-01-job","58-4000","","2/27/2026","2/27/2026","3595.8","V-000679","50300","FUEL TANK RIG 250 JOB 7272"
"124912","20180600","23335","07258-26-01","07258-26-01-job","58-1000","","2/23/2026","2/23/2026","1547.89","V-000782","50300","STONE"
"124918","CR000991","23337","07229-26-01","07229-26-01-job","58-4000","","2/28/2026","2/28/2026","-1878.85","V-002396","50300","CREDIT INVOICE"
"124934","4704376","23339","07273-26-01","07273-26-01-job","58-4000","","2/28/2026","2/28/2026","4500","V-001560","53000","AIR RENTAL- 44-2042 RIG KEY"
"124952","2240890","23343","07234-26-01","07234-26-01-job","58-4000","","3/1/2026","3/1/2026","625","V-001702","50300","FUEL TANK-RIG 243 JOB 7234"
"124958","INV34044736","23345","07240-26-01","07240-26-01-job","58-1000","","3/1/2026","3/1/2026","3991.67","V-000136","50300","LEMON HILL JOB"
"124966","INV34044748","23347","07270-26-01","07270-26-01-job","58-4000","","3/1/2026","3/1/2026","4965.24","V-000136","50300","STONE"
"124980","6235","23351","07233-26-01","07233-26-01-job","58-5000","","2/27/2026","2/27/2026","958","V-001262","50300","FILTER SOCK"
"124984","6236","23353","07211-26-01","07211-26-01-job","58-5000","","2/27/2026","2/27/2026","2442.2","V-001262","50300","EROSION BLANKET - STAPLES"
"125000","6234","23359","07235-26-01","07235-26-01-job","58-4000","","2/26/2026","2/26/2026","149.80","V-001262","50300","T POST"
"125008","6227","23361","07280-26-01","07280-26-01-job","58-1000","","2/26/2026","2/26/2026","575","V-001262","50300","HAULED CONDUCTOR/LOADED MATS"
"125012","6223","23363","07255-26-01","07255-26-01-job","58-4000","","2/26/2026","2/26/2026","1437.5","V-001262","50300","HAULED MATERIALS"
"125016","6220","23365","07280-26-01","07280-26-01-job","58-1000","","2/24/2026","2/24/2026","718.75","V-001262","50300","HAULED STEEL PLATE"
"125020","6222","23367","07271-26-01","07271-26-01-job","58-4000","","2/24/2026","2/24/2026","718.75","V-001262","50300","HAULED SUPPLIES & CASING"
"125028","6233","23369","07280-26-01","07280-26-01-job","58-1000","","2/23/2026","2/23/2026","73.02","V-001262","50300","ORANGE FENCE"
"125036","6237","23371","07240-26-01","07240-26-01-job","58-4000","","2/23/2026","2/23/2026","1696","V-001262","50300","HYDRO GEL"
"125040","6221","23373","07147-26-01","07147-26-01-job","58-4000","","2/23/2026","2/23/2026","790.63","V-001262","50300","HAULED DRILL COLLARS"
"125052","2200502","23379","07226-26-01","07226-26-01-job","58-4000","","2/11/2026","2/11/2026","2921.59","V-001702","50300","FUEL TANK-RIG 247 JOB 7226"
"125288","6252","23411","07235-26-01","07235-26-01-job","58-4000","","3/2/2026","3/2/2026","1821","V-001262","50300","HYDRO GEL PLUS"
"125308","181956","23415","07243-26-01","07243-26-01-job","51-0810","","3/2/2026","3/2/2026","91.00","V-001266","50300","1GAL RTU ANTIFREEZE"
"125332","181965","23423","07267-26-01","07267-26-01-job","47-0810","","3/2/2026","3/2/2026","69.20","V-001266","50300","SAE WRENCH SET 14PC"
"125356","181973","23427","07214-26-01","07214-26-01-job","58-4000","","3/2/2026","3/2/2026","267.15","V-001266","50300","DISPOSABLE GLOVES"
"125364","CDE030226A","23429","07236-26-01","07236-26-01-job","58-4000","","3/2/2026","3/2/2026","3812.5","V-001331","50300","HAULED DRILL MUD"
"125368","141702","23431","07271-26-01","07271-26-01-job","58-4000","","3/2/2026","3/2/2026","1969.5","V-000679","50300","FUEL TANK- RIG 103 JOB 7271"
"125372","141723","23433","07271-26-01","07271-26-01-job","58-4000","","3/2/2026","3/2/2026","773.22","V-000679","50300","FUEL TANK-RIG 103 JOB 7271"
"125376","600894349627","23435","07213-26-01","07213-26-01-job","58-4000","","3/2/2026","3/2/2026","1815.1","V-001945","50300","WASTE REMOVAL"
"125380","600894549622","23437","07226-26-01","07226-26-01-job","58-4000","","3/2/2026","3/2/2026","2304.24","V-001945","50300","WASTE REMOVAL"
"125386","INV34044818","23439","07270-26-01","07270-26-01-job","58-4000","","3/2/2026","3/2/2026","3786.31","V-000136","50300","STONE"
"125394","INV34044820","23441","07233-26-01","07233-26-01-job","58-5000","","3/2/2026","3/2/2026","1431.56","V-000136","50300","STONE"
"125400","253712954008","23443","07228-26-01","07228-26-01-job","58-4000","","3/2/2026","3/2/2026","1696","V-001877","53000","LIGHT TOWER RENTAL-MINE FIRE"
"125434","200","23447","07267-26-01","07267-26-01-job","47-3000","","3/2/2026","3/2/2026","2420","V-000580","50100","RIG LABOR WE 022826"
"125450","927N","23451","07236-26-01","07236-26-01-job","58-4000","","3/3/2026","3/3/2026","240.92","V-001111","50300","WELL MARKER FOR WELL M-1792"
"125468","142043","23457","07255-26-01","07255-26-01-job","58-4000","","3/3/2026","3/3/2026","2593.91","V-000679","50300","FUEL TANK-RIG 101 JOB 7255"
"125474","INV34044904","23459","07270-26-01","07270-26-01-job","58-4000","","3/3/2026","3/3/2026","2546.43","V-000136","50300","STONE"
"125480","9171","23461","07280-26-01","07280-26-01-job","51-0100","","3/3/2026","3/3/2026","623.76","V-001675","50300","LODGING-D.CHEE"
"125484","9078","23463","07221-26-01","07221-26-01-job","48-0100","","3/3/2026","3/3/2026","233.91","V-001675","50300","LODGING-L.BRYANT"
"125488","2234085","23465","07187-26-01","07187-26-01-job","58-4000","","3/3/2026","3/3/2026","854.23","V-001702","50300","FUEL TANK-RIG 102 JOB 7187"
"125492","14584","23467","07214-26-01","07214-26-01-job","58-4000","","3/3/2026","3/3/2026","720","V-000338","50300","HAULED WATER"
"125498","030326","23469","07211-26-01","07211-26-01-job","58-5000","","3/3/2026","3/3/2026","658.26","V-001356","50300","MEADOW MIX"
"125504","3010939","23471","07211-26-01","07211-26-01-job","58-5000","","3/3/2026","3/3/2026","6545","V-000945","50300","770 BALES OF STRAW"
"125512","3010940","23473","07234-26-01","07234-26-01-job","58-5000","","3/3/2026","3/3/2026","6545.0","V-000945","50300","770 BALES OF STRAW"
"125520","9079","23475","07221-26-01","07221-26-01-job","48-0100","","3/3/2026","3/3/2026","311.88","V-001675","50300","LODGING-T.FORD"
"125524","9082","23477","07236-26-01","07236-26-01-job","48-0100","","3/3/2026","3/3/2026","389.85","V-001675","50300","LODGING-G.MARKS"
"125528","9115","23479","07272-26-01","07272-26-01-job","49-0100","","3/3/2026","3/3/2026","233.91","V-001675","50300","LODGING-R.ODELL"
"125532","9117","23481","07221-26-01","07221-26-01-job","48-0100","","3/3/2026","3/3/2026","311.88","V-001675","50300","LODGING-T.FORD"
"125536","9123","23483","07221-26-01","07221-26-01-job","48-0100","","3/3/2026","3/3/2026","311.88","V-001675","50300","LODGING-L.BRYANT"
"125540","9145","23485","07255-26-01","07255-26-01-job","49-0100","","3/3/2026","3/3/2026","233.91","V-001675","50300","LODGING-R.ODELL"
"125544","6253","23487","07147-26-01","07147-26-01-job","58-4000","","3/3/2026","3/3/2026","1805.74","V-001262","50300","HYDRO GEL PLUS/CITRIC ACID"
"125552","9150","23491","07236-26-01","07236-26-01-job","48-0100","","3/3/2026","3/3/2026","311.88","V-001675","50300","LODGING-G.MARKS"
"125556","9149","23493","07221-26-01","07221-26-01-job","48-0100","","3/3/2026","3/3/2026","311.88","V-001675","50300","LODGING-T.FORD"
"125560","9146","23495","07240-26-01","07240-26-01-job","47-0100","","3/3/2026","3/3/2026","233.91","V-001675","50300","LODGING-R.ODELL"
"125564","6254","23497","07152-26-01","07152-26-01-job","58-1000","","3/3/2026","3/3/2026","5857.25","V-001262","50300","CUT & DRY 100"
"125568","6266","23499","07152-26-01","07152-26-01-job","58-1000","","3/3/2026","3/3/2026","2911.5","V-001262","50300","HAULED SILT FENCE"
"125572","66477","23501","07267-26-01","07267-26-01-job","58-4000","","3/4/2026","3/4/2026","3937.28","V-000246","50300","FUEL TANK-RIG 238 JOB 7267"
"125576","2235020","23503","07221-26-01","07221-26-01-job","48-4111","","3/4/2026","3/4/2026","879.6","V-001702","50300","FUEL JOB 7221 WELL 5440"
"125620","14080","23517","07255-26-01","07255-26-01-job","49-0100","","3/4/2026","3/4/2026","1343.1","V-000815","50300","LODGING-J.FARRAR"
"125712","243845453019","23539","07228-26-01","07228-26-01-job","58-4000","","3/18/2026","3/18/2026","-14171","V-001877","53000","CREDIT INVOICE FOR LIGHT TOWERS"
"125900","181846","23581","07264-26-01","07264-26-01-job","47-0250","","2/26/2026","2/26/2026","1224.30","V-001266","50300","MSA GAS DETECTOR"
"125916","14583","23585","07227-26-01","07227-26-01-job","58-4000","","3/3/2026","3/3/2026","1152","V-000338","50300","HAULED WATER"
"125920","14062","23587","07224-26-01","07224-26-01-job","49-0100","","3/4/2026","3/4/2026","1211.01","V-000815","50300","LODGING. J-FARRAR"
"125924","14063","23589","07254-26-01","07254-26-01-job","49-0100","","3/4/2026","3/4/2026","1211.01","V-000815","50300","LODGING-J.HUMPHREY"
"125928","14072","23591","07271-26-01","07271-26-01-job","53-0100","","3/4/2026","3/4/2026","132.09","V-000815","50300","LODGING-C.REBOLD"
"125932","14071","23593","07271-26-01","07271-26-01-job","53-0100","","3/4/2026","3/4/2026","132.09","V-000815","50300","LODGING-C.REBOLD"
"125936","14081","23595","07272-26-01","07272-26-01-job","49-0100","","3/4/2026","3/4/2026","1343.1","V-000815","50300","LODGING-J.HUMPHREY"
"125940","14092","23597","07271-26-01","07271-26-01-job","49-0100","","3/4/2026","3/4/2026","396.27","V-000815","50300","LODGING-J.HUMPHREY"
"125948","20180739","23601","07239-26-01","07239-26-01-job","59-0012","","3/4/2026","3/4/2026","481.25","V-000782","50300","MOVED WHEEL LOADER"
"125952","20180741","23603","07236-26-01","07236-26-01-job","58-5000","","3/4/2026","3/4/2026","275","V-000782","50300","MOVED HOE TO SITE"
"125960","519858","23605","07152-26-01","07152-26-01-job","58-1000","","3/4/2026","3/4/2026","310.38","V-001135","50300","ADJ WRENCH/GATE HOOK"
"125972","519885","23607","07207-26-01","07207-26-01-job","58-4000","","3/4/2026","3/4/2026","49.90","V-001135","50300","CONCRETE"
"125996","5727","23611","07239-26-01","07239-26-01-job","59-0006","","3/4/2026","3/4/2026","1080","V-000823","50300","CALCIUM"
"126036","141703","23622","07271-26-01","07271-26-01-job","58-4000","","3/4/2026","3/4/2026","1432.78","V-000679","50300","FUEL TANK-RIG 103 JOB 7271"
"126040","6255","23624","07206-26-01","07206-26-01-job","58-1000","","3/4/2026","3/4/2026","6515","V-001262","50300","CUT & DRY 100"
"126046","INV34044931","23626","07213-26-01","07213-26-01-job","58-5000","","3/4/2026","3/4/2026","1399.69","V-000136","50300","STONE"
"126052","66586","23628","07266-26-01","07266-26-01-job","58-4000","","3/5/2026","3/5/2026","5161.25","V-000246","50300","FUEL TANK-RIG 215 JOB 7266"
"126056","141704","23630","07255-26-01","07255-26-01-job","58-4000","","3/5/2026","3/5/2026","1993.55","V-000679","50300","FUEL TANK-RIG 101 JOB 7255"
"126108","10028410449","23646","07267-26-01","07267-26-01-job","47-0100","","3/6/2026","3/6/2026","471.75","V-001115","50300","LODGING-G.GREEN"
"126112","10028410443","23648","07221-26-01","07221-26-01-job","48-0100","","3/6/2026","3/6/2026","188.7","V-001115","50300","LODGING-L.BRYANT"
"126116","10028404413","23650","07267-26-01","07267-26-01-job","47-0100","","3/6/2026","3/6/2026","199.8","V-001115","50300","LODGING-K.MORGAN"
"126120","71531","23652","07280-26-01","07280-26-01-job","58-1000","","3/6/2026","3/6/2026","1782.5","V-000904","50300","HAULED EQUIPMENT"
"126168","141705","23658","07272-26-01","07272-26-01-job","58-4000","","3/6/2026","3/6/2026","4274.78","V-000679","50300","FUEL TANK RIG 250 JOB 7272"
"126172","142383","23660","07271-26-01","07271-26-01-job","58-4000","","3/6/2026","3/6/2026","503.74","V-000679","50300","FUEL TANK RIG 103 JOB 7271"
"126178","929N","23662","07270-26-01","07270-26-01-job","58-4000","","3/7/2026","3/7/2026","240.92","V-001111","50300","WELL MARKER FOR WELL GH-83"
"126186","928N","23664","07252-26-01","07252-26-01-job","58-4000","","3/7/2026","3/7/2026","240.92","V-001111","50300","WELL MARKER FOR WELL 7492"
"126192","643","23666","07211-26-01","07211-26-01-job","51-0300","","3/8/2026","3/8/2026","4900","V-000804","53000","RECLAIMING SITE/CAT 320 MACHINE"
"126200","228FROG","23670","07155-26-01","07155-26-01-job","58-4000","","3/9/2026","3/9/2026","1180","V-000259","50300","FRAC TANK"
"126204","1425020","23672","07187-26-01","07187-26-01-job","58-4000","","3/9/2026","3/9/2026","1397.32","V-000969","50300","FISHING TOOLS"
"126210","EQP0021710","23674","07233-26-01","07233-26-01-job","51-0300","","3/9/2026","3/9/2026","4490","V-000306","53000","D6 Rental"
"126416","2159078","23720","07219-26-01","07219-26-01-job","51-0820","","1/21/2026","1/21/2026","365.13","V-001702","50300","FUEL TANK-HUNDRED OFF ROAD"
"126484","2194879","23730","07152-26-01","07152-26-01-job","51-0820","","2/10/2026","2/10/2026","660.64","V-001702","50300","FUEL TANK-HUNDRED OFF ROAD"
"126520","34717","23740","07255-26-01","07255-26-01-job","58-4000","","3/4/2026","3/4/2026","2489","V-000157","50300","SERVICE CALLOUT"
"126524","34716","23742","07250-26-01","07250-26-01-job","58-4000","","3/4/2026","3/4/2026","700","V-000157","50300","BOP SUPPLIES"
"126528","34715","23744","07271-26-01","07271-26-01-job","58-4000","","3/4/2026","3/4/2026","700","V-000157","50300","BOP TRUCKING"
"126532","34713","23746","07271-26-01","07271-26-01-job","58-4000","","3/4/2026","3/4/2026","500","V-000157","50300","RUBBERS"
"126536","34714","23748","07255-26-01","07255-26-01-job","58-4000","","3/4/2026","3/4/2026","350","V-000157","50300","RUBBERS / SEALS"
"126540","10028410457","23750","07240-26-01","07240-26-01-job","47-0100","","3/6/2026","3/6/2026","471.75","V-001115","50300","LODGING-C.HILSON"
"126544","10028410455","23752","07267-26-01","07267-26-01-job","47-0100","","3/6/2026","3/6/2026","471.75","V-001115","50300","LODGING-J.PECK"
"126548","0114739IN","23754","07227-26-01","07227-26-01-job","58-4000","","3/11/2026","3/11/2026","1990","V-000322","50300","LOGGING"
"126586","000000011443","23758","07255-26-01","07255-26-01-job","49-3000","","3/14/2026","3/14/2026","1077.16","V-000722","50100","RIG 101 WE 03/8-3/14"
"126592","000000011460","23760","07280-26-01","07280-26-01-job","47-3000","","3/14/2026","3/14/2026","5633.24","V-000722","50100","RIG 713 3/8-3/14"
"126596","000000011459","23762","07257-26-01","07257-26-01-job","48-3000","","3/14/2026","3/14/2026","9506.51","V-000722","50100","RIG 251"
"126600","000000011458","23764","07272-26-01","07272-26-01-job","49-3000","","3/14/2026","3/14/2026","3940.54","V-000722","50100","RIG 250 3/8-3/14"
"126604","000000011457","23766","07261-26-01","07261-26-01-job","48-3000","","3/14/2026","3/14/2026","300.28","V-000722","50100","RIG 249 WE 3/8-3/14"
"126608","000000011456","23768","07221-26-01","07221-26-01-job","48-3000","","3/14/2026","3/14/2026","9604.13","V-000722","50100","RIG 248 3/8 - 3/14"
"126612","000000011455","23770","07214-26-01","07214-26-01-job","47-3000","","3/14/2026","3/14/2026","1930.64","V-000722","50100","RIG 247 WE 3/8-3/14"
"126616","000000011454","23772","07227-26-01","07227-26-01-job","48-3000","","3/14/2026","3/14/2026","7274.22","V-000722","50100","RIG 243 WE 03/8 - 3/14"
"129887","59528COR","24198","07147-26-01","07147-26-01-job","58-4000","","1/20/2026","1/20/2026","0.1","V-000246","50300","FUEL CORRECTION"
"132293","914N","24536","07241-26-01","07241-26-01-job","58-4000","","2/1/2026","2/1/2026","240.92","V-001111","50300","WELL MARKER FOR WELL M-1833"
"132301","196","24538","07254-26-01","07254-26-01-job","49-3000","","2/3/2026","2/3/2026","2510","V-000580","50100","RIG LABOR WE 020126"
"132307","74197","24540","07234-26-01","07234-26-01-job","58-4000","","2/9/2026","2/9/2026","3073.75","V-000654","50300","WASTE DISPOSAL"
"132315","74198","24544","07240-26-01","07240-26-01-job","58-4000","","2/13/2026","2/13/2026","2088.75","V-000654","50300","WASTE DISPOSAL"
"132337","920N","24548","07171-26-01","07171-26-01-job","58-4000","","2/18/2026","2/18/2026","240.92","V-001111","50300","WELL MARKER FOR WELL 7699"
"132345","919N","24550","07232-26-01","07232-26-01-job","58-4000","","2/18/2026","2/18/2026","240.92","V-001111","50300","WELL MARKER FOR WELL 7373"
"132365","2216776","24552","07267-26-01","07267-26-01-job","51-0820","","2/19/2026","2/19/2026","325.42","V-001702","50300","FUEL TANK-ELM GROVE"
"132387","2221298","24554","07240-26-01","07240-26-01-job","51-0820","","2/23/2026","2/23/2026","441.51","V-001702","50300","FUEL TANK-RUFF CREEK"
"132397","2228354","24556","07233-26-01","07233-26-01-job","51-0820","","2/27/2026","2/27/2026","442.54","V-001702","50300","FUEL TANK-RUFF CREEK"
"132411","0114661IN","24562","07232-26-01","07232-26-01-job","58-4000","","2/9/2026","2/9/2026","3889","V-000322","50300","DAILY RATE/NG,3 ARM CAL"
"132421","6251","24566","07227-26-01","07227-26-01-job","58-4000","","3/2/2026","3/2/2026","1056.80","V-001262","50300","THINNER/CITRIC ACID"
"132441","INV34045136","24572","07240-26-01","07240-26-01-job","58-4000","","3/6/2026","3/6/2026","5910.24","V-000136","50300","STONE"
"132447","228KING","24574","07243-26-01","07243-26-01-job","58-4000","","3/9/2026","3/9/2026","1180","V-000259","50300","FRAC TANK"
"134415","1520","24880","07114-26-01","07114-26-01-job","46-3000","","2/28/2026","2/28/2026","161528.87","V-002363","50300","PLUGGING JOHN A KEYS"
"138638","79769887","25136","07147-26-01","07147-26-01-job","47-0100","","12/17/2025","12/17/2025","266.4","V-001435","50300","LODGING-B.ROGERS"
"138642","10028003689C","25138","07147-26-01","07147-26-01-job","47-0100","","12/19/2025","12/19/2025","283.05","V-001115","50300","LODGING-A.LANE"
"138646","10028041178C","25140","07211-26-01","07211-26-01-job","47-0100","","12/26/2025","12/26/2025","1132.2","V-001115","50300","LODGING-R.KUHN"
"138650","79886204","25142","07212-26-01","07212-26-01-job","47-0100","","12/31/2025","12/31/2025","177.6","V-001435","50300","LODGING-D.HALL"
"138940","79895259","25205","07203-26-01","07203-26-01-job","47-0100","","12/31/2025","12/31/2025","283.05","V-001435","50300","LODGING-L.ANDERSON"
"138944","79898136","25207","07222-26-01","07222-26-01-job","47-0100","","12/31/2025","12/31/2025","177.6","V-001435","50300","LODGING-B.DONATE"
"138948","79898137","25209","07203-26-01","07203-26-01-job","47-0100","","12/31/2025","12/31/2025","283.05","V-001435","50300","LODGING-J.HADDIX"
"138952","79898138","25211","07203-26-01","07203-26-01-job","47-0100","","12/31/2025","12/31/2025","177.6","V-001435","50300","LODGING-P.ROWE"
"138956","79898139","25213","07223-26-01","07223-26-01-job","47-0100","","12/31/2025","12/31/2025","177.6","V-001435","50300","LODGING-T.BORKOWSKI"
"138960","79898165","25215","07212-26-01","07212-26-01-job","47-0100","","12/31/2025","12/31/2025","177.6","V-001435","50300","LODGING-T.CORNELL"
"138964","79898220","25217","07212-26-01","07212-26-01-job","47-0100","","12/31/2025","12/31/2025","266.4","V-001435","50300","LODGING-D.OGDEN"
"138968","79981685","25219","07222-26-01","07222-26-01-job","47-0100","","1/9/2026","1/9/2026","377.4","V-001435","50300","LODGING-B.DONATE"
"138972","79981687","25221","07234-26-01","07234-26-01-job","48-0100","","1/9/2026","1/9/2026","471.75","V-001435","50300","LODGING-D.OGDEN"
"139128","79981502","25273","07223-26-01","07223-26-01-job","47-0100","","1/9/2026","1/9/2026","377.4","V-001435","50300","LODGING-T.BORKOWSKI"
"139132","79981598","25275","07212-26-01","07212-26-01-job","47-0100","","1/9/2026","1/9/2026","471.75","V-001435","50300","LODGING-D.HALL"
"139136","79981599","25277","07212-26-01","07212-26-01-job","47-0100","","1/9/2026","1/9/2026","377.4","V-001435","50300","LODGING-T.CORNELL"
"139140","79981644","25279","07203-26-01","07203-26-01-job","47-0100","","1/9/2026","1/9/2026","471.75","V-001435","50300","LODGING-L.ANDERSON"
"139144","79981646","25281","07252-26-01","07252-26-01-job","47-0100","","1/9/2026","1/9/2026","377.4","V-001435","50300","LODGING-I.WILLIAMS"
"139148","79991670","25283","07203-26-01","07203-26-01-job","47-0100","","1/9/2026","1/9/2026","377.4","V-001435","50300","LODGING-P.ROWE"
"139152","79981671","25285","07233-26-01","07233-26-01-job","47-0100","","1/9/2026","1/9/2026","471.75","V-001435","50300","LODGING-J.HADDIX"
"139160","80052484","25289","07201-26-01","07201-26-01-job","47-0100","","1/16/2026","1/16/2026","377.4","V-001435","50300","LODGING-I.WILLIAMS"
"139164","80052511","25291","07212-26-01","07212-26-01-job","47-0100","","1/16/2026","1/16/2026","471.75","V-001435","50300","LODGING-D.HALL"
"139168","80052524","25293","07222-26-01","07222-26-01-job","47-0100","","1/16/2026","1/16/2026","377.4","V-001435","50300","LODGING-B.DONATE"
"139172","80052544","25295","07233-26-01","07233-26-01-job","47-0100","","1/16/2026","1/16/2026","377.4","V-001435","50300","LODGING-L.ANDERSON"
"139176","80052565","25297","07212-26-01","07212-26-01-job","47-0100","","1/16/2026","1/16/2026","377.4","V-001435","50300","LODGING-T.CORNELL"
"139180","80052567","25299","07147-26-01","07147-26-01-job","47-0100","","1/16/2026","1/16/2026","377.4","V-001435","50300","LODGING-T.BORKOWSKI"
"139184","80052612","25301","07233-26-01","07233-26-01-job","47-0100","","1/16/2026","1/16/2026","377.4","V-001435","50300","LODGING-J.HADDIX"
"139188","80052615","25303","07233-26-01","07233-26-01-job","47-0100","","1/16/2026","1/16/2026","410.7","V-001435","50300","LODGING-P.ROWE"
"139192","80052632","25305","07234-26-01","07234-26-01-job","48-0100","","1/16/2026","1/16/2026","471.75","V-001435","50300","LODGING-D.OGDEN"
"139196","8991","25307","07221-26-01","07221-26-01-job","48-0100","","1/19/2026","1/19/2026","311.88","V-001675","50300","LODGING-J.HUDNALL"
"139200","8992","25309","07241-26-01","07241-26-01-job","48-0100","","1/19/2026","1/19/2026","311.88","V-001675","50300","LODGING-G.MARKS"
"139204","8997","25311","07221-26-01","07221-26-01-job","48-0100","","1/19/2026","1/19/2026","311.88","V-001675","50300","LODGING-L.BRYANT"
"139208","80087718","25313","07230-26-01","07230-26-01-job","47-0100","","1/20/2026","1/20/2026","94.35","V-001435","50300","LODGING-M.HELDRETH"
"139212","80122364","25315","07201-26-01","07201-26-01-job","47-0100","","1/23/2026","1/23/2026","377.4","V-001435","50300","LODGING-I.WILLIAMS"
"139216","80122632","25317","07221-26-01","07221-26-01-job","48-0100","","1/23/2026","1/23/2026","377.4","V-001435","50300","LODGING-B.BARCLEY"
"139220","80122847","25319","07212-26-01","07212-26-01-job","47-0100","","1/23/2026","1/23/2026","94.35","V-001435","50300","LODGING-L.CLARKSON"
"139224","80122861","25321","07212-26-01","07212-26-01-job","47-0100","","1/23/2026","1/23/2026","471.75","V-001435","50300","LODGING-D.HALL"
"139228","80122863","25323","07212-26-01","07212-26-01-job","47-0100","","1/23/2026","1/23/2026","471.75","V-001435","50300","LODGING-T.CORNELL"
"139232","80122896","25325","07222-26-01","07222-26-01-job","47-0100","","1/23/2026","1/23/2026","377.4","V-001435","50300","LODGING-B.DONATE"
"139236","80122898","25327","07233-26-01","07233-26-01-job","47-0100","","1/23/2026","1/23/2026","471.75","V-001435","50300","LODGING-L.ANDERSON"
"139240","80122916","25329","07233-26-01","07233-26-01-job","47-0100","","1/23/2026","1/23/2026","471.75","V-001435","50300","LODGING-J.HADDIX"
"139244","80122918","25331","07234-26-01","07234-26-01-job","48-0100","","1/23/2026","1/23/2026","471.75","V-001435","50300","LODGING-D.OGDEN"
"139329","80133486","25335","07233-26-01","07233-26-01-job","47-0100","","1/24/2026","1/24/2026","471.75","V-001435","50300","LODGING-P.ROWE"
"139333","80133487","25337","07147-26-01","07147-26-01-job","47-0100","","1/24/2026","1/24/2026","471.75","V-001435","50300","LODGING-W.METZGER"
"139337","9023","25339","07241-26-01","07241-26-01-job","48-0100","","1/29/2026","1/29/2026","77.97","V-001675","50300","LODGING-G.MARKS"
"139341","9054","25341","07198-26-01","07198-26-01-job","47-0100","","2/3/2026","2/3/2026","155.94","V-001675","50300","LODGING-R.ODELL"
"139363","163038","25345","07268-26-01","07268-26-01-job","58-1000","","2/20/2026","2/20/2026","1711.26","V-001164","50300","SMOOTHFLOW SOLID W/BELL"
"139391","163043","25351","07268-26-01","07268-26-01-job","58-1000","","2/25/2026","2/25/2026","176.38","V-001164","50300","SILT FENCE"
"139409","10028373899","25359","07240-26-01","07240-26-01-job","47-0100","","3/1/2026","3/1/2026","471.75","V-001115","50300","LODGING"
"139413","10028373186","25361","07240-26-01","07240-26-01-job","47-0100","","3/1/2026","3/1/2026","471.75","V-001115","50300","LODGING-C.HILSON"
"139417","10028370761","25363","07221-26-01","07221-26-01-job","48-0100","","3/1/2026","3/1/2026","471.75","V-001115","50300","LODGING-D.LAMPKIN"
"139421","10028370685","25365","07221-26-01","07221-26-01-job","48-0100","","3/1/2026","3/1/2026","377.4","V-001115","50300","LODGING-L.BRYANT"
"139425","10028370482","25367","07214-26-01","07214-26-01-job","47-0100","","3/1/2026","3/1/2026","377.4","V-001115","50300","LODGING-E.HALL"
"139429","10028370479","25369","07267-26-01","07267-26-01-job","47-0100","","3/1/2026","3/1/2026","471.75","V-001115","50300","LODGING-G.GREEN"
"139433","9173","25371","07261-26-01","07261-26-01-job","48-0100","","3/2/2026","3/2/2026","77.97","V-001675","50300","LODGING-G.MARKS"
"139529","10027969817C","25399","07240-26-01","07240-26-01-job","47-0100","","12/13/2025","12/13/2025","1226.55","V-001115","50300","LODGING-R.KUHN"
"139533","79805765","25401","07222-26-01","07222-26-01-job","47-0100","","12/20/2025","12/20/2025","444","V-001435","50300","LODGING-B.DONATE"
"139559","4257638635","25403","07240-26-01","07240-26-01-job","47-0250","","1/28/2026","1/28/2026","441.48","V-000343","50300","UNIFORM RENTAL"
"139585","10028364417","25405","07214-26-01","07214-26-01-job","47-0100","","3/1/2026","3/1/2026","283.05","V-001115","50300","LODGING-S.NESTOR"
"139589","9182","25407","07221-26-01","07221-26-01-job","48-0100","","3/2/2026","3/2/2026","155.94","V-001675","50300","LODGING-L.BRYANT"
"139593","6275","25409","07147-26-01","07147-26-01-job","58-2000","","3/3/2026","3/3/2026","790.63","V-001262","50300","HAULED WASH PIPE"
"139853","9190","25425","07221-26-01","07221-26-01-job","48-0100","","3/3/2026","3/3/2026","233.91","V-001675","50300","LODGING-D.LAMPKIN"
"139857","6274","25427","07233-26-01","07233-26-01-job","58-5000","","3/3/2026","3/3/2026","790.63","V-001262","50300","HAULED MATS & FORKS"
"139861","10028394274","25429","07240-26-01","07240-26-01-job","47-0100","","3/3/2026","3/3/2026","1603.95","V-001115","50300","LODGING-R.KUHN"
"139865","16241","25431","07261-26-01","07261-26-01-job","47-0100","","3/3/2026","3/3/2026","395.16","V-001675","50300","LODGING-P.BROWN"
"139873","2236696","25433","07239-26-01","07239-26-01-job","51-0820","","3/4/2026","3/4/2026","553.83","V-001702","50300","FUEL TANK-HUNDRED OFF ROAD"
"139893","2234540","25437","07204-26-01","07204-26-01-job","53-0820","","3/4/2026","3/4/2026","706.68","V-001702","50300","FUEL TANK-HUNDRED ON ROAD"
"139905","93561926","25439","07214-26-01","07214-26-01-job","58-4000","","3/4/2026","3/4/2026","309.89","V-002238","50300","NIPPLE-PIPE/DIE-TONG"
"139923","2237152","25443","07233-26-01","07233-26-01-job","51-0820","","3/4/2026","3/4/2026","509.13","V-001702","50300","FUEL TANK-RUFF CREEK"
"139929","2237531","25445","07227-26-01","07227-26-01-job","58-4000","","3/4/2026","3/4/2026","1072.74","V-001702","50300","FUEL TANK-RIG 243 JOB 7227"
"139933","6256","25447","07209-26-01","07209-26-01-job","58-4000","","3/4/2026","3/4/2026","4009","V-001262","50300","CUT & DRY 100"
"139937","6258","25449","07267-26-01","07267-26-01-job","58-4000","","3/4/2026","3/4/2026","4475.1","V-001262","50300","CITRIC ACID/BICARBONATE OF SODA"
"139943","030426","25451","07213-26-01","07213-26-01-job","58-5000","","3/4/2026","3/4/2026","427.18","V-001356","50300","4'' PIPE"
"139949","14091","25453","07255-26-01","07255-26-01-job","49-0100","","3/4/2026","3/4/2026","396.27","V-000815","50300","LODGING-J.FARRAR"
"139955","BSC29660","25455","07235-26-01","07235-26-01-job","58-4000","","3/4/2026","3/4/2026","1505.47","V-000190","50300","WASTE DISPOSAL"
"139963","MM3070","25457","07235-26-01","07235-26-01-job","58-4000","","3/5/2026","3/5/2026","1959.94","V-001207","50300","MATERIAL DISPOSAL"
"139969","CDE030526A","25459","07235-26-01","07235-26-01-job","58-4000","","3/5/2026","3/5/2026","1656.25","V-001331","50300","HAULED DRILL MUD"
"139973","INV34045062","25461","07284-26-01","07284-26-01-job","58-1000","","3/5/2026","3/5/2026","7800.52","V-000136","50300","STONE"
"140061","6260","25481","07114-26-01","07114-26-01-job","58-4000","","3/5/2026","3/5/2026","445.8","V-001262","50300","HYDROGELPLUS"
"140065","6261","25483","07214-26-01","07214-26-01-job","58-4000","","3/5/2026","3/5/2026","836.08","V-001262","50300","THINNER"
"140069","6262","25485","07290-26-01","07290-26-01-job","58-4000","","3/5/2026","3/5/2026","6390","V-001262","50300","CUT & DRY 100"
"140073","6267","25487","07284-26-01","07284-26-01-job","58-1000","","3/5/2026","3/5/2026","3601.55","V-001262","50300","SWITCHGRASS FILTER SOCK"
"140077","6268","25489","07290-26-01","07290-26-01-job","58-1000","","3/5/2026","3/5/2026","373.8","V-001262","50300","CORRUGATED PIPE"
"140081","2239653","25491","07257-26-01","07257-26-01-job","58-4000","","3/5/2026","3/5/2026","1629.89","V-001702","50300","FUEL TANK-RIG 251 JOB 7257"
"140085","6269","25493","07240-26-01","07240-26-01-job","58-4000","","3/5/2026","3/5/2026","2826.47","V-001262","50300","SWITCHGRASS FILTER SOCK"
"140089","2240048","25495","07257-26-01","07257-26-01-job","58-4000","","3/5/2026","3/5/2026","810.36","V-001702","50300","FUEL TANK-RIG 251 JOB 7257"
"140099","I7985","25499","07208-26-01","07208-26-01-job","58-4000","","3/5/2026","3/5/2026","291.5","V-001439","50300","PORTA JOHN RENTAL"
"140109","2241012","25503","07187-26-01","07187-26-01-job","58-4000","","3/6/2026","3/6/2026","2059.07","V-001702","50300","FUEL TANK-RIG 102 JOB 7187"
"140113","2241013","25505","07214-26-01","07214-26-01-job","58-4000","","3/6/2026","3/6/2026","4844.96","V-001702","50300","FUEL TANK RIG 247 JOB 7214"
"140117","256005276004","25507","07271-26-01","07271-26-01-job","58-4000","","3/6/2026","3/6/2026","1537.5","V-001877","53000","GENERATOR RENTAL RIG 103"
"140207","S3584890001","25535","07257-26-01","07257-26-01-job","58-4000","","3/6/2026","3/6/2026","17.40","V-000099","21050",""
"140213","CDE030626A","25537","07252-26-01","07252-26-01-job","58-4000","","3/6/2026","3/6/2026","2437.5","V-001331","50300","HAULED DRILL MUD"
"140217","80573500","25539","07257-26-01","07257-26-01-job","48-0100","","3/6/2026","3/6/2026","487.2","V-000399","50300","LODGING-BRAIDEN BARCUS"
"140221","2249124","25541","07187-26-01","07187-26-01-job","46-0600","","3/6/2026","3/6/2026","834.5","V-001702","50300","TANK MAINTENCE / SERVICE"
"140225","6441","25543","07270-26-01","07270-26-01-job","58-4000","","3/6/2026","3/6/2026","3906","V-000799","50300","HAULED WATER"
"140241","000011187","25549","07219-26-01","07219-26-01-job","47-3000","","3/7/2026","3/7/2026","2292.28","V-000722","50100","RIG 242 LABOR WE 03/01-03/07/26"
"140245","000011188","25551","07227-26-01","07227-26-01-job","48-3000","","3/7/2026","3/7/2026","3354.46","V-000722","50100","RIG 243 LABOR WE 03/01-03/07/26"
"140249","000011189","25553","07214-26-01","07214-26-01-job","47-3000","","3/7/2026","3/7/2026","5081.36","V-000722","50100","RIG 247 LABOR WE 03/01-03/07/26"
"140253","000011190","25555","07221-26-01","07221-26-01-job","48-3000","","3/7/2026","3/7/2026","6910.68","V-000722","50100","RIG 248 LABOR WE 03/01-03/07/26"
"140257","000011191","25557","07261-26-01","07261-26-01-job","48-3000","","3/7/2026","3/7/2026","2854.44","V-000722","50100","RIG 249 LABOR WE 03/01-03/07/26"
"140261","000011192","25559","07272-26-01","07272-26-01-job","49-3000","","3/7/2026","3/7/2026","2229.46","V-000722","50100","RIG 250 LABOR WE 03/01-03/07/26"
"140265","000011193","25561","07257-26-01","07257-26-01-job","48-3000","","3/7/2026","3/7/2026","9999.48","V-000722","50100","RIG 251 LABOR WE 03/01-03/07/26"
"140349","1860A","25577","07199-26-01","07199-26-01-job","58-5000","","2/21/2026","2/21/2026","1724.45","V-001069","50300","OTC/FROSTY ANNUAL RYE"
"140353","1864A","25579","07199-26-01","07199-26-01-job","58-5000","","2/24/2026","2/24/2026","933","V-001069","50300","OTC/FROSTY ANNUAL RYE"
"140357","000011176","25581","07255-26-01","07255-26-01-job","49-3000","","3/7/2026","3/7/2026","2246.3","V-000722","50100","RIG LABOR WE 03/01-03/07/26"
"140361","000011177","25583","07271-26-01","07271-26-01-job","49-3000","","3/7/2026","3/7/2026","4530.72","V-000722","50100","RIG 103 LABOR 03/01-03/07/26"
"140365","000011178","25585","07230-26-01","07230-26-01-job","47-3000","","3/7/2026","3/7/2026","6834.4","V-000722","50100","RIG 212 LABOR 03/01-03/07/26"
"140369","000011197","25587","07201-26-01","07201-26-01-job","47-3000","","3/7/2026","3/7/2026","1661.02","V-000722","50100","RIG 213 LABOR 03/01-03/07/26"
"140373","000011179","25589","07240-26-01","07240-26-01-job","47-3000","","3/7/2026","3/7/2026","5385.12","V-000722","50100","RIG 214 LABOR 03/01-03/07/26"
"140379","000011180","25591","07266-26-01","07266-26-01-job","47-3000","","3/7/2026","3/7/2026","1620.36","V-000722","50100","RIG 215 LABOR WE 03/01-03/07/26"
"140385","000011184","25593","07252-26-01","07252-26-01-job","47-3000","","3/7/2026","3/7/2026","8918.3","V-000722","50100","RIG 221 LABOR WE 03/01-03/07/26"
"140389","000011183","25595","07235-26-01","07235-26-01-job","47-3000","","3/7/2026","3/7/2026","6619.74","V-000722","50100","RIG 220 LABOR WE 03/01-03/07/26"
"140393","000011185","25597","07147-26-01","07147-26-01-job","47-3000","","3/7/2026","3/7/2026","11142","V-000722","50100","RIG 237 LABOR WE 03/01-03/07/26"
"140397","000011186","25599","07267-26-01","07267-26-01-job","47-3000","","3/7/2026","3/7/2026","6944.12","V-000722","50100","RIG 238 LABOR WE 03/01-03/07/26"
"140405","71555","25603","07235-26-01","07235-26-01-job","58-4000","","3/9/2026","3/9/2026","945","V-000904","50300","DELIVERED ROLLER"
"140513","2243506","25633","07257-26-01","07257-26-01-job","58-4000","","3/9/2026","3/9/2026","1703.14","V-001702","50300","FUEL TANK-RIG 251 JOB 7257"
"140517","66835","25635","07147-26-01","07147-26-01-job","58-4000","","3/9/2026","3/9/2026","4109.17","V-002269","50300","FUEL TANK-RIG 237 JOB 7147"
"140521","27120","25637","07207-26-01","07207-26-01-job","58-4000","","3/9/2026","3/9/2026","3700","V-000207","50300","SCREW ON ROTATING RUBBER"
"140525","27119","25639","07201-26-01","07201-26-01-job","47-4111","","3/9/2026","3/9/2026","3100","V-000207","50300","RR TOOTH BIT SN10618060"
"140529","71596","25641","07240-26-01","07240-26-01-job","58-4000","","3/10/2026","3/10/2026","405","V-000904","50300","DELIVERED DOGHOUSE"
"140533","2245672","25643","07201-26-01","07201-26-01-job","47-4111","","3/10/2026","3/10/2026","5137.61","V-001702","50300","FUEL TANK-RIG 213 JOB 7201"
"140539","2245675","25645","07233-26-01","07233-26-01-job","51-0820","","3/10/2026","3/10/2026","819.2","V-001702","50300","FUEL TANK-RUFF CREEK"
"140551","2246897","25647","07233-26-01","07233-26-01-job","51-0820","","3/10/2026","3/10/2026","584.21","V-001702","50300","FUEL TANK-HUNDRED OFF ROAD"
"140567","2247083","25649","07280-26-01","07280-26-01-job","51-0820","","3/11/2026","3/11/2026","510.16","V-001702","50300","FUEL TANK-ELM GROVE"
"140609","2245652","25657","07273-26-01","07273-26-01-job","53-0820","","3/11/2026","3/11/2026","308.11","V-001702","50300","FUEL TANK-HUNDRED ON ROAD"
"140621","000000011453","25659","07219-26-01","07219-26-01-job","47-3000","","3/14/2026","3/14/2026","2292.28","V-000722","50100","RIG 242 LABOR WE 03/08-03/14/26"
"140625","000000011452","25661","07267-26-01","07267-26-01-job","47-3000","","3/14/2026","3/14/2026","4051.68","V-000722","50100","RIG 238 LABOR WE 03/08-03/14/26"
"140829","74239","25717","07234-26-01","07234-26-01-job","58-4000","","2/17/2026","2/17/2026","2371.25","V-000654","50300","DISPOSAL RIG 243"
"140833","74240","25719","07230-26-01","07230-26-01-job","58-4000","","2/19/2026","2/19/2026","2136.25","V-000654","50300","DISPOSAL"
"140837","1423114","25721","07212-26-01","07212-26-01-job","58-4000","","2/19/2026","2/19/2026","27982.62","V-000969","50300","FISHING TOOLS"
"140841","1423115","25723","07201-26-01","07201-26-01-job","58-4000","","2/19/2026","2/19/2026","10672.2","V-000969","50300","FISHING TOOLS"
"140851","1423320","25728","07236-26-01","07236-26-01-job","58-4000","","2/20/2026","2/20/2026","1189.1","V-000969","50300","FISHING TOOLS"
"140855","74241","25730","07276-26-01","07276-26-01-job","58-4000","","2/20/2026","2/20/2026","2511.25","V-000654","50300","DISPOSAL"
"140859","0753637201","25732","07213-26-01","07213-26-01-job","58-4009","","2/20/2026","2/20/2026","7000","V-000978","53000","SUPER VAC RENTAL"
"140863","0753637101","25734","07212-26-01","07212-26-01-job","58-4009","","2/20/2026","2/20/2026","7000","V-000978","53000","SUPER VAC RENTAL"
"140875","74242","25738","07277-26-01","07277-26-01-job","58-4000","","2/24/2026","2/24/2026","2380","V-000654","50300","DISPOSAL"
"140881","74243","25741","07277-26-01","07277-26-01-job","58-4000","","2/25/2026","2/25/2026","2271.25","V-000654","50300","DISPOSAL"
"140885","74244","25743","07240-26-01","07240-26-01-job","58-4000","","2/25/2026","2/25/2026","2516.25","V-000654","50300","DISPOSAL"
"140889","74245","25745","07277-26-01","07277-26-01-job","58-4000","","2/26/2026","2/26/2026","1988.75","V-000654","50300","DISPOSAL"
"140917","20260057","25753","07230-26-01","07230-26-01-job","58-4009","","2/28/2026","2/28/2026","6424","V-000566","50300","COMPOSITE MAT RENTAL"
"140921","0753637801","25755","07227-26-01","07227-26-01-job","58-4000","","2/28/2026","2/28/2026","2350","V-000978","53000","SUPER VAC RENTAL"
"142041","10028413121","25775","07240-26-01","07240-26-01-job","47-0100","","3/6/2026","3/6/2026","471.75","V-001115","50300","LODGING-J.HELDRETH"
"142045","6263","25777","07240-26-01","07240-26-01-job","58-4000","","3/6/2026","3/6/2026","11339.5","V-001262","50300","CUT & DRY 100"
"142049","6264","25779","07152-26-01","07152-26-01-job","58-1000","","3/6/2026","3/6/2026","6577.5","V-001262","50300","CUT & DRY 100"
"142061","6265","25782","07187-26-01","07187-26-01-job","58-4000","","3/6/2026","3/6/2026","1721.76","V-001262","50300","CITRIC ACID/BICARBONATE OF SODA"
"142065","6270","25784","07201-26-01","07201-26-01-job","58-4000","","3/6/2026","3/6/2026","1937.84","V-001262","50300","SWITCHGRASS FILTER SOCK"
"142069","6279","25786","07235-26-01","07235-26-01-job","58-4000","","3/8/2026","3/8/2026","7143","V-001262","50300","CUT& DRY"
"142073","9208","25788","07221-26-01","07221-26-01-job","48-0100","","3/8/2026","3/8/2026","77.97","V-001675","50300","LODGING-L.BYRANT"
"142077","6280","25790","07257-26-01","07257-26-01-job","58-4000","","3/9/2026","3/9/2026","1098","V-001262","50300","HYDROGEL"
"142303","1423444","25816","07147-26-01","07147-26-01-job","58-4000","","2/23/2026","2/23/2026","50202.27","V-000969","50300","FISHING TOOLS"
"142315","9244","25822","07261-26-01","07261-26-01-job","48-0100","","3/9/2026","3/9/2026","311.88","V-001675","50300","LODGING-G.MARKS"
"142319","9255","25824","07257-26-01","07257-26-01-job","48-0100","","3/9/2026","3/9/2026","311.88","V-001675","50300","LODGING-L.BRYANT"
"142491","INV033656","25856","07280-26-01","07280-26-01-job","58-4000","","3/9/2026","3/9/2026","63","V-001697","50300","TIMBER MAT RENTAL"
"142513","INV34045168","25862","07235-26-01","07235-26-01-job","58-4000","","3/9/2026","3/9/2026","11246.22","V-000136","50300","STONE"
"142519","10874","25864","07152-26-01","07152-26-01-job","58-1000","","3/9/2026","3/9/2026","575","V-001237","50300","HAULED STONE"
"142683","34781","25918","07250-26-01","07250-26-01-job","58-4000","","3/11/2026","3/11/2026","33322","V-000157","50300","BOP RENTAL"
"142687","34782","25920","07245-26-01","07245-26-01-job","54-0360","","3/11/2026","3/11/2026","517","V-000157","50300","RING JOINT GASKET"
"155562","8999614","27922","07147-26-01","07147-26-01-job","01-0400","","1/31/2026","1/31/2026","29.09","V-000656","50300","F4S FUEL TO CWS"
"156388","CDE103025A","28108","07178-26-01","07178-26-01-job","58-4000","","10/30/2025","10/30/2025","5812.5","V-001331","50300","HAULING DRILL MUD"
"156396","79644221","28112","07203-26-01","07203-26-01-job","47-0100","","12/5/2025","12/5/2025","444","V-001435","50300","LODGING-L.ANDERSON"
"156402","5212930606","28114","07071-26-01","07071-26-01-job","51-0100","","12/31/2025","12/31/2025","3678.84","V-001250","50300","D.MCCOWIEN LODING"
"156548","INV169731","28122","07197-26-01","07197-26-01-job","47-0250","","1/16/2026","1/16/2026","1187.95","V-000691","21050",""
"156560","5340","28124","07256-26-01","07256-26-01-job","58-1000","","1/21/2026","1/21/2026","2142.5","V-000823","50300","658 CEM 2082 SD 693 #8"
"156772","80137143","28170","07147-26-01","07147-26-01-job","47-0100","","1/24/2026","1/24/2026","188.7","V-001435","50300","LODGING-T.BORKOWSKI"
"156836","80187695","28184","07221-26-01","07221-26-01-job","48-0100","","1/30/2026","1/30/2026","188.7","V-001435","50300","LODGING-B.BARCLEY"
"156840","80187709","28186","07233-26-01","07233-26-01-job","47-0100","","1/30/2026","1/30/2026","187.04","V-001435","50300","LODGING-P.ROWE"
"156844","80187710","28188","07233-26-01","07233-26-01-job","47-0100","","1/30/2026","1/30/2026","188.7","V-001435","50300","LODGING-L.ANDERSON"
"156848","80187809","28190","07147-26-01","07147-26-01-job","47-0100","","1/30/2026","1/30/2026","187.04","V-001435","50300","LODGING-T.BORKOWSKI"
"156872","2213317","28198","07201-26-01","07201-26-01-job","47-4111","","2/18/2026","2/18/2026","1045.64","V-001702","50300","FUEL TANK-RIG 213 JOB 7201"
"156876","2217703","28200","07187-26-01","07187-26-01-job","58-4000","","2/20/2026","2/20/2026","1524.5","V-001702","50300","FUEL TANK-RIG 102 JOB 7187"
"156892","517906","28204","07221-26-01","07221-26-01-job","48-0810","","2/20/2026","2/20/2026","44.45","V-001135","50300","SCREW EYE/TP HINGE"
"156910","199","28206","07212-26-01","07212-26-01-job","47-3000","","2/24/2026","2/24/2026","4930","V-000580","50100","RIG LABR WE 02/22/26"
"156932","7681561","28210","07290-26-01","07290-26-01-job","58-4000","","2/27/2026","2/27/2026","1080","V-001012","50300","PURCHASED 24 FEET OF PIPE"
"156936","5134","28212","07155-26-01","07155-26-01-job","46-0100","","2/28/2026","2/28/2026","205","V-002066","50300","PORTA JOHN RENTAL"
"156988","80258085","28224","07221-26-01","07221-26-01-job","48-0100","","2/6/2026","2/6/2026","377.4","V-001435","50300","LODGING-B.BARCLEY"
"156992","80258189","28226","07201-26-01","07201-26-01-job","47-0100","","2/6/2026","2/6/2026","377.4","V-001435","50300","LODGING-K.KING"
"156996","80258190","28228","07212-26-01","07212-26-01-job","47-0100","","2/6/2026","2/6/2026","377.4","V-001435","50300","LODGING-E.CLARK"
"157000","80258191","28230","07212-26-01","07212-26-01-job","47-0100","","2/6/2026","2/6/2026","471.75","V-001435","50300","LODGING-D.HALL"
"157004","80258204","28232","07212-26-01","07212-26-01-job","47-0100","","2/6/2026","2/6/2026","471.75","V-001435","50300","LODGING-T.CORNELL"
"157008","80258205","28234","07233-26-01","07233-26-01-job","47-0100","","2/6/2026","2/6/2026","377.4","V-001435","50300","LODGING-P.ROWE"
"157012","80258206","28236","07201-26-01","07201-26-01-job","47-0100","","2/6/2026","2/6/2026","377.4","V-001435","50300","LODGING-I.WILLIAMS"
"157016","80258252","28238","07201-26-01","07201-26-01-job","47-0100","","2/6/2026","2/6/2026","377.4","V-001435","50300","LODGING-B.DONATE"
"157020","80258009","28240","07147-26-01","07147-26-01-job","47-0100","","2/6/2026","2/6/2026","847.49","V-001435","50300","LODGING-W.METZGER"
"157024","80258299","28242","07234-26-01","07234-26-01-job","48-0100","","2/6/2026","2/6/2026","471.75","V-001435","50300","LODGING-D.OGDEN"
"157028","80258075","28244","07147-26-01","07147-26-01-job","47-0100","","2/6/2026","2/6/2026","660.45","V-001435","50300","LODGING-T.BORKOWSKI"
"157032","80270292","28246","07233-26-01","07233-26-01-job","47-0100","","2/7/2026","2/7/2026","471.75","V-001435","50300","LODGING-.ANDERSON"
"157036","80270293","28248","07212-26-01","07212-26-01-job","47-0100","","2/7/2026","2/7/2026","98.79","V-001435","50300","LODGING-T.CORNELL"
"157040","80270295","28250","07212-26-01","07212-26-01-job","47-0100","","2/7/2026","2/7/2026","94.35","V-001435","50300","LODGING-E.CLARK"
"157076","80318504","28260","07226-26-01","07226-26-01-job","47-0100","","2/12/2026","2/12/2026","283.05","V-001435","50300","LODGING-S.NESTOR"
"157080","80330125","28262","07212-26-01","07212-26-01-job","47-0100","","2/13/2026","2/13/2026","355.2","V-001435","50300","LODGING-L.CLARKSON"
"157084","80330126","28264","07201-26-01","07201-26-01-job","47-0100","","2/13/2026","2/13/2026","377.4","V-001435","50300","LODGING-K.KING"
"157088","80330177","28266","07212-26-01","07212-26-01-job","47-0100","","2/13/2026","2/13/2026","471.75","V-001435","50300","LODGING-D.HALL"
"157092","80330184","28268","07212-26-01","07212-26-01-job","47-0100","","2/13/2026","2/13/2026","471.75","V-001435","50300","LODGING-T.CORNELL"
"157096","80330193","28270","07235-26-01","07235-26-01-job","47-0100","","2/13/2026","2/13/2026","377.4","V-001435","50300","LODGING-P.ROWE"
"157100","80330194","28272","07221-26-01","07221-26-01-job","48-0100","","2/13/2026","2/13/2026","283.05","V-001435","50300","LODGING-B.BARCLEY"
"157104","80330195","28274","07201-26-01","07201-26-01-job","47-0100","","2/13/2026","2/13/2026","377.4","V-001435","50300","LODGING-I.WILLIAMS"
"157108","80330224","28276","07230-26-01","07230-26-01-job","47-0100","","2/13/2026","2/13/2026","377.4","V-001435","50300","LODGING-B.DONATE"
"157112","80330227","28278","07230-26-01","07230-26-01-job","47-0100","","2/13/2026","2/13/2026","377.4","V-001435","50300","LODGING-M.SMITH"
"157120","80330308","28280","07234-26-01","07234-26-01-job","48-0100","","2/13/2026","2/13/2026","471.75","V-001435","50300","LODGING-D.OGDEN"
"157128","80330310","28282","07235-26-01","07235-26-01-job","47-0100","","2/13/2026","2/13/2026","188.7","V-001435","50300","LODGING-R.WALKER"
"157132","80342901","28284","07240-26-01","07240-26-01-job","47-0100","","2/14/2026","2/14/2026","471.75","V-001435","50300","LODGING-R.HEDRICK"
"157136","80406003","28286","07230-26-01","07230-26-01-job","47-0100","","2/20/2026","2/20/2026","377.4","V-001435","50300","LODGING-M.SMITH"
"157140","80406075","28288","07221-26-01","07221-26-01-job","48-0100","","2/20/2026","2/20/2026","377.4","V-001435","50300","LODGING-B.BARCLEY"
"157148","518413","28290","07152-26-01","07152-26-01-job","58-1000","","2/23/2026","2/23/2026","353.97","V-001135","50300","SILTSAVER BELT FENCE"
"157168","518539","28296","07219-26-01","07219-26-01-job","58-4000","","2/24/2026","2/24/2026","74.76","V-001135","50300","PROPANE TANK FILL"
"157278","80330266","28311","07212-26-01","07212-26-01-job","47-0100","","2/13/2026","2/13/2026","355.2","V-001435","50300","LODGING-E.CLARK"
"157288","518055","28314","07264-26-01","07264-26-01-job","58-1000","","2/20/2026","2/20/2026","2266.73","V-001135","50300","CEMENT"
"157394","PIT53536810009","28348","07226-26-01","07226-26-01-job","58-4000","","2/28/2026","2/28/2026","4104.53","V-000603","53000","TELEHANDER RENTAL"
"157408","1011351","28352","07211-26-01","07211-26-01-job","58-5000","","3/3/2026","3/3/2026","230","V-000750","50300","HAULED MULCH TRAILER"
"157412","9146C","28354","07240-26-01","07240-26-01-job","47-0100","","3/3/2026","3/3/2026","77.97","V-001675","50300","CORRECTING INVOICE FOR SHORT PAY"
"157416","6257","28356","07230-26-01","07230-26-01-job","58-4000","","3/4/2026","3/4/2026","1895.82","V-001262","50300","HYDROGELPLUS/CITRIC ACID"
"157452","6317","28364","07280-26-01","07280-26-01-job","58-2000","","3/9/2026","3/9/2026","431.25","V-001262","50300","HAULED SUPER SUCKER VAC"
"157456","6309","28366","07240-26-01","07240-26-01-job","58-4000","","3/9/2026","3/9/2026","1099.49","V-001262","50300","EROSION BLANKET"
"157460","6310","28368","07270-26-01","07270-26-01-job","58-1000","","3/9/2026","3/9/2026","1312","V-001262","50300","SWITCHGRASS FILTER SOCK"
"157464","6311","28370","07235-26-01","07235-26-01-job","58-4000","","3/9/2026","3/9/2026","2402.31","V-001262","50300","EROSION BLANKET"
"157468","9284","28372","07235-26-01","07235-26-01-job","51-0100","","3/9/2026","3/9/2026","545.79","V-001675","50300","LODGING-D.CHEE"
"157578","6281","28407","07201-26-01","07201-26-01-job","58-4000","","3/9/2026","3/9/2026","1098","V-001262","50300","HYDOGEL GEL PLUS"
"157582","6282","28409","07230-26-01","07230-26-01-job","58-4000","","3/9/2026","3/9/2026","1035.5","V-001262","50300","HYDOGEL GEL PLUS"
"157586","6283","28411","07219-26-01","07219-26-01-job","58-4000","","3/9/2026","3/9/2026","1223","V-001262","50300","HYDOGEL GEL PLUS"
"157602","6288","28419","07261-26-01","07261-26-01-job","58-4000","","3/10/2026","3/10/2026","1821","V-001262","50300","HYDROGELPLUS"
"157606","6289","28421","07201-26-01","07201-26-01-job","58-4000","","3/10/2026","3/10/2026","3413.75","V-001262","50300","CUT & DRY 100"
"157610","6290","28423","07195-26-01","07195-26-01-job","58-5000","","3/10/2026","3/10/2026","5262","V-001262","50300","CUT & DRY 100"
"157614","6312","28425","07235-26-01","07235-26-01-job","58-4000","","3/10/2026","3/10/2026","1214.43","V-001262","50300","EROSION BLANKET"
"157622","182398","28427","07214-26-01","07214-26-01-job","58-4000","","3/10/2026","3/10/2026","568.91","V-001266","50300","3/8 CLEVIS SAFETY HOOK GUNNEBO"
"157658","536077","28435","07201-26-01","07201-26-01-job","58-4000","","3/10/2026","3/10/2026","1035.7","V-001214","50300","3 MAN CREW/TRUCK LABOR"
"157666","1425093","28439","07236-26-01","07236-26-01-job","58-4000","","3/10/2026","3/10/2026","367.2","V-000969","50300","FISHING TOOLS"
"157674","520907","28441","07252-26-01","07252-26-01-job","58-4000","","3/10/2026","3/10/2026","29.94","V-001135","50300","CONCRETE"
"157684","71595","28443","07280-26-01","07280-26-01-job","51-0600","","3/10/2026","3/10/2026","1025","V-000904","50300","DELIVERED ROCK TRUCK & PREMIT"
"157690","6314","28445","07289-26-01","07289-26-01-job","58-1000","","3/11/2026","3/11/2026","6154.19","V-001262","50300","SWITCHGRASS FILTER SOCK"
"157702","329","28449","07272-26-01","07272-26-01-job","58-4000","","3/11/2026","3/11/2026","7741.28","V-000391","50300","COP TRACT 29 #11"
"158568","73937","28568","07234-26-01","07234-26-01-job","58-4000","","1/15/2026","1/15/2026","2410","V-000654","50300","WASTE DISPOSAL"
"158596","1011373","28574","07273-26-01","07273-26-01-job","53-4020","","3/4/2026","3/4/2026","450","V-000750","50100","HOT SHOT CHARGE"
"158604","6326","28578","07270-26-01","07270-26-01-job","58-4000","","3/9/2026","3/9/2026","431.25","V-001262","50300","HAULED JD MINI"
"158608","6329","28580","07214-26-01","07214-26-01-job","58-4000","","3/9/2026","3/9/2026","431.25","V-001262","50300","HAULED SKIDSTEER"
"159200","2247153","28675","07187-26-01","07187-26-01-job","58-4000","","3/11/2026","3/11/2026","1534.09","V-001702","50300","FUEL TANK-RIG 102 JOB 7187"
"159204","6313","28677","07236-26-01","07236-26-01-job","58-5000","","3/11/2026","3/11/2026","354.62","V-001262","50300","HAULED CUT & DRY"
"159210","INV34045339","28679","07213-26-01","07213-26-01-job","58-5000","","3/11/2026","3/11/2026","751.66","V-000136","50300","STONE"
"159218","INV34045387","28681","07270-26-01","07270-26-01-job","58-1000","","3/11/2026","3/11/2026","3086.99","V-000136","50300","STONE"
"159228","6323","28685","07289-26-01","07289-26-01-job","58-1000","","3/11/2026","3/11/2026","431.25","V-001262","50300","HAULED CONDUCTOR"
"159232","0114737IN","28687","07230-26-01","07230-26-01-job","58-4000","","3/11/2026","3/11/2026","2578","V-000322","50300","DAILY RATE/TOOL HUNG IN HOLE"
"159236","3010946","28689","07223-26-01","07223-26-01-job","58-4000","","3/11/2026","3/11/2026","18560","V-000945","50300","HAULED CLEAN MATS"
"159240","6327","28691","07236-26-01","07236-26-01-job","58-5000","","3/11/2026","3/11/2026","503.13","V-001262","50300","HAULED RIG MATS"
"159246","031226","28693","07289-26-01","07289-26-01-job","58-1000","","3/12/2026","3/12/2026","831.04","V-001356","50300","STAPLES/WIRE TIES"
"159252","7104","28695","07280-26-01","07280-26-01-job","58-4000","","3/12/2026","3/12/2026","4500","V-000903","50300","GYROSCOPIC SURVEY"
"159256","7105","28697","07269-26-01","07269-26-01-job","58-4000","","3/12/2026","3/12/2026","4500","V-000903","50300","GYROSCOPIC SURVEY"
"159260","2249903","28699","07286-26-01","07286-26-01-job","51-0820","","3/12/2026","3/12/2026","2183.75","V-001702","50300","FUEL TANK-FLAD FORK CAMP RUN"
"159560","182591","28771","07267-26-01","07267-26-01-job","47-0810","","3/13/2026","3/13/2026","19.70","V-001266","50300","230PCS ROLL PIN KIT"
"159616","2250350","28785","07221-26-01","07221-26-01-job","48-4111","","3/13/2026","3/13/2026","925.32","V-001702","50300","FUEL TANK-RIG 248 JOB 7221"
"159620","2250289","28787","07227-26-01","07227-26-01-job","58-4000","","3/13/2026","3/13/2026","1671.87","V-001702","50300","FUEL TANK-RIG 243 JOB 7227"
"159628","9282","28791","07239-26-01","07239-26-01-job","51-0100","","3/13/2026","3/13/2026","427.26","V-001675","50300","LODGING-D.MCCOWIEN"
"159632","000000011451","28793","07147-26-01","07147-26-01-job","47-3000","","3/14/2026","3/14/2026","11383.41","V-000722","50100","RIG 238 LABOR WE 03/08-03/14/26"
"159656","000000011450","28799","07196-26-01","07196-26-01-job","47-3000","","3/14/2026","3/14/2026","7956.14","V-000722","50100","RIG 221 LABOR WE 03/08-03/14/26"
"159660","000000011449","28801","07235-26-01","07235-26-01-job","47-3000","","3/14/2026","3/14/2026","5734.23","V-000722","50100","RIG 220 LABOR WE 03/08-03/14/26"
"159664","000000011448","28803","07266-26-01","07266-26-01-job","47-3000","","3/14/2026","3/14/2026","2269.25","V-000722","50100","RIG 220 LABOR WE 03/08-03/14/26"
"159668","000000011447","28805","07240-26-01","07240-26-01-job","47-3000","","3/14/2026","3/14/2026","7281.32","V-000722","50100","RIG 214 LABOR WE 03/08-03/14/26"
"159672","000000011446","28807","07201-26-01","07201-26-01-job","47-3000","","3/14/2026","3/14/2026","2283.23","V-000722","50100","RIG 213 LABOR WE 03/08-03/14/26"
"159676","000000011445","28809","07230-26-01","07230-26-01-job","47-3000","","3/14/2026","3/14/2026","6026.92","V-000722","50100","RIG 213 LABOR WE 03/08-03/14/26"
"159680","000000011444","28811","07271-26-01","07271-26-01-job","49-3000","","3/14/2026","3/14/2026","7648.86","V-000722","50100","RIG 212 LABOR WE 03/08-03/14/26"
"159684","20260069","28813","07202-26-01","07202-26-01-job","58-4009","","3/15/2026","3/15/2026","2820","V-000566","50300","COMPOSITE MAT RENTAL"
"159688","20260070","28815","07236-26-01","07236-26-01-job","58-4009","","3/15/2026","3/15/2026","6960","V-000566","50300","COMPOSITE MAT RENTAL"
"159692","20260071","28817","07230-26-01","07230-26-01-job","58-4009","","3/15/2026","3/15/2026","2190","V-000566","50300","COMPOSITE MAT RENTAL"
"159696","20260072","28819","07239-26-01","07239-26-01-job","58-4000","","3/15/2026","3/15/2026","14500","V-000566","50300","COMPOSITE MAT RENTAL"
"159700","67487","28821","07196-26-01","07196-26-01-job","58-4000","","3/16/2026","3/16/2026","5015.67","V-000246","50300","FUEL TANK-RIG 221 JOB WELL MD-43"
"159716","67431","28825","07280-26-01","07280-26-01-job","47-4111","","3/16/2026","3/16/2026","6911.42","V-000246","50300","FUEL TANK-RIG 713 JOB 7280"
"159722","36349538001","28827","07273-26-01","07273-26-01-job","58-4000","","3/16/2026","3/16/2026","3996.66","V-000797","53000","55KW GENERATOR"
"159728","9312","28829","07236-26-01","07236-26-01-job","51-0100","","3/16/2026","3/16/2026","311.88","V-001675","50300","LODGING-B.BLACK"
"159732","9326","28831","07289-26-01","07289-26-01-job","51-0100","","3/16/2026","3/16/2026","545.79","V-001675","50300","LODGING-D.CHEE"
"159746","9209","28833","07280-26-01","07280-26-01-job","51-0100","","3/16/2026","3/16/2026","90.96","V-001675","50300","LODGING B S BLACK"
"159948","182700","28877","07196-26-01","07196-26-01-job","47-0810","","3/16/2026","3/16/2026","160.28","V-001266","50300","DRILL BIT SET 29PC"
"159984","9174","28887","07285-26-01","07285-26-01-job","51-0100","","3/16/2026","3/16/2026","77.97","V-001675","50300","LODGING-D.MCCOWIEN"
"159988","9185","28889","07285-26-01","07285-26-01-job","51-0100","","3/16/2026","3/16/2026","311.88","V-001675","50300","LODGING-D.MCCOWIEN"
"159992","9211","28891","07235-26-01","07235-26-01-job","51-0100","","3/16/2026","3/16/2026","545.79","V-001675","50300","LODGING-D.CHEE"
"159996","9230","28893","07214-26-01","07214-26-01-job","47-0100","","3/16/2026","3/16/2026","233.91","V-001675","50300","LODGING-S.NESTOR"
"160000","9256","28895","07239-26-01","07239-26-01-job","51-0100","","3/16/2026","3/16/2026","311.88","V-001675","50300","LODGING-D.MCCOWIEN"
"160004","2255623","28897","07261-26-01","07261-26-01-job","58-4000","","3/17/2026","3/17/2026","1920.54","V-001702","50300","FUEL TANK RIG 249 JOB 7261"
"160008","67752","28899","07230-26-01","07230-26-01-job","47-4111","","3/18/2026","3/18/2026","5349.81","V-000246","50300","FUEL TANK RIG 212 JOB 7230"
"160012","2257307","28901","07258-26-01","07258-26-01-job","58-4000","","3/18/2026","3/18/2026","2965.69","V-001702","50300","FUEL TANK-RIG 247 JOB 7258"
"160024","2257294","28905","07227-26-01","07227-26-01-job","58-4000","","3/19/2026","3/19/2026","1711.83","V-001702","50300","FUEL TANK-RIG 243 JOB 7227"
"160028","2258962","28907","07239-26-01","07239-26-01-job","58-4000","","3/19/2026","3/19/2026","10981.29","V-001702","50300","FUEL TANK POLAR VORTEX"
"160146","10028446681","28926","07214-26-01","07214-26-01-job","47-0100","","3/12/2026","3/12/2026","377.4","V-001115","50300","LODGING-E.HALL"
"160150","10028442678","28928","07267-26-01","07267-26-01-job","47-0100","","3/12/2026","3/12/2026","283.05","V-001115","50300","LODGING-K.MORGAN"
"160154","10028442305","28930","07240-26-01","07240-26-01-job","47-0100","","3/12/2026","3/12/2026","377.4","V-001115","50300","LODGING-C.HILSON"
"160158","10028447502","28932","07267-26-01","07267-26-01-job","47-0100","","3/13/2026","3/13/2026","471.75","V-001115","50300","LODGING-J.PECK"
"160162","246156536013","28934","07266-26-01","07266-26-01-job","58-4000","","3/17/2026","3/17/2026","1095","V-001877","53000","UTV 4WD 4 SEAT CAB"
"160166","2257357","28936","07267-26-01","07267-26-01-job","58-4000","","3/18/2026","3/18/2026","5456.68","V-001702","50300","FUEL TANK- RIG 238 JOB 7267"
"160174","404259","28940","07298-26-01","07298-26-01-job","51-0810","","3/19/2026","3/19/2026","2307.12","V-000666","50300","CHAIN SAW/CHAIN LOOP"
"160178","2258912","28942","07221-26-01","07221-26-01-job","48-4111","","3/19/2026","3/19/2026","1268.87","V-001702","50300","FUEL TANK-RIG 248 JOB 7221"
"160190","9319","28946","07236-26-01","07236-26-01-job","51-0100","","3/20/2026","3/20/2026","155.94","V-001675","50300","LODGING-B.BLACK"
"160194","259576374001","28948","07296-26-01","07296-26-01-job","58-1000","","3/21/2026","3/21/2026","4052","V-001877","53000","ROLLER RENTAL"
"160198","9322","28950","07239-26-01","07239-26-01-job","51-0100","","3/22/2026","3/22/2026","77.97","V-001675","50300","LODGING-B.BLACK"
"160202","9327","28952","07260-26-01","07260-26-01-job","51-0100","","3/22/2026","3/22/2026","77.97","V-001675","50300","LODGING-D.MCCOWIEN"
"160246","521075","28962","07152-26-01","07152-26-01-job","58-4000","","3/11/2026","3/11/2026","2211.38","V-001135","50300","GRAY CEMENT/PVC CEMENT"
"160254","6291","28964","07236-26-01","07236-26-01-job","58-5000","","3/11/2026","3/11/2026","1628","V-001262","50300","CUT & DRY 100"
"160258","6292","28966","07196-26-01","07196-26-01-job","58-4000","","3/11/2026","3/11/2026","1612.1","V-001262","50300","HYDRO GEL PLUS/CITRIC ACID"
"160262","6293","28968","07196-26-01","07196-26-01-job","51-0250","","3/11/2026","3/11/2026","230.4","V-001262","50300","DRINKING WATER"
"160266","6294","28970","07266-26-01","07266-26-01-job","58-4000","","3/11/2026","3/11/2026","1124.25","V-001262","50300","HYDROGEL PLUS/MUD EXTENDER"
"160270","6295","28972","07233-26-01","07233-26-01-job","58-4000","","3/11/2026","3/11/2026","3288.75","V-001262","50300","CUT & DRY 100"
"160274","296","28974","07227-26-01","07227-26-01-job","58-4000","","3/11/2026","3/11/2026","451.15","V-001262","50300","QUICK CREATE"
"160278","6334","28976","07280-26-01","07280-26-01-job","58-1000","","3/12/2026","3/12/2026","431.25","V-001262","50300","HAULED JD MINI 60"
"160282","536118","28978","07290-26-01","07290-26-01-job","58-4000","","3/12/2026","3/12/2026","659.6","V-001214","50300","3 MAN CREW/TRUCK LABOR"
"160286","6328","28980","07212-26-01","07212-26-01-job","58-5000","","3/12/2026","3/12/2026","287.5","V-001262","50300","HAULED JD 60 MINI"
"160292","031126","28982","07289-26-01","07289-26-01-job","51-0810","","4/1/2026","4/1/2026","21.2","V-001356","50300","PAIR OF WIRE CUTTERS"
"160304","INV34045393","28984","07289-26-01","07289-26-01-job","58-1000","","3/11/2026","3/11/2026","2824.99","V-000136","50300","STONE"
"161678","UL01497111","29008","07201-26-01","07201-26-01-job","58-2000","","12/15/2025","12/15/2025","296.92","V-000396","50300","PERMITS"
"161698","UL01497704","29012","07250-26-01","07250-26-01-job","58-2000","","12/31/2025","12/31/2025","969.64","V-000396","50300","PERMITS"
"161937","UL01496417","29026","07156-26-01","07156-26-01-job","58-4000","","11/26/2025","11/26/2025","976.84","V-000396","50300","PERMITS"
"162037","UL01499945","29038","07214-26-01","07214-26-01-job","58-2000","","2/27/2026","2/27/2026","130.06","V-000396","50300","PERMITS"
"162105","182403","29050","07239-26-01","07239-26-01-job","59-0008","","3/10/2026","3/10/2026","333.20","V-001266","50300","RETREVIS RADIOA"
"162121","201","29052","07252-26-01","07252-26-01-job","47-3000","","3/11/2026","3/11/2026","2285","V-000580","50100","RIG LABOR WE 03082026"
"162835","536117","29069","07239-26-01","07239-26-01-job","59-0010","","3/12/2026","3/12/2026","3115","V-001214","50300","3 MAN CREW/TRUCK LABOR"
"162971","UL01500508","29097","07288-26-01","07288-26-01-job","58-2000","","3/13/2026","3/13/2026","491.18","V-000396","50300","PERMITS"
"163013","935N","29107","07196-26-01","07196-26-01-job","58-4000","","3/20/2026","3/20/2026","240.92","V-001111","50300","WELL MARKER"
"163337","UL01501178","29185","07291-26-01","07291-26-01-job","58-4000","","3/31/2026","3/31/2026","236.78","V-000396","50300","PERMITS"
"163381","6286","29198","07260-26-01","07260-26-01-job","51-0810","","3/9/2026","3/9/2026","184.2","V-001262","50300","DEF 2.5 GALLONS"
"163385","0114740IN","29200","07214-26-01","07214-26-01-job","58-4000","","3/11/2026","3/11/2026","6479.2","V-000322","50300","DAILY RATE/GYRO DEV"
"163389","3553","29202","07240-26-01","07240-26-01-job","58-4000","","3/12/2026","3/12/2026","725","V-000502","50300","HAULING JUNK TUB"
"163393","14624","29204","07235-26-01","07235-26-01-job","58-4000","","3/12/2026","3/12/2026","1672.32","V-000338","50300","WATER HAULING"
"163851","4261420815","29274","07280-26-01","07280-26-01-job","47-0250","","3/3/2026","3/3/2026","446.69","V-000343","50300","UNIFORM RENTAL"
"163899","4262141961","29276","07267-26-01","07267-26-01-job","47-0250","","3/10/2026","3/10/2026","1158.68","V-000343","50300","UNIFORM RENTAL"
"164657","INV34044199","29418","07267-26-01","07267-26-01-job","58-1000","","2/23/2026","2/23/2026","5029.98","V-000136","50300","STONE"
"164729","INV34044103","29427","07267-26-01","07267-26-01-job","58-1000","","2/20/2026","2/20/2026","5076.02","V-000136","50300","STONE"
"164787","INV34044298","29437","07267-26-01","07267-26-01-job","58-1000","","2/24/2026","2/24/2026","5044.89","V-000136","50300","STONE"
"164801","INV34044006","29442","07267-26-01","07267-26-01-job","58-1000","","2/19/2026","2/19/2026","12776.85","V-000136","50300","STONE"
"166928","10545","29656","07219-26-01","07219-26-01-job","58-1000","","11/21/2025","11/21/2025","632.5","V-001237","50300","STONE"
"167002","61159","29674","07227-26-01","07227-26-01-job","58-4000","","3/9/2026","3/9/2026","380","V-002000","50300","WELDING CALL OUT"
"167006","61162","29676","07227-26-01","07227-26-01-job","58-4000","","3/10/2026","3/10/2026","380","V-002000","50300",""
"167034","93565151","29680","07147-26-01","07147-26-01-job","58-4000","","3/12/2026","3/12/2026","60.71","V-002238","50300","CUP-VISCOSITY MEASURING"
"167038","INV34045480","29682","07285-26-01","07285-26-01-job","58-1000","","3/12/2026","3/12/2026","10823.95","V-000136","50300","STONE"
"167044","INV34045483","29684","07201-26-01","07201-26-01-job","58-4000","","3/12/2026","3/12/2026","12456.91","V-000136","50300","STONE"
"167074","0114738IN","29688","07230-26-01","07230-26-01-job","58-4000","","3/12/2026","3/12/2026","7210","V-000322","50300","DAILY RATE/NG,3 ARM CAL"
"167078","6297","29690","07260-26-01","07260-26-01-job","58-1000","","3/12/2026","3/12/2026","7768","V-001262","50300","CUT & DRY 100"
"167082","6298","29692","07280-26-01","07280-26-01-job","47-4111","","3/12/2026","3/12/2026","2896.4","V-001262","50300","HYDRO GELPLUS/CITRIC ACID"
"167086","521159","29694","07152-26-01","07152-26-01-job","58-1000","","3/12/2026","3/12/2026","115","V-001135","50300","COASTAL SEED BLEED 50#"
"167090","CDE031226A","29696","07280-26-01","07280-26-01-job","58-4000","","3/12/2026","3/12/2026","1656.25","V-001331","50300","HAULED DRILL MUD"
"167094","0261845479","29698","07239-26-01","07239-26-01-job","59-0012","","3/12/2026","3/12/2026","68.85","V-000009","50300","60# HANDICRETE"
"167098","5797","29700","07289-26-01","07289-26-01-job","58-1000","","3/12/2026","3/12/2026","2050","V-000823","50300","MIX HOT WATER/CALCIUM"
"167106","521335","29702","07206-26-01","07206-26-01-job","58-4000","","3/13/2026","3/13/2026","24.95","V-001135","50300","CONCRETE"
"167116","6442","29704","07269-26-01","07269-26-01-job","58-4000","","3/13/2026","3/13/2026","4614.98","V-000799","50300","HAULED WATER"
"167122","INV34045568","29706","07285-26-01","07285-26-01-job","58-1000","","3/13/2026","3/13/2026","11525.76","V-000136","50300","STONE"
"167128","INV34045578","29708","07233-26-01","07233-26-01-job","58-5000","","3/13/2026","3/13/2026","1476.57","V-000136","50300","STONE"
"167140","3010944","29710","07211-26-01","07211-26-01-job","51-5015","","3/13/2026","3/13/2026","2907","V-000945","50100","MISC LABOR"
"167156","2251299","29712","07261-26-01","07261-26-01-job","53-0820","","3/14/2026","3/14/2026","504.66","V-001702","50300","FUEL TANK-HUNDRED ON ROAD"
"167176","202","29714","07147-26-01","07147-26-01-job","47-3000","","3/16/2026","3/16/2026","460","V-000580","50100","RIG LABOR WE 031426"
"167192","INV34045633","29716","07260-26-01","07260-26-01-job","58-1000","","3/16/2026","3/16/2026","7993.08","V-000136","50300","STONE"
"167200","INV34045641","29718","07233-26-01","07233-26-01-job","58-5000","","3/16/2026","3/16/2026","1531.32","V-000136","50300","STONE"
"167206","143288","29720","07272-26-01","07272-26-01-job","58-4000","","3/17/2026","3/17/2026","4839.48","V-000679","50300","FUEL TANK- RIG 250 JOB 7272"
"167220","INV34045738","29724","07244-26-01","07244-26-01-job","58-5000","","3/17/2026","3/17/2026","779.44","V-000136","50300","STONE"
"167230","522030","29726","07287-26-01","07287-26-01-job","58-1000","","3/17/2026","3/17/2026","152.97","V-001135","50300","COMPOSITE HAND SAW"
"167240","INV34045817","29728","07240-26-01","07240-26-01-job","58-4000","","3/18/2026","3/18/2026","11944.67","V-000136","50300","STONE"
"167250","522222","29730","07221-26-01","07221-26-01-job","48-0810","","3/19/2026","3/19/2026","32.52","V-001135","50300","FASTNERS"
"167262","3010948","29732","07233-26-01","07233-26-01-job","51-5015","","3/20/2026","3/20/2026","1242","V-000945","50100","MISC LABOR"
"167270","67975","29734","07147-26-01","07147-26-01-job","58-4000","","3/20/2026","3/20/2026","4380.82","V-002269","50300","FUEL TANK-RIG 237 JOB 7147"
"167274","26599698","29736","07228-26-01","07228-26-01-job","58-4000","","3/23/2026","3/23/2026","5336.4","V-002029","50300","FUEL TANK-MINE FIRE"
"167278","2262998","29738","07201-26-01","07201-26-01-job","47-4111","","3/23/2026","3/23/2026","6018.61","V-001702","50300","FUEL TANK-RIG 213 JOB 7201"
"167292","523252","29741","07299-26-01","07299-26-01-job","58-1000","","3/25/2026","3/25/2026","152.16","V-001135","50300","PENNANT FLAG/YELLPW ROPE"
"167304","10028513599","29745","07240-26-01","07240-26-01-job","47-0100","","3/26/2026","3/26/2026","1603.95","V-001115","50300","LODGING-R.KUHN"
"167308","523551","29747","07299-26-01","07299-26-01-job","58-1000","","3/27/2026","3/27/2026","589.95","V-001135","50300","SILTSAVER BELT FENCE"
"167316","523655","29749","07253-26-01","07253-26-01-job","58-1000","","3/27/2026","3/27/2026","2171.40","V-001135","50300","PVC CEMENT/3HL PERF"
"167328","523662","29751","07253-26-01","07253-26-01-job","58-1000","","3/27/2026","3/27/2026","-739.80","V-001135","50300","3HL PERF BE"
"167868","644","29818","07266-26-01","07266-26-01-job","58-1000","","3/8/2026","3/8/2026","5263","V-000804","50300","RIG MOVE"
"169789","02C405324","30023","07170-26-01","07170-26-01-job","01-6010","","11/20/2025","11/20/2025","497.59","V-000306","53000","Glass Seal"
"169797","02C450324A","30025","07170-26-01","07170-26-01-job","01-6010","","11/21/2025","11/21/2025","753.46","V-000306","53000","Frame/Stopper"
"171307","1297809","30305","07240-26-01","07240-26-01-job","58-4000","","3/6/2026","3/6/2026","13500","V-001011","53000","T14R RENTAL"
"173223","INV34042466","30689","07242-26-01","07242-26-01-job","58-1000","","1/13/2026","1/13/2026","2115.75","V-000136","50300","STONE"
"173235","INV34043274","30693","07256-26-01","07256-26-01-job","58-1000","","1/30/2026","1/30/2026","4600.32","V-000136","50300","STONE"
"173239","630","30695","07262-26-01","07262-26-01-job","58-4000","","2/7/2026","2/7/2026","1430","V-000804","50300","BUILDING SITE"
"173243","632","30697","07261-26-01","07261-26-01-job","58-1000","","2/7/2026","2/7/2026","3239","V-000804","50300","BUILDING SITE"
"173247","633","30699","07261-26-01","07261-26-01-job","58-2000","","2/7/2026","2/7/2026","4233","V-000804","50300","RIG MOVE"
"173251","634","30701","07147-26-01","07147-26-01-job","58-4000","","2/7/2026","2/7/2026","531","V-000804","50300","EMPTYING CUTTING TUBS"
"173285","629","30715","07262-26-01","07262-26-01-job","51-0300","","2/7/2026","2/7/2026","840","V-000804","53000","PLOWING SNOW"
"173291","631","30717","07262-26-01","07262-26-01-job","58-4000","","2/7/2026","2/7/2026","2930","V-000804","50300","RECLAIMING SITE"
"173295","007334","30719","07240-26-01","07240-26-01-job","47-4111","","2/16/2026","2/16/2026","1305","V-000475","50300","HAULED WATER"
"173299","INV34044101","30721","07228-26-01","07228-26-01-job","58-4000","","2/20/2026","2/20/2026","5464.01","V-000136","50300","STONE"
"173303","403408","30723","07280-26-01","07280-26-01-job","51-0810","","2/20/2026","2/20/2026","265.37","V-000666","50300","CHAIN LOOP/BAR OIL"
"173307","403469","30725","07233-26-01","07233-26-01-job","51-0810","","2/24/2026","2/24/2026","350.82","V-000666","50300","CHAIN LOOP/BAR OIL"
"173315","1424667","30729","07114-26-01","07114-26-01-job","58-4000","","2/28/2026","2/28/2026","794.88","V-000969","50300","SUB CROSOVER"
"173319","0753599201","30731","07221-26-01","07221-26-01-job","58-4009","","3/1/2026","3/1/2026","8900","V-000978","53000","SUPER VAC RENTAL"
"173323","5492","30733","07268-26-01","07268-26-01-job","58-1000","","3/2/2026","3/2/2026","16405.2","V-001445","50300","JOB 7268 WELL 429"
"173351","14611","30745","07290-26-01","07290-26-01-job","58-4000","","3/12/2026","3/12/2026","1640","V-000338","50300","20'' PIPE"
"173355","4138477","30747","07261-26-01","07261-26-01-job","58-4000","","3/12/2026","3/12/2026","730","V-001133","50300","G-INSERT DIES/TONG BRAKE BAND"
"173359","27124","30749","07219-26-01","07219-26-01-job","58-4000","","3/12/2026","3/12/2026","1750","V-000207","50300","VIBRATING LINE"
"173365","705031","30752","07187-26-01","07187-26-01-job","46-0810","","3/13/2026","3/13/2026","58.27","V-000807","50300","R-GRADE OXY ACET HOSE"
"173369","93566057","30754","07235-26-01","07235-26-01-job","47-0810","","3/13/2026","3/13/2026","524.03","V-002238","50300","SORBENT-ROL/MARKER"
"173373","80644794","30756","07257-26-01","07257-26-01-job","48-0100","","3/13/2026","3/13/2026","564.48","V-000399","50300","LODGING-C.CALDWELL"
"173433","93565623","30784","07240-26-01","07240-26-01-job","47-4111","","3/13/2026","3/13/2026","245.25","V-002238","50300","SORBENT ROLL"
"173437","93565699","30786","07267-26-01","07267-26-01-job","47-0810","","3/13/2026","3/13/2026","260.17","V-002238","50300","DEGREASER-LIGHTNING"
"173441","6315","30788","07293-26-01","07293-26-01-job","58-1000","","3/13/2026","3/13/2026","4991.04","V-001262","50300","SWITCHGRASS FILTER SOCK"
"173483","16218","30799","07233-26-01","07233-26-01-job","47-0100","","2/3/2026","2/3/2026","296.37","V-001675","50300","LODGING-P.BROWN"
"173487","80644793","30801","07261-26-01","07261-26-01-job","48-0100","","3/13/2026","3/13/2026","564.48","V-000399","50300","LODGING-C.CALDWELL"
"173523","80649382","30809","07257-26-01","07257-26-01-job","48-0100","","3/13/2026","3/13/2026","697.76","V-000399","50300","LODGING-BRAIDEN BARCUS"
"173527","10028447588","30811","07221-26-01","07221-26-01-job","48-0100","","3/13/2026","3/13/2026","660.45","V-001115","50300","LODGING-T.FORD"
"173531","10028447504","30813","07221-26-01","07221-26-01-job","48-0100","","3/13/2026","3/13/2026","377.4","V-001115","50300","LODGING-D.LAMPKIN"
"173545","BSC29820","30817","07214-26-01","07214-26-01-job","58-4000","","3/13/2026","3/13/2026","6162.15","V-000190","50300","TRUCK CLEAN OUT"
"173551","80657191","30819","07257-26-01","07257-26-01-job","48-0100","","3/14/2026","3/14/2026","99.68","V-000399","50300","LODGING-BRAIDEN BARCUS"
"173555","645","30821","07235-26-01","07235-26-01-job","58-4000","","3/14/2026","3/14/2026","25314.1","V-000804","50300","STONE"
"173559","646","30823","07280-26-01","07280-26-01-job","58-1000","","3/14/2026","3/14/2026","25592.4","V-000804","50300","STONE"
"173565","930N","30825","07214-26-01","07214-26-01-job","58-4000","","3/15/2026","3/15/2026","240.92","V-001111","50300","WELL MARKER FOR WELL W-1037"
"173573","931N","30827","07255-26-01","07255-26-01-job","58-4000","","3/15/2026","3/15/2026","344.5","V-001111","50300",""
"173581","932N","30829","07271-26-01","07271-26-01-job","58-4000","","3/15/2026","3/15/2026","318","V-001111","50300","WELL MARKER FOR WELL MARY E GARY #1"
"173587","6300","30831","07280-26-01","07280-26-01-job","47-4111","","3/15/2026","3/15/2026","2077.25","V-001262","50300","STONE"
"173591","751138","30833","07284-26-01","07284-26-01-job","58-1000","","3/15/2026","3/15/2026","17932.34","V-000737","50300","STONE"
"173595","751140","30835","07235-26-01","07235-26-01-job","58-4000","","3/15/2026","3/15/2026","5473.99","V-000737","50300","STONE"
"173599","751139","30837","07240-26-01","07240-26-01-job","58-4000","","3/15/2026","3/15/2026","5219.99","V-000737","50300","STONE"
"173623","0114741IN","30841","07187-26-01","07187-26-01-job","58-4000","","3/16/2026","3/16/2026","6698.6","V-000322","50300","DAILY RATE/NG,3 ARM CAL"
"173711","6301","30865","07227-26-01","07227-26-01-job","58-4000","","3/16/2026","3/16/2026","4071.5","V-001262","50300","CUT & DRY 100"
"173719","195267","30867","07221-26-01","07221-26-01-job","48-4111","","3/16/2026","3/16/2026","2925.84","V-001348","50300","INSERTS,SPIDER"
"173727","195268","30869","07270-26-01","07270-26-01-job","58-4000","","3/16/2026","3/16/2026","1081.15","V-001348","50300","COUPLING/NIPPLE"
"173731","195269","30871","07239-26-01","07239-26-01-job","59-0006","","3/16/2026","3/16/2026","91.68","V-001348","50300","PLUG,TOP RUBBER"
"173739","1425548","30875","07201-26-01","07201-26-01-job","58-4000","","3/16/2026","3/16/2026","14327.7","V-000969","50300","FISHING TOOLS"
"173743","1425560","30877","07232-26-01","07232-26-01-job","58-4000","","3/16/2026","3/16/2026","1244.16","V-000969","50300","FISHING TOOLS"
"173747","PRT0094844","30879","07267-26-01","07267-26-01-job","01-6010","","3/16/2026","3/16/2026","35.86","V-000306","53000","SEAL BK"
"173771","182717","30885","07267-26-01","07267-26-01-job","51-0810","","3/16/2026","3/16/2026","125.94","V-001266","50300","1 2 DRIVE FLEX RATCH"
"173779","6366","30887","07288-26-01","07288-26-01-job","58-4000","","3/16/2026","3/16/2026","1868.75","V-001262","50300","HAULED FUEL CELL/GENERATOR"
"173783","CDE031626A","30889","07269-26-01","07269-26-01-job","58-4000","","3/16/2026","3/16/2026","1375","V-001331","50300","HAULED WATER AND DRILL MUD"
"173789","BSC29961","30891","07230-26-01","07230-26-01-job","58-4000","","3/16/2026","3/16/2026","2190.38","V-000190","50300","WASTE DISPOSAL"
"173795","34787","30893","07254-26-01","07254-26-01-job","58-4000","","3/17/2026","3/17/2026","29341","V-000157","50300","HELEN GORDON #12"
"173799","34789","30895","07272-26-01","07272-26-01-job","58-4000","","3/17/2026","3/17/2026","840","V-000157","50300","COP TRACT 29 #11"
"173889","934N","30915","07269-26-01","07269-26-01-job","58-4000","","3/17/2026","3/17/2026","240.92","V-001111","50300","WELL MARKER FOR GH-24A"
"173895","6302","30917","07280-26-01","07280-26-01-job","47-4111","","3/17/2026","3/17/2026","1952.25","V-001262","50300","HYDROGEL PLUS/MUD EXTENDER"
"173899","6303","30919","07261-26-01","07261-26-01-job","58-4000","","3/17/2026","3/17/2026","1458.12","V-001262","50300","CITRIC ACID/BICARBONATE OF SODA"
"173903","6304","30921","07147-26-01","07147-26-01-job","58-4000","","3/17/2026","3/17/2026","1809.16","V-001262","50300","CITRIC ACID/BICARBONATE OF SODA"
"173907","6307","30923","07258-26-01","07258-26-01-job","58-4000","","3/17/2026","3/17/2026","2339.4","V-001262","50300","HYDROGEL PLUS/THINNER"
"173911","6308","30925","07258-26-01","07258-26-01-job","47-0250","","3/17/2026","3/17/2026","50.1","V-001262","50300","DRINKING WATER"
"173915","6316","30927","07260-26-01","07260-26-01-job","58-1000","","3/17/2026","3/17/2026","405.34","V-001262","50300","CORRUGATED PIPE"
"173931","PRT0096387","30933","07260-26-01","07260-26-01-job","51-0600","","3/17/2026","3/17/2026","274.96","V-000306","53000","ELEMENT/FILTER"
"173935","4138526","30935","07257-26-01","07257-26-01-job","58-4000","","3/17/2026","3/17/2026","565","V-001133","50300","SPIDER INSERT"
"173943","14635","30939","07171-26-01","07171-26-01-job","58-4000","","3/17/2026","3/17/2026","1152","V-000338","50300","HAULED PIT OUT"
"173947","1425674","30941","07227-26-01","07227-26-01-job","58-4000","","3/17/2026","3/17/2026","1526.16","V-000969","50300","FISHING TOOLS"
"173953","933N","30943","07257-26-01","07257-26-01-job","58-4000","","3/17/2026","3/17/2026","240.92","V-001111","50300","WELL MARKER FOR WELL WL DONALDSON"
"173979","6342","30955","07196-26-01","07196-26-01-job","58-4000","","3/17/2026","3/17/2026","860.32","V-001262","50300","CITRIC ACID"
"173983","6354","30957","07260-26-01","07260-26-01-job","58-1000","","3/17/2026","3/17/2026","467.84","V-001262","50300","CORRUGATED PIPE"
"173987","6360","30959","07241-26-01","07241-26-01-job","58-4000","","3/17/2026","3/17/2026","431.25","V-001262","50300","HAULED BUCKET"
"173993","INV34044111","30961","07235-26-01","07235-26-01-job","58-4000","","2/20/2026","2/20/2026","8113.24","V-000136","50300","STONE"
"174005","INV34044286","30965","07235-26-01","07235-26-01-job","58-4000","","2/24/2026","2/24/2026","7346.18","V-000136","50300","STONE"
"174013","INV34044290","30967","07258-26-01","07258-26-01-job","58-1000","","2/24/2026","2/24/2026","4869.07","V-000136","50300","STONE"
"174021","INV34044201","30969","07235-26-01","07235-26-01-job","58-4000","","2/23/2026","2/23/2026","26919.27","V-000136","50300","STONE"
"174027","16255","30971","07261-26-01","07261-26-01-job","48-0100","","3/10/2026","3/10/2026","395.16","V-000281","50300","LODGING-P.BROWN"
"174031","16270","30973","07261-26-01","07261-26-01-job","48-0100","","3/17/2026","3/17/2026","395.16","V-000281","50300","LODGING-P.BROWN"
"174047","27125CR","30977","07234-26-01","07234-26-01-job","58-4000","","3/18/2026","3/18/2026","-1780","V-000207","50300","CREDIT MEMO DOR 27125"
"174051","27185","30979","07280-26-01","07280-26-01-job","47-4111","","3/18/2026","3/18/2026","830","V-000207","50300","SUCTION HOSE W FIG 100"
"174055","27186","30981","07219-26-01","07219-26-01-job","58-4000","","3/18/2026","3/18/2026","1900","V-000207","50300","RR SB TOOTH BIT SN MK2285"
"174059","27188","30983","07238-26-01","07238-26-01-job","59-0006","","3/18/2026","3/18/2026","7270","V-000207","50300","CEMENT BASKET"
"174067","67822","30987","07240-26-01","07240-26-01-job","47-4111","","3/19/2026","3/19/2026","3945.29","V-000246","50300","FUEL TANK-RIG 214 JOB 7240"
"174071","27190","30989","07147-26-01","07147-26-01-job","58-4000","","3/23/2026","3/23/2026","1200","V-000207","50300","RR SB TOOTH BIT SN RA8866"
"174083","68166","30993","07280-26-01","07280-26-01-job","47-4111","","3/24/2026","3/24/2026","8539.64","V-000246","50300","FUEL TANK-RIG 11 JOB 7280"
"174087","288168786","30995","07239-26-01","07239-26-01-job","59-0008","","3/24/2026","3/24/2026","2589.36","V-000246","50300","FUEL TANK-YB-1"
"174095","16290","30999","07261-26-01","07261-26-01-job","48-0100","","3/25/2026","3/25/2026","395.16","V-000281","50300","LODGING-P.BROWN"
"174099","34847","31001","07234-26-01","07234-26-01-job","58-4000","","3/25/2026","3/25/2026","1860","V-000157","53000","SLIP DECK RENTAL"
"174103","16306","31003","07235-26-01","07235-26-01-job","47-0100","","3/31/2026","3/31/2026","395.16","V-000281","50300","LODGING-P.BROWN"
"174237","402864","31044","07258-26-01","07258-26-01-job","51-0810","","1/22/2026","1/22/2026","271.61","V-000666","50300","CHAIN LOOP/BAR OIL"
"174307","16259","31055","07221-26-01","07221-26-01-job","48-0100","","2/3/2026","2/3/2026","197.58","V-000281","50300","LODGING-L.BRYANT"
"174323","16227","31059","07230-26-01","07230-26-01-job","47-0100","","2/18/2026","2/18/2026","296.37","V-000281","50300","LODGING-J.BROWN"
"174337","1425306","31065","07221-26-01","07221-26-01-job","48-4111","","3/12/2026","3/12/2026","4858.56","V-000969","50300","SPEAR AND SUBLINES"
"174357","257187943003","31072","07255-26-01","07255-26-01-job","58-4000","","3/14/2026","3/14/2026","1025","V-001877","53000","GENERATOR RENTAL"
"174367","2252928","31074","07261-26-01","07261-26-01-job","51-0820","","3/14/2026","3/14/2026","286","V-001702","50300","FUEL TANK-HUNDRED OFF ROAD"
"174377","195271","31076","07264-26-01","07264-26-01-job","58-4000","","3/16/2026","3/16/2026","6107.51","V-001348","50300","BOWL/INSERTS,SPIDER"
"174385","8356412","31080","07114-26-01","07114-26-01-job","58-4000","","3/16/2026","3/16/2026","915.75","V-001995","50300","WELDING LABOR"
"174391","BSC29962","31082","07227-26-01","07227-26-01-job","58-4000","","3/16/2026","3/16/2026","1634.52","V-000190","50300","WASTE DISPOSAL"
"174397","34788","31084","07272-26-01","07272-26-01-job","58-4000","","3/17/2026","3/17/2026","840","V-000157","50300","COP TRACT 29 #11"
"174421","6305","31090","07147-26-01","07147-26-01-job","47-0250","","3/17/2026","3/17/2026","510.96","V-001262","50300","DRINKING WATER"
"174429","6306","31092","07187-26-01","07187-26-01-job","58-4000","","3/17/2026","3/17/2026","1035.5","V-001262","50300","HYDROGELPLUS"
"174449","1300301","31098","07152-26-01","07152-26-01-job","58-1000","","3/18/2026","3/18/2026","14000","V-001011","53000","T14R RENTAL"
"174453","6369","31100","07274-26-01","07274-26-01-job","58-1000","","3/18/2026","3/18/2026","287.5","V-001262","50300","HAULED RIG MATS"
"174457","6370","31102","07293-26-01","07293-26-01-job","58-1000","","3/18/2026","3/18/2026","575","V-001262","50300","HAULED SKID STEER"
"174461","6359","31104","07236-26-01","07236-26-01-job","58-4000","","3/18/2026","3/18/2026","915.08","V-001262","50300","TRASH DISPOSAL-COASTAL YARD"
"174465","876419","31106","07273-26-01","07273-26-01-job","58-4000","","3/18/2026","3/18/2026","882","V-001398","50300","CAILBER"
"174469","143562","31108","07288-26-01","07288-26-01-job","58-4000","","3/18/2026","3/18/2026","4467.82","V-000679","50300","FUEL TANK-RIG 101"
"174473","2258911","31110","07187-26-01","07187-26-01-job","58-4000","","3/19/2026","3/19/2026","1726.3","V-001702","50300","FUEL TANK-RIG 102 JOB 7187"
"174477","6362","31112","07298-26-01","07298-26-01-job","58-2000","","3/19/2026","3/19/2026","431.25","V-001262","50300","HAULED SIDE BY SIDE"
"174483","INV34045907","31114","07260-26-01","07260-26-01-job","58-1000","","3/19/2026","3/19/2026","11363.01","V-000136","50300","STONE"
"174491","INV34045928","31116","07274-26-01","07274-26-01-job","58-1000","","3/19/2026","3/19/2026","2756.34","V-000136","50300","STONE"
"174497","80715194","31118","07230-26-01","07230-26-01-job","47-0100","","3/19/2026","3/19/2026","376.32","V-000399","50300","LODGING-B.BARCUS"
"174503","INV34046034","31120","07295-26-01","07295-26-01-job","58-1000","","3/20/2026","3/20/2026","2872.94","V-000136","50300","STONE"
"174521","27228","31128","07227-26-01","07227-26-01-job","58-4000","","3/23/2026","3/23/2026","4300","V-000207","50300","NEW SB TOOTH BIT SN 31664"
"174593","EQP0024650","31146","07293-26-01","07293-26-01-job","58-1000","","3/30/2026","3/30/2026","5044","V-000306","53000","PAD FOOT ROLLER RENTAL"
"174621","16324","31156","07235-26-01","07235-26-01-job","47-0100","","4/7/2026","4/7/2026","395.16","V-000281","50300","LODGING-P.BROWN"
"174901","4310322","31219","07250-26-01","07250-26-01-job","49-0300","","1/31/2026","1/31/2026","15000","V-000374","53000","RIG 103 RENT"
"174905","4310128","31221","07255-26-01","07255-26-01-job","49-0300","","1/31/2026","1/31/2026","15000","V-000374","53000","101 RENT"
"174917","700020","31223","07201-26-01","07201-26-01-job","47-4111","","1/31/2026","1/31/2026","748","V-000375","50300","D&T"
"174937","4310129","31227","07255-26-01","07255-26-01-job","49-0300","","2/28/2026","2/28/2026","15000","V-000374","53000","101 RENT"
"174951","700021","31229","07201-26-01","07201-26-01-job","47-4111","","2/28/2026","2/28/2026","3084","V-000375","50300","D&T"
"174965","4310323","31231","07271-26-01","07271-26-01-job","49-0300","","2/28/2026","2/28/2026","15000","V-000374","53000","103 RENT"
"175089","4310324","31261","07271-26-01","07271-26-01-job","49-0300","","3/31/2026","3/31/2026","15000","V-000374","53000","RIG 103 RENT"
"175093","4310130","31263","07288-26-01","07288-26-01-job","49-0300","","3/31/2026","3/31/2026","15000","V-000374","53000","RIG 101 RENT"
"175099","700022","31265","07201-26-01","07201-26-01-job","47-4111","","3/31/2026","3/31/2026","3350","V-000375","50300","D&T"
"175245","1297897","31302","07252-26-01","07252-26-01-job","51-0600","","3/6/2026","3/6/2026","1913.06","V-001011","50300","KNIVES FOR RENTAL"
"175511","4704379","31373","07201-26-01","07201-26-01-job","58-2000","","3/13/2026","3/13/2026","1330","V-001560","50300","MOVED JUNK TUB FOR RIG 213"
"175515","4704380","31375","07240-26-01","07240-26-01-job","58-2000","","3/13/2026","3/13/2026","1330","V-001560","50300",""
"175519","4704377","31377","07261-26-01","07261-26-01-job","58-2000","","3/13/2026","3/13/2026","1400","V-001560","50300","MOVED JUNK TUB FOR RIG 249"
"175523","4704378","31379","07255-26-01","07255-26-01-job","58-4000","","3/13/2026","3/13/2026","630","V-001560","50300","MOVED JUNK TUB FOR 7255"
"175543","749375","31389","07267-26-01","07267-26-01-job","58-1000","","2/23/2026","2/23/2026","10064.63","V-000737","50300","STONE"
"175563","182750","31397","07280-26-01","07280-26-01-job","47-0810","","3/17/2026","3/17/2026","44.28","V-001266","50300","TARP"
"175879","24196","31511","07235-26-01","07235-26-01-job","47-4111","","1/31/2025","1/31/2025","400","V-000265","50300","PORTA JOHN RENTAL"
"175883","24934","31513","07147-26-01","07147-26-01-job","47-0250","","11/30/2025","11/30/2025","400","V-000265","50300","PORTA JOHN RENTAL"
"175961","4262895422","31529","07288-26-01","07288-26-01-job","49-0250","","3/17/2026","3/17/2026","435.81","V-000343","50300","UNIFORM RENTAL"
"175987","6343","31531","07235-26-01","07235-26-01-job","47-0250","","3/18/2026","3/18/2026","120.24","V-001262","50300","DRINKING WATER"
"176211","1894A","31583","07236-26-01","07236-26-01-job","58-5000","","3/13/2026","3/13/2026","1413.45","V-001069","50300","FIELD FERTILIZER/LIME/OTC"
"176215","1904A","31585","07233-26-01","07233-26-01-job","58-5000","","3/19/2026","3/19/2026","929.15","V-001069","50300","OTC/FROSTY ANNUAL RYE"
"176219","6355","31587","07295-26-01","07295-26-01-job","58-1000","","3/19/2026","3/19/2026","4213.24","V-001262","50300","SWITCHGRASS FILTER SOCK"
"176227","6356","31591","07233-26-01","07233-26-01-job","58-5000","","3/19/2026","3/19/2026","1495.65","V-001262","50300","EROSION BLANKET"
"176281","I8085","31605","07276-26-01","07276-26-01-job","58-4000","","3/19/2026","3/19/2026","233.2","V-001439","50300","PORTA JOHN RENTAL"
"176291","6345","31609","07201-26-01","07201-26-01-job","58-4000","","3/19/2026","3/19/2026","1098","V-001262","50300","HYDOGEL GEL PLUS"
"176295","6346","31611","07230-26-01","07230-26-01-job","58-4000","","3/19/2026","3/19/2026","973","V-001262","50300","HYDOGEL GEL PLUS"
"176299","6347","31613","07267-26-01","07267-26-01-job","47-0250","","3/19/2026","3/19/2026","60.12","V-001262","50300","DRINKING WATER"
"176303","6348","31615","07267-26-01","07267-26-01-job","58-4000","","3/19/2026","3/19/2026","3896.1","V-001262","50300","HYDRO GEL PLUS/CITRIC ACID"
"176307","6349","31617","07227-26-01","07227-26-01-job","58-4000","","3/19/2026","3/19/2026","1952.66","V-001262","50300","CITRIC ACID"
"176637","I7856","31661","07267-26-01","07267-26-01-job","58-4000","","2/20/2026","2/20/2026","338.14","V-001439","50300","PORTA JOHN RENTAL"
"176645","I7851","31663","07179-26-01","07179-26-01-job","51-0100","","2/20/2026","2/20/2026","291.5","V-001439","50300","PORTA JOHN RENTAL"
"179130","EQP0023063","31969","07289-26-01","07289-26-01-job","51-0300","","3/19/2026","3/19/2026","4490","V-000306","53000","D6 RENTAL"
"179840","182817","32040","07147-26-01","07147-26-01-job","47-0810","","3/18/2026","3/18/2026","252.40","V-001266","50300","WRENCH 18MM"
"180076","182896","32088","07258-26-01","07258-26-01-job","47-0810","","3/19/2026","3/19/2026","295.08","V-001266","50300","DISPOSABLE GLOVES"
"180264","1905A","32132","07213-26-01","07213-26-01-job","58-5000","","3/20/2026","3/20/2026","1253.3","V-001069","50300","OTC/FROSTY ANNUAL RYE"
"180270","25558","32135","07257-26-01","07257-26-01-job","58-4000","","3/20/2026","3/20/2026","4159","V-000134","50300","RUBBERS, CLAMP, SWING BOLT"
"180751","10028487332","32210","07240-26-01","07240-26-01-job","47-0100","","3/20/2026","3/20/2026","1132.2","V-001115","50300","LODGING-J.HELDRETH"
"180755","10028486833","32212","07267-26-01","07267-26-01-job","47-0100","","3/20/2026","3/20/2026","471.75","V-001115","50300","LODGING-J.PECK"
"180759","10028486556","32214","07221-26-01","07221-26-01-job","48-0100","","3/20/2026","3/20/2026","377.4","V-001115","50300","LODGING-T.FORD"
"180763","10028486554","32216","07221-26-01","07221-26-01-job","48-0100","","3/20/2026","3/20/2026","377.4","V-001115","50300","LODGING-L.BRYANT"
"180767","80729434","32218","07257-26-01","07257-26-01-job","48-0100","","3/20/2026","3/20/2026","331.52","V-000399","50300","LODGING-D.SCHMIDT"
"180907","000000011736","32227","07288-26-01","07288-26-01-job","49-3000","","3/21/2026","3/21/2026","2750.9","V-000722","50100","RIG 101 LABOR WE 03/15-03/21/26"
"180913","000000011737","32230","07271-26-01","07271-26-01-job","49-3000","","3/21/2026","3/21/2026","2803.46","V-000722","50100","RIG 103 LABOR WE 03/15-03/21/26"
"180917","000000011738","32232","07230-26-01","07230-26-01-job","47-3000","","3/21/2026","3/21/2026","4902.6","V-000722","50100","RIG 212 WE 03/15-03/21/26"
"180921","000000011739","32234","07201-26-01","07201-26-01-job","47-3000","","3/21/2026","3/21/2026","2360.18","V-000722","50100","RIG 213 LABOR WE 03/15-03/21/26"
"180937","000000011740","32237","07240-26-01","07240-26-01-job","47-3000","","3/21/2026","3/21/2026","7058.02","V-000722","50100","RIG 214 LABOR WE 03/15-03/21/26"
"180943","000000011741","32239","07266-26-01","07266-26-01-job","47-3000","","3/21/2026","3/21/2026","422.92","V-000722","50100","RIG 215 WE 03/15-03/21/26"
"180963","000000011742","32242","07235-26-01","07235-26-01-job","47-3000","","3/21/2026","3/21/2026","1268.76","V-000722","50100","RIG 220 WE 03/15-03/21/26"
"180967","000000011743","32244","07196-26-01","07196-26-01-job","47-3000","","3/21/2026","3/21/2026","7281.62","V-000722","50100","RIG 221 03/15/03-21-26"
"180971","000000011744","32246","07147-26-01","07147-26-01-job","47-3000","","3/21/2026","3/21/2026","11290.44","V-000722","50100","RIG 237 LABOR WE 03/15-03/21/26"
"180981","000000011745","32249","07267-26-01","07267-26-01-job","47-3000","","3/21/2026","3/21/2026","4235.36","V-000722","50100","RIG 238 LABOR WE 03/15-03/21/26"
"180985","000000011746","32251","07219-26-01","07219-26-01-job","47-3000","","3/21/2026","3/21/2026","1669.92","V-000722","50100","RIG 242 LABOR WE 03/15-03/21/26"
"180989","000000011747","32253","07227-26-01","07227-26-01-job","48-3000","","3/21/2026","3/21/2026","4855.3","V-000722","50100","RIG 243 LABOR WE 03/15-03/21/26"
"180993","000000011748","32255","07258-26-01","07258-26-01-job","47-3000","","3/21/2026","3/21/2026","1330.08","V-000722","50100","RIG 247 LABOR WE 03/15-03/21/26"
"180997","000000011749","32257","07221-26-01","07221-26-01-job","48-3000","","3/21/2026","3/21/2026","11638.4","V-000722","50100","RIG 248 LABOR WE 03/15-03/21/26"
"181001","000000011750","32259","07261-26-01","07261-26-01-job","48-3000","","3/21/2026","3/21/2026","1569.04","V-000722","50100","RIG 249 LABOR WE 03/15-03/21/26"
"181005","000000011751","32261","07272-26-01","07272-26-01-job","49-3000","","3/21/2026","3/21/2026","1578.38","V-000722","50100","RIG 250 LABOR WE 03/15-03/21/26"
"181013","654","32263","07260-26-01","07260-26-01-job","51-1015","","3/21/2026","3/21/2026","5756","V-000804","50100","OPERATED EXCAVATOR 26-1511"
"181025","404430","32266","07297-26-01","07297-26-01-job","51-0600","","3/21/2026","3/21/2026","383.96","V-000666","50300","CHAIN LOOP/MOTOMIX"
"181029","2262485","32268","07239-26-01","07239-26-01-job","59-0008","","3/21/2026","3/21/2026","8743.09","V-001702","50300","HIGHLANDS RIG JOB 7239"
"181033","2262587","32270","07286-26-01","07286-26-01-job","51-0820","","3/22/2026","3/22/2026","1994.43","V-001702","50300","FUEL TANK FOR MACK"
"181077","35992","32278","07273-26-01","07273-26-01-job","58-4000","","3/23/2026","3/23/2026","1544.5","V-000799","50300","HAULED WATER"
"181081","2262069","32280","07290-26-01","07290-26-01-job","58-4000","","3/23/2026","3/23/2026","2142.42","V-001702","50300","FUEL TANK-RIG 251 JOB 7290"
"181351","20180991","32326","07295-26-01","07295-26-01-job","58-1000","","3/23/2026","3/23/2026","618.75","V-000782","50300","HAULED WHEEL LOADER"
"181363","INV34046138","32331","07251-26-01","07251-26-01-job","58-1000","","3/24/2026","3/24/2026","1455.48","V-000136","50300","STONE"
"181439","183134","32349","07264-26-01","07264-26-01-job","47-0810","","3/24/2026","3/24/2026","204.14","V-001266","50300","UTILITY BLADES"
"181595","2263282","32371","07219-26-01","07219-26-01-job","58-4000","","3/24/2026","3/24/2026","1803.97","V-001702","50300","FUEL TANK-RIG 242 JOB 7219"
"181599","2264502","32373","07206-26-01","07206-26-01-job","58-4000","","3/24/2026","3/24/2026","6878.45","V-001702","50300","FUEL TANK-RIG 2 JOB 7206"
"181611","203","32375","07147-26-01","07147-26-01-job","47-3000","","3/24/2026","3/24/2026","460","V-000580","50100","RIG LABOR WE 032226"
"181623","144307","32377","07291-26-01","07291-26-01-job","58-4000","","3/24/2026","3/24/2026","1769.15","V-000679","50300","FUEL TANK RIG 103"
"181629","36182359004","32379","07187-26-01","07187-26-01-job","58-4000","","3/24/2026","3/24/2026","2870.14","V-000797","53000","BTU SELF CONTAIN HEATER"
"181635","255673567007","32381","07228-26-01","07228-26-01-job","58-4000","","3/24/2026","3/24/2026","1098","V-001877","53000","LIGHT TOWER RENTAL-MINE FIRE"
"181641","26790","32383","07147-26-01","07147-26-01-job","52-0310","","3/25/2026","3/25/2026","16999.5","V-000785","21050",""
"181653","2265521","32387","07233-26-01","07233-26-01-job","51-0820","","3/25/2026","3/25/2026","1247.37","V-001702","50300","FUEL TANK HUNDRED OFF ROAD"
"181665","2265988","32389","07266-26-01","07266-26-01-job","53-0820","","3/25/2026","3/25/2026","362.18","V-001702","50300","FUEL TANK- HUNDRED ON RAOD"
"181691","2265076","32392","07266-26-01","07266-26-01-job","58-4000","","3/25/2026","3/25/2026","6032.68","V-001702","50300","FUEL TANK-RIG 215 JOB 7266"
"181733","183238","32406","07291-26-01","07291-26-01-job","49-0810","","3/25/2026","3/25/2026","136.98","V-001266","50300","ADAPTER"
"181745","183243","32408","07283-26-01","07283-26-01-job","51-0250","","3/25/2026","3/25/2026","23.91","V-001266","50300","FULL BRIM HARD HAT WHITE"
"182047","2263853","32444","07227-26-01","07227-26-01-job","58-4000","","3/25/2026","3/25/2026","1678.59","V-001702","50300","FUEL TANK-RIG 243 JOB 7227"
"182051","68424","32446","07239-26-01","07239-26-01-job","59-0008","","3/25/2026","3/25/2026","4425.73","V-000246","50300","FUEL TANK-POLAR VORTEX"
"182059","9328","32450","07260-26-01","07260-26-01-job","51-0100","","3/25/2026","3/25/2026","77.97","V-001675","50300","LODGING-D.MCCOWIEN"
"182063","9313","32452","07289-26-01","07289-26-01-job","51-0100","","3/25/2026","3/25/2026","461.19","V-001675","50300","LODGING-D.MCCOWIEN"
"182171","183289","32476","07264-26-01","07264-26-01-job","47-0810","","3/26/2026","3/26/2026","168.45","V-001266","50300","AIR REGULATOR"
"182179","71866","32478","07261-26-01","07261-26-01-job","58-4000","","3/26/2026","3/26/2026","1365","V-000904","50300","DELIVERED WATER"
"182251","144452","32494","07288-26-01","07288-26-01-job","58-4000","","3/26/2026","3/26/2026","4391.56","V-000679","50300","FUEL TANK-RIG 101"
"182255","0114788IN","32496","07239-26-01","07239-26-01-job","59-0007","","3/26/2026","3/26/2026","7178","V-000322","50300","DAILY RATE/NG,3 ARM CAL"
"182259","2267289","32498","07235-26-01","07235-26-01-job","47-4111","","3/26/2026","3/26/2026","5563.55","V-001702","50300","FUEL TANK-RIG 220 JOB 7235"
"182263","242600835017","32500","07306-26-01","07306-26-01-job","58-1000","","3/27/2026","3/27/2026","3163","V-001877","53000","SKID TRACK LOADER RENTAL"
"182269","36217925003","32502","07187-26-01","07187-26-01-job","58-4000","","3/27/2026","3/27/2026","239.68","V-000797","53000","HEATER DUCK BLK/ADAPTER"
"182283","144595","32506","07305-26-01","07305-26-01-job","58-4000","","3/27/2026","3/27/2026","3823.78","V-000679","50300","FUEL TANK-RIG 250"
"182289","6592","32508","07301-26-01","07301-26-01-job","58-4000","","3/27/2026","3/27/2026","2995.5","V-000799","50300","HAULED WATER"
"182295","10028526456","32510","07267-26-01","07267-26-01-job","47-0100","","3/27/2026","3/27/2026","471.75","V-001115","50300","LODGING-J.PECK"
"182419","2269746","32540","07147-26-01","07147-26-01-job","58-4000","","3/28/2026","3/28/2026","4397.02","V-001702","50300","FUEL TANK-RIG 237 JOB 7247"
"182423","2269872","32542","07239-26-01","07239-26-01-job","59-0008","","3/28/2026","3/28/2026","12798.79","V-001702","50300","FUEL TANK-POLAR VORTEX"
"182451","0114789IN","32548","07239-26-01","07239-26-01-job","59-0007","","3/30/2026","3/30/2026","3450","V-000322","50300","DAILY RATE/NG,3 ARM CAL"
"182463","10028537833","32552","07264-26-01","07264-26-01-job","47-0100","","3/30/2026","3/30/2026","188.7","V-001115","50300","LODGING-N.BENNETT"
"182605","2601941","32592","07272-26-01","07272-26-01-job","49-0250","","3/30/2026","3/30/2026","435.43","V-000345","50300","3X6 SIGNS DECALS THE SAY WATCH STEP"
"182719","0114793IN","32616","07201-26-01","07201-26-01-job","58-4000","","3/31/2026","3/31/2026","3890","V-000322","50300","DAILY RATE/GYRO DEV"
"182771","183588","32632","07267-26-01","07267-26-01-job","47-0810","","4/1/2026","4/1/2026","295.92","V-001266","50300","BRAKLN BRK PARTS CLNR"
"182787","183608","32636","07147-26-01","07147-26-01-job","47-0810","","4/1/2026","4/1/2026","14.10","V-001266","50300","ADAPTER"
"182875","183660","32650","07267-26-01","07267-26-01-job","47-0810","","4/2/2026","4/2/2026","159.78","V-001266","50300","CHUCK"
"182931","183707","32662","07152-26-01","07152-26-01-job","51-0810","","4/2/2026","4/2/2026","30.06","V-001266","50300","ABSORBENT"
"183005","1084191","32676","07294-26-01","07294-26-01-job","58-4000","","4/2/2026","4/2/2026","2023.5","V-000951","50300","5-1/2 20 J55 X 5 SAW X SAW"
"183037","183741","32682","07267-26-01","07267-26-01-job","47-0810","","4/3/2026","4/3/2026","40.35","V-001266","50300","MILWAUKEE CIRCUIT BOARD"
"183163","183777","32706","07147-26-01","07147-26-01-job","47-0810","","4/3/2026","4/3/2026","69.42","V-001266","50300","THREAD RESTORE KIT"
"183279","93568987","32730","07271-26-01","07271-26-01-job","58-4000","","3/20/2026","3/20/2026","280.62","V-002238","50300","ELL-WELD/NIPPLE PIPE"
"183283","6351","32732","07286-26-01","07286-26-01-job","58-1000","","3/20/2026","3/20/2026","6515","V-001262","50300","CUT & DRY 100"
"183287","6352","32734","07266-26-01","07266-26-01-job","58-4000","","3/20/2026","3/20/2026","488.4","V-001262","50300","THINNER"
"183291","6363","32736","07213-26-01","07213-26-01-job","58-5000","","3/20/2026","3/20/2026","503.13","V-001262","50300","HAULED MATS"
"183297","936N","32738","07275-26-01","07275-26-01-job","58-4000","","3/20/2026","3/20/2026","240.92","V-001111","50300","WELL MARKER FOR WELL GH-41P"
"183303","6364","32740","07290-26-01","07290-26-01-job","58-2000","","3/20/2026","3/20/2026","790.63","V-001262","50300","HAULED POWER SWIVEL"
"183315","CDE032026A","32744","07196-26-01","07196-26-01-job","58-4000","","3/20/2026","3/20/2026","1531.25","V-001331","50300","HAULED WATER AND DRILL MUD"
"183319","195515","32746","07258-26-01","07258-26-01-job","58-4000","","3/20/2026","3/20/2026","2646.24","V-001348","50300","JAW/DIE TONG"
"183347","6299","32760","07236-26-01","07236-26-01-job","58-5000","","3/20/2026","3/20/2026","4009","V-001262","50300","CUT & DRY 100"
"183353","I8101","32762","07267-26-01","07267-26-01-job","58-4000","","3/20/2026","3/20/2026","291.5","V-001439","50300","PORTA JOHN RENTAL"
"183359","5305","32764","07239-26-01","07239-26-01-job","59-0007","","3/21/2026","3/21/2026","2500","V-001455","50300","RAN CASING"
"183363","CDE032126A","32766","07187-26-01","07187-26-01-job","58-4000","","3/21/2026","3/21/2026","3125","V-001331","50300","HAULED WATER AND DRILL MUD"
"183369","MM3134","32768","07187-26-01","07187-26-01-job","58-4000","","3/21/2026","3/21/2026","3148.2","V-001207","50300","WASTE REMOVAL"
"183939","6357","32896","07213-26-01","07213-26-01-job","58-5000","","3/20/2026","3/20/2026","2336.53","V-001262","50300","EROSION BLANKET"
"183943","25557","32898","07257-26-01","07257-26-01-job","58-4000","","3/20/2026","3/20/2026","8400","V-000134","53000","SLIP DECK RENTAL"
"183947","61173","32900","07239-26-01","07239-26-01-job","59-0012","","3/22/2026","3/22/2026","950","V-002000","50300","POLAR VORTEX"
"183987","3010949","32907","07233-26-01","07233-26-01-job","51-5015","","3/27/2026","3/27/2026","4030.2","V-000945","50100","MISC LABOR"
"184039","3010950","32915","07233-26-01","07233-26-01-job","47-4111","","3/27/2026","3/27/2026","886.79","V-000945","50300","FUEL FOR RIG AND JOB"
"184169","36182582004","32943","07257-26-01","07257-26-01-job","58-4000","","3/25/2026","3/25/2026","2499.00","V-000797","53000","BTU SELF CONTAIN HEATER"
"184183","247800039018","32945","07228-26-01","07228-26-01-job","58-4000","","3/25/2026","3/25/2026","848","V-001877","53000","LIGHT TOWER RENTAL-MINE FIRE"
"184265","90121053","32961","07147-26-01","07147-26-01-job","51-0600","","4/9/2026","4/9/2026","4134","V-002462","50300","TRENCH DRAIN"
"188608","CDE031326A","33274","07214-26-01","07214-26-01-job","58-4000","","3/13/2026","3/13/2026","5218.75","V-001331","50300","WATER HAULING"
"188622","93565665","33278","07214-26-01","07214-26-01-job","58-4000","","3/13/2026","3/13/2026","352.25","V-002238","50300","KIT REPAIR MAJOR 2 IN"
"190916","250754558010","33709","07195-26-01","07195-26-01-job","58-5000","","3/19/2026","3/19/2026","1095","V-001877","53000","UTV RENTAL"
"192842","32253CWS","33977","07258-26-01","07258-26-01-job","51-0820","","2/15/2026","2/15/2026","1123.62","V-001702","50300","AMOS"
"196594","32438CWS","34095","07258-26-01","07258-26-01-job","51-0820","","2/28/2026","2/28/2026","1264.56","V-001702","50300","AMOS"
"198166","3317","34215","07171-26-01","07171-26-01-job","46-3000","","2/28/2026","2/28/2026","16672.93","V-002061","50300","PLUGGING WELL 7699"
"198174","1518","34217","07114-26-01","07114-26-01-job","46-3000","","3/31/2026","3/31/2026","114029","V-002363","50300","PLUGGING JOHN A KEYS"
"198182","3286","34219","07207-26-01","07207-26-01-job","46-3000","","3/31/2026","3/31/2026","32133.29","V-002061","50300","PLUGGING WELL 7498"
"198186","3287","34221","07187-26-01","07187-26-01-job","46-3000","","3/31/2026","3/31/2026","146911.64","V-002061","50300","PLUGGING WELL 1135"
"198190","3316","34223","07206-26-01","07206-26-01-job","46-3000","","3/31/2026","3/31/2026","104283.28","V-002061","50300","PLUGGING WELL 7485"
"203678","1759498810001","34946","07195-26-01","07195-26-01-job","58-4000","","11/1/2025","11/1/2025","4806.05","V-001715","53000","HELEHANDLER FORKLIFT"
"203686","1759498810002","34948","07195-26-01","07195-26-01-job","58-4000","","11/29/2025","11/29/2025","4060.65","V-001715","53000","TELEHANDLER FORKLIFT"
"203700","3001426","34952","07222-26-01","07222-26-01-job","47-0810","","12/11/2025","12/11/2025","5.49","V-002238","50300","COUPLING"
"207452","93542206","35458","07234-26-01","07234-26-01-job","58-4000","","1/9/2026","1/9/2026","142.09","V-002238","50300","VALVE BALL"
"207462","5212930607","35460","07071-26-01","07071-26-01-job","51-0100","","1/31/2026","1/31/2026","459.48","V-001250","50300","D.MCCOWIEN LODING"
"207468","5212930608","35462","07180-26-01","07180-26-01-job","51-0820","","1/31/2026","1/31/2026","77","V-001250","50300","MCCOWIEN FUEL"
"207516","93549917","35470","07221-26-01","07221-26-01-job","48-0810","","2/2/2026","2/2/2026","138.72","V-002238","50300","CAM LOCK/MAT-ENTERANCE"
"207570","5812930608","35482","07228-26-01","07228-26-01-job","51-4015","","2/13/2026","2/13/2026","2851.65","V-001098","50100","MEC LABOR ON CWS JOBS"
"207578","5212930609","35484","07258-26-01","07258-26-01-job","51-1015","","2/13/2026","2/13/2026","3176.2","V-001250","50100","HDD LABOR CWS 07258"
"207592","5212930610","35486","07257-26-01","07257-26-01-job","51-4015","","2/20/2026","2/20/2026","883.26","V-001250","50100","HDD LABOR ON CWS JOBS"
"207604","5812930609","35488","07228-26-01","07228-26-01-job","51-4015","","2/20/2026","2/20/2026","2794.34","V-001098","50100","MEC LABOR ON CWS JOBS"
"207608","5812930610","35490","07228-26-01","07228-26-01-job","51-4015","","2/27/2026","2/27/2026","2794.34","V-001098","50100","MEC LABOR ON CWS JOBS"
"207624","5212930611","35494","07280-26-01","07280-26-01-job","51-1015","","2/27/2026","2/27/2026","3765.18","V-001250","50100","HDD LABOR ON CWS"
"207890","10028294653","35546","07213-26-01","07213-26-01-job","47-0100","","2/13/2026","2/13/2026","377.4","V-001115","50300","LODGING-G.GREEN"
"208230","10028331735","35618","07213-26-01","07213-26-01-job","47-0100","","2/16/2026","2/16/2026","377.4","V-001115","50300","LODGING-K.MORGAN"
"208234","10028325677","35620","07226-26-01","07226-26-01-job","47-0100","","2/16/2026","2/16/2026","283.05","V-001115","50300","LODGING-S.NESTOR"
"208238","10028331914","35622","07213-26-01","07213-26-01-job","47-0100","","2/16/2026","2/16/2026","377.4","V-001115","50300","LODGING-J.PECK"
"208254","10028325684","35626","07213-26-01","07213-26-01-job","47-0100","","2/19/2026","2/19/2026","283.05","V-001115","50300","LODGING-J.BROSIOUS"
"208258","29138","35628","07252-26-01","07252-26-01-job","47-0100","","2/20/2026","2/20/2026","328","V-000201","50300","LODGING-TANNER TORRES"
"208266","10028334336","35632","07240-26-01","07240-26-01-job","47-0100","","2/20/2026","2/20/2026","471.75","V-001115","50300","LODGING-J.HELDRETH"
"208270","10028331908","35634","07213-26-01","07213-26-01-job","47-0100","","2/20/2026","2/20/2026","377.4","V-001115","50300","LODGING-G.GREEN"
"208274","10028334732","35636","07221-26-01","07221-26-01-job","48-0100","","2/20/2026","2/20/2026","94.35","V-001115","50300","LODGING-D.LAMPKIN"
"208278","10028331722","35638","07226-26-01","07226-26-01-job","47-0100","","2/20/2026","2/20/2026","377.4","V-001115","50300","LODGING-E.HALL"
"208286","29186","35642","07252-26-01","07252-26-01-job","47-0100","","2/26/2026","2/26/2026","246","V-000201","50300","LODGING-TANNER TORRES"
"208290","R005810","35644","07291-26-01","07291-26-01-job","58-4000","","3/1/2026","3/1/2026","200","V-001229","50300","PORTA JOHN RENTAL 103"
"208310","29244","35650","07252-26-01","07252-26-01-job","47-0100","","3/6/2026","3/6/2026","410","V-000201","50300","LODGING-I.MITCHELL"
"208314","3292","35652","07270-26-01","07270-26-01-job","58-4000","","3/9/2026","3/9/2026","371.21","V-002061","50300","FUEL FOR GH-83"
"208334","R005883","35660","07288-26-01","07288-26-01-job","58-4000","","3/13/2026","3/13/2026","200","V-001229","50300","PORTA JOHN RENTAL 101"
"208338","29266","35662","07252-26-01","07252-26-01-job","47-0100","","3/13/2026","3/13/2026","328","V-000201","50300","LODGING-I.MITCHELL"
"208344","2256191","35664","07240-26-01","07240-26-01-job","51-0820","","3/17/2026","3/17/2026","1323.88","V-001702","50300","RUFF CREEK TANK"
"208362","1011462","35670","07283-26-01","07283-26-01-job","58-2000","","3/18/2026","3/18/2026","1711.75","V-000750","50300","HAULED JOHN DEERE 210 EXCAVATOR"
"208380","2255799","35676","07289-26-01","07289-26-01-job","51-0820","","3/18/2026","3/18/2026","1175.15","V-001702","50300","FUEL TANK-ELM GROVE"
"208388","0261845698","35678","07233-26-01","07233-26-01-job","58-5000","","3/19/2026","3/19/2026","262.33","V-000009","50300","STAPLE PINS"
"208394","0261845702","35680","07283-26-01","07283-26-01-job","58-1000","","3/19/2026","3/19/2026","75.72","V-000009","50300","SYP RATED STEATH"
"208398","877613","35682","07273-26-01","07273-26-01-job","49-0810","","3/19/2026","3/19/2026","475","V-001398","50300","API 6 PULLER HEAD 4 WEB"
"208402","404260","35684","07297-26-01","07297-26-01-job","51-0600","","3/19/2026","3/19/2026","2629.03","V-000666","50300","CHAIN SAW//FILE"
"208406","29312","35686","07196-26-01","07196-26-01-job","47-0100","","3/20/2026","3/20/2026","410","V-000201","50300","LODGING-I.MITCHELL"
"208412","I8097","35688","07267-26-01","07267-26-01-job","58-4000","","3/20/2026","3/20/2026","291.5","V-001439","50300","PORTA JOHN RENTAL"
"208426","1909A","35694","07295-26-01","07295-26-01-job","58-1000","","3/23/2026","3/23/2026","2120.25","V-001069","50300","SOLAR ENERGIZIER S 100"
"208432","I8112","35696","07258-26-01","07258-26-01-job","58-4000","","3/23/2026","3/23/2026","291.5","V-001439","50300","PORTA JOHN RENTAL"
"208444","CDE032326A","35700","07221-26-01","07221-26-01-job","48-4111","","3/23/2026","3/23/2026","531.25","V-001331","50300","HAULED WATER AND DRILL MUD"
"208450","CDE032326B","35702","07295-26-01","07295-26-01-job","58-1000","","3/23/2026","3/23/2026","1187.5","V-001331","50300","HAULED FLATBED MATERIALS"
"208462","000000011983","35706","07288-26-01","07288-26-01-job","49-3000","","3/28/2026","3/28/2026","3722.04","V-000722","50100","RIG 101 LABOR WE 03/22-03/28/26"
"208466","000000011984","35708","07291-26-01","07291-26-01-job","49-3000","","3/28/2026","3/28/2026","7648.86","V-000722","50100","RIG 103 LABOR WE 03/22-03/28/26"
"208470","000000011985","35710","07230-26-01","07230-26-01-job","47-3000","","3/28/2026","3/28/2026","4902.6","V-000722","50100","RIG 212 LABOR WE 03/22-03/28/26"
"208474","000000011986","35712","07201-26-01","07201-26-01-job","47-3000","","3/28/2026","3/28/2026","3654.16","V-000722","50100","RIG 213 LABOR WE 03/22-03/28/26"
"208478","000000011990","35714","07147-26-01","07147-26-01-job","47-3000","","3/28/2026","3/28/2026","10140.04","V-000722","50100","RIG 237 LABOR 03/22-03/28/26"
"208484","000000011991","35716","07267-26-01","07267-26-01-job","47-3000","","3/28/2026","3/28/2026","3192.51","V-000722","50100","RIG 238LABOR WE 03/22-03/28/26"
"208490","20260087","35718","07251-26-01","07251-26-01-job","58-4009","","3/31/2026","3/31/2026","7952","V-000566","50300","COMPOSITE MAT RENTAL"
"208494","20260089","35720","07230-26-01","07230-26-01-job","58-4009","","3/31/2026","3/31/2026","2336","V-000566","50300","COMPOSITE MAT RENTAL"
"208498","144901","35722","07291-26-01","07291-26-01-job","58-4000","","3/31/2026","3/31/2026","1674.97","V-000679","50300","FUEL TANK RIG 103"
"208502","000000011996","35724","07261-26-01","07261-26-01-job","48-3000","","3/28/2026","3/28/2026","422.92","V-000722","50100","RIG 249 LABOR WE 03/22-03/28/26"
"208506","000000011992","35726","07219-26-01","07219-26-01-job","47-3000","","3/28/2026","3/28/2026","1299.72","V-000722","50100","RIG 242 LABOR WE 03/22-03/28/26"
"208510","000000011993","35728","07227-26-01","07227-26-01-job","48-3000","","3/28/2026","3/28/2026","8555.51","V-000722","50100","RIG 243 LABOR WE 03/22-03/28/26"
"208514","000000011994","35730","07258-26-01","07258-26-01-job","47-3000","","4/1/2026","4/1/2026","4842.4","V-000722","50100","RIG 247 LABOR WE 03/22-03/28/26"
"208520","000000011987","35732","07268-26-01","07268-26-01-job","47-3000","","4/1/2026","4/1/2026","2785.8","V-000722","50100","RIG 214 LABOR WE 03/22-03/28/26"
"208526","000000011995","35734","07221-26-01","07221-26-01-job","48-3000","","4/1/2026","4/1/2026","5549.2","V-000722","50100","RIG 248 LABOR WE 03/22-03/28/26"
"208530","000000011988","35736","07235-26-01","07235-26-01-job","47-3000","","3/28/2026","3/28/2026","576.22","V-000722","50100","RIG 220 LABOR 03/22-03/28-26"
"208536","000000011997","35738","07305-26-01","07305-26-01-job","49-3000","","3/28/2026","3/28/2026","1015.84","V-000722","50100","RIG 250 LABOR WE 03/22-03/28/26"
"208542","000000011998","35740","07290-26-01","07290-26-01-job","48-3000","","3/28/2026","3/28/2026","4488.54","V-000722","50100","RIG 251 LABOR WE 03/22-03/28/26"
"208546","000000011999","35742","07280-26-01","07280-26-01-job","47-3000","","3/28/2026","3/28/2026","4474.48","V-000722","50100","RIG 713 LABOR WE 03/22-03/28-26"
"208550","752815","35744","07212-26-01","07212-26-01-job","58-5000","","3/31/2026","3/31/2026","742.6","V-000737","50300","STONE"
"208554","1011498","35746","07295-26-01","07295-26-01-job","58-1000","","3/23/2026","3/23/2026","505.75","V-000945","50300","HAULED TIMBER MATS"
"208558","752816","35748","07240-26-01","07240-26-01-job","58-5000","","3/31/2026","3/31/2026","2883.1","V-000737","50300","STONE"
"208570","26800","35752","07147-26-01","07147-26-01-job","52-0310","","4/6/2026","4/6/2026","1969.3","V-000785","50300","FREIGT FOR INVOICE 26790"
"208576","1011483","35754","07234-26-01","07234-26-01-job","51-5015","","4/8/2026","4/8/2026","1838.7","V-000945","50100","MISC LABOR"
"208586","524651","35758","07264-26-01","07264-26-01-job","58-4000","","4/2/2026","4/2/2026","14.97","V-001135","50300","CONCRETE"
"208590","524824","35760","07219-26-01","07219-26-01-job","58-4000","","4/3/2026","4/3/2026","45.9","V-001135","50300","SUNCOAST FINE CUT SHAVINGS"
"208596","2266001","35762","07260-26-01","07260-26-01-job","51-0820","","3/25/2026","3/25/2026","973.54","V-001702","50300","FUEL TANK-RUFF CREEK"
"208602","524221","35764","07299-26-01","07299-26-01-job","58-1000","","3/31/2026","3/31/2026","471.96","V-001135","50300","SILVERBELT FENCE"
"208626","524703","35770","07207-26-01","07207-26-01-job","58-4000","","4/2/2026","4/2/2026","56.85","V-001135","50300","STEP IN POST"
"208634","5503","35772","07268-26-01","07268-26-01-job","58-4000","","4/6/2026","4/6/2026","4749.36","V-001445","50300","STONE"
"208650","1517","35778","07263-26-01","07263-26-01-job","46-3000","","3/31/2026","3/31/2026","71571.96","V-002363","50300","PLUGGING PROPHETA 288-1V"
"213016","5812930606","36170","07071-26-01","07071-26-01-job","51-0820","","1/31/2026","1/31/2026","272.51","V-001098","50300","R COX FUEL"
"214380","4255396998C","36500","07201-26-01","07201-26-01-job","47-0250","","1/6/2026","1/6/2026","50.11","V-000343","50300","CORRECTION INVOICE FOR SHORT PAY OF INVOICE"
"214384","4256896120C","36502","07230-26-01","07230-26-01-job","47-0250","","1/20/2026","1/20/2026","25.03","V-000343","50300","FIXING INVOICE FOR SHORT PAY"
"214416","27090","36514","07187-26-01","07187-26-01-job","58-4000","","2/19/2026","2/19/2026","2500","V-000207","50300","RR SB TOOTH BIT SN LR7033"
"214420","80406033","36516","07212-26-01","07212-26-01-job","47-0100","","2/20/2026","2/20/2026","377.4","V-001435","50300","LODGING-E.CLARK"
"214424","80406034","36518","07212-26-01","07212-26-01-job","47-0100","","2/20/2026","2/20/2026","471.75","V-001435","50300","LODGING-D.HALL"
"214428","80406037","36520","07147-26-01","07147-26-01-job","47-0100","","2/20/2026","2/20/2026","1352.98","V-001435","50300","LODGING-T.BORKOQSKI"
"214432","80406050","36522","07240-26-01","07240-26-01-job","47-0100","","2/20/2026","2/20/2026","377.4","V-001435","50300","LODGING-R.ALLEN"
"214436","80406062","36524","07147-26-01","07147-26-01-job","47-0100","","2/20/2026","2/20/2026","1357.26","V-001435","50300","LODGING-W.METZGER"
"214440","80406065","36526","07212-26-01","07212-26-01-job","47-0100","","2/20/2026","2/20/2026","377.4","V-001435","50300","LODGING-L.CLARKSON"
"214444","80406072","36528","07201-26-01","07201-26-01-job","47-0100","","2/20/2026","2/20/2026","377.4","V-001435","50300","LODGING-K.KING"
"214448","80406073","36530","07212-26-01","07212-26-01-job","47-0100","","2/20/2026","2/20/2026","471.75","V-001435","50300","LODGING-T.CORNELL"
"214452","80406074","36532","07240-26-01","07240-26-01-job","47-0100","","2/20/2026","2/20/2026","471.75","V-001435","50300","LODGING-P.ROWE"
"214456","80406084","36534","07201-26-01","07201-26-01-job","47-0100","","2/20/2026","2/20/2026","377.4","V-001435","50300","LODGING"
"214460","80406085","36536","07230-26-01","07230-26-01-job","47-0100","","2/20/2026","2/20/2026","377.4","V-001435","50300","LODGING-B.DONATE"
"214464","80406100","36538","07234-26-01","07234-26-01-job","48-0100","","2/20/2026","2/20/2026","471.75","V-001435","50300","LODGING-D.OGDEN"
"214500","80457815","36544","07234-26-01","07234-26-01-job","48-0100","","2/24/2026","2/24/2026","188.7","V-001435","50300","LODGING-D.OGDEN"
"214518","4260719968","36546","07235-26-01","07235-26-01-job","47-0250","","2/24/2026","2/24/2026","1438.14","V-000343","50300","UNIFORM RENTAL"
"214536","80461250","36548","07234-26-01","07234-26-01-job","48-0100","","2/25/2026","2/25/2026","94.35","V-001435","50300","LODGING-D.OGDEN"
"214540","80472377","36550","07267-26-01","07267-26-01-job","47-0100","","2/26/2026","2/26/2026","94.35","V-001435","50300","LODGING-J.PECK"
"214544","80484807","36552","07201-26-01","07201-26-01-job","47-0100","","2/27/2026","2/27/2026","377.4","V-001435","50300","LODGING-A.WAGNER"
"214548","80484842","36554","07201-26-01","07201-26-01-job","47-0100","","2/27/2026","2/27/2026","377.4","V-001435","50300","LODGING-I.WILLIAMS"
"214552","80484876","36556","07221-26-01","07221-26-01-job","48-0100","","2/27/2026","2/27/2026","283.05","V-001435","50300","LODGING-B.BARCLEY"
"214556","80484924","36558","07261-26-01","07261-26-01-job","48-0100","","2/27/2026","2/27/2026","283.05","V-001435","50300","LODGING-T.CORNELL"
"214560","80484925","36560","07147-26-01","07147-26-01-job","47-0100","","2/27/2026","2/27/2026","660.45","V-001435","50300","LODGING-W.METZGER"
"214564","80484927","36562","07230-26-01","07230-26-01-job","47-0100","","2/27/2026","2/27/2026","377.4","V-001435","50300","LODGING-B.DONATE"
"214568","80484964","36564","07230-26-01","07230-26-01-job","47-0100","","2/27/2026","2/27/2026","471.75","V-001435","50300","LODGING-M.SMITH"
"214572","80484965","36566","07261-26-01","07261-26-01-job","47-0100","","2/27/2026","2/27/2026","283.05","V-001435","50300","LODGING-E.CLARK"
"214576","80484966","36568","07235-26-01","07235-26-01-job","47-0100","","2/27/2026","2/27/2026","377.4","V-001435","50300","LODGING-R.WALKER"
"214580","80484967","36570","07201-26-01","07201-26-01-job","47-0100","","2/27/2026","2/27/2026","283.05","V-001435","50300","LODGING-K.KING"
"214584","80484996","36572","07235-26-01","07235-26-01-job","47-0100","","2/27/2026","2/27/2026","471.75","V-001435","50300","LODGING-P.ROWE"
"214588","80484998","36574","07267-26-01","07267-26-01-job","47-0100","","2/27/2026","2/27/2026","122.1","V-001435","50300","LODGING-J.PECK"
"214710","5412930602","36602","07152-26-01","07152-26-01-job","51-0820","","2/28/2026","2/28/2026","100.83","V-001754","50300","N.VINCENT FUEL"
"214724","0261845129","36604","07226-26-01","07226-26-01-job","58-4000","","2/28/2026","2/28/2026","147.3","V-000009","50300","PREM KD SPF"
"214744","80565770","36610","07147-26-01","07147-26-01-job","47-0100","","3/6/2026","3/6/2026","320","V-001435","50300","LODGING-W.METZGER"
"214748","80565771","36612","07235-26-01","07235-26-01-job","47-0100","","3/6/2026","3/6/2026","160","V-001435","50300","LODGING-R.WALKER"
"214752","80565813","36614","07201-26-01","07201-26-01-job","47-0100","","3/6/2026","3/6/2026","320","V-001435","50300","LODGING-K.KING"
"214756","80565815","36616","07252-26-01","07252-26-01-job","47-0100","","3/6/2026","3/6/2026","160","V-001435","50300","LODGING-I.WILLIAMS"
"214760","80565832","36618","07230-26-01","07230-26-01-job","47-0100","","3/6/2026","3/6/2026","320","V-001435","50300","LODGING-B.DONATE"
"214764","80565835","36620","07234-26-01","07234-26-01-job","48-0100","","3/6/2026","3/6/2026","323.24","V-001435","50300","LODGING-T.FORD"
"214768","5812930612","36622","07228-26-01","07228-26-01-job","51-4015","","3/6/2026","3/6/2026","2794.35","V-001098","50100","MEC LABORERS"
"214772","474001","36624","07239-26-01","07239-26-01-job","59-0002","","3/12/2026","3/12/2026","165951.58","V-001560","50300","YELLOW BIRD"
"214810","5812930613","36634","07284-26-01","07284-26-01-job","51-1015","","3/13/2026","3/13/2026","3247.37","V-001098","50100","MEC LABORERS"
"214824","647","36636","07235-26-01","07235-26-01-job","51-4015","","3/14/2026","3/14/2026","4398","V-000804","50100","OPERATED DOZER 26-1555"
"214884","4704381","36650","07196-26-01","07196-26-01-job","58-2000","","3/20/2026","3/20/2026","4550","V-001560","50300","MOVED WCWS RIG 221"
"214896","5212930615","36652","07233-26-01","07233-26-01-job","51-4015","","3/20/2026","3/20/2026","1051.62","V-001250","50100","HDD LABORERS"
"214910","653","36654","07236-26-01","07236-26-01-job","51-5015","","3/21/2026","3/21/2026","600","V-000804","50100","OPERATED WHEEL LOADER 24-1502"
"214916","0261845759","36656","07233-26-01","07233-26-01-job","47-0250","","3/21/2026","3/21/2026","255.19","V-000009","50300","STAPLE PINS"
"214920","9390","36658","07293-26-01","07293-26-01-job","51-0100","","3/22/2026","3/22/2026","545.79","V-001675","50300","LODGING-B.BLACK"
"214924","1011499","36660","07295-26-01","07295-26-01-job","58-1000","","3/23/2026","3/23/2026","387.5","V-000750","50300","HAULED TIMBER MATS"
"214928","6387","36662","07291-26-01","07291-26-01-job","58-4000","","3/23/2026","3/23/2026","2300","V-001262","50300","HAULED SWIVEL,BOP"
"214936","5653","36666","07294-26-01","07294-26-01-job","58-4000","","3/23/2026","3/23/2026","1436","V-001232","50300","CASING SWAGE/CASING COLLAR"
"214940","PRT0100497","36668","07260-26-01","07260-26-01-job","46-0600","","3/23/2026","3/23/2026","363.04","V-000306","53000","ELEMENT/GASKET"
"214944","6378","36670","07206-26-01","07206-26-01-job","58-4000","","3/23/2026","3/23/2026","1160.5","V-001262","50300","HYDROGEL PLUS"
"214948","6379","36672","07219-26-01","07219-26-01-job","58-4000","","3/23/2026","3/23/2026","1160.5","V-001262","50300","HYDOGEL PLUS"
"214952","6380","36674","07227-26-01","07227-26-01-job","58-4000","","3/23/2026","3/23/2026","917.16","V-001262","50300","CITRIC ACID"
"214956","6381","36676","07266-26-01","07266-26-01-job","58-4000","","3/23/2026","3/23/2026","1528.6","V-001262","50300","CITRIC ACID"
"214960","6382","36678","07290-26-01","07290-26-01-job","58-4000","","3/23/2026","3/23/2026","1821","V-001262","50300","HYDRO GEL PLUS"
"214964","6383","36680","07258-26-01","07258-26-01-job","58-4000","","3/24/2026","3/24/2026","1953.86","V-001262","50300","HYDRO GEL/THINNER"
"215002","4263649804","36686","07248-26-01","07248-26-01-job","51-0250","","3/24/2026","3/24/2026","455.69","V-000343","50300","UNIFORM RENTAL"
"215030","CDE032426A","36688","07240-26-01","07240-26-01-job","58-4000","","3/24/2026","3/24/2026","2812.5","V-001331","50300","HAULED DRILL MUD AND WATER"
"215036","CDE032426B","36690","07187-26-01","07187-26-01-job","58-4000","","3/24/2026","3/24/2026","1562.5","V-001331","50300","HAULED DRILL MUD"
"215040","5944","36692","07295-26-01","07295-26-01-job","58-1000","","3/24/2026","3/24/2026","2050","V-000823","50300","CALCIUM/HOT WATER"
"215050","CDE032426C","36696","07280-26-01","07280-26-01-job","58-4000","","3/24/2026","3/24/2026","687.5","V-001331","50300","HAULED FRESH WATER/DRILL MUD"
"215068","536287","36702","07239-26-01","07239-26-01-job","59-0010","","3/24/2026","3/24/2026","1619.8","V-001214","50300","4 MAN CREW WITH TRUCK"
"215074","BSC30124","36704","07280-26-01","07280-26-01-job","58-4000","","3/24/2026","3/24/2026","1310.27","V-000190","50300","WASTE DISPOSAL"
"215082","BSC30125","36706","07240-26-01","07240-26-01-job","58-4000","","3/24/2026","3/24/2026","2303.17","V-000190","50300","WASTE DISPOSAL"
"215090","MM3140","36708","07240-26-01","07240-26-01-job","58-4000","","3/24/2026","3/24/2026","4798.62","V-001207","50300","TRUCK WASHOUT"
"215098","MM3142","36710","07187-26-01","07187-26-01-job","58-4000","","3/24/2026","3/24/2026","2625.09","V-001207","50300","TRUCK WASHOUT"
"215104","6372","36712","07283-26-01","07283-26-01-job","58-1000","","3/24/2026","3/24/2026","2510","V-001262","50300","CORRUGATED PIPE"
"215108","29345","36714","07147-26-01","07147-26-01-job","47-0100","","3/24/2026","3/24/2026","164","V-000201","50300","LODGING-I.MITCHELL"
"215150","557020001","36725","07239-26-01","07239-26-01-job","59-0011","","3/24/2026","3/24/2026","1714.76","V-001673","53000","SURFACE RENTAL"
"215160","706009","36729","07239-26-01","07239-26-01-job","59-0008","","3/24/2026","3/24/2026","150.09","V-000807","50300","HOSE/ADAPTER"
"215188","5287","36733","07239-26-01","07239-26-01-job","59-0007","","3/25/2026","3/25/2026","5150","V-001455","50300","LAID CASING"
"215192","0261845896","36735","07295-26-01","07295-26-01-job","58-1000","","3/25/2026","3/25/2026","19.72","V-000009","50300","PENNANTS"
"215218","5572990001","36739","07239-26-01","07239-26-01-job","59-0011","","3/25/2026","3/25/2026","1578.18","V-001673","53000","TECHNICIAN"
"215280","5573160001","36757","07239-26-01","07239-26-01-job","59-0011","","3/25/2026","3/25/2026","1120","V-001673","53000","PORTABLE WATER DELIVERY"
"215284","1917A","36759","07248-26-01","07248-26-01-job","58-5000","","3/25/2026","3/25/2026","1662.25","V-001069","50300","OTC/FROSTY ANNUAL RYE"
"215290","CDE032526A","36761","07221-26-01","07221-26-01-job","58-4000","","3/25/2026","3/25/2026","6500","V-001331","50300","HAULED DRILL MUD AND WATER"
"215298","INV34046290","36763","07293-26-01","07293-26-01-job","58-1000","","3/25/2026","3/25/2026","8548.08","V-000136","50300","STONE"
"215308","1800935710004","36766","07264-26-01","07264-26-01-job","58-4000","","3/25/2026","3/25/2026","-539.01","V-001715","53000","RENTAL PROTECTION PLAN CREDIT"
"215316","BSC30123","36768","07221-26-01","07221-26-01-job","58-4000","","3/25/2026","3/25/2026","5658.97","V-000190","50300","TRUCK CLEAN OUT"
"215324","MM3141","36770","07221-26-01","07221-26-01-job","58-4000","","3/25/2026","3/25/2026","6736.3","V-001207","50300","TRUCK WASHOUT"
"215330","6373","36772","07296-26-01","07296-26-01-job","58-1000","","3/25/2026","3/25/2026","8144.54","V-001262","50300","SWITCHGRASS FILTER SOCK"
"215336","6374","36775","07233-26-01","07233-26-01-job","58-5000","","3/25/2026","3/25/2026","2055.25","V-001262","50300","EROSION BLANKET"
"215340","6375","36777","07234-26-01","07234-26-01-job","58-5000","","3/25/2026","3/25/2026","2055.25","V-001262","50300","EROSION BLANKET"
"215344","9285","36779","07258-26-01","07258-26-01-job","47-0100","","3/25/2026","3/25/2026","233.91","V-001675","50300","LODGING-G.HALL"
"215348","9307","36781","07261-26-01","07261-26-01-job","48-0100","","3/25/2026","3/25/2026","155.94","V-001675","50300","LODGING-G.MARKS"
"215352","9309","36783","07258-26-01","07258-26-01-job","47-0100","","3/25/2026","3/25/2026","233.91","V-001675","50300","LODGING-S.NESTOR"
"215356","9310","36785","07258-26-01","07258-26-01-job","47-0100","","3/25/2026","3/25/2026","233.91","V-001675","50300","LODGING-G.HALL"
"215360","9321","36787","07258-26-01","07258-26-01-job","47-0100","","3/25/2026","3/25/2026","77.97","V-001675","50300","LODGING-G.HALL"
"215364","6388","36789","07296-26-01","07296-26-01-job","58-1000","","3/26/2026","3/26/2026","287.5","V-001262","50300","HAULED RIG MATS"
"215368","6389","36791","07147-26-01","07147-26-01-job","58-4000","","3/26/2026","3/26/2026","503.13","V-001262","50300","HAULED DRILL PIPE"
"215372","6390","36793","07248-26-01","07248-26-01-job","58-5000","","3/26/2026","3/26/2026","646.88","V-001262","50300","HAULED MINI EXCAVATOR"
"215376","6376","36795","07283-26-01","07283-26-01-job","58-1000","","3/26/2026","3/26/2026","5948.79","V-001262","50300","SWITCHGRASS FILTER SOCK"
"215380","6385","36797","07258-26-01","07258-26-01-job","58-4000","","3/26/2026","3/26/2026","2097.7","V-001262","50300","CITRIC ACID/BICARBONATE OF SODA"
"215386","BSC30126","36799","07187-26-01","07187-26-01-job","58-4000","","3/26/2026","3/26/2026","7560.03","V-000190","50300","WASTE DISPOSAL"
"215392","5364","36801","07268-26-01","07268-26-01-job","58-4000","","3/26/2026","3/26/2026","410","V-002066","50300","PORTA JOHN RENTAL"
"215400","939N","36804","07206-26-01","07206-26-01-job","58-4000","","3/26/2026","3/26/2026","240.92","V-001111","50300","WELL MARKER FOR WELL 7485"
"215452","1426625","36809","07228-26-01","07228-26-01-job","58-4000","","3/26/2026","3/26/2026","1673.1","V-000969","50300","FISHING TOOLS"
"215458","937N","36811","07221-26-01","07221-26-01-job","48-4111","","3/26/2026","3/26/2026","240.92","V-001111","50300","WELL MARKER FOR WELL 5440"
"215466","938N","36813","07240-26-01","07240-26-01-job","47-4111","","3/26/2026","3/26/2026","240.92","V-001111","50300","WELL MARKER FOR WELL 820"
"215472","5288","36815","07239-26-01","07239-26-01-job","59-0007","","3/26/2026","3/26/2026","3650","V-001455","50300","LAID CASING"
"215476","2266963","36817","07267-26-01","07267-26-01-job","58-4000","","3/26/2026","3/26/2026","2033.62","V-001702","50300","FUEL TANK-RIG 238 JOB 7267"
"215482","INV34046383","36819","07293-26-01","07293-26-01-job","58-1000","","3/26/2026","3/26/2026","8083.97","V-000136","50300","STONE"
"215490","INV34046389","36821","07234-26-01","07234-26-01-job","58-5000","","3/26/2026","3/26/2026","2204.64","V-000136","50300","STONE"
"215496","2268360","36823","07267-26-01","07267-26-01-job","58-4000","","3/26/2026","3/26/2026","1954.27","V-001702","50300","FUEL TANK- RIG 238 JOB 7267"
"215500","8383312","36825","07290-26-01","07290-26-01-job","58-4000","","3/26/2026","3/26/2026","760","V-001995","50300","CLETUS D DILLIE #1"
"215576","1426589","36841","07147-26-01","07147-26-01-job","58-4000","","3/26/2026","3/26/2026","19506.78","V-000969","50300","FISHING TOOLS"
"215796","4138717","36891","07294-26-01","07294-26-01-job","58-4000","","3/26/2026","3/26/2026","276","V-001133","50300","CPLG TUBING"
"215800","6164963","36893","07239-26-01","07239-26-01-job","59-0008","","3/26/2026","3/26/2026","550","V-002115","50300","COUPLING CASING WELD ON"
"215888","4138701","36913","07301-26-01","07301-26-01-job","58-4000","","3/26/2026","3/26/2026","1345","V-001133","50300","CPLG CASING/SWAGE NIPPLE"
"215976","INV033886","36937","07213-26-01","07213-26-01-job","58-5009","","3/26/2026","3/26/2026","280.0","V-001697","50300","TIMBER MAT RENTAL"
"216320","80484879","37013","07147-26-01","07147-26-01-job","47-0100","","2/27/2026","2/27/2026","660.45","V-001435","50300","LODGING-T.BORKOWSKI"
"216388","80565847","37023","07221-26-01","07221-26-01-job","48-0100","","3/6/2026","3/6/2026","320","V-001435","50300","LODGING-B.BARCLEY"
"216392","80565886","37025","07230-26-01","07230-26-01-job","47-0100","","3/6/2026","3/6/2026","399.99","V-001435","50300","LODGING-M.SMITH"
"216396","0753660401","37027","07212-26-01","07212-26-01-job","58-4009","","3/8/2026","3/8/2026","2800","V-000978","53000","SUPER VAC RENTAL"
"216408","0261845721","37031","07266-26-01","07266-26-01-job","51-0810","","3/20/2026","3/20/2026","169.76","V-000009","50300","PRIME TRT SYP"
"216428","536308","37039","07251-26-01","07251-26-01-job","58-4000","","3/26/2026","3/26/2026","963.2","V-001214","50300","2 MAN CREW W/TRUCK"
"216434","I8192","37041","07251-26-01","07251-26-01-job","58-4000","","3/27/2026","3/27/2026","320.65","V-001439","50300","PORTA JOHN RENTAL"
"216442","2026731","37043","07233-26-01","07233-26-01-job","58-5000","","3/27/2026","3/27/2026","218.4","V-000184","50300","STAKES"
"216448","CDE032726B","37045","07206-26-01","07206-26-01-job","58-4000","","3/27/2026","3/27/2026","3375","V-001331","50300","HAULED DRILL MUD"
"216452","CDE032726C","37047","07235-26-01","07235-26-01-job","47-4111","","3/27/2026","3/27/2026","2125","V-001331","50300","HAULED FRESH WATER"
"216456","80811785","37049","07290-26-01","07290-26-01-job","48-0100","","3/27/2026","3/27/2026","752.64","V-001115","50300","LODGING-D.SCHMIDT"
"216460","80810903","37051","07290-26-01","07290-26-01-job","48-0100","","3/27/2026","3/27/2026","470.4","V-000399","50300","LODGING-B.BARCUS"
"216472","32900","37055","07299-26-01","07299-26-01-job","58-1000","","3/27/2026","3/27/2026","2080","V-000028","50300","HOT WATER/6370"
"216476","INV34046479","37057","07284-26-01","07284-26-01-job","58-1000","","3/27/2026","3/27/2026","4019.6","V-000136","50300","STONE"
"216482","INV34046482","37059","07296-26-01","07296-26-01-job","58-1000","","3/27/2026","3/27/2026","4643.16","V-000136","50300","STONE"
"216490","INV34046481","37061","07248-26-01","07248-26-01-job","58-5000","","3/27/2026","3/27/2026","1393.70","V-000136","50300","STONE"
"216496","6396","37063","07248-26-01","07248-26-01-job","58-5000","","3/27/2026","3/27/2026","503.13","V-001262","50300","HAULED SKID STEER"
"216516","80565920","37067","07235-26-01","07235-26-01-job","47-0100","","3/6/2026","3/6/2026","399.99","V-001435","50300","LODGING-P.ROWE"
"216520","80565985","37069","07240-26-01","07240-26-01-job","47-0100","","3/6/2026","3/6/2026","320","V-001435","50300","LODGING-R.KUHN"
"216524","80643667","37071","07147-26-01","07147-26-01-job","47-0100","","3/13/2026","3/13/2026","560","V-001435","50300","LODGING-W.METZGER"
"216548","CDE032726A","37079","07264-26-01","07264-26-01-job","58-4000","","3/27/2026","3/27/2026","1218.75","V-001331","50300","HAULED MINE DISPOSAL"
"216864","80643736","37149","07221-26-01","07221-26-01-job","48-0100","","3/13/2026","3/13/2026","480","V-001435","50300","LODGING-B.BARCKLEY"
"216872","93572158","37153","07147-26-01","07147-26-01-job","58-4000","","3/27/2026","3/27/2026","60.71","V-002238","50300","CUP-VISCOSITY MEASURING"
"216880","1924A","37157","07248-26-01","07248-26-01-job","58-5000","","3/27/2026","3/27/2026","18.5","V-001069","50300","GRIPPLE,MED"
"217056","6377","37213","07234-26-01","07234-26-01-job","58-5000","","3/26/2026","3/26/2026","779.72","V-001262","50300","PEF PIPE"
"217328","0753677901","37263","07227-26-01","07227-26-01-job","58-4009","","3/20/2026","3/20/2026","7000","V-000978","53000","SUPER VAC RENTAL"
"217332","0753678001","37265","07267-26-01","07267-26-01-job","58-4009","","3/20/2026","3/20/2026","7350","V-000978","53000","SUPER VAC RENTAL"
"217368","5298","37269","07206-26-01","07206-26-01-job","46-0100","","3/28/2026","3/28/2026","205","V-002066","50300","PORTA JOHN RENTAL"
"217372","5299","37271","07228-26-01","07228-26-01-job","58-4000","","3/28/2026","3/28/2026","410","V-002066","50300","PORTA JOHN RENTAL"
"217378","5300","37273","07268-26-01","07268-26-01-job","58-1000","","3/28/2026","3/28/2026","445.2","V-002066","50300","PORTA JOHN RENTAL"
"217384","000000011989","37275","07264-26-01","07264-26-01-job","47-3000","","3/28/2026","3/28/2026","2114.6","V-000722","50100","RIG 221 LABOR WE 03/22-03/28/26"
"217390","MM3143","37277","07227-26-01","07227-26-01-job","58-4000","","3/28/2026","3/28/2026","1568.8","V-001207","50300","TRUCK WASHOUT"
"217396","8163412N","37279","07288-26-01","07288-26-01-job","58-4000","","3/28/2026","3/28/2026","1140","V-001995","50300","PAD B/WELDING LABOR"
"217400","6398","37281","07195-26-01","07195-26-01-job","58-5000","","3/28/2026","3/28/2026","232.92","V-001262","50300","SILT FENCE"
"217404","6399","37283","07240-26-01","07240-26-01-job","58-5000","","3/28/2026","3/28/2026","1122.1","V-001262","50300","CORR ROLL PERF PIPE"
"217408","CDE032826A","37285","07227-26-01","07227-26-01-job","58-4000","","3/28/2026","3/28/2026","1187.5","V-001331","50300","HALED DRILL MUD"
"217412","5283","37287","07288-26-01","07288-26-01-job","58-4000","","3/28/2026","3/28/2026","2500","V-001455","50300","STAND BY"
"217418","942N","37289","07272-26-01","07272-26-01-job","58-4000","","3/29/2026","3/29/2026","318","V-001111","50300","WELL MARKER FOR WELL COP TRACT 29 #11"
"217426","941N","37291","07187-26-01","07187-26-01-job","58-4000","","3/29/2026","3/29/2026","240.92","V-001111","50300","WELL MARKER FOR WELL W-1135"
"217434","940N","37293","07264-26-01","07264-26-01-job","58-4000","","3/29/2026","3/29/2026","240.92","V-001111","50300","WELL MARKER FOR WELL MD-31"
"217442","943N","37295","07274-26-01","07274-26-01-job","58-4000","","3/29/2026","3/29/2026","240.92","V-001111","50300","WELL MARKER FOR GH-40"
"217552","5290","37329","07239-26-01","07239-26-01-job","59-0007","","3/29/2026","3/29/2026","2500","V-001455","50300","LAID CASING"
"217556","6432","37331","07244-26-01","07244-26-01-job","58-5000","","3/30/2026","3/30/2026","503.13","V-001262","50300","HAULED SKIDSTEER WITH BUCKET"
"217836","5812930614","37382","07284-26-01","07284-26-01-job","51-1015","","3/20/2026","3/20/2026","516.64","V-001098","50100","MEC LABORERS"
"217964","93571327","37400","07258-26-01","07258-26-01-job","47-0600","","3/26/2026","3/26/2026","726.48","V-002238","50300","SEAL-SIDE MUD BUCKET DOOR"
"218032","5812930615","37408","07285-26-01","07285-26-01-job","51-1015","","3/27/2026","3/27/2026","2051.7","V-001098","50100","MEC LABORERS"
"218090","61177","37422","07239-26-01","07239-26-01-job","59-0012","","3/27/2026","3/27/2026","665","V-002000","50300","CUT DOWN CONDUCTOR AND CASING"
"218094","61176","37424","07239-26-01","07239-26-01-job","59-0012","","3/28/2026","3/28/2026","1235","V-002000","50300","CUT AND WELDING TO CONDUCTOR"
"218098","61183","37426","07239-26-01","07239-26-01-job","59-0012","","3/29/2026","3/29/2026","665","V-002000","50300",""
"218102","61184","37428","07239-26-01","07239-26-01-job","59-0012","","3/30/2026","3/30/2026","1140","V-002000","50300","CUT DOWN CONDUCTOR AND CASING"
"218162","6408","37438","07240-26-01","07240-26-01-job","58-5000","","3/30/2026","3/30/2026","3884","V-001262","50300","CUT & DRY 100"
"218166","29370","37440","07240-26-01","07240-26-01-job","47-0100","","3/30/2026","3/30/2026","410","V-000201","50300","LODGING-A.MONTGOMERY"
"218170","6426","37442","07288-26-01","07288-26-01-job","58-4000","","3/30/2026","3/30/2026","2012.5","V-001262","50300","HAULED CASING,COLLAR,NIPPE"
"218210","2270827","37448","07260-26-01","07260-26-01-job","51-0820","","3/30/2026","3/30/2026","456.33","V-001702","50300","FUEL TANK-RUFF CREEK"
"218218","6400","37450","07249-26-01","07249-26-01-job","58-5000","","3/30/2026","3/30/2026","121.5","V-001262","50300","ZIP TIES"
"221063","80565887","37751","07227-26-01","07227-26-01-job","48-0100","","3/6/2026","3/6/2026","399.95","V-001435","50300","LODGING-I.EZELL"
"221069","80565922","37754","07261-26-01","07261-26-01-job","48-0100","","3/6/2026","3/6/2026","320","V-001435","50300","LODGING-T.CORNELL"
"221073","80565984","37756","07280-26-01","07280-26-01-job","47-0100","","3/6/2026","3/6/2026","320","V-001435","50300","LODGING-E.CLARK"
"221081","80643738","37760","07201-26-01","07201-26-01-job","47-0100","","3/13/2026","3/13/2026","240","V-001435","50300","LODGING-I.WILLIAMS"
"221085","80643748","37762","07235-26-01","07235-26-01-job","47-0100","","3/13/2026","3/13/2026","320","V-001435","50300","LODGING-I.WILLIAMS"
"221089","80643749","37764","07230-26-01","07230-26-01-job","47-0100","","3/13/2026","3/13/2026","320","V-001435","50300","LODGING-B.DONATE"
"221093","80643750","37766","07201-26-01","07201-26-01-job","47-0100","","3/13/2026","3/13/2026","320","V-001435","50300","LODGING-K.KING"
"221097","80643751","37768","07230-26-01","07230-26-01-job","47-0100","","3/13/2026","3/13/2026","400","V-001435","50300","LODGING-M.SMITH"
"221101","80643784","37770","07227-26-01","07227-26-01-job","48-0100","","3/13/2026","3/13/2026","400","V-001435","50300","LODGING-I.EZELL"
"221105","80643785","37772","07280-26-01","07280-26-01-job","47-0100","","3/13/2026","3/13/2026","320","V-001435","50300","LODGING-T.CORNELL"
"221109","80644256","37774","07235-26-01","07235-26-01-job","47-0100","","3/13/2026","3/13/2026","400","V-001435","50300","LODGING-P.ROWE"
"221113","80675860","37776","07280-26-01","07280-26-01-job","47-0100","","3/15/2026","3/15/2026","160","V-001435","50300","LODGING-T.CORNELL"
"221187","0272833","37792","07239-26-01","07239-26-01-job","59-0011","","3/30/2026","3/30/2026","3027.36","V-001325","50300","YELLOW BIRD YB 1"
"221193","6386","37794","07201-26-01","07201-26-01-job","58-4000","","3/30/2026","3/30/2026","1334.64","V-001262","50300","THINNER/CITRIC ACID"
"221197","CDE033026A","37796","07264-26-01","07264-26-01-job","58-4000","","3/30/2026","3/30/2026","3812.5","V-001331","50300","HAULED DRILL MUD"
"221201","8163712N","37798","07288-26-01","07288-26-01-job","58-4000","","3/30/2026","3/30/2026","950","V-001995","50300","PAD B/WELDING LABOR"
"221241","1927A","37806","07234-26-01","07234-26-01-job","58-5000","","3/30/2026","3/30/2026","1190.65","V-001069","50300","OTC/FROSTY ANNUAL RYE"
"221249","1928A","37808","07233-26-01","07233-26-01-job","58-5000","","3/30/2026","3/30/2026","622","V-001069","50300","OTC/FROSTY ANNUAL RYE"
"221253","1426886","37810","07301-26-01","07301-26-01-job","58-4000","","3/30/2026","3/30/2026","252","V-000969","50300","FISHING TOOLS"
"221261","2270843","37812","07295-26-01","07295-26-01-job","51-0820","","3/30/2026","3/30/2026","628.71","V-001702","50300","FUEL TANK-ELM GROVE"
"221269","2267990","37814","07261-26-01","07261-26-01-job","58-4000","","3/30/2026","3/30/2026","2272.52","V-001702","50300","FUEL TANK RIG 249 JOB 7261"
"221273","3293","37816","07275-26-01","07275-26-01-job","58-4000","","3/30/2026","3/30/2026","490","V-002061","50300","FUEL FOR GH-41"
"221277","3555","37818","07309-26-01","07309-26-01-job","58-2000","","3/30/2026","3/30/2026","6000","V-000502","50300","HAULED RIG AND TUB TO NEW SITE"
"221283","944N","37820","07302-26-01","07302-26-01-job","58-4000","","3/30/2026","3/30/2026","240.92","V-001111","50300","WELL MARKER FOR GH-109A"
"221291","945N","37822","07280-26-01","07280-26-01-job","47-4111","","3/30/2026","3/30/2026","240.92","V-001111","50300","WELL MARKER FOR WELL 5122"
"221317","2271064","37830","07251-26-01","07251-26-01-job","58-4000","","3/30/2026","3/30/2026","1528.71","V-001702","50300","FUEL TANK RIG 102 JOB 7251"
"221321","253712954009","37832","07228-26-01","07228-26-01-job","58-4000","","3/30/2026","3/30/2026","1696","V-001877","53000","LIGHT TOWER RENTAL-MINE FIRE"
"221327","PIT53536810010","37834","07239-26-01","07239-26-01-job","59-0011","","3/30/2026","3/30/2026","4104.53","V-000603","53000","TELEHANDLER RENTAL"
"221337","1800935710005","37836","07264-26-01","07264-26-01-job","58-4000","","3/30/2026","3/30/2026","4284.8","V-001715","53000","TRACK SKIDSTEER CAB"
"221347","MM3164","37838","07201-26-01","07201-26-01-job","58-4000","","3/30/2026","3/30/2026","3729.08","V-001207","50300","TRUCK WASHOUT"
"221353","877607","37840","07273-26-01","07273-26-01-job","58-4000","","3/30/2026","3/30/2026","360","V-001398","50300","CALIBER"
"221359","INV34046568","37842","07296-26-01","07296-26-01-job","58-1000","","3/30/2026","3/30/2026","5012.55","V-000136","50300","STONE"
"221367","INV34046575","37844","07240-26-01","07240-26-01-job","58-5000","","3/30/2026","3/30/2026","2085.41","V-000136","50300","STONE"
"221375","INV34046662","37846","07296-26-01","07296-26-01-job","58-1000","","3/31/2026","3/31/2026","1448.92","V-000136","50300","STONE"
"221381","1427558","37848","07187-26-01","07187-26-01-job","58-4000","","3/31/2026","3/31/2026","397.44","V-000969","50300","FISHING TOOLS"
"221385","1427581","37850","07267-26-01","07267-26-01-job","58-4000","","3/31/2026","3/31/2026","7344","V-000969","50300","FISHING TOOLS"
"221393","1427115","37854","07261-26-01","07261-26-01-job","58-4000","","3/31/2026","3/31/2026","8121.6","V-000969","50300","FISHING TOOLS"
"221397","6412","37856","07240-26-01","07240-26-01-job","58-5000","","3/31/2026","3/31/2026","5074.5","V-001262","50300","CUT & DRY 100"
"221401","6410","37858","07299-26-01","07299-26-01-job","51-0250","","3/31/2026","3/31/2026","200.4","V-001262","50300","DRINKING WATER"
"221405","6409","37860","07299-26-01","07299-26-01-job","58-4000","","3/31/2026","3/31/2026","1684.94","V-001262","50300","HYDRO GEL PLUS/SODA ASH DENSE"
"221419","I17437","37864","07239-26-01","07239-26-01-job","59-0011","","3/31/2026","3/31/2026","787.05","V-001770","53000","PORTA JOHN RENTAL"
"221425","33027","37866","07304-26-01","07304-26-01-job","58-1000","","3/31/2026","3/31/2026","18688.03","V-000028","50300","STONE"
"221433","80659368","37870","07147-26-01","07147-26-01-job","47-0100","","3/14/2026","3/14/2026","1033.1","V-001435","50300","LODGING-T.BORKOWSKI"
"221437","1011578","37872","07291-26-01","07291-26-01-job","58-4000","","4/1/2026","4/1/2026","3212.5","V-000750","50300","HAULED STEEL TUBING"
"221441","600896549620","37874","07187-26-01","07187-26-01-job","58-4000","","4/1/2026","4/1/2026","2108.39","V-001945","50300","WASTE REMOVAL"
"221445","600896849624","37876","07201-26-01","07201-26-01-job","58-4000","","4/1/2026","4/1/2026","3146.76","V-001945","50300","WASTE REMOVAL"
"221449","600898249625","37878","07235-26-01","07235-26-01-job","58-4000","","4/1/2026","4/1/2026","2257.12","V-001945","50300","WASTE REMOVAL"
"221453","600898349623","37880","07280-26-01","07280-26-01-job","58-4000","","4/1/2026","4/1/2026","4951.88","V-001945","50300","WASTE REMOVAL"
"221457","600898749624","37882","07239-26-01","07239-26-01-job","59-0010","","4/1/2026","4/1/2026","10172.45","V-001945","50300","WASTE REMOVAL"
"221461","600899049628","37884","07258-26-01","07258-26-01-job","58-4000","","4/1/2026","4/1/2026","3422.16","V-001945","50300","WASTE REMOVAL"
"221465","600899149626","37886","07240-26-01","07240-26-01-job","58-4000","","4/1/2026","4/1/2026","3491.41","V-001945","50300","WASTE REMOVAL"
"221471","INV34046771","37888","07296-26-01","07296-26-01-job","58-1000","","4/1/2026","4/1/2026","4305.56","V-000136","50300","STONE"
"221479","INV34046773","37890","07240-26-01","07240-26-01-job","58-5000","","4/1/2026","4/1/2026","1615.10","V-000136","50300","STONE"
"221491","2273888","37892","07236-26-01","07236-26-01-job","53-0820","","4/2/2026","4/2/2026","587.9","V-001702","50300","FUEL TANK-HUNRED ON ROAD"
"221501","2275346","37894","07233-26-01","07233-26-01-job","51-0820","","4/2/2026","4/2/2026","673.19","V-001702","50300","FUEL TANK- HUNDRED OFF ROAD"
"221509","2275292","37896","07303-26-01","07303-26-01-job","51-0820","","4/2/2026","4/2/2026","650.39","V-001702","50300","FUEL TANK-RUFF CREEK"
"221525","11300","37902","07308-26-01","07308-26-01-job","58-4000","","4/2/2026","4/2/2026","6862.97","V-001022","50300","CLASS A COMMON"
"221533","1011585","37906","07238-26-01","07238-26-01-job","59-0012","","4/3/2026","4/3/2026","1017.5","V-000750","50300","HAULED CAR WHEEL LOADER"
"221537","256005276005","37908","07291-26-01","07291-26-01-job","58-4000","","4/3/2026","4/3/2026","1537.5","V-001877","53000","GENERATOR RENTAL RIG 103"
"221541","2276814","37910","07239-26-01","07239-26-01-job","59-0008","","4/3/2026","4/3/2026","9231.68","V-001702","50300","FUEL TANK-POLAR VORTEX"
"221579","1011482","37914","07239-26-01","07239-26-01-job","51-4015","","4/3/2026","4/3/2026","756","V-000945","50100","MISC LABOR"
"221601","000000012699","37916","07288-26-01","07288-26-01-job","49-3000","","4/4/2026","4/4/2026","2246.3","V-000722","50100","RIG 101 LABOR WE 03/29-04/04/26"
"221605","000000012700","37918","07291-26-01","07291-26-01-job","49-3000","","4/4/2026","4/4/2026","4530.72","V-000722","50100","RIG 103 LABOR WE 03/29-04/04/26"
"221609","000000012701","37920","07230-26-01","07230-26-01-job","47-3000","","4/4/2026","4/4/2026","6104.88","V-000722","50100","RIG 212 LABOR WE 03/29-04/04/26"
"221615","000000012702","37922","07201-26-01","07201-26-01-job","47-3000","","4/4/2026","4/4/2026","1236.68","V-000722","50100","RIG 213 LABOR WE 03/29-04/04/26"
"221621","000000012707","37924","07219-26-01","07219-26-01-job","47-3000","","4/4/2026","4/4/2026","2292.28","V-000722","50100","RIG 242 LABOR WE 03/29-04/04/26"
"221625","000000012708","37926","07227-26-01","07227-26-01-job","48-3000","","4/4/2026","4/4/2026","10812.28","V-000722","50100","RIG 243 LABOR WE 03/29-04/04/26"
"221629","000000012709","37928","07258-26-01","07258-26-01-job","47-3000","","4/4/2026","4/4/2026","4474.48","V-000722","50100","RIG 247 LABOR WE 03/29-04/04/26"
"221633","000000012710","37930","07261-26-01","07261-26-01-job","48-3000","","4/4/2026","4/4/2026","1814.32","V-000722","50100","RIG 249 LABOR WE 03/29-04/04/26"
"221637","000000012711","37932","07305-26-01","07305-26-01-job","49-3000","","4/4/2026","4/4/2026","2280.57","V-000722","50100","RIG 250 LABOR WE 03/29-04/04/26"
"221641","000000012712","37934","07290-26-01","07290-26-01-job","48-3000","","4/4/2026","4/4/2026","3329.82","V-000722","50100","RIG 251 LABOR WE 03/29-04/04/26"
"221645","000000012713","37936","07260-26-01","07260-26-01-job","47-3000","","4/4/2026","4/4/2026","3561","V-000722","50100","RIG 713 LABOR WE 03/29-04/04/26"
"221649","000000012703","37938","07268-26-01","07268-26-01-job","47-3000","","4/4/2026","4/4/2026","3660.36","V-000722","50100","RIG 214 LABOR WE 03/29-04/04/26"
"221653","000000012705","37940","07147-26-01","07147-26-01-job","47-3000","","4/4/2026","4/4/2026","9996.52","V-000722","50100","RIG  237 LABOR WE 03/29-04/04/26"
"221657","2279110","37942","07239-26-01","07239-26-01-job","59-0008","","4/5/2026","4/5/2026","6854.55","V-001702","50300","FUEL TANK-POLAR VORTEX"
"221661","2279088","37944","07251-26-01","07251-26-01-job","58-4000","","4/5/2026","4/5/2026","2015.24","V-001702","50300","FUEL TANK-RIG 102 JOB 7251"
"221671","1304456","37946","07212-26-01","07212-26-01-job","58-5000","","4/6/2026","4/6/2026","7155","V-001011","53000","T14R RENTAL"
"221697","145676","37952","07288-26-01","07288-26-01-job","58-4000","","4/7/2026","4/7/2026","3225.87","V-000679","50300","FUEL TANK-RIG 101"
"221701","000000012706","37954","07267-26-01","07267-26-01-job","47-3000","","4/7/2026","4/7/2026","7537.04","V-000722","50100","RIG 238 LABOR WE 03/29-04/04/26"
"221745","2280078","37960","07267-26-01","07267-26-01-job","58-4000","","4/7/2026","4/7/2026","4557.4","V-001702","50300","FUEL TANK-RIG 238 JOB 7267"
"221749","2280369","37962","07299-26-01","07299-26-01-job","58-4000","","4/7/2026","4/7/2026","4846.81","V-001702","50300","FUEL TANK-RIG 221 JOB 7299"
"221753","2280755","37964","07219-26-01","07219-26-01-job","58-4000","","4/7/2026","4/7/2026","2382.45","V-001702","50300","FUEL TANK RIG 242 JOB 7219"
"221767","205","37966","07260-26-01","07260-26-01-job","47-3000","","4/7/2026","4/7/2026","1840","V-000580","50100","RIG LABOR WE 040726"
"221781","69305","37968","07147-26-01","07147-26-01-job","58-4000","","4/7/2026","4/7/2026","5467.29","V-000246","50300","FUEL TANK- RIG 237 JOB 7147"
"221829","2290469","37978","07239-26-01","07239-26-01-job","59-0008","","4/15/2026","4/15/2026","15228.88","V-001702","50300","FUEL TANK-POLAR VORTEX"
"221833","2291115","37980","07239-26-01","07239-26-01-job","59-0008","","4/15/2026","4/15/2026","2925.95","V-001702","50300","FUEL TANK-POLAR VORTEX"
"221873","600900449627","37992","07147-26-01","07147-26-01-job","58-4000","","4/16/2026","4/16/2026","5571.59","V-001945","50300","WASTE REMOVAL"
"221891","000240","37998","07239-26-01","07239-26-01-job","59-0008","","4/20/2026","4/20/2026","450.00","V-002476","50300","CATERING"
"221953","528477","38014","07334-26-01","07334-26-01-job","58-1000","","4/22/2026","4/22/2026","2217.38","V-001135","50300","PV CEMENT"
"222119","80688976","38023","07147-26-01","07147-26-01-job","47-0100","","3/17/2026","3/17/2026","80","V-001435","50300","LODGING-R.NICLER"
"222123","80702035","38025","07201-26-01","07201-26-01-job","47-0100","","3/18/2026","3/18/2026","160","V-001435","50300","LODGING-K.KING"
"222127","80722403","38027","07280-26-01","07280-26-01-job","47-0100","","3/19/2026","3/19/2026","320","V-001435","50300","LODGING-T.CORNELL"
"222131","80722888","38029","07147-26-01","07147-26-01-job","47-0100","","3/19/2026","3/19/2026","240","V-001435","50300","LODGING-T.BORKOWSKI"
"222135","80728600","38031","07235-26-01","07235-26-01-job","47-0100","","3/20/2026","3/20/2026","400","V-001435","50300","LODGING-P.ROWE"
"222139","80728634","38033","07261-26-01","07261-26-01-job","48-0100","","3/20/2026","3/20/2026","240","V-001435","50300","LODGING-R.RILEY"
"222143","80728654","38035","07230-26-01","07230-26-01-job","47-0100","","3/20/2026","3/20/2026","400","V-001435","50300","LODGING-M.SMITH"
"222147","80728712","38037","07280-26-01","07280-26-01-job","47-0100","","3/20/2026","3/20/2026","240","V-001435","50300","LODGING-E.CLARK"
"222151","80728796","38039","07230-26-01","07230-26-01-job","47-0100","","3/20/2026","3/20/2026","320","V-001435","50300","LODGING-B.DONATE"
"222155","80728798","38041","07280-26-01","07280-26-01-job","47-0100","","3/20/2026","3/20/2026","177.6","V-001435","50300","LODGING-L.CLARK"
"222159","80742280","38043","07201-26-01","07201-26-01-job","47-0100","","3/21/2026","3/21/2026","400","V-001435","50300","LODGING-I.WILLIAMS"
"222163","80785412","38045","07280-26-01","07280-26-01-job","47-0100","","3/25/2026","3/25/2026","320","V-001435","50300","LODGING-E.CLARK"
"222167","80810251","38047","07147-26-01","07147-26-01-job","47-0100","","3/27/2026","3/27/2026","880","V-001435","50300","LODGING-W.METZGER"
"222171","80810348","38049","07280-26-01","07280-26-01-job","47-0100","","3/27/2026","3/27/2026","480","V-001435","50300","LODGING-T.CORNELL"
"222187","255858856005","38057","07305-26-01","07305-26-01-job","58-4000","","3/31/2026","3/31/2026","2001","V-001877","53000","GENERATOR RENTAL FOR RIG 250"
"222199","27283","38063","07280-26-01","07280-26-01-job","47-4111","","3/31/2026","3/31/2026","2700","V-000207","50300","SB TOOTH BIT SN"
"222215","CDE033126A","38067","07268-26-01","07268-26-01-job","58-4000","","3/31/2026","3/31/2026","1312.5","V-001331","50300","HAULED FRESH WATER AND DIRLL MUD"
"222219","2278502","38069","07239-26-01","07239-26-01-job","59-0008","","3/31/2026","3/31/2026","2085","V-001702","50300","FUEL TANK-POLAR VORTEX"
"222227","8392112","38073","07239-26-01","07239-26-01-job","59-0012","","3/31/2026","3/31/2026","475","V-001995","50300","POLAR VORTEX"
"222231","6411","38075","07251-26-01","07251-26-01-job","58-4000","","3/31/2026","3/31/2026","1559.08","V-001262","50300","HYDRO GEL PLUS/ THINNER"
"222235","6401","38077","07283-26-01","07283-26-01-job","58-1000","","3/31/2026","3/31/2026","5870.1","V-001262","50300","SWITCHGRASS FILTER SOCK"
"222239","6413","38079","07201-26-01","07201-26-01-job","58-4000","","3/31/2026","3/31/2026","195.36","V-001262","50300","THINNER"
"222255","71931","38084","07251-26-01","07251-26-01-job","58-4000","","3/31/2026","3/31/2026","2047.5","V-000904","50300","HAULED FRESH WATER"
"222263","2273251","38088","07251-26-01","07251-26-01-job","58-4000","","4/1/2026","4/1/2026","1096.44","V-001702","50300","FUEL TANK-RIG 102 JOB 7251"
"222267","2273689","38090","07239-26-01","07239-26-01-job","59-0008","","4/1/2026","4/1/2026","6685.45","V-001702","50300","POLAR VORTEX"
"222283","2273240","38094","07227-26-01","07227-26-01-job","58-4000","","4/3/2026","4/3/2026","1463.77","V-001702","50300","FUEL TANK-RIG 243 JOB 7227"
"222291","80810408","38098","07280-26-01","07280-26-01-job","47-0100","","3/27/2026","3/27/2026","1520","V-001435","50300","LODGING-D.HALL"
"222295","80810409","38100","07227-26-01","07227-26-01-job","48-0100","","3/27/2026","3/27/2026","960","V-001435","50300","LODGING-I.EZELL"
"222299","80810604","38102","07230-26-01","07230-26-01-job","47-0100","","3/27/2026","3/27/2026","400","V-001435","50300","LODGING-M.SMITH"
"222303","2274441","38104","07258-26-01","07258-26-01-job","58-4000","","4/2/2026","4/2/2026","5278.1","V-001702","50300","FUEL TANK-RIG 247 JOB 7258"
"222307","27286","38106","07258-26-01","07258-26-01-job","58-4000","","4/3/2026","4/3/2026","2625","V-000207","50300","5K VIBRATING LINE W/MPT"
"222311","27287","38108","07227-26-01","07227-26-01-job","48-0810","","4/3/2026","4/3/2026","400","V-000207","50300","4 BUCKETS OF SULFA CLEAR"
"222317","000000012704","38110","07299-26-01","07299-26-01-job","47-3000","","4/4/2026","4/4/2026","2960.44","V-000722","50100","RIG 221 LABOR WE 03/29-04/04/26"
"222323","2279133","38112","07239-26-01","07239-26-01-job","59-0008","","4/5/2026","4/5/2026","12968.81","V-001702","50300","FUEL TANK-POLAR VORTEX"
"222327","72020","38114","07260-26-01","07260-26-01-job","58-2000","","4/6/2026","4/6/2026","1365","V-000904","50300","DELIVERED WATER"
"222331","72015","38116","07195-26-01","07195-26-01-job","58-5000","","4/6/2026","4/6/2026","787.5","V-000904","50300","DELIVERED 318 EXCAVATOR"
"222335","72016","38118","07280-26-01","07280-26-01-job","58-5000","","4/6/2026","4/6/2026","945","V-000904","50300","HAULED 336 EXCAVATOR"
"222339","72017","38120","07306-26-01","07306-26-01-job","58-1000","","4/6/2026","4/6/2026","472.5","V-000904","50300","DELIVERED A DOZER"
"222343","72018","38122","07306-26-01","07306-26-01-job","58-1000","","4/6/2026","4/6/2026","393.75","V-000904","50300","DELIVERED AN EXCAVTOR"
"222347","72019","38124","07310-26-01","07310-26-01-job","58-1000","","4/6/2026","4/6/2026","236.25","V-000904","53000","DELIVERED A DOZER"
"222351","72000","38126","07209-26-01","07209-26-01-job","58-5000","","4/6/2026","4/6/2026","567","V-000904","50300","DELIVERED A 318C EXCAVATOR"
"222475","183902","38158","07293-26-01","07293-26-01-job","48-0250","","4/7/2026","4/7/2026","9.35","V-001266","50300","RUST OLEUM SAFETY ORANGE"
"222491","183916","38164","07299-26-01","07299-26-01-job","47-0810","","4/7/2026","4/7/2026","910.76","V-001266","50300","AIR FILTER"
"222539","183950","38178","07305-26-01","07305-26-01-job","49-0250","","4/7/2026","4/7/2026","270.92","V-001266","50300","ORANGE HIVIZ 18OZ GORDED GLOVE"
"222563","7120","38186","07261-26-01","07261-26-01-job","58-4000","","4/9/2026","4/9/2026","4500","V-000903","50300","GYROSCOPIC SURVEY"
"222567","7121","38188","07251-26-01","07251-26-01-job","58-4000","","4/9/2026","4/9/2026","4500","V-000903","50300","GYROSCOPIC SURVEY"
"222571","27284","38190","07291-26-01","07291-26-01-job","58-4000","","4/9/2026","4/9/2026","2200","V-000207","50300","RR SB TOOTH BIT SN K18004 34953"
"222575","2284650","38192","07239-26-01","07239-26-01-job","59-0008","","4/10/2026","4/10/2026","16480.99","V-001702","50300","FUEL TANK-JOB 7239"
"222579","2285429","38194","07239-26-01","07239-26-01-job","59-0008","","4/10/2026","4/10/2026","2590.99","V-001702","50300","FUEL TANK-JOB 7239"
"222605","525947","38198","07300-26-01","07300-26-01-job","58-1000","","4/9/2026","4/9/2026","39.92","V-001135","50300","CONCRETE"
"222619","72142","38200","07317-26-01","07317-26-01-job","58-2000","","4/10/2026","4/10/2026","606.38","V-000904","50300","DELIVERED LIGHT PLANT AND DOG HOUSE"
"222623","2284643","38202","07239-26-01","07239-26-01-job","59-0008","","4/10/2026","4/10/2026","8326.4","V-001702","50300","FUEL TANK-JOB 7239"
"223091","80810605","38229","07280-26-01","07280-26-01-job","47-0100","","3/27/2026","3/27/2026","1200","V-001435","50300","LODGING-J.MUNYER"
"223095","80810607","38231","07230-26-01","07230-26-01-job","47-0100","","3/27/2026","3/27/2026","320","V-001435","50300","LODGING-B.DONATE"
"223099","80810617","38233","07235-26-01","07235-26-01-job","47-0100","","3/27/2026","3/27/2026","400","V-001435","50300","LODGING- P.ROWE"
"223111","156707","38237","07261-26-01","07261-26-01-job","58-4000","","3/31/2026","3/31/2026","393.98","V-000830","21050",""
"223127","25535","38243","07266-26-01","07266-26-01-job","47-0100","","3/31/2026","3/31/2026","400","V-000265","50300","RIG 215 JOB 7266"
"223131","25536","38245","07261-26-01","07261-26-01-job","48-0100","","3/31/2026","3/31/2026","400","V-000265","50300","PORTA JOHN RENTAL RIG 249"
"223135","25537","38247","07230-26-01","07230-26-01-job","47-4111","","3/31/2026","3/31/2026","400","V-000265","50300","PORTA JOHN RENTAL RIG 212"
"223139","25538","38249","07147-26-01","07147-26-01-job","47-0100","","3/31/2026","3/31/2026","400","V-000265","50300","PORTA JOHN RENTAL RIG 237"
"223143","25540","38251","07235-26-01","07235-26-01-job","47-4111","","3/31/2026","3/31/2026","400","V-000265","50300","PORTA JOHN RENTAL RIG 220"
"223147","25539","38253","07264-26-01","07264-26-01-job","47-0100","","3/31/2026","3/31/2026","400","V-000265","50300","PORTA JOHN RENTAL RIG 221/234"
"223151","25541","38255","07219-26-01","07219-26-01-job","47-0100","","3/31/2026","3/31/2026","400","V-000265","50300","PORTA JOHN RENTAL RIG 242"
"223155","25542","38257","07289-26-01","07289-26-01-job","47-4111","","3/31/2026","3/31/2026","400","V-000265","50300","PORTA JOHN RENTAL RIG 213"
"223159","25543","38259","07280-26-01","07280-26-01-job","47-4111","","3/31/2026","3/31/2026","400","V-000265","50300","PORTA JOHN RENTAL 713"
"223163","25544","38261","07227-26-01","07227-26-01-job","58-4000","","3/31/2026","3/31/2026","400","V-000265","50300","PORTA JOHN RENTAL RIG 243"
"223167","25545","38263","07206-26-01","07206-26-01-job","46-0100","","3/31/2026","3/31/2026","400","V-000265","50300","PORTA JOHN RENTAL"
"223171","0753678301","38265","07251-26-01","07251-26-01-job","58-4009","","3/31/2026","3/31/2026","1662.5","V-000978","53000","SUPER VAC RENTAL"
"225681","243845453018","38558","07228-26-01","07228-26-01-job","58-4000","","12/31/2025","12/31/2025","14171","V-001877","53000","LIGHT TOWER RENTAL-MINE FIRE"
"225691","1800935710003","38560","07264-26-01","07264-26-01-job","58-4000","","3/2/2026","3/2/2026","4290.35","V-001715","53000","SKIDSTEER RENTAL"
"225723","1300252","38568","07283-26-01","07283-26-01-job","51-0300","","3/18/2026","3/18/2026","9116.25","V-001011","53000","JOHN DEERE 210 P"
"225777","706696","38582","07267-26-01","07267-26-01-job","47-0810","","3/31/2026","3/31/2026","57.75","V-000807","50300","MISC DISC"
"225795","946N","38586","07201-26-01","07201-26-01-job","47-4111","","3/31/2026","3/31/2026","240.92","V-001111","50300","WELL MARKER FOR WELL 5441"
"225813","20260086","38592","07147-26-01","07147-26-01-job","58-4009","","3/31/2026","3/31/2026","3008.00","V-000566","50300","COMPOSITE MAT RENTAL"
"225843","4264434764","38594","07230-26-01","07230-26-01-job","47-0250","","3/31/2026","3/31/2026","435.89","V-000343","50300","UNIFORM RENTAL"
"225869","R005808","38596","07288-26-01","07288-26-01-job","58-4000","","4/1/2026","4/1/2026","170","V-001229","50300","PORTA JOHN RENTAL 101"
"225873","R005899","38598","07291-26-01","07291-26-01-job","58-4000","","4/1/2026","4/1/2026","100","V-001229","50300","PORTA JOHN RENTAL 103"
"225877","R005806","38600","07305-26-01","07305-26-01-job","58-4000","","4/1/2026","4/1/2026","300","V-001229","50300","PORTA JOHN RENTAL 250"
"225889","6414","38606","07268-26-01","07268-26-01-job","58-4000","","4/1/2026","4/1/2026","1582.5","V-001262","50300","HYDROGELPLUS"
"225893","6415","38608","07251-26-01","07251-26-01-job","58-4000","","4/1/2026","4/1/2026","973","V-001262","50300","HYDOGEL PLUS"
"225897","6416","38610","07230-26-01","07230-26-01-job","58-4000","","4/1/2026","4/1/2026","973","V-001262","50300","HYDOGEL PLUS"
"225901","6417","38612","07147-26-01","07147-26-01-job","58-4000","","4/1/2026","4/1/2026","1805.74","V-001262","50300","HYDOGEL PLUS/CITRIC ACID"
"225905","2273263","38614","07286-26-01","07286-26-01-job","51-0820","","4/1/2026","4/1/2026","2871.9","V-001702","50300","FUEL TANK- SISTERVILLE YARD"
"225927","BSC30311","38620","07280-26-01","07280-26-01-job","58-4000","","4/1/2026","4/1/2026","2245.77","V-000190","50300","DISPOSAL CLEAN OUT"
"225935","BSC30313","38622","07201-26-01","07201-26-01-job","58-4000","","4/1/2026","4/1/2026","3768.51","V-000190","50300","DISPOSAL CLEANOUT"
"225941","6427","38624","07238-26-01","07238-26-01-job","59-0012","","4/1/2026","4/1/2026","718.75","V-001262","50300","HAULED EXCAVATOR/SKIDSTEER"
"225945","5308","38626","07286-26-01","07286-26-01-job","58-4000","","4/1/2026","4/1/2026","2500","V-001455","50300","LAID DOWN CASING"
"225949","20181129","38628","07244-26-01","07244-26-01-job","58-5000","","4/1/2026","4/1/2026","5825","V-000782","50300","HAULED TOP SOIL"
"225953","6437","38630","07234-26-01","07234-26-01-job","58-5000","","4/2/2026","4/2/2026","431.25","V-001262","50300","HAULED MINI EXCAVATOR"
"225957","6439","38632","07239-26-01","07239-26-01-job","59-0012","","4/2/2026","4/2/2026","359.38","V-001262","50300","HAULED STREET SWEEPER"
"225961","6440","38634","07239-26-01","07239-26-01-job","59-0012","","4/2/2026","4/2/2026","431.25","V-001262","50300","HAULED SKID STEER"
"225967","MM3179","38636","07201-26-01","07201-26-01-job","58-4000","","4/2/2026","4/2/2026","7704.08","V-001207","50300","HAULED WASTE"
"225979","INV34046864","38638","07296-26-01","07296-26-01-job","58-1000","","4/2/2026","4/2/2026","2176.62","V-000136","50300","STONE"
"225991","INV34046868","38640","07240-26-01","07240-26-01-job","58-5000","","4/2/2026","4/2/2026","3216.65","V-000136","50300","STONE"
"225997","5583650001","38642","07239-26-01","07239-26-01-job","59-0010","","4/2/2026","4/2/2026","840","V-001673","50300","PORTABLE WATER DELIVERY"
"226003","I8267","38644","07208-26-01","07208-26-01-job","58-4000","","4/2/2026","4/2/2026","291.5","V-001439","50300","PORTA JOHN RENTAL"
"226017","6418","38648","07300-26-01","07300-26-01-job","51-0250","","4/2/2026","4/2/2026","534.96","V-001262","50300","DRINKING WATER"
"226021","6419","38650","07219-26-01","07219-26-01-job","51-0250","","4/2/2026","4/2/2026","909.96","V-001262","50300","DRINKING WATER"
"226025","6421","38652","07273-26-01","07273-26-01-job","58-4000","","4/2/2026","4/2/2026","195.36","V-001262","50300","THINNER"
"226029","6422","38654","07240-26-01","07240-26-01-job","58-5000","","4/2/2026","4/2/2026","5137","V-001262","50300","CUT & DRY 100"
"226033","6420","38656","07289-26-01","07289-26-01-job","58-1000","","4/2/2026","4/2/2026","1440.5","V-001262","50300","CUT & DRY 100"
"226037","6402","38658","07300-26-01","07300-26-01-job","58-1000","","4/2/2026","4/2/2026","4468.8","V-001262","50300","T-POST/SILT FENCE"
"226041","6403","38660","07248-26-01","07248-26-01-job","58-5000","","4/2/2026","4/2/2026","349.38","V-001262","50300","SILT FENCE"
"226045","6404","38662","07289-26-01","07289-26-01-job","58-1000","","4/2/2026","4/2/2026","346.7","V-001262","50300","STRIP DRAIN"
"226053","707044","38666","07239-26-01","07239-26-01-job","51-0810","","4/2/2026","4/2/2026","36.73","V-000807","50300","IMPACT SOCKET"
"226063","1303881","38670","07310-26-01","07310-26-01-job","51-0300","","4/2/2026","4/2/2026","9116.25","V-001011","53000","JOHN DEERE 210 P"
"226071","947N","38672","07307-26-01","07307-26-01-job","58-4000","","4/2/2026","4/2/2026","240.92","V-001111","50300","WELL MARKER FOR WELL GH90"
"226085","43386","38678","07251-26-01","07251-26-01-job","58-4000","","4/3/2026","4/3/2026","1859.25","V-002078","50300","PROFESSIONAL/REIMBURSABLES"
"226089","1942A","38680","07209-26-01","07209-26-01-job","58-5000","","4/3/2026","4/3/2026","718.09","V-001069","50300","OTC/FROSTY ANNUAL RYE"
"226093","6071","38682","07260-26-01","07260-26-01-job","58-2000","","4/3/2026","4/3/2026","1812.5","V-002434","50300","HELP MOVE RIG"
"226097","6405","38684","07310-26-01","07310-26-01-job","58-1000","","4/3/2026","4/3/2026","11301.85","V-001262","50300","SWITCHGRASS FILTER SOCK"
"226101","6423","38686","07219-26-01","07219-26-01-job","58-4000","","4/3/2026","4/3/2026","1098","V-001262","50300","HYDRO GEL PLUS"
"226105","80893591","38688","07290-26-01","07290-26-01-job","48-0100","","4/3/2026","4/3/2026","470.4","V-000399","50300","LODGING-B.BARCUS"
"226109","80896559","38690","07290-26-01","07290-26-01-job","48-0100","","4/3/2026","4/3/2026","376.32","V-000399","50300","LODGING-D.SCHMIDT"
"226113","10028571733","38692","07268-26-01","07268-26-01-job","47-0100","","4/3/2026","4/3/2026","1320.9","V-001115","50300","LODGING-J.HELDRETH"
"226117","10028569072","38694","07267-26-01","07267-26-01-job","47-0100","","4/3/2026","4/3/2026","188.7","V-001115","50300","LODGING-J.PECK"
"226123","BSC30312","38696","07251-26-01","07251-26-01-job","58-4000","","4/3/2026","4/3/2026","3507.54","V-000190","50300","DISPOSAL CLEAN OUT"
"226137","6096","38700","07296-26-01","07296-26-01-job","58-1000","","4/3/2026","4/3/2026","1331","V-000823","50300","LIMESTONE/RIP RAP"
"226145","6072","38704","07289-26-01","07289-26-01-job","58-2000","","4/4/2026","4/4/2026","2610","V-002434","50300","HELP MOVE RIG"
"226149","6424","38706","07251-26-01","07251-26-01-job","58-4000","","4/4/2026","4/4/2026","2535.4","V-001262","50300","HYDRO GEL PLUS/CITRIC ACID"
"226153","655","38708","07289-26-01","07289-26-01-job","58-1000","","4/5/2026","4/5/2026","19142.25","V-000804","50300","STONE"
"226159","656","38710","07295-26-01","07295-26-01-job","51-1015","","4/5/2026","4/5/2026","3378","V-000804","50100","OPERATED WHEEL LOADER 24-1502"
"226165","6425","38712","07266-26-01","07266-26-01-job","58-4000","","4/6/2026","4/6/2026","2223.25","V-001262","50300","CUT & DRY 100"
"226169","6407","38714","07266-26-01","07266-26-01-job","58-4000","","4/6/2026","4/6/2026","145.14","V-001262","50300","4'' PERF PIPE"
"226173","1950A","38716","07310-26-01","07310-26-01-job","58-1000","","4/6/2026","4/6/2026","6900.75","V-001069","50300","LINE POSTS/POST CLIPS"
"226177","344","38718","07239-26-01","07239-26-01-job","59-0007","","4/6/2026","4/6/2026","3254","V-000391","50300","YELLOW BIRD"
"226181","346","38720","07305-26-01","07305-26-01-job","58-4000","","4/6/2026","4/6/2026","11182.16","V-000391","50300","CHARLEROI MTN CLUB 2019"
"226185","43389","38722","07207-26-01","07207-26-01-job","58-4000","","4/6/2026","4/6/2026","2638.1","V-002078","50300","PROFESSIONAL/REIMBURSABLES"
"226189","43390","38724","07266-26-01","07266-26-01-job","58-4000","","4/6/2026","4/6/2026","2633.5","V-002078","50300","PROFESSIONAL/REIMBURSABLES"
"226193","9398","38726","07258-26-01","07258-26-01-job","47-0100","","4/6/2026","4/6/2026","233.91","V-001675","50300","LODGING-S.NESTOR"
"226197","9402","38728","07285-26-01","07285-26-01-job","51-0100","","4/6/2026","4/6/2026","311.88","V-001675","50300","LODGING-D.MCCOWIEN"
"226201","9422","38730","07280-26-01","07280-26-01-job","51-0100","","4/6/2026","4/6/2026","483","V-001675","50300","LODGING-D.CHEE"
"226207","INV34046977","38732","07310-26-01","07310-26-01-job","58-1000","","4/6/2026","4/6/2026","5797.98","V-000136","50300","STONE"
"226215","INV34047072","38734","07310-26-01","07310-26-01-job","58-1000","","4/7/2026","4/7/2026","9925.07","V-000136","50300","STONE"
"226221","CDE040726A","38736","07266-26-01","07266-26-01-job","58-4000","","4/7/2026","4/7/2026","2730","V-001331","50300","HAULED DRILL MUD"
"226225","20181193","38738","07293-26-01","07293-26-01-job","58-4000","","4/7/2026","4/7/2026","410","V-000782","50300","HAULED SKID STEER"
"228299","32839CWSP2","38770","07258-26-01","07258-26-01-job","51-0820","","3/31/2026","3/31/2026","200","V-001702","50300","AMOS"
"229267","32839CWSP1","38772","07280-26-01","07280-26-01-job","47-0820","","3/31/2026","3/31/2026","387.09","V-001702","50300","MOATS II"
"229799","0261846076","38778","07296-26-01","07296-26-01-job","58-1000","","3/31/2026","3/31/2026","866.38","V-000009","50300","SWITCHSOCK W/STAKE"
"229803","43387","38780","07268-26-01","07268-26-01-job","58-4000","","4/3/2026","4/3/2026","2335","V-002078","50300","PROFESSIONAL/REIMBURSABLES"
"229831","26609253","38788","07228-26-01","07228-26-01-job","58-4000","","4/7/2026","4/7/2026","10311.74","V-002029","50300","FUEL TANK MINE FIRE"
"229835","9341","38790","07239-26-01","07239-26-01-job","51-0100","","4/7/2026","4/7/2026","467.82","V-001675","50300","LODGING-D.MCCOWIEN"
"229839","9352","38792","07260-26-01","07260-26-01-job","51-0100","","4/7/2026","4/7/2026","545.79","V-001675","50300","LODGING-B.BLACK"
"229843","9355","38794","07266-26-01","07266-26-01-job","51-0100","","4/7/2026","4/7/2026","222.87","V-001675","50300","LODGING-D.CHEE"
"229847","9356","38796","07285-26-01","07285-26-01-job","51-0100","","4/7/2026","4/7/2026","77.97","V-001675","50300","LODGING-D.MCCOWIEN"
"229851","9357","38798","07239-26-01","07239-26-01-job","51-0100","","4/7/2026","4/7/2026","77.97","V-001675","50300","LODGING-D.MCCOWIEN"
"229855","9380","38800","07239-26-01","07239-26-01-job","51-0100","","4/7/2026","4/7/2026","311.88","V-001675","50300","LODGING-D.MCCOWIEN"
"229859","9391","38802","07283-26-01","07283-26-01-job","51-0100","","4/7/2026","4/7/2026","483","V-001675","50300","LODGING-D.CHEE"
"229863","9392","38804","07285-26-01","07285-26-01-job","51-0100","","4/7/2026","4/7/2026","545.79","V-001675","50300","LODGING-D.MCCOWIEN"
"229867","9329","38806","07258-26-01","07258-26-01-job","47-0100","","4/7/2026","4/7/2026","233.91","V-001675","50300","LODGING-S.NESTOR"
"229871","9330","38808","07258-26-01","07258-26-01-job","47-0100","","4/7/2026","4/7/2026","233.91","V-001675","50300","LODGING-G.HALL"
"229875","9331","38810","07261-26-01","07261-26-01-job","48-0100","","4/7/2026","4/7/2026","311.88","V-001675","50300","LODGING-T.FORD"
"229879","9332","38812","07221-26-01","07221-26-01-job","48-0100","","4/7/2026","4/7/2026","311.88","V-001675","50300","LODGING-L.BRYANT"
"229883","9334","38814","07261-26-01","07261-26-01-job","48-0100","","4/7/2026","4/7/2026","311.88","V-001675","50300","LODGING-G.MARKS"
"229931","CDE040826A","38826","07261-26-01","07261-26-01-job","58-4000","","4/8/2026","4/8/2026","3875","V-001331","50300","HAULING DRILL MUD"
"229935","20181204","38828","07296-26-01","07296-26-01-job","58-1000","","4/8/2026","4/8/2026","630","V-000782","50300","HAULED STONE"
"229939","20181205","38830","07262-26-01","07262-26-01-job","58-1000","","4/8/2026","4/8/2026","2420","V-000782","50300","HAULED TRACK TRUCK"
"230047","184013","38858","07147-26-01","07147-26-01-job","47-0810","","4/8/2026","4/8/2026","76.59","V-001266","50300","2' SCRAPPER RED DEVIL"
"230095","184042","38866","07258-26-01","07258-26-01-job","47-0810","","4/8/2026","4/8/2026","176.57","V-001266","50300","GOJO SCRUB WIPES 72CT"
"230139","184058","38876","07239-26-01","07239-26-01-job","59-0012","","4/9/2026","4/9/2026","51.24","V-001266","50300","3/4 D RING WELD ON"
"230243","184077","38896","07258-26-01","07258-26-01-job","47-0810","","4/9/2026","4/9/2026","72.88","V-001266","50300","COUPLER"
"230287","184109","38906","07147-26-01","07147-26-01-job","47-0250","","4/9/2026","4/9/2026","21.96","V-001266","50300","GRAPE ALL SPORT"
"230319","1959A","38916","07266-26-01","07266-26-01-job","58-4000","","4/9/2026","4/9/2026","741","V-001069","50300","OTC/FROSTY ANNUAL RYE"
"230351","14700","38924","07235-26-01","07235-26-01-job","47-4111","","4/9/2026","4/9/2026","1152","V-000338","50300","HAULED PIT OUT"
"230355","14701","38926","07207-26-01","07207-26-01-job","58-4000","","4/9/2026","4/9/2026","1912","V-000338","50300","HAULED WATER"
"230359","14702","38928","07219-26-01","07219-26-01-job","58-4000","","4/9/2026","4/9/2026","864","V-000338","50300","HAULED WATER"
"230363","1428145","38930","07290-26-01","07290-26-01-job","58-4000","","4/9/2026","4/9/2026","138.24","V-000969","50300","FISHING TOOLS"
"230385","526125","38934","07253-26-01","07253-26-01-job","58-1000","","4/10/2026","4/10/2026","589.95","V-001135","50300","SILTSAVER BELT FENCE"
"230399","10028606659","38936","07235-26-01","07235-26-01-job","47-0100","","4/10/2026","4/10/2026","471.75","V-001115","50300","LODGING-P.ROWE"
"230403","10028606649","38938","07267-26-01","07267-26-01-job","47-0100","","4/10/2026","4/10/2026","471.75","V-001115","50300","LODGING-J.PECK"
"230527","1966A","38972","07240-26-01","07240-26-01-job","58-5000","","4/11/2026","4/11/2026","1197.3","V-001069","50300","OTC/FROSTY ANNUAL RYE"
"230531","349","38974","07288-26-01","07288-26-01-job","58-4000","","4/11/2026","4/11/2026","14103.8","V-000391","50300","COP TRACT 357 1011H"
"230535","350","38976","07291-26-01","07291-26-01-job","58-4000","","4/11/2026","4/11/2026","23829.92","V-000391","50300","COP TRACT 343 C1015H"
"230539","351","38978","07272-26-01","07272-26-01-job","58-4000","","4/11/2026","4/11/2026","17294.88","V-000391","50300","CHARLEROI MTN CLUB 2019"
"230543","352","38980","07251-26-01","07251-26-01-job","58-4000","","4/11/2026","4/11/2026","4992","V-000391","50300","JOB 7251"
"230547","660","38982","07317-26-01","07317-26-01-job","58-1000","","4/12/2026","4/12/2026","1490","V-000804","50300","BUILDING SITE"
"230551","664","38984","07195-26-01","07195-26-01-job","58-5000","","4/12/2026","4/12/2026","2125","V-000804","50300","DUMP TRUCK"
"230555","665","38986","07293-26-01","07293-26-01-job","58-1000","","4/12/2026","4/12/2026","14053.85","V-000804","50300","STONE"
"230599","184234","39000","07227-26-01","07227-26-01-job","01-9010","","4/13/2026","4/13/2026","84.95","V-001266","50300","FRZ PLUG / TP PICKUP"
"230611","184240","39002","07240-26-01","07240-26-01-job","51-0600","","4/13/2026","4/13/2026","15.45","V-001266","50300","NAPA 10W30 QT"
"230707","184302","39026","07239-26-01","07239-26-01-job","52-0810","","4/13/2026","4/13/2026","63.50","V-001266","50300","40X40IN WELDING BLANKET"
"230755","6074","39030","07262-26-01","07262-26-01-job","58-2000","","4/14/2026","4/14/2026","2030","V-002434","50300","MOVE RIG #512"
"230893","10028648797","39063","07235-26-01","07235-26-01-job","47-0100","","4/17/2026","4/17/2026","471.75","V-001115","50300","LODGING-P.ROWE"
"230897","10028649897","39065","07267-26-01","07267-26-01-job","47-0100","","4/17/2026","4/17/2026","377.4","V-001115","50300","LODGING-J.BROSIES"
"230901","10028649256","39067","07267-26-01","07267-26-01-job","47-0100","","4/17/2026","4/17/2026","471.75","V-001115","50300","LODGING-J.PECK"
"230905","10028648759","39069","07293-26-01","07293-26-01-job","48-0100","","4/17/2026","4/17/2026","377.4","V-001115","50300","LODGING-T.FORD"
"230909","10028649902","39071","07230-26-01","07230-26-01-job","47-0100","","4/17/2026","4/17/2026","471.75","V-001115","50300","LODGING-J.HELDRETH"
"230913","9399","39073","07239-26-01","07239-26-01-job","51-0100","","4/17/2026","4/17/2026","233.91","V-001675","50300","LODGING-T.BORKOWSKI"
"230917","9425","39075","07280-26-01","07280-26-01-job","51-0100","","4/17/2026","4/17/2026","545.79","V-001675","50300","LODGING-B.BLACK"
"230921","9430","39077","07239-26-01","07239-26-01-job","51-0100","","4/17/2026","4/17/2026","155.94","V-001675","50300","LODGING-D.MCCOWIEN"
"230925","9400","39079","07317-26-01","07317-26-01-job","48-0100","","4/17/2026","4/17/2026","311.88","V-001675","50300","LODGING-G.MARKS"
"230929","9401","39081","07293-26-01","07293-26-01-job","48-0100","","4/17/2026","4/17/2026","311.88","V-001675","50300","LODGING-L.BRYANT"
"230933","9443","39083","07258-26-01","07258-26-01-job","47-0100","","4/17/2026","4/17/2026","155.94","V-001675","50300","LODGING-G.HALL"
"230937","9457","39085","07297-26-01","07297-26-01-job","53-0100","","4/17/2026","4/17/2026","155.94","V-001675","50300","LODGING-C.REBOLD"
"230981","10028660819","39099","07300-26-01","07300-26-01-job","47-0100","","4/19/2026","4/19/2026","188.7","V-001115","50300","LODGING-Z.BENNETT"
"230985","10028663102","39101","07300-26-01","07300-26-01-job","47-0100","","4/19/2026","4/19/2026","188.7","V-001115","50300","LODGING-N.BENNETT"
"230989","10028663077","39103","07300-26-01","07300-26-01-job","47-0100","","4/19/2026","4/19/2026","188.7","V-001115","50300","LODGING-I.MITCHELL"
"231237","14755","39143","07289-26-01","07289-26-01-job","47-4111","","4/22/2026","4/22/2026","596","V-000338","50300","HAULED WATER"
"231253","43435","39147","07230-26-01","07230-26-01-job","58-4000","","4/22/2026","4/22/2026","2081.25","V-002078","50300","REIMBURSHABLES"
"231413","528691","39181","07334-26-01","07334-26-01-job","58-1000","","4/23/2026","4/23/2026","42.02","V-001135","50300","TREATED POST"
"231421","26619311","39183","07228-26-01","07228-26-01-job","58-4000","","4/23/2026","4/23/2026","2283.18","V-002029","50300","FUEL TANK-MINE FIRE"
"233523","33052CWSP2","39408","07280-26-01","07280-26-01-job","47-0820","","4/15/2026","4/15/2026","561.45","V-001702","50300","MOATS II"
"235651","33052CWSP1","39420","07283-26-01","07283-26-01-job","51-0820","","4/15/2026","4/15/2026","1006","V-001702","50300","AMOS"
"236950","183979","39633","07306-26-01","07306-26-01-job","47-0810","","4/8/2026","4/8/2026","107.80","V-001266","50300","CROSBY GRAB HOOK G80"
"236970","20260088","39637","07239-26-01","07239-26-01-job","59-0011","","3/31/2026","3/31/2026","16000","V-000566","50300","POLAR VORTEX"
"236998","1946A","39645","07306-26-01","07306-26-01-job","58-1000","","4/3/2026","4/3/2026","2460.75","V-001069","50300","LINE POSTS/POST CLIPS"
"237002","6406","39647","07306-26-01","07306-26-01-job","58-1000","","4/3/2026","4/3/2026","5345.04","V-001262","50300","SWITCHGRASS FILTER SOCK"
"237886","948N","39775","07308-26-01","07308-26-01-job","58-4000","","4/7/2026","4/7/2026","240.92","V-001111","50300","WELL MARKER FOR WELL GH88-P"
"237918","I8380","39785","07276-26-01","07276-26-01-job","58-4000","","4/16/2026","4/16/2026","233.2","V-001439","50300","PORTA JOHN RENTAL"
"239096","32641CWS","39879","07239-26-01","07239-26-01-job","51-0820","","3/15/2026","3/15/2026","708.37","V-001702","50300","AMOS"
"240308","29240","39967","07196-26-01","07196-26-01-job","47-0100","","3/6/2026","3/6/2026","820","V-000201","50300","LODGING-.K.HALL"
"240312","74459","39969","07212-26-01","07212-26-01-job","58-4000","","3/9/2026","3/9/2026","2297.5","V-000654","50300","WASTE DISPOSAL"
"240316","74460","39971","07270-26-01","07270-26-01-job","58-4000","","3/9/2026","3/9/2026","2500","V-000654","50300","WASTE DISPOSAL"
"240324","1425235","39975","07240-26-01","07240-26-01-job","47-4111","","3/11/2026","3/11/2026","1281.66","V-000969","50300","FISHING TOOLS"
"240328","1425242","39977","07213-26-01","07213-26-01-job","58-4000","","3/11/2026","3/11/2026","457","V-000969","50300","FISHING TOOLS"
"240332","74461","39979","07214-26-01","07214-26-01-job","58-4000","","3/12/2026","3/12/2026","5457.5","V-000654","50300","WASTE DISPOSAL"
"240336","74462","39981","07280-26-01","07280-26-01-job","58-4000","","3/12/2026","3/12/2026","3336.25","V-000654","50300","WASTE DISPOSAL"
"240340","29260","39983","07196-26-01","07196-26-01-job","47-0100","","3/12/2026","3/12/2026","328","V-000201","50300","LODGING-K.HALL"
"240344","80643786","39985","07260-26-01","07260-26-01-job","47-0100","","3/13/2026","3/13/2026","320","V-001435","50300","LODGING-E.CLARK"
"240348","74463","39987","07270-26-01","07270-26-01-job","58-4000","","3/16/2026","3/16/2026","2087.5","V-000654","50300","WASTE DISPOSAL"
"240352","74464","39989","07275-26-01","07275-26-01-job","58-4000","","3/18/2026","3/18/2026","1937.5","V-000654","50300","HIGH SOLIDS DISPOSAL"
"240360","74465","39993","07275-26-01","07275-26-01-job","58-4000","","3/19/2026","3/19/2026","2190","V-000654","50300","WASTE DISPOSAL"
"240364","74466","39995","07274-26-01","07274-26-01-job","58-4000","","3/20/2026","3/20/2026","2365","V-000654","50300","WASTE DISPOSAL"
"240368","29316","39997","07196-26-01","07196-26-01-job","47-0100","","3/20/2026","3/20/2026","574","V-000201","50300","LODGING-K.HALL"
"240372","74467","39999","07274-26-01","07274-26-01-job","58-4000","","3/23/2026","3/23/2026","1641.25","V-000654","50300","WASTE DISPOSAL"
"240436","74468","40005","07274-26-01","07274-26-01-job","58-4000","","3/24/2026","3/24/2026","2320","V-000654","50300","WASTE DISPOSAL"
"240500","74469","40013","07301-26-01","07301-26-01-job","58-4000","","3/30/2026","3/30/2026","2615","V-000654","50300","WASTE DISPOSAL"
"240504","2270822","40015","07239-26-01","07239-26-01-job","59-0008","","3/30/2026","3/30/2026","4754.72","V-001702","50300","POLAR VORTEX"
"240508","2272972","40017","07239-26-01","07239-26-01-job","59-0008","","3/30/2026","3/30/2026","1937.66","V-001702","50300","POLAR VORTEX"
"240512","74470","40019","07307-26-01","07307-26-01-job","58-4000","","3/31/2026","3/31/2026","2316.25","V-000654","50300","WASTE DISPOSAL"
"240552","4704382","40025","07264-26-01","07264-26-01-job","58-2000","","3/31/2026","3/31/2026","1540","V-001560","50300","MOVED  RIG 221"
"240556","1935A","40027","07234-26-01","07234-26-01-job","58-5000","","3/31/2026","3/31/2026","311","V-001069","50300","OTC/FROSTY ANNUAL RYE"
"240572","1011577","40035","07291-26-01","07291-26-01-job","58-4000","","4/1/2026","4/1/2026","575","V-000750","50300","HAULED 5'5 STEEL WELL TUBING"
"241644","6430","40163","07251-26-01","07251-26-01-job","58-4000","","4/1/2026","4/1/2026","575","V-001262","50300","HAULED CLAMSHELL"
"241650","CDE040126A","40165","07201-26-01","07201-26-01-job","47-4111","","4/1/2026","4/1/2026","1718.75","V-001331","50300","HAULING FRESH WATER"
"241656","74566","40167","07307-26-01","07307-26-01-job","58-4000","","4/1/2026","4/1/2026","2561.25","V-000654","50300","WASTE DISPOSAL"
"241660","74567","40169","07307-26-01","07307-26-01-job","58-4000","","4/2/2026","4/2/2026","2226.25","V-000654","50300","WASTE DISPOSAL"
"241664","80882505","40171","07258-26-01","07258-26-01-job","47-0100","","4/2/2026","4/2/2026","248.8","V-001435","50300","LODGING-S.NESTOR"
"241668","80891532","40173","07258-26-01","07258-26-01-job","47-0100","","4/2/2026","4/2/2026","168.8","V-001435","50300","LODGING-E.CLARK"
"241876","33109","40209","07304-26-01","07304-26-01-job","58-1000","","4/2/2026","4/2/2026","13800.82","V-000028","50300","STONE"
"241936","80894754","40219","07258-26-01","07258-26-01-job","47-0100","","4/3/2026","4/3/2026","88.8","V-001435","50300","LODGING-E.CLARK"
"241940","80894789","40221","07235-26-01","07235-26-01-job","47-0100","","4/3/2026","4/3/2026","417.6","V-001435","50300","LODGING-P.ROWE"
"241944","80894791","40223","07280-26-01","07280-26-01-job","47-0100","","4/3/2026","4/3/2026","417.6","V-001435","50300","LODGING-D.HALL"
"241948","80894850","40225","07230-26-01","07230-26-01-job","47-0100","","4/3/2026","4/3/2026","337.6","V-001435","50300","LODGING-M.SMITH"
"241952","80894851","40227","07147-26-01","07147-26-01-job","47-0100","","4/3/2026","4/3/2026","337.6","V-001435","50300","LODGING-W.METZGER"
"241956","74568","40229","07308-26-01","07308-26-01-job","58-4000","","4/3/2026","4/3/2026","1871.25","V-000654","50300","WASTE DISPOSAL"
"241960","74569","40231","07308-26-01","07308-26-01-job","58-4000","","4/6/2026","4/6/2026","2163.75","V-000654","50300","WASTE DISPOSAL"
"242108","80825034","40259","07201-26-01","07201-26-01-job","47-0100","","3/28/2026","3/28/2026","695.97","V-001435","50300","LODGING-I.WILLIAMS"
"242114","1427190","40261","07212-26-01","07212-26-01-job","58-4000","","3/31/2026","3/31/2026","16971.75","V-000969","50300","FISHING TOOLS"
"242120","6429","40263","07239-26-01","07239-26-01-job","59-0012","","4/2/2026","4/2/2026","431.25","V-001262","50300","HAULED DRILL MOTORS"
"242124","52216","40265","07288-26-01","07288-26-01-job","49-0100","","4/6/2026","4/6/2026","1132.2","V-000815","50300","LODGING-JUSTIN FARRAR"
"242130","6453","40267","07289-26-01","07289-26-01-job","58-4000","","4/6/2026","4/6/2026","860.32","V-001262","50300","CITRIC ACID"
"242136","6456","40269","07260-26-01","07260-26-01-job","51-0250","","4/6/2026","4/6/2026","534.96","V-001262","50300","DRINKING WATER"
"242142","6455","40271","07260-26-01","07260-26-01-job","58-4000","","4/6/2026","4/6/2026","1563.8","V-001262","50300","CITRIC ACID/THINNER"
"242148","6475","40273","07266-26-01","07266-26-01-job","58-4000","","4/6/2026","4/6/2026","575","V-001262","50300","HAULED KUBOTA 80"
"242180","6454","40278","07299-26-01","07299-26-01-job","58-4000","","4/6/2026","4/6/2026","1098","V-001262","50300","HYDRO GEL PLUS"
"245016","32221","40542","07252-26-01","07252-26-01-job","58-1000","","2/16/2026","2/16/2026","2230","V-000028","50300","HOT WATER"
"245048","0753692401","40552","07239-26-01","07239-26-01-job","59-0011","","3/29/2026","3/29/2026","7262.5","V-000978","53000","SUPER VAC RENTAL"
"245140","PRT0108513","40555","07152-26-01","07152-26-01-job","51-0600","","4/2/2026","4/2/2026","576.25","V-000306","53000","HOSE AS/HYDO ADV"
"245158","CR481291","40561","07256-26-01","07256-26-01-job","58-4000","","4/6/2026","4/6/2026","-1735.50","V-000603","50300","CREDIT FROM 672448-000"
"245180","6445","40569","07306-26-01","07306-26-01-job","58-1000","","4/6/2026","4/6/2026","2204.18","V-001262","50300","T-POST/ORANGE FENCE"
"245188","6446","40571","07262-26-01","07262-26-01-job","58-1000","","4/7/2026","4/7/2026","145.14","V-001262","50300",""
"245194","6458","40573","07293-26-01","07293-26-01-job","58-4000","","4/7/2026","4/7/2026","586.08","V-001262","50300","THINNER"
"245200","5351","40575","07305-26-01","07305-26-01-job","58-4000","","4/7/2026","4/7/2026","2500","V-001455","50300","STAND BY"
"245204","5293","40577","07239-26-01","07239-26-01-job","59-0007","","4/7/2026","4/7/2026","5150","V-001455","50300","YELLOW BIRD YB 1"
"245214","950N","40581","07261-26-01","07261-26-01-job","58-4000","","4/7/2026","4/7/2026","240.92","V-001111","50300","WELL MARKER FOR WELL M-1766"
"245222","949N","40583","07266-26-01","07266-26-01-job","58-4000","","4/7/2026","4/7/2026","240.92","V-001111","50300","WELL MARKER FOR WELL M-1927"
"245228","536536","40585","07238-26-01","07238-26-01-job","59-0010","","4/7/2026","4/7/2026","13010.5","V-001214","50300","POLAR VORTEX"
"245258","4265187024","40589","07306-26-01","07306-26-01-job","47-0250","","4/7/2026","4/7/2026","435.89","V-000343","50300","UNIFORM RENTAL"
"245288","PRT0110251","40593","07242-26-01","07242-26-01-job","51-0600","","4/7/2026","4/7/2026","1200.75","V-000306","53000","COVER AS"
"245296","INV034036","40597","07244-26-01","07244-26-01-job","58-5000","","4/7/2026","4/7/2026","2108","V-001697","50300","CRAN MAT RENTAL"
"245300","INV034037","40599","07212-26-01","07212-26-01-job","58-4000","","4/7/2026","4/7/2026","651","V-001697","50300","TIMBER MAT RENTAL"
"245304","INV034038","40601","07280-26-01","07280-26-01-job","58-4000","","4/7/2026","4/7/2026","11564","V-001697","50300","TIMBER MAT RENTAL"
"245308","INV034039","40603","07274-26-01","07274-26-01-job","58-4000","","4/7/2026","4/7/2026","196","V-001697","50300","TIMBER MAT RENTAL"
"245312","INV034040","40605","07295-26-01","07295-26-01-job","58-4000","","4/7/2026","4/7/2026","1170","V-001697","50300","TIMBER MAT RENTAL"
"245316","INV034041","40607","07296-26-01","07296-26-01-job","58-4000","","4/7/2026","4/7/2026","42","V-001697","50300","TIMBER MAT RENTAL"
"245320","INV034042","40609","07274-26-01","07274-26-01-job","58-4000","","4/7/2026","4/7/2026","84","V-001697","50300","TIMBER MAT RENTAL"
"245324","1952A","40611","07266-26-01","07266-26-01-job","58-4000","","4/7/2026","4/7/2026","622","V-001069","50300","OTC/FROST ANNUAL RYE"
"245328","1011602","40613","07240-26-01","07240-26-01-job","58-5000","","4/7/2026","4/7/2026","740","V-000750","50300","HAULED CAT 316 EXCAVATOR"
"245332","1011603","40615","07283-26-01","07283-26-01-job","58-1000","","4/7/2026","4/7/2026","1250","V-000750","50300","HAULED A CAT 740B"
"245336","6457","40617","07262-26-01","07262-26-01-job","58-1000","","4/7/2026","4/7/2026","11589.5","V-001262","50300","CUT & DRY 100"
"245340","6459","40619","07235-26-01","07235-26-01-job","58-4000","","4/7/2026","4/7/2026","4009","V-001262","50300","CUT & DRY 100"
"245344","8445212","40621","07305-26-01","07305-26-01-job","58-4000","","4/7/2026","4/7/2026","1235","V-001995","50300","WELDING LABOR"
"245348","1011604","40623","07280-26-01","07280-26-01-job","58-5000","","4/7/2026","4/7/2026","1110","V-000750","50300","HAULED CAT WHEEL LOADEER"
"245352","8445312","40625","07272-26-01","07272-26-01-job","58-4000","","4/8/2026","4/8/2026","380","V-001995","50300","COP TRACT 26 #11"
"245356","878827","40627","07273-26-01","07273-26-01-job","58-4000","","4/8/2026","4/8/2026","180","V-001398","50300","LOCKING CLIP"
"245360","6460","40629","07266-26-01","07266-26-01-job","58-4000","","4/8/2026","4/8/2026","3351.25","V-001262","50300","CUT & DRY 100"
"245364","6472","40631","07266-26-01","07266-26-01-job","58-4000","","4/8/2026","4/8/2026","502.23","V-001262","50300","HAULED MINI EXCAVATOR"
"245370","040826","40633","07306-26-01","07306-26-01-job","58-1000","","4/8/2026","4/8/2026","400.68","V-001356","50300","STRAW"
"245376","1958A","40635","07146-26-01","07146-26-01-job","58-5000","","4/8/2026","4/8/2026","1518.26","V-001069","50300","OTC/FROSTY ANNUAL RYE"
"245380","1011598","40637","07300-26-01","07300-26-01-job","58-1000","","4/8/2026","4/8/2026","1782.5","V-000750","50300","HAULED TIMBER MATS"
"245384","1011599","40639","07300-26-01","07300-26-01-job","58-1000","","4/8/2026","4/8/2026","1782.5","V-000750","50300","HAULED TIMBER MATS"
"245388","34866","40641","07255-26-01","07255-26-01-job","58-4000","","4/8/2026","4/8/2026","48432","V-000157","50300","AIR BOWL SEAL/SPOOL"
"245392","34867","40643","07255-26-01","07255-26-01-job","58-4000","","4/8/2026","4/8/2026","1775","V-000157","50300","DROVE TO PICKED UP EQUIPMENT"
"245396","34868","40645","07227-26-01","07227-26-01-job","58-4000","","4/8/2026","4/8/2026","900","V-000157","53000","DELIVERED AC-7"
"245400","93576572","40647","07267-26-01","07267-26-01-job","58-4000","","4/8/2026","4/8/2026","375.87","V-002238","50300","FLANGE/COUPLING"
"245412","PRT0111100","40651","07286-26-01","07286-26-01-job","01-6010","","4/8/2026","4/8/2026","699.72","V-000306","53000","GLASS"
"245438","I8318","40657","07187-26-01","07187-26-01-job","58-4000","","4/8/2026","4/8/2026","93.28","V-001439","50300","PORTA JOHN RENTAL"
"245456","69372","40665","07260-26-01","07260-26-01-job","47-4111","","4/8/2026","4/8/2026","6614.02","V-000246","50300","FUEL TANK RIG 713 JOB 7260"
"245462","INV34047174","40667","07310-26-01","07310-26-01-job","58-1000","","4/8/2026","4/8/2026","6067.19","V-000136","50300","STONE"
"245470","INV34047179","40669","07306-26-01","07306-26-01-job","58-1000","","4/8/2026","4/8/2026","5148.0","V-000136","50300","STONE"
"245476","6461","40671","07267-26-01","07267-26-01-job","58-4000","","4/8/2026","4/8/2026","973","V-001262","50300","HYDOGEL GEL PLUS"
"245482","6462","40673","07267-26-01","07267-26-01-job","51-0250","","4/8/2026","4/8/2026","111.51","V-001262","50300","DRINKING WATER"
"245490","6463","40675","07227-26-01","07227-26-01-job","58-4000","","4/8/2026","4/8/2026","860.32","V-001262","50300","CITRIC ACID"
"245496","6447","40677","07266-26-01","07266-26-01-job","58-4000","","4/8/2026","4/8/2026","316.18","V-001262","50300","HAULED PIPE"
"245500","6448","40679","07146-26-01","07146-26-01-job","58-5000","","4/8/2026","4/8/2026","2295","V-001262","50300","H&H WOOD FIBER"
"245510","2282194","40681","07260-26-01","07260-26-01-job","51-0820","","4/8/2026","4/8/2026","594.64","V-001702","50300","FUEL TANK-RUFF CREEK"
"245520","6147","40683","07296-26-01","07296-26-01-job","58-4000","","4/8/2026","4/8/2026","2025","V-000823","50300","CALCIUM"
"245526","951N","40685","07290-26-01","07290-26-01-job","58-4000","","4/9/2026","4/9/2026","240.92","V-001111","50300","WELL MARKER FOR JOB 7290"
"245542","I17454","40689","07239-26-01","07239-26-01-job","59-0011","","4/9/2026","4/9/2026","319.59","V-001770","50300","PORTA JOHN RENTAL"
"245552","1428144","40693","07207-26-01","07207-26-01-job","58-4000","","4/9/2026","4/9/2026","2143.8","V-000969","50300","FISHING TOOLS"
"245564","93576981","40697","07230-26-01","07230-26-01-job","47-4111","","4/9/2026","4/9/2026","92.95","V-002238","50300","INSERT SLIP"
"245598","2282641","40701","07253-26-01","07253-26-01-job","53-0820","","4/9/2026","4/9/2026","652","V-001702","50300","HUNDRED ON ROAD FUEL TANK"
"245614","2283455","40703","07236-26-01","07236-26-01-job","53-0820","","4/9/2026","4/9/2026","406.82","V-001702","50300","HUNDRED ON ROAD FUEL TANK"
"245624","6449","40705","07283-26-01","07283-26-01-job","58-1000","","4/9/2026","4/9/2026","11512.4","V-001262","50300","SWITCHGRASS FILTER SOCK"
"245628","6450","40707","07283-26-01","07283-26-01-job","58-1000","","4/9/2026","4/9/2026","2585.55","V-001262","50300","SWITCHGRASS FILTER SOCK"
"245632","6464","40709","07273-26-01","07273-26-01-job","58-4000","","4/9/2026","4/9/2026","195.36","V-001262","50300","THINNER"
"245636","6465","40711","07260-26-01","07260-26-01-job","58-4000","","4/9/2026","4/9/2026","1806.5","V-001262","50300","HYDRO GEL PLUS"
"245640","6466","40713","07114-26-01","07114-26-01-job","58-4000","","4/9/2026","4/9/2026","1059.5","V-001262","50300","HYDRO GEL PLUS"
"245644","27289","40715","07230-26-01","07230-26-01-job","47-4111","","4/9/2026","4/9/2026","1500","V-000207","50300","RR SB TOOTH BIT"
"245650","27290","40717","07267-26-01","07267-26-01-job","58-4000","","4/9/2026","4/9/2026","4558","V-000207","50300","ROTATING RUBBER"
"245656","5334","40719","07251-26-01","07251-26-01-job","58-4000","","4/9/2026","4/9/2026","2500","V-001455","50300","LAID DOWN CASING"
"245662","184068","40721","07286-26-01","07286-26-01-job","01-6010","","4/9/2026","4/9/2026","79.73","V-001266","53000","WINDO WELD SUPER FAST"
"245668","PRC0010576","40723","07242-26-01","07242-26-01-job","51-0600","","4/9/2026","4/9/2026","-1200.75","V-000306","53000","CREDIT PRT0110251"
"245672","74570","40725","07267-26-01","07267-26-01-job","58-4000","","4/9/2026","4/9/2026","2897.5","V-000654","50300","WASTE DISPOSAL"
"245676","6478","40727","07146-26-01","07146-26-01-job","58-4000","","4/9/2026","4/9/2026","1150","V-001262","50300","HAULED CONCRETE DRAINS"
"245680","14699","40729","07187-26-01","07187-26-01-job","58-4000","","4/9/2026","4/9/2026","5583.36","V-000338","50300","HAULED WATER IN AND PIT OUT"
"245686","INV34047310","40731","07306-26-01","07306-26-01-job","58-1000","","4/9/2026","4/9/2026","14011.81","V-000136","50300","STONE"
"245692","33264","40733","07304-26-01","07304-26-01-job","58-1000","","4/9/2026","4/9/2026","10686.75","V-000028","50300","STONE"
"245696","34892","40735","07288-26-01","07288-26-01-job","58-4000","","4/9/2026","4/9/2026","1250","V-000157","50300","DELIVERED AC-24"
"245702","INV34047322","40737","07249-26-01","07249-26-01-job","58-5000","","4/9/2026","4/9/2026","867.94","V-000136","50300","STONE"
"245712","BSC30414","40741","07227-26-01","07227-26-01-job","58-4000","","4/9/2026","4/9/2026","1459.35","V-000190","50300","WASTE DISPOSAL"
"245716","33308","40743","07304-26-01","07304-26-01-job","58-1000","","4/10/2026","4/10/2026","6467.69","V-000028","50300","STONE"
"245972","6130","40797","07306-26-01","07306-26-01-job","58-1000","","4/7/2026","4/7/2026","2100","V-000823","50300","HOT WATER/CALCIUM"
"245992","12014","40803","07291-26-01","07291-26-01-job","58-4000","","4/10/2026","4/10/2026","130.88","V-002113","50300","COUPLER/GASKET"
"245996","69706","40805","07239-26-01","07239-26-01-job","59-0008","","4/13/2026","4/13/2026","2979.95","V-000246","50300","FUEL TANK-POLAR VORTEX"
"246000","69751","40807","07147-26-01","07147-26-01-job","58-4000","","4/14/2026","4/14/2026","4536.51","V-000246","50300","FUEL TANK-RIG 237 JOB 7147"
"246026","206","40813","07260-26-01","07260-26-01-job","47-3000","","4/13/2026","4/13/2026","4840","V-000580","50100","RIG LABOR WE 041226"
"246044","5507","40817","07314-26-01","07314-26-01-job","58-1000","","4/16/2026","4/16/2026","11624.58","V-001445","50300","STONE"
"246050","1011487","40819","07195-26-01","07195-26-01-job","51-5015","","4/17/2026","4/17/2026","1431","V-000945","50100","MISC LABOR"
"246056","000000012953","40821","07288-26-01","07288-26-01-job","49-3000","","4/11/2026","4/11/2026","2938.18","V-000722","50100","RIG 101 LABOR WE 04/05-04/11/26"
"246060","000000012955","40823","07291-26-01","07291-26-01-job","49-3000","","4/11/2026","4/11/2026","7648.86","V-000722","50100","RIG 103 LABOR WE 04/05-04/11/26"
"246064","000000012956","40825","07230-26-01","07230-26-01-job","47-3000","","4/11/2026","4/11/2026","6955.88","V-000722","50100","RIG 212 LABOR WE 04/05-04/11/26"
"246070","000000012957","40827","07289-26-01","07289-26-01-job","47-3000","","4/11/2026","4/11/2026","2283.23","V-000722","50100","RIG 213 LABOR WE 04/05-04/11/26"
"246076","000000012958","40829","07268-26-01","07268-26-01-job","47-3000","","4/11/2026","4/11/2026","2055.4","V-000722","50100","RIG 214 LABOR WE 04/05-04/11/26"
"246080","000000012960","40831","07235-26-01","07235-26-01-job","47-3000","","4/11/2026","4/11/2026","422.92","V-000722","50100","RIG 220 LABOR WE 04/05-04/11/26"
"246084","000000012962","40833","07147-26-01","07147-26-01-job","47-3000","","4/11/2026","4/11/2026","8725.44","V-000722","50100","RIG 237 LABOR WE 04/05-04/11/26"
"246088","000000012963","40835","07267-26-01","07267-26-01-job","47-3000","","4/11/2026","4/11/2026","4320.99","V-000722","50100","RIG 238 LABOR WE 04/05-04/11/26"
"246092","000000012964","40837","07219-26-01","07219-26-01-job","47-3000","","4/11/2026","4/11/2026","2528.68","V-000722","50100","RIG 242 LABOR WE 04/05-04/11/26"
"246096","000000012965","40839","07227-26-01","07227-26-01-job","48-3000","","4/11/2026","4/11/2026","11695.31","V-000722","50100","RIG 243LABOR WE 04/05-04/11/26"
"246100","000000012966","40841","07258-26-01","07258-26-01-job","47-3000","","4/11/2026","4/11/2026","3083.08","V-000722","50100","RIG 247 LABOR WE 04/05-04/11/26"
"246104","000000012967","40843","07293-26-01","07293-26-01-job","48-3000","","4/11/2026","4/11/2026","5081.2","V-000722","50100","RIG 248 LABOR WE 04/05-04/11/26"
"246110","000000012968","40845","07261-26-01","07261-26-01-job","48-3000","","4/11/2026","4/11/2026","845.84","V-000722","50100","RIG 249 LABOR WE 04/05-04/11/26"
"246116","000000012970","40847","07305-26-01","07305-26-01-job","49-3000","","4/11/2026","4/11/2026","3187.22","V-000722","50100","RIG 250 LABOR WE 04/05-04/11/26"
"246120","000000012972","40849","07260-26-01","07260-26-01-job","47-3000","","4/11/2026","4/11/2026","3628.64","V-000722","50100","RIG 713 LABOR WE 04/05-04/11/26"
"246124","000000013143","40851","07288-26-01","07288-26-01-job","49-3000","","4/18/2026","4/18/2026","2246.3","V-000722","50100","RIG 101 LABOR WE 04/12-04/18/26"
"246128","000000013144","40853","07291-26-01","07291-26-01-job","49-3000","","4/18/2026","4/18/2026","548.84","V-000722","50100","RIG 103 LABOR WE 04/12-04/18/26"
"246132","000000013145","40855","07230-26-01","07230-26-01-job","47-3000","","4/18/2026","4/18/2026","4652.16","V-000722","50100","RIG 212 LABOR WE 04/12-04/18/26"
"246136","000000013146","40857","07289-26-01","07289-26-01-job","47-3000","","4/18/2026","4/18/2026","2914.64","V-000722","50100","RIG 213 LABOR WE 04/12-04/18/26"
"246142","000000013147","40859","07268-26-01","07268-26-01-job","47-3000","","4/18/2026","4/18/2026","1201.12","V-000722","50100","RIG 214 LABOR WE 04/12-04/18/26"
"246148","000000013148","40861","07262-26-01","07262-26-01-job","47-3000","","4/18/2026","4/18/2026","214.62","V-000722","50100","RIG 215 LABOR WE 04/12-04/18/26"
"246152","000000013150","40863","07235-26-01","07235-26-01-job","47-3000","","4/18/2026","4/18/2026","1691.68","V-000722","50100","RIG 220 LABOR WE 04/12-04/18/26"
"246158","000000013152","40865","07299-26-01","07299-26-01-job","47-3000","","4/18/2026","4/18/2026","1624.04","V-000722","50100","RIG 221 LABOR WE 04/12-04/18/26"
"246164","000000013153","40867","07147-26-01","07147-26-01-job","47-3000","","4/18/2026","4/18/2026","9906.22","V-000722","50100","RIG 237 LABOR WE 04/12-04/18/26"
"246168","000000013159","40869","07267-26-01","07267-26-01-job","47-3000","","4/18/2026","4/18/2026","5478.49","V-000722","50100","RIG 238 LABOR WE 04/12-04/18/26"
"246174","000000013160","40871","07219-26-01","07219-26-01-job","47-3000","","4/18/2026","4/18/2026","1446.4","V-000722","50100","RIG 242 LABOR WE 04/12-04/18/26"
"246180","000000013161","40873","07227-26-01","07227-26-01-job","48-3000","","4/18/2026","4/18/2026","11467.64","V-000722","50100","RIG 243 LABOR WE 04/12-04/18/26"
"246184","000000013162","40875","07258-26-01","07258-26-01-job","47-3000","","4/18/2026","4/18/2026","4474.48","V-000722","50100","RIG 247 LABOR WE 04/12-04/18/26"
"246188","000000013163","40877","07293-26-01","07293-26-01-job","48-3000","","4/18/2026","4/18/2026","4789.9","V-000722","50100","RIG 248 LABOR WE 04/12-04/18/26"
"246192","000000013164","40879","07317-26-01","07317-26-01-job","48-3000","","4/18/2026","4/18/2026","839.52","V-000722","50100","RIG 249 LABOR WE 04/12-04/18/26"
"246198","2284692","40882","07293-26-01","07293-26-01-job","48-4111","","4/10/2026","4/10/2026","2331.76","V-001702","50300","FUEL TANK-RIG 248 JOB 7293"
"246206","2285087","40884","07240-26-01","07240-26-01-job","51-0820","","4/11/2026","4/11/2026","847.48","V-001702","50300","FUEL TANK-ELM GROVE"
"246214","2287464","40886","07227-26-01","07227-26-01-job","58-4000","","4/13/2026","4/13/2026","2187.47","V-001702","50300","FUEL TANK-RIG 243 JOB 7227"
"246218","2287427","40888","07239-26-01","07239-26-01-job","59-0008","","4/13/2026","4/13/2026","15812.66","V-001702","50300","POLAR VORTEX"
"246222","000000013165","40890","07305-26-01","07305-26-01-job","49-3000","","4/18/2026","4/18/2026","2229.46","V-000722","50100","RIG 250 LABOR WE 04/12/04/18/26"
"246226","000000013166","40892","07260-26-01","07260-26-01-job","47-3000","","4/18/2026","4/18/2026","4327.5","V-000722","50100","RIG 713 LABOR WE 04/12/04/18/26"
"246230","2288773","40894","07227-26-01","07227-26-01-job","58-4000","","4/13/2026","4/13/2026","2029.13","V-001702","50300","FUEL TANK-RIG 243 JOB 7227"
"246246","526433","40898","07286-26-01","07286-26-01-job","58-4000","","4/11/2026","4/11/2026","39.15","V-001135","50300","ELBOW/BEND"
"246254","2289092","40900","07286-26-01","07286-26-01-job","51-0820","","4/14/2026","4/14/2026","2629.7","V-001702","50300","FUEL TANK-FLAD FORK CAMP RUN"
"246258","2288976","40902","07289-26-01","07289-26-01-job","47-4111","","4/14/2026","4/14/2026","4319.19","V-001702","50300","FUEL TANK-RIG 213 JOB 7289"
"246262","2292007","40904","07258-26-01","07258-26-01-job","58-4000","","4/16/2026","4/16/2026","4771.97","V-001702","50300","FUEL TANK-RIG 247 JOB 7258"
"246270","2296445","40906","07310-26-01","07310-26-01-job","51-0820","","4/21/2026","4/21/2026","408.14","V-001702","50300","FUEL TANK-RUFF CREEK"
"246282","72180","40910","07317-26-01","07317-26-01-job","58-4000","","4/13/2026","4/13/2026","1365","V-000904","50300","HAULED FRESH WATER"
"246288","36349538002","40912","07273-26-01","07273-26-01-job","58-4000","","4/13/2026","4/13/2026","3517.09","V-000797","53000","GENERATOR RENTAL"
"246294","72232","40914","07317-26-01","07317-26-01-job","58-4000","","4/15/2026","4/15/2026","906.32","V-000904","50300","DELIVERED FRESH WATER"
"246316","20181279","40925","07310-26-01","07310-26-01-job","58-1000","","4/14/2026","4/14/2026","1247.5","V-000782","50300","HAULED  STONE"
"246320","20181316","40927","07297-26-01","07297-26-01-job","58-1000","","4/16/2026","4/16/2026","618.75","V-000782","50300","HAULED MATS"
"246344","260988463001","40934","07266-26-01","07266-26-01-job","51-0300","","4/14/2026","4/14/2026","225","V-001877","53000","PLATE MEDIUM"
"248463","10114981","41266","07295-26-01","07295-26-01-job","58-1000","","3/23/2026","3/23/2026","505.75","V-000750","50300","HAULED MATS"
"248469","657","41268","07266-26-01","07266-26-01-job","51-4015","","4/5/2026","4/5/2026","480","V-000804","50100","OPERATED ROLLER 38-0063"
"248479","6451","41272","07240-26-01","07240-26-01-job","58-5000","","4/10/2026","4/10/2026","1766.17","V-001262","50300","H&H WOOD FIBER"
"248483","6467","41274","07240-26-01","07240-26-01-job","58-5000","","4/10/2026","4/10/2026","3884","V-001262","50300","CUT & DRY 100"
"248487","6480","41276","07266-26-01","07266-26-01-job","58-4000","","4/10/2026","4/10/2026","431.25","V-001262","50300","HAULED MINI KUBOTA"
"248499","1428266","41282","07201-26-01","07201-26-01-job","58-4000","","4/10/2026","4/10/2026","16176.3","V-000969","50300","FISHING TOOLS"
"248503","6184","41284","07310-26-01","07310-26-01-job","58-1000","","4/10/2026","4/10/2026","644","V-000823","50300","STONE"
"248509","INV34047411","41286","07310-26-01","07310-26-01-job","58-1000","","4/10/2026","4/10/2026","5978.69","V-000136","50300","STONE"
"248517","INV34047416","41288","07306-26-01","07306-26-01-job","58-1000","","4/10/2026","4/10/2026","2876.54","V-000136","50300","STONE"
"248525","952N","41290","07268-26-01","07268-26-01-job","58-4000","","4/11/2026","4/11/2026","240.92","V-001111","50300","WELL MARKER FOR WELL 429"
"248531","5335","41292","07251-26-01","07251-26-01-job","58-4000","","4/11/2026","4/11/2026","2500","V-001455","50300","RAN CASING"
"248537","1768887130007","41294","07227-26-01","07227-26-01-job","58-4000","","4/11/2026","4/11/2026","1527.26","V-001715","53000","LIGHT TOWER RENTAL"
"248549","658","41296","07296-26-01","07296-26-01-job","51-1015","","4/12/2026","4/12/2026","7130","V-000804","50100","OPERATED EXCAVATOR 26-1542"
"248561","659","41298","07262-26-01","07262-26-01-job","51-0300","","4/12/2026","4/12/2026","800","V-000804","53000","CAT 320 MACHINE"
"248583","1521","41304","07263-26-01","07263-26-01-job","46-3000","","4/17/2026","4/17/2026","76720.44","V-002363","50300","PLUGGING PROPHETA 288-1V"
"248639","101148CRE","41316","07295-26-01","07295-26-01-job","58-1000","","4/21/2026","4/21/2026","-505.75","V-000945","50300","HAULED TIMBER MATS"
"248703","1531","41330","07263-26-01","07263-26-01-job","46-3000","","4/28/2026","4/28/2026","39455.63","V-002363","50300","PLUGGING PROPHETA 288-1V"
"248707","1538","41332","07321-26-01","07321-26-01-job","58-4000","","4/28/2026","4/28/2026","424.33","V-002363","50300","GH-38 FUEL"
"248735","1509","41340","07263-26-01","07263-26-01-job","46-3000","","4/30/2026","4/30/2026","-6000","V-002363","50300","POWER TONG CREDIT"
"248809","662","41357","07317-26-01","07317-26-01-job","58-2000","","4/12/2026","4/12/2026","1618","V-000804","50300","RIG MOVE"
"248813","661","41359","07261-26-01","07261-26-01-job","58-4000","","4/12/2026","4/12/2026","430","V-000804","50300","ASSISTING RIG"
"248821","1968A","41363","07280-26-01","07280-26-01-job","58-4000","","4/13/2026","4/13/2026","1198.2","V-001069","50300","OTC/FROSTY ANNUAL RYE"
"248825","33148","41365","07300-26-01","07300-26-01-job","58-1000","","4/13/2026","4/13/2026","2328","V-000028","50300","NON CHILORIDE ACCELERATE"
"248829","6500","41367","07260-26-01","07260-26-01-job","58-4000","","4/13/2026","4/13/2026","1806.5","V-001262","50300","HYDRO GEL PLUS"
"248833","6501","41369","07290-26-01","07290-26-01-job","58-4000","","4/13/2026","4/13/2026","2986.32","V-001262","50300","HYDRO GEL PLUS"
"248837","EQP0026592","41371","07296-26-01","07296-26-01-job","51-0300","","4/13/2026","4/13/2026","8980","V-000306","53000","D6 RENTAL"
"248845","6481","41375","07280-26-01","07280-26-01-job","58-5000","","4/13/2026","4/13/2026","1594.5","V-001262","50300","H&H WOOD FIBER"
"248849","6482","41377","07286-26-01","07286-26-01-job","58-1000","","4/13/2026","4/13/2026","3286.5","V-001262","50300","SILT FENCE"
"248853","1428339","41379","07227-26-01","07227-26-01-job","58-4000","","4/13/2026","4/13/2026","2813.76","V-000969","50300","FISHING TOOLS"
"248859","90121213","41381","07147-26-01","07147-26-01-job","51-0600","","4/13/2026","4/13/2026","1378","V-002462","50300","TRENCH DRAIN FOR 12'' GRATE"
"248867","INV34047521","41383","07310-26-01","07310-26-01-job","58-1000","","4/13/2026","4/13/2026","6948.15","V-000136","50300","STONE"
"248873","6528","41385","07146-26-01","07146-26-01-job","58-5000","","4/13/2026","4/13/2026","1006.25","V-001262","50300","HAULED CONCRETE DRAINS"
"248877","6520","41387","07239-26-01","07239-26-01-job","59-0010","","4/13/2026","4/13/2026","718.75","V-001262","50300","MOVED CUTTING TUB ON POLAR VORTEX"
"248881","6522","41389","07239-26-01","07239-26-01-job","59-0010","","4/14/2026","4/14/2026","1437.5","V-001262","50300","HAULED TUBS FROM POLAR VORTEX"
"248897","6517","41395","07310-26-01","07310-26-01-job","58-1000","","4/14/2026","4/14/2026","431.25","V-001262","50300","HAULED CONDUCTOR"
"248905","1980A","41399","07195-26-01","07195-26-01-job","58-5000","","4/14/2026","4/14/2026","1797.3","V-001069","50300","OTC/FROSTY ANNUAL RYE"
"248909","6483","41401","07201-26-01","07201-26-01-job","58-5000","","4/14/2026","4/14/2026","383.25","V-001262","50300","CORRUGATED PERF PIPE"
"248913","6484","41403","07195-26-01","07195-26-01-job","58-5000","","4/14/2026","4/14/2026","2691.5","V-001262","50300","FLEXTERRA"
"248919","2604075451","41405","07266-26-01","07266-26-01-job","47-0810","","4/14/2026","4/14/2026","413.31","V-001905","50300","TIE-DOWN RCHT GRY"
"248941","6502","41411","07227-26-01","07227-26-01-job","58-4000","","4/14/2026","4/14/2026","1112.52","V-001262","50300","THINNER/CITRIC ACID"
"248945","6503","41413","07258-26-01","07258-26-01-job","58-4000","","4/14/2026","4/14/2026","866.08","V-001262","50300","THINNER"
"248949","6504","41415","07258-26-01","07258-26-01-job","47-0250","","4/14/2026","4/14/2026","240.4","V-001262","50300","DRINKING WATER"
"248957","20181277","41419","07280-26-01","07280-26-01-job","58-5000","","4/14/2026","4/14/2026","1905","V-000782","50300","HAULED STONE"
"248961","20181278","41421","07244-26-01","07244-26-01-job","58-5000","","4/14/2026","4/14/2026","412.5","V-000782","50300","MOVED TRACUK TRUCK"
"248989","184326","41431","07258-26-01","07258-26-01-job","47-0250","","4/14/2026","4/14/2026","86.62","V-001266","50300","ALLSPORT FREEZE POP"
"248997","184327","41433","07147-26-01","07147-26-01-job","47-0810","","4/14/2026","4/14/2026","41.08","V-001266","50300","HI POWER IND V-BELT"
"250049","1768887130006","41528","07227-26-01","07227-26-01-job","58-4000","","3/14/2026","3/14/2026","1527.26","V-001715","53000","LIGHT TOWER RENTAL"
"250557","5212930612","41626","07234-26-01","07234-26-01-job","53-0820","","2/28/2026","2/28/2026","1008.95","V-001250","50300","HDD FUEL"
"250621","5812930611","41628","07228-26-01","07228-26-01-job","51-0820","","2/28/2026","2/28/2026","602.69","V-001098","50300","MEC FUEL"
"250735","5212930616","41638","07239-26-01","07239-26-01-job","51-4015","","3/27/2026","3/27/2026","555.96","V-001250","50100","HDD LABORERS"
"250819","257187943004","41648","07313-26-01","07313-26-01-job","58-4000","","4/11/2026","4/11/2026","1025","V-001877","53000","GENERATOR RENTAL"
"252699","246156536011","42046","07232-26-01","07232-26-01-job","58-4000","","1/20/2026","1/20/2026","1095","V-001877","53000","UTV RENTAL"
"252703","255673567005","42048","07228-26-01","07228-26-01-job","58-4000","","1/27/2026","1/27/2026","1098","V-001877","53000","LIGHT TOWER RENTAL-MINE FIRE"
"252711","246156536012","42052","07219-26-01","07219-26-01-job","58-4000","","2/17/2026","2/17/2026","1095","V-001877","53000","UTV RENTAL"
"252779","1011500","42066","07295-26-01","07295-26-01-job","58-1000","","3/23/2026","3/23/2026","387.5","V-000750","50300","HAULED TIMBER MATS"
"252797","163210","42070","07268-26-01","07268-26-01-job","58-4000","","3/27/2026","3/27/2026","427.73","V-001164","50300","SMOOTHFLOW SOLID W/BELL"
"252941","5812930620","42078","07228-26-01","07228-26-01-job","51-0820","","3/31/2026","3/31/2026","55.1","V-001098","50300","MEC FUEL"
"252995","80894864","42082","07227-26-01","07227-26-01-job","48-0100","","4/3/2026","4/3/2026","604","V-001435","50300","LODGING-I.EZELL"
"252999","80894865","42084","07280-26-01","07280-26-01-job","47-0100","","4/3/2026","4/3/2026","320","V-001435","50300","LODGING-D.MUNYER"
"253003","80894876","42086","07230-26-01","07230-26-01-job","47-0100","","4/3/2026","4/3/2026","337.6","V-001435","50300","LODGING-B.DONATE"
"253007","80894877","42088","07201-26-01","07201-26-01-job","47-0100","","4/3/2026","4/3/2026","337.6","V-001435","50300","LODGING-I.WILLIAMS"
"253011","80894878","42090","07299-26-01","07299-26-01-job","47-0100","","4/3/2026","4/3/2026","1597.06","V-001435","50300","LODGING-B.BARCKLEY"
"253015","80908052","42092","07147-26-01","07147-26-01-job","47-0100","","4/4/2026","4/4/2026","88.8","V-001435","50300","LODGING-W.METZGER"
"253019","80908054","42094","07227-26-01","07227-26-01-job","48-0100","","4/4/2026","4/4/2026","88.8","V-001435","50300","LODGING-I.EZELL"
"253031","8384","42098","07268-26-01","07268-26-01-job","58-4000","","4/8/2026","4/8/2026","2497","V-000309","50300","HAULED MUD PIT"
"253037","INV34047303","42100","07310-26-01","07310-26-01-job","58-1000","","4/9/2026","4/9/2026","5986.98","V-000136","50300","STONE"
"253045","1428265","42102","07221-26-01","07221-26-01-job","58-4000","","4/10/2026","4/10/2026","29597.65","V-000969","50300","FISHING TOOLS"
"253051","260381712001","42104","07283-26-01","07283-26-01-job","58-1000","","4/11/2026","4/11/2026","3453","V-001877","53000","ROLLER RENTAL"
"253055","000000012971","42106","07290-26-01","07290-26-01-job","48-3000","","4/11/2026","4/11/2026","2434.12","V-000722","50100","RIG 251 LABOR WE 04/05-04/11/26"
"253087","CDE041326A","42112","07251-26-01","07251-26-01-job","58-4000","","4/13/2026","4/13/2026","3750","V-001331","50300","HAULED FRESH WATER AND DIRLL MUD"
"253091","72208","42114","07293-26-01","07293-26-01-job","58-2000","","4/14/2026","4/14/2026","779.63","V-000904","50300","DELIVERED A LOAD OF PIPE"
"253099","2289096","42116","07260-26-01","07260-26-01-job","51-0820","","4/14/2026","4/14/2026","974.5","V-001702","50300","FUEL TANK-RUFF CREEK"
"253107","246156536015","42118","07219-26-01","07219-26-01-job","58-4000","","4/14/2026","4/14/2026","1095","V-001877","53000","UTV RENTAL"
"253111","536584","42120","07260-26-01","07260-26-01-job","47-4111","","4/14/2026","4/14/2026","1492","V-001214","50300","3 MAN CREW W/TRUCK LABOR"
"253115","20181276","42122","07310-26-01","07310-26-01-job","58-1000","","4/14/2026","4/14/2026","300","V-000782","50300","HAULED STONE"
"253119","20181301","42124","07310-26-01","07310-26-01-job","58-1000","","4/15/2026","4/15/2026","2550","V-000782","50300","HAULED RECLAIM AND TOPSOIL"
"253123","20181302","42126","07195-26-01","07195-26-01-job","58-5000","","4/15/2026","4/15/2026","825","V-000782","50300","HAULED SKIDDER"
"253127","20181303","42128","07280-26-01","07280-26-01-job","58-5000","","4/15/2026","4/15/2026","850","V-000782","50300","HAULED STONE"
"253131","6485","42130","07331-26-01","07331-26-01-job","58-1000","","4/15/2026","4/15/2026","6073.79","V-001262","50300","SWITCHGRASS FILTER SOCK"
"253135","6486","42132","07244-26-01","07244-26-01-job","58-5000","","4/15/2026","4/15/2026","1282.6","V-001262","50300","FLEXTERA/NUTRALIME"
"253139","6487","42134","07240-26-01","07240-26-01-job","58-5000","","4/15/2026","4/15/2026","1798.9","V-001262","50300","FLEXTERRA/NUTRALIME"
"253143","6488","42136","07240-26-01","07240-26-01-job","58-5000","","4/15/2026","4/15/2026","2504","V-001262","50300","FLEXTERRA"
"253147","6506","42138","07227-26-01","07227-26-01-job","58-4000","","4/15/2026","4/15/2026","358.5","V-001262","50300","HYDRO GEL PLUS"
"253151","6529","42140","07280-26-01","07280-26-01-job","58-5000","","4/15/2026","4/15/2026","431.25","V-001262","50300","HAULED SKID STEER"
"253163","6516","42146","07280-26-01","07280-26-01-job","58-5000","","4/15/2026","4/15/2026","359.38","V-001262","50300","HAULED POWER RAKE"
"253167","6523","42148","07239-26-01","07239-26-01-job","59-0010","","4/15/2026","4/15/2026","431.25","V-001262","50300","HAULED 1 TUB COAL CUTTING FOR POLAR VORTEX"
"253171","6524","42150","07239-26-01","07239-26-01-job","59-0010","","4/15/2026","4/15/2026","431.25","V-001262","50300","HAULED TUB OF COAL CUTTINGS FROM POLAR VORTEX"
"253175","CDE041526A","42152","07299-26-01","07299-26-01-job","58-4000","","4/15/2026","4/15/2026","8125","V-001331","50300","HAULED FRESH WATER AND DIRLL MUD"
"253179","UL01501643","42154","07209-26-01","07209-26-01-job","58-5000","","4/15/2026","4/15/2026","192.5","V-000396","50300","PERMITS"
"253183","14723","42156","07299-26-01","07299-26-01-job","58-4000","","4/15/2026","4/15/2026","596","V-000338","50300","HAULED WATER"
"253187","14724","42158","07251-26-01","07251-26-01-job","58-4000","","4/15/2026","4/15/2026","1192","V-000338","50300","HAULED WATER"
"253191","14725","42160","07258-26-01","07258-26-01-job","58-4000","","4/15/2026","4/15/2026","596","V-000338","50300","HAULED WATER"
"253195","6530","42162","07239-26-01","07239-26-01-job","59-0012","","4/16/2026","4/16/2026","287.5","V-001262","50300","HAULED TAKEUCHI MINI"
"253199","6496","42164","07316-26-01","07316-26-01-job","58-1000","","4/16/2026","4/16/2026","958","V-001262","50300","SWITCHGRASS FILTER SOCK"
"253203","6492","42166","07297-26-01","07297-26-01-job","58-1000","","4/16/2026","4/16/2026","14906.03","V-001262","50300","SWITCHGRASS FILTER SOCK"
"253207","6493","42168","07316-26-01","07316-26-01-job","58-1000","","4/16/2026","4/16/2026","4283.04","V-001262","50300","SIWTCHGRASS FILTER SOCK"
"253211","6495","42170","07332-26-01","07332-26-01-job","58-1000","","4/16/2026","4/16/2026","13305.8","V-001262","50300","SWITCHGRASS FILTER SOCK"
"253215","6490","42172","07318-26-01","07318-26-01-job","58-1000","","4/16/2026","4/16/2026","1706.55","V-001262","50300","SWITCHGRASS FILTER SOCK"
"253219","6491","42174","07283-26-01","07283-26-01-job","58-1000","","4/16/2026","4/16/2026","2082.5","V-001262","50300","SWITCHGRASS FILTER SOCK"
"253223","6507","42176","07262-26-01","07262-26-01-job","58-4000","","4/16/2026","4/16/2026","2472.4","V-001262","50300","HYDO GEL PLUS/THINNER"
"253229","6508","42179","07251-26-01","07251-26-01-job","58-4000","","4/16/2026","4/16/2026","2589.4","V-001262","50300","HYDRO GEL PLUS/CITRIC ACID"
"253233","6509","42181","07251-26-01","07251-26-01-job","58-4000","","4/16/2026","4/16/2026","1622.4","V-001262","50300","CITRIC ACID/BICARBONATE OF SODA"
"253237","6510","42183","07300-26-01","07300-26-01-job","58-4000","","4/17/2026","4/17/2026","2259.72","V-001262","50300","HYDROGEL PLUS/THINNER"
"253241","6511","42185","07251-26-01","07251-26-01-job","58-4000","","4/17/2026","4/17/2026","997","V-001262","50300","HYDROGEL PLUS"
"253247","6512","42187","07289-26-01","07289-26-01-job","58-4000","","4/17/2026","4/17/2026","860.32","V-001262","50300","CITRIC ACID"
"253253","20181335","42189","07297-26-01","07297-26-01-job","58-1000","","4/17/2026","4/17/2026","630","V-000782","50300","HAULED STONE"
"253257","6494","42191","07331-26-01","07331-26-01-job","58-1000","","4/17/2026","4/17/2026","9153.35","V-001262","50300","SWITCHGRASS FILTER SOCK"
"253261","6497","42193","07212-26-01","07212-26-01-job","58-5000","","4/17/2026","4/17/2026","1632.89","V-001262","50300","H&H WOOD FIBER"
"253265","6531","42195","07331-26-01","07331-26-01-job","58-1000","","4/17/2026","4/17/2026","431.25","V-001262","50300","HAULED CONDUCTOR"
"253269","6532","42197","07297-26-01","07297-26-01-job","58-1000","","4/17/2026","4/17/2026","431.25","V-001262","50300","HAULED CONDUCTOR"
"253273","6525","42199","07239-26-01","07239-26-01-job","59-0010","","4/17/2026","4/17/2026","431.25","V-001262","50300","HAULED COAL CUTTINGS FROM POLAR VORTEX"
"253277","74572","42201","07227-26-01","07227-26-01-job","58-4000","","4/17/2026","4/17/2026","2150","V-000654","50300","WASTE DISPOSAL"
"253287","6526","42204","07239-26-01","07239-26-01-job","59-0010","","4/18/2026","4/18/2026","431.25","V-001262","50300","HAULED COAL CUTTINGS FROM POLAR VORTEX"
"253291","6527","42206","07332-26-01","07332-26-01-job","58-1000","","4/18/2026","4/18/2026","431.25","V-001262","50300","HAULED CONDUCTOR"
"253295","6498","42208","07331-26-01","07331-26-01-job","58-1000","","4/18/2026","4/18/2026","1039.1","V-001262","50300","EDGE MULCH"
"253299","6499","42210","07297-26-01","07297-26-01-job","58-1000","","4/18/2026","4/18/2026","3365.92","V-001262","50300","CORRUGATED PIPE"
"253311","6536","42214","07286-26-01","07286-26-01-job","58-4000","","4/20/2026","4/20/2026","1122","V-001262","50300","HYDROGEL PLUS"
"253315","6537","42216","07287-26-01","07287-26-01-job","58-4000","","4/20/2026","4/20/2026","1122","V-001262","50300","HYDROGEL PLUS"
"253319","20181352","42218","07332-26-01","07332-26-01-job","58-1000","","4/20/2026","4/20/2026","893.75","V-000782","50300","HAULED HOE AND DOZERS TO SITE"
"253323","20181353","42220","07296-26-01","07296-26-01-job","58-1000","","4/20/2026","4/20/2026","137.5","V-000782","50300","HAULED DOZER TO SITE"
"253327","6538","42222","07267-26-01","07267-26-01-job","58-4000","","4/21/2026","4/21/2026","1547.9","V-001262","50300","HYDROGEL PLUS/THINNER"
"253331","6540","42224","07296-26-01","07296-26-01-job","48-4111","","4/21/2026","4/21/2026","1744","V-001262","50300","HYDRO GEL PLUS"
"253335","6541","42226","07240-26-01","07240-26-01-job","58-5000","","4/21/2026","4/21/2026","2098.25","V-001262","50300","CUT & DRY 100"
"253341","6539","42228","07267-26-01","07267-26-01-job","47-0250","","4/21/2026","4/21/2026","212.16","V-001262","50300","DRINKING WATER"
"253347","6547","42230","07240-26-01","07240-26-01-job","58-5000","","4/21/2026","4/21/2026","177.31","V-001262","50300","CORRUGATED PIPE"
"253351","6548","42232","07332-26-01","07332-26-01-job","58-1000","","4/21/2026","4/21/2026","3915","V-001262","50300","SWITCHGRASS FILTER SOCK"
"253355","6549","42234","07227-26-01","07227-26-01-job","58-5000","","4/21/2026","4/21/2026","633.25","V-001262","50300","CORRUGATED PIPE"
"253359","6550","42236","07331-26-01","07331-26-01-job","58-1000","","4/21/2026","4/21/2026","1800","V-001262","50300","24 INCH CONDUCTOR"
"253363","6551","42238","07266-26-01","07266-26-01-job","58-5000","","4/22/2026","4/22/2026","2062.78","V-001262","50300","H&H WOOD FIBER"
"253367","6552","42240","07297-26-01","07297-26-01-job","58-1000","","4/22/2026","4/22/2026","680.35","V-001262","50300","T-POST/PVC PIPE"
"253371","6553","42242","07195-26-01","07195-26-01-job","58-5000","","4/22/2026","4/22/2026","196.5","V-001262","50300","NUTRALIME"
"253375","6542","42244","07201-26-01","07201-26-01-job","58-5000","","4/22/2026","4/22/2026","3351.25","V-001262","50300","CUT & DRY 100"
"253445","953N","42256","07299-26-01","07299-26-01-job","58-4000","","4/15/2026","4/15/2026","240.92","V-001111","50300","WELL MARKER FOR WELL 8265"
"253451","1987A","42258","07240-26-01","07240-26-01-job","58-5000","","4/15/2026","4/15/2026","1104.78","V-001069","50300","OTC/FROSTY ANNUAL RYE"
"253457","954N","42260","07219-26-01","07219-26-01-job","58-4000","","4/16/2026","4/16/2026","240.92","V-001111","50300","WELL MARKER FOR WELL 7368"
"253465","955N","42262","07207-26-01","07207-26-01-job","58-4000","","4/16/2026","4/16/2026","240.92","V-001111","50300","WELL MARKER FOR WELL 7498"
"253471","1989A","42264","07280-26-01","07280-26-01-job","58-5000","","4/16/2026","4/16/2026","826.15","V-001069","50300","RENO 5 STEEP SLOAP"
"253475","600899749623","42266","07195-26-01","07195-26-01-job","58-5000","","4/16/2026","4/16/2026","2721.61","V-001945","50300","WASTE REMOVAL"
"253479","600899849621","42268","07201-26-01","07201-26-01-job","58-4000","","4/16/2026","4/16/2026","1803.02","V-001945","50300","WASTE REMOVAL"
"253483","600900049625","42270","07280-26-01","07280-26-01-job","58-4000","","4/16/2026","4/16/2026","3683.87","V-001945","50300","WASTE REMOVAL"
"253487","600900149623","42272","07239-26-01","07239-26-01-job","59-0011","","4/16/2026","4/16/2026","4322.99","V-001945","50300","WASTE REMOVAL"
"253493","957N","42274","07321-26-01","07321-26-01-job","58-4000","","4/17/2026","4/17/2026","240.92","V-001111","50300","WELL MARKER FOR WELL GH-38A"
"253501","958N","42276","07227-26-01","07227-26-01-job","58-4000","","4/17/2026","4/17/2026","240.92","V-001111","50300","WELL MARKER FOR WELL 1615"
"253509","956N","42278","07317-26-01","07317-26-01-job","58-4000","","4/17/2026","4/17/2026","481.84","V-001111","50300","WELL MARKER FOR WELL MC17P&MC17A"
"253515","2002A","42280","07310-26-01","07310-26-01-job","58-1000","","4/21/2026","4/21/2026","38","V-001069","50300","3 WAY GATE LATCHES"
"253519","2003A","42282","07266-26-01","07266-26-01-job","58-5000","","4/22/2026","4/22/2026","1939.08","V-001069","50300","OTOC/ALFALFA"
"253523","14754","42284","07317-26-01","07317-26-01-job","58-4000","","4/22/2026","4/22/2026","2384","V-000338","50300","HAULED WATER IN AND PIT OUT"
"253529","960N","42286","07260-26-01","07260-26-01-job","47-4111","","4/22/2026","4/22/2026","240.92","V-001111","50300","WELL MARKER FOR WELL 1458"
"253537","959N","42288","07230-26-01","07230-26-01-job","47-4111","","4/22/2026","4/22/2026","240.92","V-001111","50300","WELL MARKER FOR WELL 818"
"253543","6543","42290","07262-26-01","07262-26-01-job","58-4000","","4/22/2026","4/22/2026","1186.44","V-001262","50300","THINNER"
"253567","6545","42294","07249-26-01","07249-26-01-job","51-0250","","4/22/2026","4/22/2026","659.96","V-001262","50300","DRINKING WATER"
"253571","6554","42296","07221-26-01","07221-26-01-job","58-5000","","4/23/2026","4/23/2026","1210.89","V-001262","50300","H&H WOOD FIBER"
"253575","6555","42298","07294-26-01","07294-26-01-job","58-1000","","4/23/2026","4/23/2026","1957.5","V-001262","50300","SWITCHGRASS FILTER SOCK"
"253579","2008A","42300","07221-26-01","07221-26-01-job","58-5000","","4/23/2026","4/23/2026","759.13","V-001069","50300","WETLAND SEED MIX"
"253583","2015A","42302","07297-26-01","07297-26-01-job","58-1000","","4/23/2026","4/23/2026","609.5","V-001069","50300","INSULATOR,MULTI-PURPOSE"
"253643","6546","42332","07287-26-01","07287-26-01-job","58-4000","","4/23/2026","4/23/2026","247.86","V-001262","50300","MUD/THINNER"
"253649","6535","42334","07306-26-01","07306-26-01-job","58-4000","","4/24/2026","4/24/2026","488.4","V-001262","50300","THINNER"
"253655","2016A","42336","07297-26-01","07297-26-01-job","58-1000","","4/24/2026","4/24/2026","1139.75","V-001069","50300","SOLAR ENERGIZER S 100"
"253659","2018A","42338","07240-26-01","07240-26-01-job","58-5000","","4/24/2026","4/24/2026","1357.54","V-001069","50300","OTOC/ALFALFA"
"253663","7525","42340","07313-26-01","07313-26-01-job","58-2000","","4/24/2026","4/24/2026","12528.52","V-002484","50300","TRANSORT TUB"
"253667","7526","42342","07296-26-01","07296-26-01-job","58-2000","","4/24/2026","4/24/2026","2835.0","V-002484","50300","TRANSPORT SWIVEL"
"253671","7527","42344","07331-26-01","07331-26-01-job","58-2000","","4/24/2026","4/24/2026","2625.0","V-002484","50300","TRANSPORT DOGHOUSE/FUEL CELL"
"253677","961N","42346","07288-26-01","07288-26-01-job","58-4000","","4/24/2026","4/24/2026","344.5","V-001111","50300","WELL MARKER FOR COP TRACT 357B 1011H"
"253685","962N","42348","07305-26-01","07305-26-01-job","58-4000","","4/24/2026","4/24/2026","344.5","V-001111","50300","WELL MARKER FOR WELL CHARLEROI"
"253691","000000013555","42350","07313-26-01","07313-26-01-job","49-3000","","4/25/2026","4/25/2026","3722.04","V-000722","50100","RIG 101 LABOR WE 04/19-04/25/26"
"253695","000000013558","42352","07230-26-01","07230-26-01-job","47-3000","","4/25/2026","4/25/2026","4811.91","V-000722","50100","RIG 212 LABOR WE 04/19-04/25/26"
"253699","000000013560","42354","07289-26-01","07289-26-01-job","47-3000","","4/25/2026","4/25/2026","3342.57","V-000722","50100","RIG 213 LABOR WE 04/19-04/25/26"
"253703","000000013561","42356","07314-26-01","07314-26-01-job","47-3000","","4/25/2026","4/25/2026","4962.2","V-000722","50100","RIG 214 LABOR WE 04/19-04/25/26"
"253707","000000013563","42358","07235-26-01","07235-26-01-job","47-3000","","4/25/2026","4/25/2026","3527.65","V-000722","50100","RIG 220 LABOR WE 04/19-04/25/26"
"253711","000000013565","42360","07147-26-01","07147-26-01-job","47-3000","","4/25/2026","4/25/2026","10616.56","V-000722","50100","RIG 237 LABOR WE 04/19-04/25/26"
"253715","000000013566","42362","07267-26-01","07267-26-01-job","47-3000","","4/25/2026","4/25/2026","3492.48","V-000722","50100","RIG 238 LABOR WE 04/19-047/25/26"
"253719","000000013567","42364","07286-26-01","07286-26-01-job","47-3000","","4/25/2026","4/25/2026","2481.4","V-000722","50100","RIG 242 04/19-04/25/26"
"253723","000000013568","42366","07296-26-01","07296-26-01-job","48-3000","","4/25/2026","4/25/2026","7520.92","V-000722","50100","RIG 243 LABOR WE 04/19-04/25/26"
"253727","000000013569","42368","07258-26-01","07258-26-01-job","47-3000","","4/25/2026","4/25/2026","4842.4","V-000722","50100","RIG 247 LABOR WE 04/19-04/25/26"
"253731","000000013571","42370","07293-26-01","07293-26-01-job","48-3000","","4/25/2026","4/25/2026","3312.62","V-000722","50100","RIG 248 WE 04/19/04/25/26"
"253735","000000013572","42372","07331-26-01","07331-26-01-job","48-3000","","4/25/2026","4/25/2026","576.22","V-000722","50100","RIG 249 LABOR WE 04/19-04/25/26"
"253739","000000013573","42374","07305-26-01","07305-26-01-job","49-3000","","4/25/2026","4/25/2026","3838.32","V-000722","50100","RIG 250 LABOR WE 04/19-04/25/26"
"253743","000000013574","42376","07290-26-01","07290-26-01-job","48-3000","","4/25/2026","4/25/2026","545.56","V-000722","50100","RIG 251 LABOR WE 04/19-04/25/26"
"253793","1532","42386","07114-26-01","07114-26-01-job","58-4000","","4/30/2026","4/30/2026","9991.88","V-002363","50300","BOSS FUEL"
"253831","184417","42398","07147-26-01","07147-26-01-job","47-0250","","4/15/2026","4/15/2026","43.31","V-001266","50300","ALLSPORT FREEZE POP"
"253855","184419","42402","07147-26-01","07147-26-01-job","47-0810","","4/15/2026","4/15/2026","229.00","V-001266","50300","DIE GRINDER"
"253867","184422","42404","07147-26-01","07147-26-01-job","47-0810","","4/15/2026","4/15/2026","152.30","V-001266","50300","2PK LED LIGHT KIT"
"253919","184474","42418","07239-26-01","07239-26-01-job","59-0012","","4/15/2026","4/15/2026","285.67","V-001266","50300","40X40IN WELDING BLANKET (NONBILLABLE)"
"254005","184500","42437","07294-26-01","07294-26-01-job","46-0810","","4/16/2026","4/16/2026","1224.30","V-001266","50300","MSA GAS DETECTOR"
"254031","184510","42443","07290-26-01","07290-26-01-job","58-4000","","4/16/2026","4/16/2026","136","V-001266","50300","9' COBALT BLADES SAWZAALL"
"254237","80908058","42471","07147-26-01","07147-26-01-job","47-0100","","4/4/2026","4/4/2026","177.6","V-001435","50300","LODGING-R.NICELER"
"254241","80931855","42473","07299-26-01","07299-26-01-job","47-0100","","4/6/2026","4/6/2026","160","V-001435","50300","LODGING-I.MITCHELL"
"254245","80931895","42475","07293-26-01","07293-26-01-job","48-0100","","4/6/2026","4/6/2026","248.8","V-001435","50300","LODGING-T.FORD"
"254269","184601","42481","07300-26-01","07300-26-01-job","47-0250","","4/17/2026","4/17/2026","43.31","V-001266","50300","ALLSPORT FREEZE POP"
"254477","5596220001","42515","07239-26-01","07239-26-01-job","59-0010","","4/15/2026","4/15/2026","1980","V-001673","50300","PORTABLE WATER DELIVERY"
"254481","70009","42517","07260-26-01","07260-26-01-job","47-4111","","4/16/2026","4/16/2026","7798.07","V-000246","50300","FUEL TANKRIG -713 JOB 7260"
"254647","8393","42547","07260-26-01","07260-26-01-job","58-2000","","4/16/2026","4/16/2026","1160","V-000309","50300","HAULED MUD PUMP"
"254655","72256","42549","07244-26-01","07244-26-01-job","58-5000","","4/16/2026","4/16/2026","990.04","V-000904","50300","HAULED FRESH WATER"
"254663","1428699","42551","07227-26-01","07227-26-01-job","58-4000","","4/16/2026","4/16/2026","319.68","V-000969","50300","FISHING TOOLS"
"254667","26615266","42553","07228-26-01","07228-26-01-job","58-4000","","4/16/2026","4/16/2026","5066.44","V-002029","50300","FUEL TANK-MINE FIRE"
"254671","4139075","42555","07293-26-01","07293-26-01-job","48-4111","","4/16/2026","4/16/2026","565","V-001133","50300","SPIDER INSERTS"
"254675","70010","42557","07314-26-01","07314-26-01-job","58-4000","","4/16/2026","4/16/2026","5312.15","V-000246","50300","FUEL TANK-RIG 214 JOB 7314"
"254735","IN260534","42571","07227-26-01","07227-26-01-job","58-4000","","4/17/2026","4/17/2026","659.63","V-002467","50300","CROSS OVER RENTAL"
"254743","2297288","42575","07180-26-01","07180-26-01-job","58-5000","","4/17/2026","4/17/2026","218.75","V-001702","50300","MOB FUEL TANK-NV JOB 7180"
"254747","74571","42577","07293-26-01","07293-26-01-job","58-4000","","4/17/2026","4/17/2026","1581.25","V-000654","50300","WASTE DISPOSAL"
"254753","I8391","42579","07180-26-01","07180-26-01-job","51-0100","","4/17/2026","4/17/2026","291.5","V-001439","50300","PORTA JOHN RENTAL"
"254761","I8395","42581","07267-26-01","07267-26-01-job","58-4000","","4/17/2026","4/17/2026","291.5","V-001439","50300","PORTA JOHN RENTAL"
"254767","1428894","42583","07206-26-01","07206-26-01-job","58-4000","","4/17/2026","4/17/2026","2323","V-000969","50300","FISHING TOOLS"
"254771","1428895","42585","07258-26-01","07258-26-01-job","58-4000","","4/17/2026","4/17/2026","9808.74","V-000969","50300","FISHING TOOLS"
"254775","2295692","42587","07290-26-01","07290-26-01-job","58-4000","","4/20/2026","4/20/2026","1529.89","V-001702","50300","FUEL TANK- RIG 251 JOB 7290"
"254855","6076","42627","07314-26-01","07314-26-01-job","58-2000","","4/22/2026","4/22/2026","3045","V-002434","50300","MOVE RIG TO NEW LOCA"
"254859","8399","42629","07287-26-01","07287-26-01-job","58-4000","","4/22/2026","4/22/2026","725","V-000309","50300","HAULED 1316 EXCAVATOR"
"254891","667","42645","07296-26-01","07296-26-01-job","58-1000","","4/26/2026","4/26/2026","22713.78","V-000804","50300","STONE"
"254895","668","42647","07331-26-01","07331-26-01-job","58-1000","","4/26/2026","4/26/2026","23511.5","V-000804","50300","BUILDING SITE"
"254903","669","42649","07266-26-01","07266-26-01-job","51-0300","","4/26/2026","4/26/2026","6450","V-000804","53000","CAT 322 CL MACHINE"
"254911","670","42651","07262-26-01","07262-26-01-job","51-0300","","4/26/2026","4/26/2026","960","V-000804","53000","CAT 322 CL MACHINE"
"254915","671","42653","07317-26-01","07317-26-01-job","58-4000","","4/26/2026","4/26/2026","717.5","V-000804","50300","ASSISTING RIG"
"254919","672","42655","07280-26-01","07280-26-01-job","58-5000","","4/26/2026","4/26/2026","1320","V-000804","50300","HAULED RECLAIM ROCK"
"254923","673","42657","07297-26-01","07297-26-01-job","58-1000","","4/26/2026","4/26/2026","1320","V-000804","50300","HAULING RECLAIM ROCK"
"254927","674","42659","07331-26-01","07331-26-01-job","58-2000","","4/26/2026","4/26/2026","2336","V-000804","50300","RIG MOVE"
"254931","675","42661","07331-26-01","07331-26-01-job","58-4000","","4/26/2026","4/26/2026","1413","V-000804","50300","ASSISTING RIG"
"255059","250754558011","42689","07244-26-01","07244-26-01-job","58-5000","","4/16/2026","4/16/2026","1095","V-001877","53000","UTV RENTAL- CLAY ROMAN"
"255063","259576374002","42691","07310-26-01","07310-26-01-job","58-1000","","4/18/2026","4/18/2026","3722","V-001877","53000","ROLLER 80-89'' RENTAL"
"255111","10028648746","42703","07293-26-01","07293-26-01-job","48-0100","","4/17/2026","4/17/2026","377.4","V-001115","50300","LODGING-L.BRYANT"
"255155","10028682598","42725","07258-26-01","07258-26-01-job","47-0100","","4/23/2026","4/23/2026","283.05","V-001115","50300","LODGING-S.NESTOR"
"255159","10028682348","42727","07267-26-01","07267-26-01-job","47-0100","","4/24/2026","4/24/2026","377.4","V-001115","50300","LODGING-J.PECK"
"255187","10028689118","42733","07230-26-01","07230-26-01-job","47-0100","","4/24/2026","4/24/2026","471.75","V-001115","50300","LODGING-J.HELDRETH"
"255191","10028689037","42735","07296-26-01","07296-26-01-job","48-0100","","4/24/2026","4/24/2026","377.4","V-001115","50300","LODGING-S.MIERI"
"255195","10028688863","42737","07235-26-01","07235-26-01-job","47-0100","","4/24/2026","4/24/2026","471.75","V-001115","50300","LODGING-P.ROWE"
"255199","10028688852","42739","07293-26-01","07293-26-01-job","48-0100","","4/24/2026","4/24/2026","283.05","V-001115","50300","LODGING-T.FORD"
"255203","10028688849","42741","07230-26-01","07230-26-01-job","47-0100","","4/24/2026","4/24/2026","471.75","V-001115","50300","LODGING-M.SMITH"
"255207","10028688832","42743","07235-26-01","07235-26-01-job","47-0100","","4/24/2026","4/24/2026","377.4","V-001115","50300","LODGING-B.DAVISSON"
"255211","10028688828","42745","07293-26-01","07293-26-01-job","48-0100","","4/24/2026","4/24/2026","283.05","V-001115","50300","LODGING-J.EVANS"
"255215","10028688764","42747","07293-26-01","07293-26-01-job","48-0100","","4/24/2026","4/24/2026","377.4","V-001115","50300","LODGING-L.BRYANT"
"255223","10028723648","42751","07235-26-01","07235-26-01-job","47-0100","","4/30/2026","4/30/2026","377.4","V-001115","50300","LODGING-P.ROWE"
"255227","10028731225","42753","07267-26-01","07267-26-01-job","47-0100","","5/1/2026","5/1/2026","471.75","V-001115","50300","LODGING-J.PECK"
"255231","10028730694","42755","07306-26-01","07306-26-01-job","47-0100","","5/1/2026","5/1/2026","471.75","V-001115","50300","LODGING-M.SMITH"
"255235","1002873572","42757","07293-26-01","07293-26-01-job","48-0100","","5/1/2026","5/1/2026","283.05","V-001115","50300","LODGING-L.BRYANT"
"255239","10028731113","42759","07293-26-01","07293-26-01-job","48-0100","","5/1/2026","5/1/2026","377.4","V-001115","50300","LODGING-J.EVANS"
"255243","10028732159","42761","07235-26-01","07235-26-01-job","47-0100","","5/1/2026","5/1/2026","467.5","V-001115","50300","LODGING-B.DAVISSON"
"255247","10028731147","42763","07293-26-01","07293-26-01-job","48-0100","","5/1/2026","5/1/2026","377.4","V-001115","50300","LODGING-T.FORD"
"255251","10028735485","42765","07306-26-01","07306-26-01-job","47-0100","","5/1/2026","5/1/2026","471.75","V-001115","50300","LODGING-J.HELDRETH"
"255255","10028723584","42767","07258-26-01","07258-26-01-job","47-0100","","5/1/2026","5/1/2026","283.05","V-001115","50300","LODGING-S.NESTOR"
"255259","10028731011","42769","07296-26-01","07296-26-01-job","48-0100","","5/1/2026","5/1/2026","377.4","V-001115","50300","LODGING-S.MIERI"
"255271","CDE032626A","42773","07268-26-01","07268-26-01-job","58-4000","","3/26/2026","3/26/2026","1312.5","V-001331","50300","HAULED FRESH WATER"
"255275","80971920","42775","07267-26-01","07267-26-01-job","47-0100","","4/10/2026","4/10/2026","266.4","V-001435","50300","LODGING-M.HARVEY"
"255299","708356","42781","07227-26-01","07227-26-01-job","58-4000","","4/15/2026","4/15/2026","157.59","V-000807","50300","HYD OIL"
"255393","4265903645","42795","07306-26-01","07306-26-01-job","51-0250","","4/14/2026","4/14/2026","435.89","V-000343","50300","UNIFORM RENTAL"
"255667","CDE041726A","42845","07219-26-01","07219-26-01-job","58-4000","","4/17/2026","4/17/2026","3500","V-001331","50300","HAULED FRESH WATER AND DIRLL MUD"
"255697","I8419","42855","07258-26-01","07258-26-01-job","58-4000","","4/20/2026","4/20/2026","291.5","V-001439","50300","PORTA JOHN RENTAL"
"255711","0261846748","42859","07238-26-01","07238-26-01-job","59-0006","","4/20/2026","4/20/2026","69","V-000009","50300",""
"255787","184677","42869","07300-26-01","07300-26-01-job","47-0810","","4/20/2026","4/20/2026","54.10","V-001266","50300","NYLON ZIP TIE ASSORTMENT 100PC"
"255843","184657","42885","07258-26-01","07258-26-01-job","47-0810","","4/20/2026","4/20/2026","44.00","V-001266","50300","BREAKER BAR"
"255915","528269","42905","07286-26-01","07286-26-01-job","58-4000","","4/21/2026","4/21/2026","19.96","V-001135","50300","60# CONCRETE"
"256151","184734","42947","07147-26-01","07147-26-01-job","47-0810","","4/21/2026","4/21/2026","518.54","V-001266","50300","WEBOOST ANTENNA"
"256183","184747","42955","07267-26-01","07267-26-01-job","47-0810","","4/21/2026","4/21/2026","36.00","V-001266","50300","RIVNUT SET"
"256247","2159","42970","07262-26-01","07262-26-01-job","47-0600","","4/23/2026","4/23/2026","3141.4","V-002251","50300","ELETRICAL INSPECTION-EMER.WORK"
"257845","0753687201","43541","07280-26-01","07280-26-01-job","58-4009","","4/1/2026","4/1/2026","5925","V-000978","53000","SUPER VAC RENTAL"
"257849","80894866","43543","07260-26-01","07260-26-01-job","47-0100","","4/3/2026","4/3/2026","337.6","V-001435","50300","LODGING-T.CORNELL"
"257865","80971922","43549","07260-26-01","07260-26-01-job","47-0100","","4/10/2026","4/10/2026","355.2","V-001435","50300","LODGING-E.CLARK"
"257871","INV34047635","43551","07201-26-01","07201-26-01-job","58-5000","","4/14/2026","4/14/2026","3945.77","V-000136","50300","STONE #4"
"257891","INV34047761","43555","07297-26-01","07297-26-01-job","58-1000","","4/15/2026","4/15/2026","8193.05","V-000136","50300","STONE - 3 IN CRUSHER"
"257901","754154","43559","07235-26-01","07235-26-01-job","58-4000","","4/15/2026","4/15/2026","3554.52","V-000737","50300","STONE"
"257907","INV34047863","43561","07297-26-01","07297-26-01-job","58-1000","","4/16/2026","4/16/2026","14137.94","V-000136","50300","STONE 3 IN / RIPRAP"
"257915","INV34047866","43563","07297-26-01","07297-26-01-job","58-1000","","4/16/2026","4/16/2026","9153.27","V-000136","50300","STONE 6X0"
"257923","041626","43565","07283-26-01","07283-26-01-job","58-1000","","4/16/2026","4/16/2026","517.28","V-001356","50300","PIPE/TPOST/CUPLERS"
"257941","2293269","43571","07180-26-01","07180-26-01-job","51-0820","","4/17/2026","4/17/2026","1212.7","V-001702","50300","FUEL TANK JOB 7180"
"257945","2293678","43573","07239-26-01","07239-26-01-job","59-0008","","4/17/2026","4/17/2026","14296.87","V-001702","50300","FUEL TANK-POLAR VORTEX"
"257949","2293172","43575","07251-26-01","07251-26-01-job","58-4000","","4/17/2026","4/17/2026","1607.56","V-001702","50300","FUEL TANK RIG 102 JOB 7251"
"257969","2290471","43579","07239-26-01","07239-26-01-job","59-0008","","4/19/2026","4/19/2026","10700.11","V-001702","50300","FUEL TANK-7239 POLAR VORTEX"
"257973","2294825","43581","07180-26-01","07180-26-01-job","51-0820","","4/19/2026","4/19/2026","1141.71","V-001702","50300","FUEL TANK-JOB 7180"
"257977","6561","43583","07313-26-01","07313-26-01-job","58-4000","","4/20/2026","4/20/2026","3018.75","V-001262","50300","HAULED MISCELLANEOUS TRAILER LOAD"
"257981","5729","43585","07251-26-01","07251-26-01-job","58-4000","","4/20/2026","4/20/2026","903","V-001232","50300","CASING NIPPLE"
"257985","6569","43587","07240-26-01","07240-26-01-job","58-5000","","4/20/2026","4/20/2026","575","V-001262","50300","HAULED SWITHSOCK"
"257993","14217472","43591","07114-26-01","07114-26-01-job","58-4000","","4/20/2026","4/20/2026","99.36","V-000969","50300","FISHING TOOLS"
"257997","14271142","43593","07114-26-01","07114-26-01-job","58-4000","","4/20/2026","4/20/2026","665.28","V-000969","50300","FISHING TOOLS"
"258005","0261846789","43597","07240-26-01","07240-26-01-job","51-0810","","4/21/2026","4/21/2026","7.19","V-000009","50300","6"" COUPLING"
"258009","0261846777","43599","07332-26-01","07332-26-01-job","58-1000","","4/21/2026","4/21/2026","46.1","V-000009","50300","HANDICRETE"
"258081","184813","43613","07300-26-01","07300-26-01-job","47-0810","","4/22/2026","4/22/2026","167.58","V-001266","50300","1' GP BOLT MUT SHACKLE"
"258213","9507","43649","07239-26-01","07239-26-01-job","51-0100","","4/22/2026","4/22/2026","857.67","V-001675","50300","LODGING D MCCOWIEN"
"258217","6574","43651","07239-26-01","07239-26-01-job","59-0010","","4/23/2026","4/23/2026","431.25","V-001262","50300","HAULED 1 COAL CUTTINGS"
"258221","6575","43653","07212-26-01","07212-26-01-job","58-5000","","4/23/2026","4/23/2026","359.38","V-001262","50300","HALED RIG MATS"
"258225","6563","43655","07267-26-01","07267-26-01-job","58-2000","","4/23/2026","4/23/2026","431.25","V-001262","50300","HAULED SKID STEER WITH FORK"
"258229","6564","43657","07212-26-01","07212-26-01-job","58-5000","","4/23/2026","4/23/2026","359.38","V-001262","50300","HAULED MUD MATS"
"258233","6576","43659","07336-26-01","07336-26-01-job","58-1000","","4/23/2026","4/23/2026","575","V-001262","50300","HAULED COLD PATCHES"
"258337","184950","43697","07306-26-01","07306-26-01-job","47-0810","","4/24/2026","4/24/2026","508.69","V-001266","50300","M18 5.0 BATTERY PACK"
"258365","184967","43705","07147-26-01","07147-26-01-job","47-0250","","4/24/2026","4/24/2026","40.43","V-001266","50300","SUGAR FREE POPSICLE 36CT"
"258455","5812930619","43723","07314-26-01","07314-26-01-job","51-1015","","4/24/2026","4/24/2026","393.03","V-001098","50100","MEC LABOR"
"258461","000000013575","43725","07260-26-01","07260-26-01-job","47-3000","","4/25/2026","4/25/2026","600.56","V-000722","50100","RIG 713 LABOR WE 04/19-04/25/26"
"258477","185031","43729","07296-26-01","07296-26-01-job","48-4111","","4/27/2026","4/27/2026","167.28","V-001266","50300","DISPOSABLE GLOVES"
"258509","007382","43737","07212-26-01","07212-26-01-job","58-5000","","4/21/2026","4/21/2026","2807.25","V-000475","50300","WATER HAULING"
"258513","007383","43739","07240-26-01","07240-26-01-job","58-5000","","4/21/2026","4/21/2026","2175","V-000475","50300","WATER HAULING"
"258521","185049","43743","07286-26-01","07286-26-01-job","47-0250","","4/27/2026","4/27/2026","577.5","V-001266","50300","MED EXOFIT X200 HARNESS"
"258525","185050","43745","07286-26-01","07286-26-01-job","58-4000","","4/27/2026","4/27/2026","68","V-001266","50300","8' SAWZ ALL BLADES"
"258541","185053","43749","07316-26-01","07316-26-01-job","47-0810","","4/27/2026","4/27/2026","61.25","V-001266","50300","PX CLEAR 66C RTV SILI"
"258549","185064","43751","07258-26-01","07258-26-01-job","47-0810","","4/27/2026","4/27/2026","47.35","V-001266","50300","JAR OF CLAMPS"
"258561","185066","43753","07258-26-01","07258-26-01-job","58-4000","","4/27/2026","4/27/2026","168.21","V-001266","50300","CHAIN TONG JAWS"
"258585","185068","43757","07147-26-01","07147-26-01-job","47-0810","","4/27/2026","4/27/2026","694.13","V-001266","50300","110V FILRITE PUMP 15GPM"
"258677","000000013564","43775","07300-26-01","07300-26-01-job","47-3000","","4/28/2026","4/28/2026","5026.36","V-000722","50100","RIG 221 LABOR WE 04/19-04/25/26"
"258681","9489","43777","07280-26-01","07280-26-01-job","51-0100","","4/28/2026","4/28/2026","545.79","V-001675","50300","LODGING-B.BLACK"
"258685","9530","43779","07280-26-01","07280-26-01-job","51-0100","","4/28/2026","4/28/2026","222.87","V-001675","50300","LODGING-B.BLACK"
"258689","9533","43781","07239-26-01","07239-26-01-job","51-0100","","4/28/2026","4/28/2026","389.85","V-001675","50300","LODGING-D.MCCOWIEN"
"258693","9534","43783","07342-26-01","07342-26-01-job","51-0100","","4/28/2026","4/28/2026","483","V-001675","50300","LODGING-D.CHEE"
"258697","9492","43785","07258-26-01","07258-26-01-job","47-0100","","4/28/2026","4/28/2026","77.97","V-001675","50300","LODGING-G.HALL"
"258701","9497","43787","07293-26-01","07293-26-01-job","48-0100","","4/28/2026","4/28/2026","77.97","V-001675","50300","LODGING-J.EVANS"
"258705","9503","43789","07258-26-01","07258-26-01-job","47-0100","","4/28/2026","4/28/2026","233.91","V-001675","50300","LODGING-G.HALL"
"258709","9505","43791","07331-26-01","07331-26-01-job","48-0100","","4/28/2026","4/28/2026","155.94","V-001675","50300","LODGING-G.MARKS"
"258713","9513","43793","07331-26-01","07331-26-01-job","48-0100","","4/28/2026","4/28/2026","77.97","V-001675","50300","LODGING-G.MARKS"
"258717","9531","43795","07258-26-01","07258-26-01-job","47-0100","","4/28/2026","4/28/2026","389.85","V-001675","50300","LODGING-G.HALL"
"258729","4704383","43799","07296-26-01","07296-26-01-job","58-2000","","4/30/2026","4/30/2026","1812.5","V-001560","50300","MOVED RIG 243"
"258733","4704384","43801","07331-26-01","07331-26-01-job","58-2000","","4/30/2026","4/30/2026","3915","V-001560","50300","MOVED RIG 249"
"258737","4704385","43803","07306-26-01","07306-26-01-job","58-2000","","4/30/2026","4/30/2026","1015","V-001560","50300","MOVED RIG 212"
"258741","4704386","43805","07316-26-01","07316-26-01-job","58-2000","","4/30/2026","4/30/2026","2972.5","V-001560","50300","RIG 713 MOVE"
"258797","207","43815","07147-26-01","07147-26-01-job","47-3000","","4/20/2026","4/20/2026","580","V-000580","50100","RIG LABOR WE 041826"
"258813","2295672","43817","07239-26-01","07239-26-01-job","59-0008","","4/21/2026","4/21/2026","11076.19","V-001702","50300","FUEL TANK - POLAR VORTEX"
"258817","2296119","43819","07180-26-01","07180-26-01-job","51-0820","","4/21/2026","4/21/2026","1514.39","V-001702","50300","FUEL TANK RECLAIM NV 22"
"258821","2295809","43821","07251-26-01","07251-26-01-job","58-4000","","4/21/2026","4/21/2026","1917.55","V-001702","50300","FUEL TANK 102"
"258889","6334","43833","07331-26-01","07331-26-01-job","58-1000","","4/21/2026","4/21/2026","2025","V-000823","50300","4000 PSI"
"258909","1429276","43839","07147-26-01","07147-26-01-job","58-4000","","4/22/2026","4/22/2026","28308.18","V-000969","50300","FISHING TOOLS"
"258913","93583255","43841","07289-26-01","07289-26-01-job","47-4111","","4/22/2026","4/22/2026","22.71","V-002238","50300","NIPPLE PIPE / THREAD"
"259097","20260103","43865","07147-26-01","07147-26-01-job","58-4009","","4/15/2026","4/15/2026","2820","V-000566","50300","COMPOSITE MAT RENTAL"
"259101","20260104","43867","07251-26-01","07251-26-01-job","58-4009","","4/15/2026","4/15/2026","4080","V-000566","50300","COMPOSITE MAT RENTAL"
"259105","20260105","43869","07239-26-01","07239-26-01-job","59-0011","","4/15/2026","4/15/2026","5460","V-000566","50300","COMPOSITE MAT RENTAL"
"259109","20260107","43871","07230-26-01","07230-26-01-job","58-4009","","4/15/2026","4/15/2026","2190","V-000566","50300","COMPOSITE MAT RENTAL"
"259137","6296","43879","07316-26-01","07316-26-01-job","58-1000","","4/17/2026","4/17/2026","2025","V-000823","50300","CALCIUM"
"259141","355","43881","07305-26-01","07305-26-01-job","58-4000","","4/18/2026","4/18/2026","5104","V-000391","50300","CHARLEROI MTN CLUB 2019"
"259145","2433","43883","07314-26-01","07314-26-01-job","58-4000","","4/20/2026","4/20/2026","1020","V-000919","50300","HAULED FRESH WATER"
"259149","1535","43885","07321-26-01","07321-26-01-job","58-4000","","4/22/2026","4/22/2026","330","V-002363","50300","FUEL GH-38"
"259153","1536","43887","07307-26-01","07307-26-01-job","58-4000","","4/22/2026","4/22/2026","330","V-002363","50300","FUEL GH-90"
"259161","0261846857","43889","07297-26-01","07297-26-01-job","58-1000","","4/22/2026","4/22/2026","176.63","V-000009","50300","ROPE / PENNANTS"
"259169","70390","43891","07147-26-01","07147-26-01-job","58-4000","","4/22/2026","4/22/2026","5303.75","V-000246","50300","FUEL RIG 237"
"259173","70556","43893","07262-26-01","07262-26-01-job","58-4000","","4/22/2026","4/22/2026","5240.98","V-000246","50300","FUEL TANK RIG 215"
"259177","27332","43895","07316-26-01","07316-26-01-job","58-4000","","4/23/2026","4/23/2026","2700","V-000207","50300","RR RB TOOTH BITS"
"259181","27333","43897","07267-26-01","07267-26-01-job","58-4000","","4/23/2026","4/23/2026","1750","V-000207","50300","8 1/2"" RR SB TOOTH BIT"
"259261","185138","43919","07267-26-01","07267-26-01-job","47-0810","","4/28/2026","4/28/2026","72.33","V-001266","50300","3/8 - 10MM GUNNEBO SLING HOOK"
"259381","185201","43955","07032-26-01","07032-26-01-job","51-0810","","4/29/2026","4/29/2026","154.57","V-001266","50300","RTU EXT LIFE GAL"
"259413","185211","43961","07235-26-01","07235-26-01-job","47-0810","","4/29/2026","4/29/2026","175.18","V-001266","50300","0-160 SI REAR MOUNT GAUGE"
"259421","185213","43963","07286-26-01","07286-26-01-job","47-0810","","4/29/2026","4/29/2026","30.68","V-001266","50300","FILTER"
"259553","185271","43993","07267-26-01","07267-26-01-job","47-0810","","4/30/2026","4/30/2026","393.02","V-001266","50300","BAND SAW"
"259757","676","44045","07336-26-01","07336-26-01-job","58-1000","","5/3/2026","5/3/2026","18365","V-000804","50300","BUILDING SITE"
"259761","20181511","44047","07244-26-01","07244-26-01-job","58-5000","","5/5/2026","5/5/2026","907.5","V-000782","50300","HAULED STONE"
"260153","80908057","44079","07260-26-01","07260-26-01-job","47-0100","","4/4/2026","4/4/2026","88.8","V-001435","50300","LODGING-J.MUNYER"
"260189","20260106","44085","07238-26-01","07238-26-01-job","59-0011","","4/15/2026","4/15/2026","2460","V-000566","50300","COMPOSITE MAT RENTAL"
"260289","14246672","44091","07114-26-01","07114-26-01-job","58-4000","","4/20/2026","4/20/2026","794.88","V-000969","50300","FISHING TOOLS"
"260293","1428981","44093","07261-26-01","07261-26-01-job","58-4000","","4/20/2026","4/20/2026","15977.7","V-000969","50300","FISHING TOOLS"
"260305","528284","44097","07300-26-01","07300-26-01-job","58-4000","","4/21/2026","4/21/2026","24.95","V-001135","50300","60# CONCRETE"
"260313","27330","44099","07262-26-01","07262-26-01-job","58-4000","","4/23/2026","4/23/2026","1500","V-000207","50300","7 7/8 RR SB TOOTH BIT"
"260457","COASTALWELLSERVICES01","44143","07239-26-01","07239-26-01-job","59-0012","","5/1/2026","5/1/2026","6650","V-000721","50300","ENGINEERRING/PLANNING/MONITORING"
"260665","4704387","44167","07310-26-01","07310-26-01-job","58-2000","","4/30/2026","4/30/2026","2102.5","V-001560","50300","RIG 213 MOVE"
"260685","4704388","44169","07273-26-01","07273-26-01-job","58-4000","","4/30/2026","4/30/2026","9000","V-001560","53000","AIR RENTAL- 44-2042 RIG KEY"
"264458","4704373","44563","07227-26-01","07227-26-01-job","58-2000","","3/5/2026","3/5/2026","5670","V-001560","50300","TRUCKING MOB 243"
"264462","4704374","44565","07267-26-01","07267-26-01-job","58-2000","","3/5/2026","3/5/2026","2100","V-001560","50300","MOVE RIG 238"
"264466","4704375","44567","07180-26-01","07180-26-01-job","58-5000","","3/5/2026","3/5/2026","1330","V-001560","50300","HAUL MATTING BOARDS"
"264496","2285121","44573","07251-26-01","07251-26-01-job","58-4000","","4/10/2026","4/10/2026","2133.29","V-001702","50300","FUEL TANK-RIG 102 JOB 7251"
"264514","BSC30513","44581","07251-26-01","07251-26-01-job","58-4000","","4/13/2026","4/13/2026","4108.88","V-000190","50300","DISPOSAL RIG 102"
"264530","BSC30514","44587","07289-26-01","07289-26-01-job","58-4000","","4/16/2026","4/16/2026","1924.54","V-000190","50300","DISPOSAL RIG 213"
"264538","BSC30515","44589","07227-26-01","07227-26-01-job","58-4000","","4/17/2026","4/17/2026","2145.07","V-000190","50300","DISPOSAL RIG 243"
"264544","260213745001","44591","07239-26-01","07239-26-01-job","59-0011","","4/20/2026","4/20/2026","4640","V-001877","53000","ROLL OFF"
"264548","1429170","44593","07321-26-01","07321-26-01-job","58-4000","","4/21/2026","4/21/2026","126","V-000969","50300","FISHING TOOLS"
"264552","70345","44595","07239-26-01","07239-26-01-job","59-0008","","4/21/2026","4/21/2026","1949.23","V-000246","50300","FUEL TANK- YB1 POLAR VORTEX"
"264556","147009","44597","07313-26-01","07313-26-01-job","58-4000","","4/21/2026","4/21/2026","4333.32","V-000679","50300","FUEL TANK-RIG 101"
"264570","20261142","44601","07240-26-01","07240-26-01-job","58-5000","","4/22/2026","4/22/2026","2448.6","V-000184","50300","SWITCH SOCK"
"264584","1011488","44603","07195-26-01","07195-26-01-job","51-5015","","4/24/2026","4/24/2026","1561.5","V-000945","50100","MISC LABOR"
"264714","80972031","44638","07260-26-01","07260-26-01-job","47-0100","","4/10/2026","4/10/2026","266.4","V-001435","50300","LODGING-D.MUNYER"
"264718","80972072","44640","07147-26-01","07147-26-01-job","47-0100","","4/10/2026","4/10/2026","457.32","V-001435","50300","LODGING-R.NICELER"
"264722","2289024","44642","07251-26-01","07251-26-01-job","58-4000","","4/14/2026","4/14/2026","1473.61","V-001702","50300","FUEL TANK-RIG 102 JOB 7251"
"264726","407280","44644","07297-26-01","07297-26-01-job","51-0600","","4/22/2026","4/22/2026","1281.77","V-000666","50300","CHAIN LOOP/BAR OIL"
"264730","0753707201","44646","07227-26-01","07227-26-01-job","58-4009","","4/23/2026","4/23/2026","8375","V-000978","53000","SUPER VAC RENTAL"
"264734","35039","44648","07227-26-01","07227-26-01-job","58-4000","","5/7/2026","5/7/2026","26263","V-000157","50300","BOP RENTAL"
"264738","80971947","44650","07230-26-01","07230-26-01-job","47-0100","","4/10/2026","4/10/2026","444","V-001435","50300","LODGING-M.SMITH"
"264742","80971956","44652","07230-26-01","07230-26-01-job","47-0100","","4/10/2026","4/10/2026","355.2","V-001435","50300","LODGING-B.DONATE"
"264746","80971978","44654","07293-26-01","07293-26-01-job","48-0100","","4/10/2026","4/10/2026","355.2","V-001435","50300","LODGING-T.FORD"
"264750","80971983","44656","07260-26-01","07260-26-01-job","47-0100","","4/10/2026","4/10/2026","444","V-001435","50300","LODGING-D.HALL"
"264754","80971995","44658","07147-26-01","07147-26-01-job","47-0100","","4/10/2026","4/10/2026","355.2","V-001435","50300","LODGING-W.METZGER"
"264758","80972015","44660","07289-26-01","07289-26-01-job","47-0100","","4/10/2026","4/10/2026","355.2","V-001435","50300","LODGING-B.BARCLEY"
"264762","80972029","44662","07230-26-01","07230-26-01-job","47-0100","","4/10/2026","4/10/2026","390.72","V-001435","50300","LODGING-M.HELDRETH"
"264766","80972030","44664","07260-26-01","07260-26-01-job","47-0100","","4/10/2026","4/10/2026","266.4","V-001435","50300","LODGING-T.CORNELL"
"267411","1306831","44968","07335-26-01","07335-26-01-job","58-1000","","4/15/2026","4/15/2026","14000","V-001011","53000","T14R RENTAL"
"267423","EQP0027274","44972","07332-26-01","07332-26-01-job","51-0300","","4/16/2026","4/16/2026","8980","V-000306","53000","D6 RENTAL"
"267531","EQP0028719","45002","07235-26-01","07235-26-01-job","58-4000","","4/24/2026","4/24/2026","5044","V-000306","53000","CP56 PAD FOOT RENTAL"
"269569","700023","45291","07201-26-01","07201-26-01-job","47-4111","","4/30/2026","4/30/2026","1680","V-000375","50300","D&T"
"269575","4310131","45293","07313-26-01","07313-26-01-job","49-0300","","4/30/2026","4/30/2026","15000","V-000374","53000","RIG 101 RENT"
"269579","4310325","45295","07291-26-01","07291-26-01-job","49-0300","","4/30/2026","4/30/2026","15000","V-000374","53000","RIG 103 RENT"
"271782","33251CWSP2","45582","07334-26-01","07334-26-01-job","51-0820","","4/30/2026","4/30/2026","932.99","V-001702","50300","MCDONALD JR"
"273388","33251CWSP1","45590","07283-26-01","07283-26-01-job","51-0820","","4/30/2026","4/30/2026","1176.09","V-001702","50300","AMOS"
"275214","14781","45873","07266-26-01","07266-26-01-job","58-5000","","5/6/2026","5/6/2026","2750.56","V-000338","50300","WATER HAULING"
"276270","34925","46159","07114-26-01","07114-26-01-job","58-4000","","4/16/2026","4/16/2026","63916","V-000157","50300","BOP RENTALS"
"276738","2297652","46227","07287-26-01","07287-26-01-job","58-4000","","4/22/2026","4/22/2026","6798.82","V-001702","50300","FUEL TANK-RIG 2 JOB 7206"
"278085","5812930620COR","46434","07267-26-01","07267-26-01-job","53-0820","","3/31/2026","3/31/2026","-10.71","V-001098","50300","FUEL CREDIT - TAXES"
"278546","INV033227","46601","07212-26-01","07212-26-01-job","58-4000","","2/3/2026","2/3/2026","651","V-001697","50300","TIMBER MAT RENTAL"
"278550","4258441935","46603","07147-26-01","07147-26-01-job","47-0250","","2/3/2026","2/3/2026","37.76","V-000343","50300","UNIFORM RENTAL"
"278554","9074","46605","07240-26-01","07240-26-01-job","47-0100","","2/13/2026","2/13/2026","311.88","V-001675","50300","LODGING-R.ODELL"
"278598","182233","46617","07147-26-01","07147-26-01-job","47-0250","","3/6/2026","3/6/2026","214.76","V-001266","50300","5/16 G-8-10 CONNECTING LINK"
"278606","10028410453","46619","07267-26-01","07267-26-01-job","47-0100","","3/6/2026","3/6/2026","471.75","V-001115","50300","LODGING-J.PECK"
"279024","9281","46726","07293-26-01","07293-26-01-job","51-0100","","3/25/2026","3/25/2026","545.79","V-001675","50300","LODGING-B.BLACK"
"279064","10028556514","46742","07267-26-01","07267-26-01-job","47-0100","","3/31/2026","3/31/2026","283.05","V-001115","50300","FOR 10028549696 ALSO J.PECK"
"279076","16339","46746","07235-26-01","07235-26-01-job","47-0100","","4/6/2026","4/6/2026","395.16","V-000281","50300","LODGING-P.BROWN"
"279140","1011499","46772","07146-26-01","07146-26-01-job","51-0300","","4/9/2026","4/9/2026","1003","V-000945","53000","HYDROSEEDER"
"279144","80971923","46774","07289-26-01","07289-26-01-job","47-0100","","4/10/2026","4/10/2026","355.2","V-001435","50300","LODGING-I.WILLIAMS"
"279148","80971944","46776","07227-26-01","07227-26-01-job","48-0100","","4/10/2026","4/10/2026","444","V-001435","50300","LODGING-I.EZELL"
"279160","184210","46780","07239-26-01","07239-26-01-job","59-0012","","4/10/2026","4/10/2026","171.34","V-001266","50300","FIRE BLANKET (non billable)"
"279174","1011500","46785","07280-26-01","07280-26-01-job","51-0300","","4/13/2026","4/13/2026","1003","V-000945","53000","HYDROSEEDER RENTAL"
"279182","1011501","46789","07240-26-01","07240-26-01-job","51-0300","","4/11/2026","4/11/2026","450","V-000945","53000","HYDROSEEDER RENTAL"
"279186","16352","46791","07235-26-01","07235-26-01-job","47-0100","","4/13/2026","4/13/2026","395.16","V-000281","50300","LODGING-P.BROWN"
"279204","20181267","46795","07266-26-01","07266-26-01-job","51-5015","","4/14/2026","4/14/2026","1446.9","V-000782","50100","LOADED STONE"
"279382","20181268","46807","07262-26-01","07262-26-01-job","58-1000","","4/14/2026","4/14/2026","192.5","V-000782","50300","HAULED TOP SOIL"
"279386","1011502","46809","07195-26-01","07195-26-01-job","51-0300","","4/14/2026","4/14/2026","450","V-000945","53000","HYDROSEEDER RENTAL"
"279394","1011503","46813","07244-26-01","07244-26-01-job","51-0300","","4/15/2026","4/15/2026","450","V-000945","53000","HYDROSEEDER RENTAL"
"279398","1011504","46815","07244-26-01","07244-26-01-job","51-0300","","4/16/2026","4/16/2026","450","V-000945","53000","HYDROSEEDER RENTAL"
"279410","2293024","46818","07297-26-01","07297-26-01-job","53-0820","","4/18/2026","4/18/2026","516.69","V-001702","50300","FUEL TANK-HUNDRED ON ROAD"
"279424","2294816","46820","07303-26-01","07303-26-01-job","51-0820","","4/19/2026","4/19/2026","634.28","V-001702","50300","FUEL TANK-RUFF CREEK"
"279436","2297426","46824","07235-26-01","07235-26-01-job","47-4111","","4/22/2026","4/22/2026","4678.09","V-001702","50300","FUEL TANK-RIG 220 JOB 7235"
"279440","2297655","46826","07286-26-01","07286-26-01-job","51-0820","","4/22/2026","4/22/2026","1978.11","V-001702","50300","SISTERVILLE YARD TANK"
"279448","2298488","46830","07267-26-01","07267-26-01-job","58-4000","","4/23/2026","4/23/2026","3701.84","V-001702","50300","FUEL TANK-RIG 238 JOB 7267"
"279458","2298837","46832","07260-26-01","07260-26-01-job","51-0820","","4/23/2026","4/23/2026","761.06","V-001702","50300","FUEL TANK-RUFF CREEK"
"279468","2298848","46834","07251-26-01","07251-26-01-job","58-4000","","4/23/2026","4/23/2026","1379.51","V-001702","50300","FUEL TANK-RIG 102 JOB 7251"
"279472","2298851","46836","07239-26-01","07239-26-01-job","59-0008","","4/23/2026","4/23/2026","12228.28","V-001702","50300","FUEL TANK-POLAR VORTEX"
"279476","2298724","46838","07331-26-01","07331-26-01-job","58-4000","","4/23/2026","4/23/2026","2092.78","V-001702","50300","FUEL TANK-RIG 249 JOB 7331"
"279480","2297557","46840","07296-26-01","07296-26-01-job","48-4111","","4/24/2026","4/24/2026","1761.62","V-001702","50300","FUEL RIG 243 JOB 7296"
"279484","1011508","46842","07240-26-01","07240-26-01-job","51-0300","","4/24/2026","4/24/2026","450","V-000945","53000","HYDROSEEDER RENTAL"
"279488","2301845","46844","07239-26-01","07239-26-01-job","59-0008","","4/27/2026","4/27/2026","9162","V-001702","50300","FUEL TANK-POLAR VORTEX"
"279492","2302092","46846","07239-26-01","07239-26-01-job","59-0008","","4/27/2026","4/27/2026","2819.08","V-001702","50300","FUEL TANK-POLAR VORTEX"
"279496","2302163","46848","07293-26-01","07293-26-01-job","48-4111","","4/28/2026","4/28/2026","1457.92","V-001702","50300","FUEL TANK-RIG 248 JOB 7293"
"279500","20181451","46850","07032-26-01","07032-26-01-job","58-5000","","4/29/2026","4/29/2026","1575","V-000782","50300","HAULED BRUSH"
"279504","20181452","46852","07280-26-01","07280-26-01-job","58-5000","","4/29/2026","4/29/2026","735","V-000782","50300","HAULED TREE STUMPS"
"279508","2306403","46854","07286-26-01","07286-26-01-job","51-0820","","4/30/2026","4/30/2026","3055.32","V-001702","50300","SISTERVILLE YARD TANK"
"279598","2319405","46869","07180-26-01","07180-26-01-job","58-5000","","5/8/2026","5/8/2026","312.5","V-001702","50300","FUEL TANK NV 22 JOB 7180"
"279608","2294385","46873","07262-26-01","07262-26-01-job","51-0820","","4/18/2026","4/18/2026","831.32","V-001702","50300","FUEL TANK HUNDRED OFF ROAD"
"279614","1011505","46875","07212-26-01","07212-26-01-job","51-0300","","4/18/2026","4/18/2026","450","V-000945","53000","HYDROSEEDER RENTAL"
"279618","1011506","46877","07266-26-01","07266-26-01-job","51-0300","","4/22/2026","4/22/2026","450","V-000945","53000","HYDROSEEDER RENTAL"
"279622","1011507","46879","07221-26-01","07221-26-01-job","51-0300","","4/23/2026","4/23/2026","450","V-000945","53000","HYDROSEEDER RENTAL"
"279626","1011509","46881","07212-26-01","07212-26-01-job","51-0300","","4/30/2026","4/30/2026","450","V-000945","53000","HYDROSEEDER RENTAL"
"279644","5574570001","46889","07239-26-01","07239-26-01-job","59-0012","","3/31/2026","3/31/2026","8565.01","V-001673","50300","POLAR VORTEX"
"279654","2026040601","46891","07207-26-01","07207-26-01-job","58-4000","","4/6/2026","4/6/2026","11295","V-002417","21050",""
"279674","8334012","46899","07273-26-01","07273-26-01-job","49-0600","","4/16/2026","4/16/2026","570","V-001995","53500","HEAT SEAT IN MUD PUMP"
"279678","0114849IN","46901","07260-26-01","07260-26-01-job","58-4000","","4/16/2026","4/16/2026","5894.2","V-000322","50300","DAILY RATE/NG,3 ARM CAL"
"279682","0114852IN","46903","07227-26-01","07227-26-01-job","58-4000","","4/16/2026","4/16/2026","3340","V-000322","50300","DAILY RATE/NG,3 ARM CAL"
"279694","0114851IN","46907","07147-26-01","07147-26-01-job","58-4000","","4/17/2026","4/17/2026","3450","V-000322","50300","DAILY RATE/NG,3 ARM CAL"
"279706","81056945","46911","07290-26-01","07290-26-01-job","48-0100","","4/17/2026","4/17/2026","376.32","V-000399","50300","LODGING-D.SCHMIDT"
"279710","81055859","46913","07260-26-01","07260-26-01-job","47-0100","","4/17/2026","4/17/2026","355.2","V-001435","50300","LODGING-E.CLARK"
"279714","81057034","46915","07227-26-01","07227-26-01-job","48-0100","","4/17/2026","4/17/2026","621.6","V-001435","50300","LODGING-I.EZELL"
"279718","CDE041726B","46917","07227-26-01","07227-26-01-job","58-4000","","4/17/2026","4/17/2026","3312.5","V-001331","50300","HAULED DRILL MUD"
"279722","0114850IN","46919","07260-26-01","07260-26-01-job","58-4000","","4/17/2026","4/17/2026","3430","V-000322","50300","DAILY RATE/NG,3 ARM CAL"
"279728","INV34047950","46921","07297-26-01","07297-26-01-job","58-1000","","4/17/2026","4/17/2026","5699.01","V-000136","50300","STONE"
"279884","81069623","46937","07227-26-01","07227-26-01-job","48-0100","","4/18/2026","4/18/2026","88.8","V-001435","50300","LODGING-I.EZELL"
"279894","81069696","46940","07260-26-01","07260-26-01-job","47-0100","","4/18/2026","4/18/2026","99.9","V-001435","50300","LODGING-D.HALL"
"279902","11138","46944","07287-26-01","07287-26-01-job","58-1000","","4/21/2026","4/21/2026","690","V-001237","50300","STONE"
"279922","INV34048076","46950","07310-26-01","07310-26-01-job","58-1000","","4/21/2026","4/21/2026","4528.12","V-000136","50300","STONE"
"279928","CDE042126A","46952","07314-26-01","07314-26-01-job","58-4000","","4/21/2026","4/21/2026","1125","V-001331","50300","HAULED FRESH WATER AND DIRLL MUD"
"279944","528648","46956","07334-26-01","07334-26-01-job","58-1000","","4/23/2026","4/23/2026","595.14","V-001135","50300","CABLE TIE/SAFETY FENCE/T-POST"
"279952","70681","46958","07306-26-01","07306-26-01-job","47-4111","","4/24/2026","4/24/2026","6249.79","V-000246","50300","FUEL TANK-RIG 212 JOB 7306"
"279972","72421","46966","07240-26-01","07240-26-01-job","58-5000","","4/27/2026","4/27/2026","2825.48","V-000904","50300","HAULES WATER TO LEMON HILL"
"279994","INV34048063","46971","07240-26-01","07240-26-01-job","58-5000","","4/21/2026","4/21/2026","1662.15","V-000136","50300","STONE"
"280002","INV34048074","46973","07296-26-01","07296-26-01-job","58-1000","","4/21/2026","4/21/2026","795.43","V-000136","50300","STONE"
"286015","3235","47579","07277-26-01","07277-26-01-job","46-3000","","2/28/2026","2/28/2026","11010.2","V-002061","50300","PLUGGING GH 91"
"286019","3283","47581","07276-26-01","07276-26-01-job","46-3000","","2/28/2026","2/28/2026","9767.7","V-002061","50300","PLUGGING GH 80"
"286023","3284","47583","07270-26-01","07270-26-01-job","46-3000","","3/13/2026","3/13/2026","26940.26","V-002061","50300","PLUGGING GH83"
"286027","3285","47585","07269-26-01","07269-26-01-job","46-3000","","3/31/2026","3/31/2026","19763.77","V-002061","50300","PLUGGING GH24"
"286031","3289","47587","07275-26-01","07275-26-01-job","46-3000","","3/31/2026","3/31/2026","14604.48","V-002061","50300","PLUGGING GH-41"
"286035","3290","47589","07274-26-01","07274-26-01-job","46-3000","","3/31/2026","3/31/2026","9626.68","V-002061","50300","PLUGGING GH-40"
"286039","1542","47591","07302-26-01","07302-26-01-job","46-3000","","3/31/2026","3/31/2026","9521.83","V-002363","50300","PLUGGING GH 109SW"
"286043","1525","47593","07301-26-01","07301-26-01-job","46-3000","","3/31/2026","3/31/2026","11331.85","V-002363","50300","PLUGGING 109 PG"
"286055","81088928","47597","07260-26-01","07260-26-01-job","47-0100","","4/20/2026","4/20/2026","88.8","V-001435","50300","LODGING-E.CLARK"
"286059","255673567008","47599","07228-26-01","07228-26-01-job","58-4000","","4/21/2026","4/21/2026","1098","V-001877","53000","LIGHT TOWER RENTAL-MINE FIRE"
"286097","4266656097","47607","07340-26-01","07340-26-01-job","51-0250","","4/21/2026","4/21/2026","468.88","V-000343","50300","UNIFORM RENTAL"
"286127","247800039019","47611","07228-26-01","07228-26-01-job","58-4000","","4/22/2026","4/22/2026","848","V-001877","53000","LIGHT TOWER RENTAL-MINE FIRE"
"286133","CDE042226A","47613","07260-26-01","07260-26-01-job","47-4111","","4/22/2026","4/22/2026","812.5","V-001331","50300","HAULED FRESH WATER"
"286163","43436","47623","07267-26-01","07267-26-01-job","58-4000","","4/22/2026","4/22/2026","1916.25","V-002078","50300","LOGGING"
"286175","81119566","47627","07267-26-01","07267-26-01-job","47-0100","","4/22/2026","4/22/2026","177.6","V-001435","50300","LODGING-M.HARVEY"
"286179","81119592","47629","07260-26-01","07260-26-01-job","47-0100","","4/22/2026","4/22/2026","266.4","V-001435","50300","LODGING-D.MUNYER"
"286227","147119","47643","07291-26-01","07291-26-01-job","58-4000","","4/23/2026","4/23/2026","2369.5","V-000679","50300","FUEL TANK-RIG 103"
"286231","361","47645","07313-26-01","07313-26-01-job","58-4000","","4/23/2026","4/23/2026","12421.2","V-000391","50300","WW.LITKE A 6H"
"286239","6556","47649","07336-26-01","07336-26-01-job","58-1000","","4/23/2026","4/23/2026","1261.8","V-001262","50300","BALCK TOP PATCHES"
"286243","CDE042326A","47651","07267-26-01","07267-26-01-job","58-4000","","4/23/2026","4/23/2026","1625","V-001331","50300","HAULED WATER AND DRILL MUD"
"286249","INV34048212","47653","07248-26-01","07248-26-01-job","58-5000","","4/23/2026","4/23/2026","3706.23","V-000136","50300","STONE"
"286259","242600835018","47657","07342-26-01","07342-26-01-job","58-4000","","4/24/2026","4/24/2026","3163","V-001877","53000","SKID TRACK LOADER RENTAL"
"286279","253712954011","47663","07228-26-01","07228-26-01-job","58-4000","","4/27/2026","4/27/2026","1696","V-001877","53000","LIGHT TOWER RENTAL-MINE FIRE"
"286283","7140","47665","07238-26-01","07238-26-01-job","59-0007","","4/27/2026","4/27/2026","4500","V-000903","50300","DADDY LONG LEGS"
"286287","7141","47667","07331-26-01","07331-26-01-job","58-4000","","4/27/2026","4/27/2026","4500","V-000903","50300","GYROSCOPIC SURVEY"
"286303","208","47669","07147-26-01","07147-26-01-job","47-3000","","4/28/2026","4/28/2026","340","V-000580","50100","RIG LABOR WE 042526"
"286323","529691","47671","07300-26-01","07300-26-01-job","47-0810","","4/28/2026","4/28/2026","23.17","V-001135","50300","HVDTY STAPLE GUN"
"286331","9459","47673","07262-26-01","07262-26-01-job","47-0100","","4/28/2026","4/28/2026","311.88","V-001675","50300","LODGING-G.MARKS"
"286335","70811","47675","07147-26-01","07147-26-01-job","58-4000","","4/28/2026","4/28/2026","4628.38","V-000246","50300","FUEL TANK RIG 237 JOB 7147"
"286343","529530","47677","07207-26-01","07207-26-01-job","58-4000","","4/28/2026","4/28/2026","454.02","V-001135","50300","CORD ORNG/GRASS SEED"
"286351","2304109","47679","07239-26-01","07239-26-01-job","59-0008","","4/29/2026","4/29/2026","13025.22","V-001702","50300","FUEL TANK-POLAR VORTEX"
"286355","1524","47681","07308-26-01","07308-26-01-job","46-3000","","4/30/2026","4/30/2026","10744.39","V-002363","50300","PLUGGING GH-88"
"286359","1528","47683","07309-26-01","07309-26-01-job","46-3000","","4/30/2026","4/30/2026","6223.49","V-002363","50300","PLUGGING GH87"
"286363","1529","47685","07321-26-01","07321-26-01-job","46-3000","","4/30/2026","4/30/2026","21826.37","V-002363","50300","PLUGGING GH38"
"286615","73988910001","47719","07227-26-01","07227-26-01-job","58-4000","","4/14/2026","4/14/2026","17148.24","V-001819","53000","CONTROLLER/WIRELESS RELAYER"
"286679","4704368","47733","07211-26-01","07211-26-01-job","52-0310","","1/31/2026","1/31/2026","300","V-001560","53000","EQUIPMENT RENTAL"
"286765","4704367","47739","07257-26-01","07257-26-01-job","58-4000","","1/29/2026","1/29/2026","1540","V-000375","50300","Mob CWS Rig 251"
"286769","4704366","47741","07252-26-01","07252-26-01-job","58-4000","","1/29/2026","1/29/2026","2660","V-000375","50300","Hauled Mat Boards"
"286773","4704365","47743","07221-26-01","07221-26-01-job","58-4000","","1/29/2026","1/29/2026","1470","V-000375","50300","Haul Forklift CWS Rig 248"
"286791","4704369","47745","07240-26-01","07240-26-01-job","52-0310","","1/31/2026","1/31/2026","450","V-001560","53000","EQUIPMENT RENTAL"
"288103","7527C","47945","07331-26-01","07331-26-01-job","58-2000","","4/24/2026","4/24/2026","-1312.5","V-002484","50300","CANCEL 7527"
"288107","7526C","47947","07296-26-01","07296-26-01-job","58-2000","","4/24/2026","4/24/2026","-1417.5","V-002484","50300","CANCEL 7526"
"288111","7525C","47949","07313-26-01","07313-26-01-job","58-2000","","4/24/2026","4/24/2026","-6264.26","V-002484","50300","CANCEL 7525"
"290786","36349538003","48343","07273-26-01","07273-26-01-job","58-4000","","4/27/2026","4/27/2026","3442.94","V-000797","53000","GENERATOR RENTAL"
"7649","194","2579","07197-26-01","07197-26-01-job","47-3000","","1/20/2026","1/20/2026","1260","V-000580","50100","RIG LABOR WE 011726"
"7657","193","2580","07197-26-01","07197-26-01-job","47-3000","","1/13/2026","1/13/2026","2600","V-000580","50100","RIG LABOR WE 011026"
"7663","192","2581","07229-26-01","07229-26-01-job","49-3000","","1/6/2026","1/6/2026","2230","V-000580","50100","RIG LABOR WE 010326"
"7673","191","2582","07229-26-01","07229-26-01-job","49-3000","","12/29/2025","12/29/2025","1260","V-000580","50100","RIG LABOR WE 122725"
"7725","1011159","2606","07236-26-01","07236-26-01-job","58-5000","","12/21/2025","12/21/2025","826.56","V-000750","50300","HAULED 30 MATS"
"7729","1011160","2607","07236-26-01","07236-26-01-job","58-4000","","12/21/2025","12/21/2025","826.56","V-000750","50300","HAULED 45 MATS"
"7761","1011158","2622","07236-26-01","07236-26-01-job","58-4000","","12/21/2005","12/21/2005","682.81","V-000750","50300","HAULED 45 MATS"
"7765","616","2623","07223-26-01","07223-26-01-job","58-4000","","12/28/2025","12/28/2025","375","V-000804","50300","ASSISTING RIG"
"7769","3010913","2624","07183-26-01","07183-26-01-job","51-5015","","12/26/2025","12/26/2025","1512","V-000945","50100","MISC LABOR"
"7777","3010909","2625","07211-26-01","07211-26-01-job","51-4015","","12/12/2025","12/12/2025","6325.2","V-000945","50100","MISC LABOR"
"7785","3010914","2627","07235-26-01","07235-26-01-job","51-1015","","1/2/2026","1/2/2026","1531.8","V-000945","50100","MISC LABOR"
"7917","2145963","2692","07235-26-01","07235-26-01-job","51-0820","","1/14/2026","1/14/2026","302.59","V-001702","50300","FUEL TANK-ELM GROVE"
"7943","2133921","2701","07183-26-01","07183-26-01-job","51-0820","","1/7/2026","1/7/2026","394.68","V-001702","50300","FUEL TANK-RUFF CREEK"
"7971","2091217","2713","07234-26-01","07234-26-01-job","51-0820","","12/11/2025","12/11/2025","609.7","V-001702","50300","FUEL TANK-HUNDRED OFF ROAD"
"8055","2005769","2754","07191-26-01","07191-26-01-job","51-0820","","10/14/2025","10/14/2025","540.31","V-001702","50300","FUEL TANK-RUFF CREEK"
"8061","2111369","2755","07147-26-01","07147-26-01-job","53-0820","","12/23/2025","12/23/2025","262.65","V-001702","50300","FUEL TANK-HUNDRED ON ROAD"
"8071","2102283","2756","07146-26-01","07146-26-01-job","51-0820","","12/18/2025","12/18/2025","207.62","V-001702","50300","FUEL TANK-ELM GROVE"
"8081","2058916","2757","07170-26-01","07170-26-01-job","51-0820","","11/20/2025","11/20/2025","421.21","V-001702","50300","FUEL TANK-HUNDRED OFF ROAD"
"8087","2111269","2758","07219-26-01","07219-26-01-job","51-0820","","12/23/2025","12/23/2025","346.84","V-001702","50300","FUEL TANK-HUNDRED OFF ROAD"
"8105","2070830","2764","07221-26-01","07221-26-01-job","51-0820","","11/30/2025","11/30/2025","384.1","V-001702","50300","FUEL TANK-ELM GROVE"
"8113","2074433","2765","07183-26-01","07183-26-01-job","53-0820","","12/3/2025","12/3/2025","445.08","V-001702","50300","FUEL TANK-HUNDRED ON ROAD"
"8121","2135520","2766","07129-26-01","07129-26-01-job","53-0820","","1/10/2026","1/10/2026","452.65","V-001702","50300","FUEL TANK-HUNDRED ON ROAD"
"8159","2057079","2773","07212-26-01","07212-26-01-job","53-0820","","11/20/2025","11/20/2025","438.66","V-001702","50300","FUEL TANK-HUNDRED ON ROAD"
"8187","2089657","2784","07187-26-01","07187-26-01-job","53-0820","","12/11/2025","12/11/2025","374.47","V-001702","50300","FUEL TANK-HUNDRED ON ROAD"
"8195","2076564","2785","07212-26-01","07212-26-01-job","51-0820","","12/3/2025","12/3/2025","116.28","V-001702","50300","FUEL TANK-HUNDRED OFF ROAD"
"8203","2145452","2786","07251-26-01","07251-26-01-job","51-0820","","1/14/2026","1/14/2026","417.05","V-001702","50300","FUEL TANK-RUFF CREEK"
"11108","M00000479562","3518","07232-26-01","07232-26-01-job","47-0820","","1/8/2026","1/8/2026","82.8","V-001103","50300","THRASHER"
"11796","188","3746","07147-26-01","07147-26-01-job","47-3000","","12/9/2025","12/9/2025","2240","V-000580","50100","RIG LABOR WE 120625"
"13104","4254795859","4071","07201-26-01","07201-26-01-job","47-0250","","12/30/2025","12/30/2025","442.58","V-000343","50300","UNIFORM RENTAL"
"13638","4255396998","4188","07201-26-01","07201-26-01-job","47-0250","","1/6/2026","1/6/2026","442.58","V-000343","50300","UNIFORM RENTAL"
"13832","3010920","4242","07227-26-01","07227-26-01-job","51-1015","","1/16/2026","1/16/2026","2484","V-000945","50100","MISC LABOR"
"13852","3010921","4247","07201-26-01","07201-26-01-job","51-4015","","1/23/2026","1/23/2026","1888.2","V-000945","50100","MISC LABOR"
"13858","3010919","4248","07235-26-01","07235-26-01-job","51-1015","","1/9/2026","1/9/2026","2934","V-000945","50100","MISC LABOR"
"13876","3010917","4253","07236-26-01","07236-26-01-job","58-4000","","1/16/2026","1/16/2026","3120","V-000945","50300","WASHED AND STACKED MATS"
"13950","4256154223","4268","07255-26-01","07255-26-01-job","49-0250","","1/13/2026","1/13/2026","481.79","V-000343","50300","UNIFORM RENTAL"
"13974","4256896120","4269","07232-26-01","07232-26-01-job","47-0250","","1/20/2026","1/20/2026","417.18","V-000343","50300","UNIFORM RENTAL"
"14066","195","4281","07198-26-01","07198-26-01-job","47-3000","","1/26/2026","1/26/2026","2600","V-000580","50100","RIG LABOR WE 012426"
"14122","00006610","4290","07255-26-01","07255-26-01-job","49-3000","","1/11/2026","1/11/2026","630.56","V-000722","50100","RIG 101 LABOR 01/04/01/11"
"14244","00006873","4335","07230-26-01","07230-26-01-job","47-3000","","1/24/2026","1/24/2026","3959.58","V-000722","50100","RIG 212  LABOR 01/18-01/24/26"
"14370","00006887","4366","07257-26-01","07257-26-01-job","48-3000","","1/24/2026","1/24/2026","1014.57","V-000722","50100","RIG 251 LABOR 01/18-01/24/26"
"17191","627","4704","07223-26-01","07223-26-01-job","58-5000","","1/25/2026","1/25/2026","1590","V-000804","50300","RECLAIMING SITE"
"17483","511819","4779","07198-26-01","07198-26-01-job","51-0810","","1/16/2026","1/16/2026","70.48","V-001135","50300","SPREADER / RATCHET"
"17527","6097","4791","07221-26-01","07221-26-01-job","48-4111","","1/20/2026","1/20/2026","1295.88","V-001262","50300","HYDROGEL PLUS"
"17643","6071","4821","07233-26-01","07233-26-01-job","47-4111","","1/16/2026","1/16/2026","1947.44","V-001262","50300","HYDROGELPLUS/ MUD GEL EXTENDER"
"17701","6094","4848","07230-26-01","07230-26-01-job","47-4111","","1/19/2026","1/19/2026","1728.5","V-001262","50300","GEL"
"31847","EQP0012829","7441","07230-26-01","07230-26-01-job","51-0300","","1/12/2026","1/12/2026","2245","V-000306","53000","D6 RENTAL"
"33137","EQP0008616","7682","07230-26-01","07230-26-01-job","51-0300","","12/15/2025","12/15/2025","2245","V-000306","53000","D6 RENTAL"
"33293","EQP0009992","7710","07230-26-01","07230-26-01-job","51-0300","","12/23/2025","12/23/2025","2245","V-000306","53000","D6 RENTAL"
"35649","8999602","8185","07147-26-01","07147-26-01-job","47-0255","","1/12/2026","1/12/2026","976.95","V-000656","50300","F4S SAFETY ADMIN SERVICES"
"36893","3160","8451","07114-26-01","07114-26-01-job","58-4000","","12/31/2025","12/31/2025","22763.52","V-002061","50300","PLUGGING JOHN A KEYS"
"37235","UL01498318","8557","07255-26-01","07255-26-01-job","58-4000","","1/15/2026","1/15/2026","353.38","V-000396","50300","PERMITS"
"37765","611","8677","07220-26-01","07220-26-01-job","58-4000","","12/28/2025","12/28/2025","1106","V-000804","50300","ASSISTING RIG"
"38149","130352","8847","07233-26-01","07233-26-01-job","47-0330","","12/16/2025","12/16/2025","247.51","V-001168","50300","DAILY ENGINE REPORT LOGS"
"38197","615","8861","07201-26-01","07201-26-01-job","51-1015","","12/28/2025","12/28/2025","1506","V-000804","50100","WORKING ON SITE"
"40271","2081217","9779","07227-26-01","07227-26-01-job","51-0820","","12/7/2025","12/7/2025","573.79","V-001702","50300","FUEL TANK-RUFF CREEK"
"40289","2091588","9781","07227-26-01","07227-26-01-job","51-0820","","12/12/2025","12/12/2025","395.18","V-001702","50300","FUEL TANK-RUFF CREEK"
"40319","2103917","9789","07187-26-01","07187-26-01-job","51-0820","","12/18/2025","12/18/2025","558.76","V-001702","50300","FUEL TANK-RUFF CREEK"
"40373","2110095","9797","07230-26-01","07230-26-01-job","51-0820","","12/23/2025","12/23/2025","326.37","V-001702","50300","FUEL TANK-ELM GROVE"
"40921","0646601","9925","07239-26-01","07239-26-01-job","59-0006","","1/20/2026","1/20/2026","35267.5","V-000373","50300","DADDY LONG LEGS & POLAR VORTEX"
"40933","2157163","9927","07129-26-01","07129-26-01-job","53-0820","","1/21/2026","1/21/2026","497.79","V-001702","50300","FUEL TANK-HUNDRED ON ROAD"
"40947","2157113","9929","07251-26-01","07251-26-01-job","51-0820","","1/21/2026","1/21/2026","713.68","V-001702","50300","FUEL TANK-RUFF CREEK"
"41009","2175151","9947","07233-26-01","07233-26-01-job","51-0820","","1/29/2026","1/29/2026","645.64","V-001702","50300","FUEL TANK-RUFF CREEK"
"54040","CDE010726A","13501","07222-26-01","07222-26-01-job","47-4111","","1/7/2026","1/7/2026","562.5","V-001331","50300","WATER TRUCK"
"54048","CDE010826A","13503","07203-26-01","07203-26-01-job","58-4000","","1/8/2026","1/8/2026","6843.75","V-001331","50300","WATER TRUCK"
"55564","2177856","13759","07232-26-01","07232-26-01-job","53-0810","","1/22/2026","1/22/2026","192.74","V-001702","50300","TANK MAINTENACE/NOZZLE"
"56706","CDE012226A","13893","07211-26-01","07211-26-01-job","47-4111","","1/22/2026","1/22/2026","2875","V-001331","50300","HAULED DRILLMUD/WATER"
"56866","427638635","13927","07201-26-01","07201-26-01-job","51-0250","","1/28/2026","1/28/2026","441.48","V-000343","50300","UNIFORM RENTAL"
"57052","3010923","13973","07221-26-01","07221-26-01-job","51-2015","","1/30/2026","1/30/2026","801","V-000945","50100","MISC LABOR"
"66629","197","16135","07198-26-01","07198-26-01-job","47-3000","","2/9/2026","2/9/2026","2510","V-000580","50100","RIG LABOR WE 02/07/26"
"66775","2182051","16177","07223-26-01","07223-26-01-job","51-0820","","2/2/2026","2/2/2026","515.46","V-001702","50300","FUEL TANK-ELM GROVE"
"66813","2192642","16193","07240-26-01","07240-26-01-job","51-0820","","2/9/2026","2/9/2026","1183.01","V-001702","50300","FUEL TANK-RUFF CREEK"
"66835","2192665","16201","07261-26-01","07261-26-01-job","53-0820","","2/10/2026","2/10/2026","953.41","V-001702","50300","FUEL TANK-HUNDRED ON ROAD"
"70949","UL01499408","16629","07272-26-01","07272-26-01-job","58-2000","","2/13/2026","2/13/2026","130.06","V-000396","50300","PA PERMITS"
"76119","3229","17035","07228-26-01","07228-26-01-job","58-4000","","2/28/2026","2/28/2026","4293.63","V-002061","53000","HEATER"
"76217","4259136045","17061","07201-26-01","07201-26-01-job","47-0250","","2/10/2026","2/10/2026","447.78","V-000343","50300","UNIFORM RENTAL"
"78265","EQP0017381","17557","07240-26-01","07240-26-01-job","51-0300","","2/9/2026","2/9/2026","4490","V-000306","53000","D6 CAT RENTAL"
"78803","3010930","17742","07240-26-01","07240-26-01-job","51-1015","","2/13/2026","2/13/2026","8427.6","V-000945","50100","MISC LABOR"
"83366","2206661","18533","07152-26-01","07152-26-01-job","51-0820","","2/14/2026","2/14/2026","591.92","V-001702","50300","FUEL TANK-HUNDRED OFF ROAD"
"83384","00009385","18539","07271-26-01","07271-26-01-job","49-3000","","2/14/2026","2/14/2026","2552.9","V-000722","50100","RIG 103 LABOR WE 02/08-02/14/26"
"83404","00009390","18547","07235-26-01","07235-26-01-job","47-3000","","2/14/2026","2/14/2026","3935.24","V-000722","50100","RIG 220 LABOR 02/08-02/14/26"
"83450","2196703","18567","07194-26-01","07194-26-01-job","51-0820","","2/10/2026","2/10/2026","487.85","V-001702","50300","FUEL TANK-ELM GROVE"
"83772","198","18619","07212-26-01","07212-26-01-job","47-3000","","2/17/2026","2/17/2026","4982.8","V-000580","50100","RIG LABOR WE 021526"
"84000","2215084","18691","07240-26-01","07240-26-01-job","53-0820","","2/19/2026","2/19/2026","412.1","V-001702","50300","FUEL TANK-HUNDRED ON ROAD"
"84014","2216279","18693","07258-26-01","07258-26-01-job","51-0820","","2/19/2026","2/19/2026","482.71","V-001702","50300","FUEL TANK-HUNDRED OFF ROAD"
"84126","3010931","18727","07267-26-01","07267-26-01-job","51-1015","","2/20/2026","2/20/2026","1404","V-000945","50100","MISC LABOR"
"84462","00009639","18812","07232-26-01","07232-26-01-job","47-3000","","2/21/2026","2/21/2026","1722.34","V-000722","50100","RIG 242 LABOR 02/15-02/21/26"
"84832","00009640","18913","07234-26-01","07234-26-01-job","48-3000","","2/26/2026","2/26/2026","3769.77","V-000722","50100","RIG 243 LABOR 02/15-02/21/26"
"84860","3010933","18918","07211-26-01","07211-26-01-job","51-5015","","2/27/2026","2/27/2026","5580","V-000945","50100","MISC LABOR"
"86510","3010932","19289","07201-26-01","07201-26-01-job","51-4010","","2/27/2026","2/27/2026","391.5","V-000945","50100","MISC LABOR"
"86686","4259900520","19335","07261-26-01","07261-26-01-job","48-0250","","2/17/2026","2/17/2026","610.89","V-000343","50300","UNIFORM RENTALS"
"102318","5812930600","20506","07228-26-01","07228-26-01-job","51-4010","","12/26/2025","12/26/2025","1148.27","V-001098","50100","MEC LABOR CHARGES"
"102422","5812930601","20518","07202-26-01","07202-26-01-job","53-0820","","12/31/2025","12/31/2025","309","V-001098","50300","T.HARMON FUEL"
"102452","5812930602","20520","07242-26-01","07242-26-01-job","51-1015","","12/31/2025","12/31/2025","1271.13","V-001098","50100","MEC LABOR ON CWS"
"102468","5212930604","20526","07180-26-01","07180-26-01-job","51-1015","","1/16/2026","1/16/2026","584.74","V-001250","50100","HDD CHARGES BILLED TO CWS"
"102476","5812930603","20528","07256-26-01","07256-26-01-job","51-1015","","1/16/2026","1/16/2026","1273.02","V-001098","50100","MEC LABOR ON CWS"
"102490","5812930604","20530","07256-26-01","07256-26-01-job","51-1015","","1/23/2026","1/23/2026","1829.2","V-001098","50100","MEC LABOR ON CWS"
"103746","639","20873","07199-26-01","07199-26-01-job","58-5000","","3/1/2026","3/1/2026","1822","V-000804","50300","RECLAIMING SITE"
"104502","PIT5353681009","21055","07226-26-01","07226-26-01-job","58-1000","","2/28/2026","2/28/2026","1026.13","V-000603","53000","TELEHANDLER RENTAL"
"108800","2210682","21601","07233-26-01","07233-26-01-job","51-0820","","2/16/2026","2/16/2026","675.88","V-001702","50300","FUEL TANK-RUFF CREEK"
"108824","6181","21611","07235-26-01","07235-26-01-job","47-4111","","2/16/2026","2/16/2026","2030.47","V-001262","50300","HYDO GEL PLUS/MUD EXTENDER"
"109344","2226157","21765","07196-26-01","07196-26-01-job","51-0820","","2/26/2026","2/26/2026","453.22","V-001702","50300","FUEL TANK-HUNDRED OFF ROAD"
"109360","2227262","21767","07240-26-01","07240-26-01-job","53-0820","","2/26/2026","2/26/2026","138.75","V-001702","50300","FUEL TANK-HUNDRED ON ROAD"
"124936","4704376","23339","07250-26-01","07250-26-01-job","58-4000","","2/28/2026","2/28/2026","1800","V-001560","53000","AIR RENTAL- 44-2046/AC047"
"126212","EQP0021710","23674","07235-26-01","07235-26-01-job","51-0300","","3/9/2026","3/9/2026","4490","V-000306","53000","D6 Rental"
"126418","2159078","23720","07152-26-01","07152-26-01-job","51-0820","","1/21/2026","1/21/2026","365.13","V-001702","50300","FUEL TANK-HUNDRED OFF ROAD"
"126486","2194879","23730","07219-26-01","07219-26-01-job","51-0820","","2/10/2026","2/10/2026","660.64","V-001702","50300","FUEL TANK-HUNDRED OFF ROAD"
"126588","000000011443","23758","07288-26-01","07288-26-01-job","49-3000","","3/14/2026","3/14/2026","2782.85","V-000722","50100","RIG 101 WE 03/8-3/14"
"132303","196","24538","07198-26-01","07198-26-01-job","47-3000","","2/3/2026","2/3/2026","1380","V-000580","50100","RIG LABOR WE 020126"
"132367","2216776","24552","07194-26-01","07194-26-01-job","51-0820","","2/19/2026","2/19/2026","325.42","V-001702","50300","FUEL TANK-ELM GROVE"
"132389","2221298","24554","07233-26-01","07233-26-01-job","51-0820","","2/23/2026","2/23/2026","441.51","V-001702","50300","FUEL TANK-RUFF CREEK"
"132399","2228354","24556","07260-26-01","07260-26-01-job","51-0820","","2/27/2026","2/27/2026","442.54","V-001702","50300","FUEL TANK-RUFF CREEK"
"134417","1520","24880","07114-26-01","07114-26-01-job","58-4000","","2/28/2026","2/28/2026","29731.37","V-002363","50300","FUEL"
"139561","4257638635","25403","07201-26-01","07201-26-01-job","47-0250","","1/28/2026","1/28/2026","441.48","V-000343","50300","UNIFORM RENTAL"
"139875","2236696","25433","07152-26-01","07152-26-01-job","51-0820","","3/4/2026","3/4/2026","553.83","V-001702","50300","FUEL TANK-HUNDRED OFF ROAD"
"139895","2234540","25437","07235-26-01","07235-26-01-job","53-0820","","3/4/2026","3/4/2026","706.68","V-001702","50300","FUEL TANK-HUNDRED ON ROAD"
"139925","2237152","25443","07240-26-01","07240-26-01-job","51-0820","","3/4/2026","3/4/2026","509.13","V-001702","50300","FUEL TANK-RUFF CREEK"
"140381","000011180","25591","07236-26-01","07236-26-01-job","47-3000","","3/7/2026","3/7/2026","570.89","V-000722","50100","RIG 215 LABOR WE 03/01-03/07/26"
"140541","2245675","25645","07240-26-01","07240-26-01-job","51-0820","","3/10/2026","3/10/2026","819.2","V-001702","50300","FUEL TANK-RUFF CREEK"
"140553","2246897","25647","07240-26-01","07240-26-01-job","51-0820","","3/10/2026","3/10/2026","584.21","V-001702","50300","FUEL TANK-HUNDRED OFF ROAD"
"140569","2247083","25649","07209-26-01","07209-26-01-job","51-0820","","3/11/2026","3/11/2026","510.17","V-001702","50300","FUEL TANK-ELM GROVE"
"140611","2245652","25657","07266-26-01","07266-26-01-job","53-0820","","3/11/2026","3/11/2026","308.11","V-001702","50300","FUEL TANK-HUNDRED ON ROAD"
"155564","8999614","27922","07171-26-01","07171-26-01-job","01-0400","","1/31/2026","1/31/2026","53.71","V-000656","50300","F4S FUEL TO CWS"
"156912","199","28206","07213-26-01","07213-26-01-job","47-3000","","2/24/2026","2/24/2026","1540","V-000580","50100","RIG LABR WE 02/22/26"
"157686","71595","28443","07280-26-01","07280-26-01-job","58-2000","","3/10/2026","3/10/2026","540","V-000904","50300","DELIVERED ROCK TRUCK & DOZER"
"159748","9209","28833","07211-26-01","07211-26-01-job","51-0100","","3/16/2026","3/16/2026","90.96","V-001675","50300","LODGING B S BLACK"
"161680","UL01497111","29008","07211-26-01","07211-26-01-job","58-2000","","12/15/2025","12/15/2025","112.86","V-000396","50300","PERMITS"
"162123","201","29052","07267-26-01","07267-26-01-job","47-3000","","3/11/2026","3/11/2026","2600","V-000580","50100","RIG LABOR WE 03082026"
"163339","UL01501178","29185","07268-26-01","07268-26-01-job","58-2000","","3/31/2026","3/31/2026","145.54","V-000396","50300","PERMITS"
"163853","4261420815","29274","07257-26-01","07257-26-01-job","48-0250","","3/3/2026","3/3/2026","446.72","V-000343","50300","UNIFORM RENTAL"
"163901","4262141961","29276","07147-26-01","07147-26-01-job","47-0250","","3/10/2026","3/10/2026","1158.68","V-000343","50300","UNIFORM RENTAL"
"167142","3010944","29710","07209-26-01","07209-26-01-job","51-5005","","3/13/2026","3/13/2026","1512","V-000945","50100","MISC LABOR"
"167158","2251299","29712","07233-26-01","07233-26-01-job","53-0820","","3/14/2026","3/14/2026","504.66","V-001702","50300","FUEL TANK-HUNDRED ON ROAD"
"167178","202","29714","07196-26-01","07196-26-01-job","47-3000","","3/16/2026","3/16/2026","2600","V-000580","50100","RIG LABOR WE 031426"
"167264","3010948","29732","07289-26-01","07289-26-01-job","51-1015","","3/20/2026","3/20/2026","2612.25","V-000945","50100","MISC LABOR"
"173287","629","30715","07262-26-01","07262-26-01-job","58-4000","","2/7/2026","2/7/2026","1880","V-000804","50300","PLOWING SNOW"
"174339","1425306","31065","07221-26-01","07221-26-01-job","58-4000","","3/12/2026","3/12/2026","9286.3","V-000969","50300","JARS AND ELEVATOR"
"174369","2252928","31074","07233-26-01","07233-26-01-job","51-0820","","3/14/2026","3/14/2026","286","V-001702","50300","FUEL TANK-HUNDRED OFF ROAD"
"174919","700020","31223","07211-26-01","07211-26-01-job","47-4111","","1/31/2026","1/31/2026","3999","V-000375","50300","D&T"
"174953","700021","31229","07221-26-01","07221-26-01-job","48-4111","","2/28/2026","2/28/2026","2593","V-000375","50300","D&T"
"175101","700022","31265","07221-26-01","07221-26-01-job","48-4111","","3/31/2026","3/31/2026","3500","V-000375","50300","D&T"
"175963","4262895422","31529","07291-26-01","07291-26-01-job","49-0250","","3/17/2026","3/17/2026","435.81","V-000343","50300","UNIFORM RENTAL"
"179132","EQP0023063","31969","07260-26-01","07260-26-01-job","51-0300","","3/19/2026","3/19/2026","4490","V-000306","53000","D6 RENTAL"
"180939","000000011740","32237","07214-26-01","07214-26-01-job","47-3000","","3/21/2026","3/21/2026","718","V-000722","50100","RIG 247 LABOR WE 03/15-03/21/26"
"181613","203","32375","07196-26-01","07196-26-01-job","47-3000","","3/24/2026","3/24/2026","2150","V-000580","50100","RIG LABOR WE 032226"
"181655","2265521","32387","07261-26-01","07261-26-01-job","51-0820","","3/25/2026","3/25/2026","1247.38","V-001702","50300","FUEL TANK HUNDRED OFF ROAD"
"181667","2265988","32389","07280-26-01","07280-26-01-job","53-0820","","3/25/2026","3/25/2026","362.18","V-001702","50300","FUEL TANK- HUNDRED ON RAOD"
"182291","6592","32508","07302-26-01","07302-26-01-job","58-4000","","3/27/2026","3/27/2026","2995.5","V-000799","50300","HAULED WATER"
"182607","2601941","32592","07152-26-01","07152-26-01-job","51-0250","","3/30/2026","3/30/2026","137.48","V-000345","50300","3X6 SIGNS DECALS THE SAY WATCH STEP"
"183989","3010949","32907","07244-26-01","07244-26-01-job","51-5015","","3/27/2026","3/27/2026","1872","V-000945","50100","MISC LABOR"
"198176","1518","34217","07114-26-01","07114-26-01-job","58-4000","","3/31/2026","3/31/2026","16559.06","V-002363","50300","PLUGGING JOHN A KEYS"
"207464","5212930607","35460","07256-26-01","07256-26-01-job","51-0100","","1/31/2026","1/31/2026","574.35","V-001250","50300","D.MCCOWIEN LODING"
"207562","5812930607","35480","07228-26-01","07228-26-01-job","51-4015","","2/6/2026","2/6/2026","1651.41","V-001098","50100","MEC LABOR ON CWS JOBS"
"207580","5212930609","35484","07256-26-01","07256-26-01-job","51-4015","","2/13/2026","2/13/2026","733.01","V-001250","50100","HDD LABOR CWS 07256"
"208346","2256191","35664","07233-26-01","07233-26-01-job","51-0820","","3/17/2026","3/17/2026","1323.88","V-001702","50300","RUFF CREEK TANK"
"208382","2255799","35676","07260-26-01","07260-26-01-job","51-0820","","3/18/2026","3/18/2026","1175.15","V-001702","50300","FUEL TANK-ELM GROVE"
"208446","CDE032326A","35700","07221-26-01","07221-26-01-job","58-4000","","3/23/2026","3/23/2026","2312.5","V-001331","50300","HAULED WATER AND DRILL MUD"
"208522","000000011987","35732","07240-26-01","07240-26-01-job","47-3000","","4/1/2026","4/1/2026","3688.08","V-000722","50100","RIG 214 LABOR WE 03/22-03/28/26"
"208538","000000011997","35738","07272-26-01","07272-26-01-job","49-3000","","3/28/2026","3/28/2026","2222.49","V-000722","50100","RIG 250 LABOR WE 03/22-03/28/26"
"208578","1011483","35754","07240-26-01","07240-26-01-job","51-5015","","4/8/2026","4/8/2026","9747","V-000945","50100","MISC LABOR"
"208598","2266001","35762","07303-26-01","07303-26-01-job","51-0820","","3/25/2026","3/25/2026","973.54","V-001702","50300","FUEL TANK-RUFF CREEK"
"213018","5812930606","36170","07198-26-01","07198-26-01-job","53-0820","","1/31/2026","1/31/2026","124.68","V-001098","50300","C LUSK FUEL"
"214520","4260719968","36546","07267-26-01","07267-26-01-job","47-0250","","2/24/2026","2/24/2026","742","V-000343","50300","UNIFORM RENTAL"
"214812","5812930613","36634","07228-26-01","07228-26-01-job","51-4015","","3/13/2026","3/13/2026","564.88","V-001098","50100","MEC LABORERS"
"214898","5212930615","36652","07235-26-01","07235-26-01-job","51-4015","","3/20/2026","3/20/2026","5287.82","V-001250","50100","HDD LABORERS"
"214912","653","36654","07236-26-01","07236-26-01-job","58-5000","","3/21/2026","3/21/2026","20174","V-000804","50300","RECLAIMING SITE"
"215004","4263649804","36686","07268-26-01","07268-26-01-job","47-0250","","3/24/2026","3/24/2026","455.69","V-000343","50300","UNIFORM RENTAL"
"215032","CDE032426A","36688","07240-26-01","07240-26-01-job","47-4111","","3/24/2026","3/24/2026","437.5","V-001331","50300","HAULED DRILL MUD AND WATER"
"215052","CDE032426C","36696","07280-26-01","07280-26-01-job","47-4111","","3/24/2026","3/24/2026","531.25","V-001331","50300","HAULED FRESH WATER/DRILL MUD"
"215292","CDE032526A","36761","07221-26-01","07221-26-01-job","48-4111","","3/25/2026","3/25/2026","437.5","V-001331","50300","HAULED DRILL MUD AND WATER"
"216444","2026731","37043","07234-26-01","07234-26-01-job","58-5000","","3/27/2026","3/27/2026","218.4","V-000184","50300","STAKES"
"217838","5812930614","37382","07285-26-01","07285-26-01-job","51-1015","","3/20/2026","3/20/2026","2935.84","V-001098","50100","MEC LABORERS"
"218034","5812930615","37408","07304-26-01","07304-26-01-job","51-1015","","3/27/2026","3/27/2026","855.8","V-001098","50100","MEC LABORERS"
"218212","2270827","37448","07303-26-01","07303-26-01-job","51-0820","","3/30/2026","3/30/2026","456.33","V-001702","50300","FUEL TANK-RUFF CREEK"
"221263","2270843","37812","07293-26-01","07293-26-01-job","51-0820","","3/30/2026","3/30/2026","628.71","V-001702","50300","FUEL TANK-ELM GROVE"
"221493","2273888","37892","07287-26-01","07287-26-01-job","53-0820","","4/2/2026","4/2/2026","587.9","V-001702","50300","FUEL TANK-HUNRED ON ROAD"
"221511","2275292","37896","07260-26-01","07260-26-01-job","51-0820","","4/2/2026","4/2/2026","650.39","V-001702","50300","FUEL TANK-RUFF CREEK"
"221553","5812930616","37912","07284-26-01","07284-26-01-job","51-1015","","4/3/2026","4/3/2026","667.72","V-001098","50100","MEC LABORERS"
"221581","1011482","37914","07298-26-01","07298-26-01-job","51-1015","","4/3/2026","4/3/2026","740.25","V-000945","50100","MISC LABOR"
"221617","000000012702","37922","07289-26-01","07289-26-01-job","47-3000","","4/4/2026","4/4/2026","716.92","V-000722","50100","RIG 213 LABOR WE 03/29-04/04/26"
"221673","1304456","37946","07318-26-01","07318-26-01-job","58-1000","","4/6/2026","4/6/2026","7155","V-001011","53000","T14R RENTAL"
"221769","205","37966","07264-26-01","07264-26-01-job","47-3000","","4/7/2026","4/7/2026","860","V-000580","50100","RIG LABOR WE 040726"
"221813","5812930617","37974","07304-26-01","07304-26-01-job","51-1015","","4/10/2026","4/10/2026","2794.36","V-001098","50100","MEC LABORERS"
"222049","8999617","38020","07147-26-01","07147-26-01-job","47-0255","","4/15/2026","4/15/2026","957.15","V-000656","50300","F4S SAFETY ADMIN SERVICES"
"222319","000000012704","38110","07264-26-01","07264-26-01-job","47-3000","","4/4/2026","4/4/2026","1257.32","V-000722","50100","RIG 221 LABOR WE 03/29-04/04/26"
"222607","525947","38198","07300-26-01","07300-26-01-job","51-0810","","4/9/2026","4/9/2026","55.98","V-001135","50300","HAMMER/PLIER"
"225845","4264434764","38594","07201-26-01","07201-26-01-job","47-0250","","3/31/2026","3/31/2026","435.89","V-000343","50300","UNIFORM RENTAL"
"226161","656","38710","07295-26-01","07295-26-01-job","58-1000","","4/5/2026","4/5/2026","189.34","V-000804","50300","STONE"
"228301","32839CWSP2","38770","07283-26-01","07283-26-01-job","51-0820","","3/31/2026","3/31/2026","773","V-001702","50300","AMOS"
"230387","526125","38934","07253-26-01","07253-26-01-job","51-0810","","4/10/2026","4/10/2026","37.50","V-001135","50300","SHVL"
"239098","32641CWS","39879","07213-26-01","07213-26-01-job","51-0820","","3/15/2026","3/15/2026","397.01","V-001702","50300","AMOS"
"241652","CDE040126A","40165","07201-26-01","07201-26-01-job","58-4000","","4/1/2026","4/1/2026","10156.25","V-001331","50300","HAULING DRILL MUD"
"242116","1427190","40261","07212-26-01","07212-26-01-job","47-0810","","3/31/2026","3/31/2026","4958","V-000969","50300","CONSUMABLES - OVERSHOT"
"242132","6453","40267","07289-26-01","07289-26-01-job","47-4111","","4/6/2026","4/6/2026","1154.28","V-001262","50300","HYDROGEL PLUS"
"242144","6455","40271","07260-26-01","07260-26-01-job","47-4111","","4/6/2026","4/6/2026","1134.25","V-001262","50300","MUD/GEL EXTENDER/HYDRO GEL PLUS"
"245196","6458","40573","07293-26-01","07293-26-01-job","48-4111","","4/7/2026","4/7/2026","2004.24","V-001262","50300","THINNER"
"245260","4265187024","40589","07289-26-01","07289-26-01-job","47-0250","","4/7/2026","4/7/2026","435.89","V-000343","50300","UNIFORM RENTAL"
"245492","6463","40675","07227-26-01","07227-26-01-job","47-4111","","4/8/2026","4/8/2026","612.56","V-001262","50300","BICARBONATE OF SODA"
"245512","2282194","40681","07303-26-01","07303-26-01-job","51-0820","","4/8/2026","4/8/2026","594.64","V-001702","50300","FUEL TANK-RUFF CREEK"
"245600","2282641","40701","07240-26-01","07240-26-01-job","53-0820","","4/9/2026","4/9/2026","652","V-001702","50300","HUNDRED ON ROAD FUEL TANK"
"245616","2283455","40703","07253-26-01","07253-26-01-job","53-0820","","4/9/2026","4/9/2026","406.82","V-001702","50300","HUNDRED ON ROAD FUEL TANK"
"246028","206","40813","07267-26-01","07267-26-01-job","47-3000","","4/13/2026","4/13/2026","2465","V-000580","50100","RIG LABOR WE 041226"
"246052","1011487","40819","07240-26-01","07240-26-01-job","51-5015","","4/17/2026","4/17/2026","16155","V-000945","50100","MISC LABOR"
"246072","000000012957","40827","07299-26-01","07299-26-01-job","47-3000","","4/11/2026","4/11/2026","1870.65","V-000722","50100","RIG 213 LABOR WE 04/05-04/11/26"
"246112","000000012968","40845","07317-26-01","07317-26-01-job","48-3000","","4/11/2026","4/11/2026","784.52","V-000722","50100","RIG 249 LABOR WE 04/05-04/11/26"
"246144","000000013147","40859","07314-26-01","07314-26-01-job","47-3000","","4/18/2026","4/18/2026","2859","V-000722","50100","RIG 214 LABOR WE 04/12-04/18/26"
"246160","000000013152","40865","07300-26-01","07300-26-01-job","47-3000","","4/18/2026","4/18/2026","1422.06","V-000722","50100","RIG 221 LABOR WE 04/12-04/18/26"
"246176","000000013160","40871","07286-26-01","07286-26-01-job","47-3000","","4/18/2026","4/18/2026","467.64","V-000722","50100","RIG 242 LABOR WE 04/12-04/18/26"
"246208","2285087","40884","07306-26-01","07306-26-01-job","51-0820","","4/11/2026","4/11/2026","763.88","V-001702","50300","FUEL TANK-ELM GROVE"
"246272","2296445","40906","07303-26-01","07303-26-01-job","51-0820","","4/21/2026","4/21/2026","408.14","V-001702","50300","FUEL TANK-RUFF CREEK"
"248471","657","41268","07266-26-01","07266-26-01-job","58-4000","","4/5/2026","4/5/2026","5913","V-000804","50300","FIX ROAD"
"248563","659","41298","07262-26-01","07262-26-01-job","58-1000","","4/12/2026","4/12/2026","9194.5","V-000804","50300","BUILDING SITE"
"250559","5212930612","41626","07233-26-01","07233-26-01-job","53-0820","","2/28/2026","2/28/2026","676.96","V-001250","50300","HDD FUEL"
"250623","5812930611","41628","07222-26-01","07222-26-01-job","47-0825","","2/28/2026","2/28/2026","70.86","V-001098","50300","MEC FUEL"
"250703","5212930613","41634","07280-26-01","07280-26-01-job","51-1015","","3/6/2026","3/6/2026","1765.4","V-001250","50100","HDD LABORERS"
"250737","5212930616","41638","07213-26-01","07213-26-01-job","51-5015","","3/27/2026","3/27/2026","555.95","V-001250","50100","HDD LABORERS"
"250777","5212930617","41642","07239-26-01","07239-26-01-job","51-4015","","4/3/2026","4/3/2026","4524.71","V-001250","50100","HDD LABORERS"
"252273","5212930614","41944","07239-26-01","07239-26-01-job","51-4015","","3/13/2026","3/13/2026","2922.25","V-001250","50100","HDD LABORERS"
"252309","5212930618","41950","07239-26-01","07239-26-01-job","51-4015","","4/10/2026","4/10/2026","4707.03","V-001250","50100","HDD LABORERS"
"252943","5812930620","42078","07284-26-01","07284-26-01-job","51-0820","","3/31/2026","3/31/2026","187.76","V-001098","50300","MEC FUEL"
"253047","1428265","42102","07221-26-01","07221-26-01-job","48-4111","","4/10/2026","4/10/2026","12579.97","V-000969","50300","FISHING TOOLS"
"253101","2289096","42116","07303-26-01","07303-26-01-job","51-0820","","4/14/2026","4/14/2026","974.5","V-001702","50300","FUEL TANK-RUFF CREEK"
"253249","6512","42187","07289-26-01","07289-26-01-job","47-4111","","4/17/2026","4/17/2026","1059.5","V-001262","50300","HYDRO GEL PLUS"
"253651","6535","42334","07306-26-01","07306-26-01-job","47-4111","","4/24/2026","4/24/2026","1744","V-001262","50300","HYDRO GEL PLUS"
"253795","1532","42386","07114-26-01","07114-26-01-job","46-3000","","4/30/2026","4/30/2026","103195.88","V-002363","50300","PLUGGING 1460"
"254033","184510","42443","07290-26-01","07290-26-01-job","48-0810","","4/16/2026","4/16/2026","35.97","V-001266","50300","SCREWDRIVER"
"254657","72256","42549","07317-26-01","07317-26-01-job","58-4000","","4/16/2026","4/16/2026","990.04","V-000904","50300","HAULED FRESH WATER"
"254685","5812930618","42559","07268-26-01","07268-26-01-job","51-4015","","4/17/2026","4/17/2026","527.09","V-001098","50100","MEC LABOR"
"255395","4265903645","42795","07310-26-01","07310-26-01-job","47-0250","","4/14/2026","4/14/2026","435.89","V-000343","50300","UNIFORM RENTAL"
"258457","5812930619","43723","07318-26-01","07318-26-01-job","51-1015","","4/24/2026","4/24/2026","2401.3","V-001098","50100","MEC LABOR"
"258799","207","43815","07230-26-01","07230-26-01-job","47-3000","","4/20/2026","4/20/2026","800","V-000580","50100","RIG LABOR WE 041826"
"260687","4704388","44169","07271-26-01","07271-26-01-job","58-4000","","4/30/2026","4/30/2026","1350","V-001560","53000","AIR RENTAL 44-2046/AC047"
"264586","1011488","44603","07280-26-01","07280-26-01-job","51-5015","","4/24/2026","4/24/2026","2274.75","V-000945","50100","MISC LABOR"
"265176","5212930619","44760","07239-26-01","07239-26-01-job","51-4015","","4/17/2026","4/17/2026","3285.76","V-001250","50100","HDD LABOR CHARGES"
"265190","5212930620","44762","07239-26-01","07239-26-01-job","51-4015","","4/24/2026","4/24/2026","3956.4","V-001250","50100","HDD LABOR CHARGES"
"269571","700023","45291","07260-26-01","07260-26-01-job","47-4111","","4/30/2026","4/30/2026","680","V-000375","50300","D&T"
"278081","5212930621COR","46432","07264-26-01","07264-26-01-job","53-0820","","3/31/2026","3/31/2026","-9.6","V-001250","50300","FUEL CREDIT - TAXES"
"279412","2293024","46818","07286-26-01","07286-26-01-job","53-0820","","4/18/2026","4/18/2026","516.69","V-001702","50300","FUEL TANK-HUNDRED ON ROAD"
"279426","2294816","46820","07310-26-01","07310-26-01-job","51-0820","","4/19/2026","4/19/2026","634.28","V-001702","50300","FUEL TANK-RUFF CREEK"
"279460","2298837","46832","07303-26-01","07303-26-01-job","51-0820","","4/23/2026","4/23/2026","761.06","V-001702","50300","FUEL TANK-RUFF CREEK"
"279610","2294385","46873","07201-26-01","07201-26-01-job","51-0820","","4/18/2026","4/18/2026","831.31","V-001702","50300","FUEL TANK HUNDRED OFF ROAD"
"286099","4266656097","47607","07260-26-01","07260-26-01-job","51-0250","","4/21/2026","4/21/2026","468.88","V-000343","50300","UNIFORM RENTAL"
"286135","CDE042226A","47613","07260-26-01","07260-26-01-job","58-4000","","4/22/2026","4/22/2026","4343.75","V-001331","50300","HAULED DRILL MUD"
"286305","208","47669","07230-26-01","07230-26-01-job","47-3000","","4/28/2026","4/28/2026","1380","V-000580","50100","RIG LABOR WE 042526"
"286681","4704368","47733","04893-26-01","04893-26-01-job","58-4000","","1/31/2026","1/31/2026","13200","V-001560","53000","EQUIPMENT RENTAL"
"286793","4704369","47745","04893-26-01","04893-26-01-job","58-4000","","1/31/2026","1/31/2026","4500","V-001560","53000","EQUIPMENT RENTAL"
"7651","194","2579","07198-26-01","07198-26-01-job","47-3000","","1/20/2026","1/20/2026","220","V-000580","50100","RIG LABOR WE 011726"
"7659","193","2580","07212-26-01","07212-26-01-job","47-3000","","1/13/2026","1/13/2026","4840","V-000580","50100","RIG LABOR WE 011026"
"7665","192","2581","07254-26-01","07254-26-01-job","49-3000","","1/6/2026","1/6/2026","1280","V-000580","50100","RIG LABOR WE 010326"
"7675","191","2582","07197-26-01","07197-26-01-job","47-3000","","12/29/2025","12/29/2025","1140","V-000580","50100","RIG LABOR WE 122725"
"7771","3010913","2624","07235-26-01","07235-26-01-job","51-1015","","12/26/2025","12/26/2025","5580","V-000945","50100","MISC LABOR"
"7779","3010909","2625","07235-26-01","07235-26-01-job","51-1015","","12/12/2025","12/12/2025","1268.1","V-000945","50100","MISC LABOR"
"7919","2145963","2692","07136-26-01","07136-26-01-job","51-0820","","1/14/2026","1/14/2026","302.59","V-001702","50300","FUEL TANK-ELM GROVE"
"7945","2133921","2701","07202-26-01","07202-26-01-job","51-0820","","1/7/2026","1/7/2026","394.68","V-001702","50300","FUEL TANK-RUFF CREEK"
"8057","2005769","2754","07190-26-01","07190-26-01-job","51-0820","","10/14/2025","10/14/2025","540.31","V-001702","50300","FUEL TANK-RUFF CREEK"
"8063","2111369","2755","07171-26-01","07171-26-01-job","53-0820","","12/23/2025","12/23/2025","262.65","V-001702","50300","FUEL TANK-HUNDRED ON ROAD"
"8073","2102283","2756","07190-26-01","07190-26-01-job","51-0820","","12/18/2025","12/18/2025","207.62","V-001702","50300","FUEL TANK-ELM GROVE"
"8083","2058916","2757","07219-26-01","07219-26-01-job","51-0820","","11/20/2025","11/20/2025","421.21","V-001702","50300","FUEL TANK-HUNDRED OFF ROAD"
"8089","2111269","2758","07234-26-01","07234-26-01-job","51-0820","","12/23/2025","12/23/2025","346.84","V-001702","50300","FUEL TANK-HUNDRED OFF ROAD"
"8107","2070830","2764","07223-26-01","07223-26-01-job","51-0820","","11/30/2025","11/30/2025","384.1","V-001702","50300","FUEL TANK-ELM GROVE"
"8115","2074433","2765","07211-26-01","07211-26-01-job","53-0820","","12/3/2025","12/3/2025","445.08","V-001702","50300","FUEL TANK-HUNDRED ON ROAD"
"8161","2057079","2773","07114-26-01","07114-26-01-job","53-0820","","11/20/2025","11/20/2025","438.66","V-001702","50300","FUEL TANK-HUNDRED ON ROAD"
"8189","2089657","2784","07171-26-01","07171-26-01-job","53-0820","","12/11/2025","12/11/2025","374.47","V-001702","50300","FUEL TANK-HUNDRED ON ROAD"
"8197","2076564","2785","07219-26-01","07219-26-01-job","51-0820","","12/3/2025","12/3/2025","116.28","V-001702","50300","FUEL TANK-HUNDRED OFF ROAD"
"8205","2145452","2786","07190-26-01","07190-26-01-job","51-0820","","1/14/2026","1/14/2026","417.05","V-001702","50300","FUEL TANK-RUFF CREEK"
"11110","M00000479562","3518","07203-26-01","07203-26-01-job","47-0820","","1/8/2026","1/8/2026","67.05","V-001103","50300","THORNE"
"11798","188","3746","07212-26-01","07212-26-01-job","47-3000","","12/9/2025","12/9/2025","5200","V-000580","50100","RIG LABOR WE 120625"
"13106","4254795859","4071","07211-26-01","07211-26-01-job","47-0250","","12/30/2025","12/30/2025","442.58","V-000343","50300","UNIFORM RENTAL"
"13640","4255396998","4188","07240-26-01","07240-26-01-job","47-0250","","1/6/2026","1/6/2026","442.58","V-000343","50300","UNIFORM RENTAL"
"13854","3010921","4247","07146-26-01","07146-26-01-job","51-5015","","1/23/2026","1/23/2026","1426.5","V-000945","50100","MISC LABOR"
"13952","4256154223","4268","07250-26-01","07250-26-01-job","49-0250","","1/13/2026","1/13/2026","481.79","V-000343","50300","UNIFORM RENTAL"
"13976","4256896120","4269","07226-26-01","07226-26-01-job","47-0250","","1/20/2026","1/20/2026","442.21","V-000343","50300","UNIFORM RENTAL"
"14068","195","4281","07212-26-01","07212-26-01-job","47-3000","","1/26/2026","1/26/2026","5200","V-000580","50100","RIG LABOR WE 012426"
"31849","EQP0012829","7441","07190-26-01","07190-26-01-job","51-0300","","1/12/2026","1/12/2026","2245","V-000306","53000","D6 RENTAL"
"33139","EQP0008616","7682","07190-26-01","07190-26-01-job","51-0300","","12/15/2025","12/15/2025","2245","V-000306","53000","D6 RENTAL"
"33295","EQP0009992","7710","07190-26-01","07190-26-01-job","51-0300","","12/23/2025","12/23/2025","2245","V-000306","53000","D6 RENTAL"
"35651","8999602","8185","07201-26-01","07201-26-01-job","47-0255","","1/12/2026","1/12/2026","535.35","V-000656","50300","F4S SAFETY ADMIN SERVICES"
"37237","UL01498318","8557","07233-26-01","07233-26-01-job","58-2000","","1/15/2026","1/15/2026","211.24","V-000396","50300","PERMITS"
"38151","130352","8847","07230-26-01","07230-26-01-job","47-0330","","12/16/2025","12/16/2025","247.51","V-001168","50300","DAILY ENGINE REPORT LOGS"
"40273","2081217","9779","07170-26-01","07170-26-01-job","51-0820","","12/7/2025","12/7/2025","573.79","V-001702","50300","FUEL TANK-RUFF CREEK"
"40291","2091588","9781","07170-26-01","07170-26-01-job","51-0820","","12/12/2025","12/12/2025","395.18","V-001702","50300","FUEL TANK-RUFF CREEK"
"40321","2103917","9789","07190-26-01","07190-26-01-job","51-0820","","12/18/2025","12/18/2025","558.76","V-001702","50300","FUEL TANK-RUFF CREEK"
"40375","2110095","9797","07190-26-01","07190-26-01-job","51-0820","","12/23/2025","12/23/2025","326.37","V-001702","50300","FUEL TANK-ELM GROVE"
"40935","2157163","9927","07232-26-01","07232-26-01-job","53-0820","","1/21/2026","1/21/2026","497.79","V-001702","50300","FUEL TANK-HUNDRED ON ROAD"
"40949","2157113","9929","07260-26-01","07260-26-01-job","51-0820","","1/21/2026","1/21/2026","713.68","V-001702","50300","FUEL TANK-RUFF CREEK"
"41011","2175151","9947","07260-26-01","07260-26-01-job","51-0820","","1/29/2026","1/29/2026","645.64","V-001702","50300","FUEL TANK-RUFF CREEK"
"56868","427638635","13927","07236-26-01","07236-26-01-job","47-0250","","1/28/2026","1/28/2026","441.48","V-000343","50300","UNIFORM RENTAL"
"57054","3010923","13973","07195-26-01","07195-26-01-job","51-5015","","1/30/2026","1/30/2026","1512","V-000945","50100","MISC LABOR"
"65653","6137","15863","07201-26-01","07201-26-01-job","47-4111","","2/3/2026","2/3/2026","1309.28","V-001262","50300","HYDROGEL PLUS"
"66605","00008304","16127","07241-26-01","07241-26-01-job","48-3000","","2/7/2026","2/7/2026","1584.37","V-000722","50100","RIG 249 LABOR 02/01-02/07/26"
"66631","197","16135","07213-26-01","07213-26-01-job","47-3000","","2/9/2026","2/9/2026","2465","V-000580","50100","RIG LABOR WE 02/07/26"
"66777","2182051","16177","07262-26-01","07262-26-01-job","51-0820","","2/2/2026","2/2/2026","515.47","V-001702","50300","FUEL TANK-ELM GROVE"
"66837","2192665","16201","07240-26-01","07240-26-01-job","53-0820","","2/10/2026","2/10/2026","953.42","V-001702","50300","FUEL TANK-HUNDRED ON ROAD"
"67109","8999606","16231","07147-26-01","07147-26-01-job","47-0255","","2/6/2026","2/6/2026","533.07","V-000656","50300","Safety Services"
"70951","UL01499408","16629","07235-26-01","07235-26-01-job","58-2000","","2/13/2026","2/13/2026","249.04","V-000396","50300","PA PERMITS"
"76219","4259136045","17061","07240-26-01","07240-26-01-job","47-0250","","2/10/2026","2/10/2026","447.78","V-000343","50300","UNIFORM RENTAL"
"83368","2206661","18533","07196-26-01","07196-26-01-job","51-0820","","2/14/2026","2/14/2026","591.92","V-001702","50300","FUEL TANK-HUNDRED OFF ROAD"
"83452","2196703","18567","07180-26-01","07180-26-01-job","51-0820","","2/10/2026","2/10/2026","487.86","V-001702","50300","FUEL TANK-ELM GROVE"
"83774","198","18619","07213-26-01","07213-26-01-job","47-3000","","2/17/2026","2/17/2026","1565.08","V-000580","50100","RIG LABOR WE 021526"
"84002","2215084","18691","07204-26-01","07204-26-01-job","53-0820","","2/19/2026","2/19/2026","412.1","V-001702","50300","FUEL TANK-HUNDRED ON ROAD"
"84016","2216279","18693","07152-26-01","07152-26-01-job","51-0820","","2/19/2026","2/19/2026","482.7","V-001702","50300","FUEL TANK-HUNDRED OFF ROAD"
"84128","3010931","18727","07249-26-01","07249-26-01-job","51-5015","","2/20/2026","2/20/2026","5940","V-000945","50100","MISC LABOR"
"86512","3010932","19289","07280-26-01","07280-26-01-job","51-1015","","2/27/2026","2/27/2026","1155.6","V-000945","50100","MISC LABOR"
"86688","4259900520","19335","07221-26-01","07221-26-01-job","48-0250","","2/17/2026","2/17/2026","610.89","V-000343","50300","UNIFORM RENTALS"
"102320","5812930600","20506","07242-26-01","07242-26-01-job","51-1015","","12/26/2025","12/26/2025","2558.15","V-001098","50100","MEC LABOR CHARGES"
"102336","5212930601","20510","07071-26-01","07071-26-01-job","51-0820","","12/31/2025","12/31/2025","155.01","V-001250","50300","TUCKER.W FUEL"
"102424","5812930601","20518","07215-26-01","07215-26-01-job","53-0820","","12/31/2025","12/31/2025","37.5","V-001098","50300","R.COX FUEL"
"104504","PIT5353681009","21055","07239-26-01","07239-26-01-job","59-0011","","2/28/2026","2/28/2026","2052.27","V-000603","53000","TELEHANDLER RENTAL"
"109346","2226157","21765","07258-26-01","07258-26-01-job","51-0820","","2/26/2026","2/26/2026","453.22","V-001702","50300","FUEL TANK-HUNDRED OFF ROAD"
"109362","2227262","21767","07204-26-01","07204-26-01-job","53-0820","","2/26/2026","2/26/2026","138.75","V-001702","50300","FUEL TANK-HUNDRED ON ROAD"
"112978","318403","22194","07256-26-01","07256-26-01-job","51-0820","","1/15/2026","1/15/2026","455","V-001702","50300","AMOS"
"118022","320302","22392","07226-26-01","07226-26-01-job","47-0820","","1/31/2026","1/31/2026","353.25","V-001702","50300","BENNETT"
"124938","4704376","23339","07255-26-01","07255-26-01-job","58-4000","","2/28/2026","2/28/2026","3600","V-001560","53000","AIR RENTAL- 44-2032/AC033"
"125184","8999612","23399","07147-26-01","07147-26-01-job","47-0255","","3/13/2026","3/13/2026","1027.78","V-000656","50300","F4S SAFETY ADMIN SERVICES"
"125438","200","23447","07272-26-01","07272-26-01-job","49-3000","","3/2/2026","3/2/2026","3465","V-000580","50100","RIG LABOR WE 022826"
"126420","2159078","23720","07197-26-01","07197-26-01-job","51-0820","","1/21/2026","1/21/2026","365.14","V-001702","50300","FUEL TANK-HUNDRED OFF ROAD"
"126488","2194879","23730","07196-26-01","07196-26-01-job","51-0820","","2/10/2026","2/10/2026","660.64","V-001702","50300","FUEL TANK-HUNDRED OFF ROAD"
"132369","2216776","24552","07180-26-01","07180-26-01-job","51-0820","","2/19/2026","2/19/2026","325.42","V-001702","50300","FUEL TANK-ELM GROVE"
"132391","2221298","24554","07260-26-01","07260-26-01-job","51-0820","","2/23/2026","2/23/2026","441.5","V-001702","50300","FUEL TANK-RUFF CREEK"
"139563","4257638635","25403","07235-26-01","07235-26-01-job","47-0250","","1/28/2026","1/28/2026","441.48","V-000343","50300","UNIFORM RENTAL"
"139877","2236696","25433","07214-26-01","07214-26-01-job","51-0820","","3/4/2026","3/4/2026","553.84","V-001702","50300","FUEL TANK-HUNDRED OFF ROAD"
"139897","2234540","25437","07227-26-01","07227-26-01-job","53-0820","","3/4/2026","3/4/2026","706.68","V-001702","50300","FUEL TANK-HUNDRED ON ROAD"
"140555","2246897","25647","07280-26-01","07280-26-01-job","51-0820","","3/10/2026","3/10/2026","584.21","V-001702","50300","FUEL TANK-HUNDRED OFF ROAD"
"140571","2247083","25649","07195-26-01","07195-26-01-job","51-0820","","3/11/2026","3/11/2026","510.17","V-001702","50300","FUEL TANK-ELM GROVE"
"140613","2245652","25657","07280-26-01","07280-26-01-job","53-0820","","3/11/2026","3/11/2026","308.11","V-001702","50300","FUEL TANK-HUNDRED ON ROAD"
"155566","8999614","27922","07198-26-01","07198-26-01-job","01-0400","","1/31/2026","1/31/2026","44.42","V-000656","50300","F4S FUEL TO CWS"
"155734","8999613","27968","07147-26-01","07147-26-01-job","01-0400","","3/20/2026","3/20/2026","478.58","V-000656","50300","F4S SAFETY ADMIN SERVICES"
"156914","199","28206","07221-26-01","07221-26-01-job","48-3000","","2/24/2026","2/24/2026","340","V-000580","50100","RIG LABR WE 02/22/26"
"159750","9209","28833","07209-26-01","07209-26-01-job","51-0100","","3/16/2026","3/16/2026","90.96","V-001675","50300","LODGING B S BLACK"
"161682","UL01497111","29008","07213-26-01","07213-26-01-job","58-2000","","12/15/2025","12/15/2025","107.7","V-000396","50300","PERMITS"
"162125","201","29052","07271-26-01","07271-26-01-job","49-3000","","3/11/2026","3/11/2026","375.94","V-000580","50100","RIG LABOR WE 03082026"
"163855","4261420815","29274","07261-26-01","07261-26-01-job","48-0250","","3/3/2026","3/3/2026","446.72","V-000343","50300","UNIFORM RENTAL"
"163903","4262141961","29276","07235-26-01","07235-26-01-job","51-0250","","3/10/2026","3/10/2026","1158.68","V-000343","50300","UNIFORM RENTAL"
"167144","3010944","29710","07201-26-01","07201-26-01-job","51-4015","","3/13/2026","3/13/2026","1512","V-000945","50100","MISC LABOR"
"167160","2251299","29712","07280-26-01","07280-26-01-job","53-0820","","3/14/2026","3/14/2026","504.66","V-001702","50300","FUEL TANK-HUNDRED ON ROAD"
"167180","202","29714","07267-26-01","07267-26-01-job","47-3000","","3/16/2026","3/16/2026","7440","V-000580","50100","RIG LABOR WE 031426"
"167266","3010948","29732","07235-26-01","07235-26-01-job","51-4015","","3/20/2026","3/20/2026","8660.7","V-000945","50100","MISC LABOR"
"174371","2252928","31074","07280-26-01","07280-26-01-job","51-0820","","3/14/2026","3/14/2026","286","V-001702","50300","FUEL TANK-HUNDRED OFF ROAD"
"174921","700020","31223","07221-26-01","07221-26-01-job","48-4111","","1/31/2026","1/31/2026","2188","V-000375","50300","D&T"
"174955","700021","31229","07230-26-01","07230-26-01-job","47-4111","","2/28/2026","2/28/2026","1496","V-000375","50300","D&T"
"175965","4262895422","31529","07305-26-01","07305-26-01-job","49-0250","","3/17/2026","3/17/2026","435.81","V-000343","50300","UNIFORM RENTAL"
"177715","8999616","31805","07147-26-01","07147-26-01-job","47-0255","","4/7/2026","4/7/2026","1002.91","V-000656","50300","F4S SAFETY ADMIN SERVICES"
"181615","203","32375","07267-26-01","07267-26-01-job","47-3000","","3/24/2026","3/24/2026","460","V-000580","50100","RIG LABOR WE 032226"
"181669","2265988","32389","07236-26-01","07236-26-01-job","53-0820","","3/25/2026","3/25/2026","362.18","V-001702","50300","FUEL TANK- HUNDRED ON RAOD"
"183991","3010949","32907","07213-26-01","07213-26-01-job","51-5015","","3/27/2026","3/27/2026","4536","V-000945","50100","MISC LABOR"
"196598","32438CWS","34095","07214-26-01","07214-26-01-job","51-0820","","2/28/2026","2/28/2026","154.01","V-001702","50300","AMOS"
"207564","5812930607","35480","07256-26-01","07256-26-01-job","51-1015","","2/6/2026","2/6/2026","1268.94","V-001098","50100","MEC LABOR ON CWS JOBS"
"207596","5212930610","35486","07187-26-01","07187-26-01-job","51-4015","","2/20/2026","2/20/2026","853.29","V-001250","50100","HDD LABOR ON CWS JOBS"
"213020","5812930606","36170","07226-26-01","07226-26-01-job","47-0825","","1/31/2026","1/31/2026","77.29","V-001098","50300","T PHILLIPS FUEL"
"214522","4260719968","36546","07258-26-01","07258-26-01-job","47-0250","","2/24/2026","2/24/2026","742","V-000343","50300","UNIFORM RENTAL"
"215006","4263649804","36686","07219-26-01","07219-26-01-job","47-0250","","3/24/2026","3/24/2026","455.69","V-000343","50300","UNIFORM RENTAL"
"218214","2270827","37448","07233-26-01","07233-26-01-job","51-0820","","3/30/2026","3/30/2026","456.33","V-001702","50300","FUEL TANK-RUFF CREEK"
"221265","2270843","37812","07240-26-01","07240-26-01-job","51-0820","","3/30/2026","3/30/2026","628.71","V-001702","50300","FUEL TANK-ELM GROVE"
"221495","2273888","37892","07253-26-01","07253-26-01-job","53-0820","","4/2/2026","4/2/2026","587.9","V-001702","50300","FUEL TANK-HUNRED ON ROAD"
"221513","2275292","37896","07233-26-01","07233-26-01-job","51-0820","","4/2/2026","4/2/2026","650.39","V-001702","50300","FUEL TANK-RUFF CREEK"
"221555","5812930616","37912","07304-26-01","07304-26-01-job","51-1015","","4/3/2026","4/3/2026","2812.84","V-001098","50100","MEC LABORERS"
"221583","1011482","37914","07297-26-01","07297-26-01-job","51-1015","","4/3/2026","4/3/2026","711","V-000945","50100","MISC LABOR"
"221771","205","37966","07267-26-01","07267-26-01-job","47-3000","","4/7/2026","4/7/2026","2600","V-000580","50100","RIG LABOR WE 040726"
"222051","8999617","38020","07227-26-01","07227-26-01-job","48-0255","","4/15/2026","4/15/2026","1527.26","V-000656","50300","F4S SAFETY ADMIN SERVICES"
"225847","4264434764","38594","07268-26-01","07268-26-01-job","47-0250","","3/31/2026","3/31/2026","435.89","V-000343","50300","UNIFORM RENTAL"
"239100","32641CWS","39879","07240-26-01","07240-26-01-job","51-0820","","3/15/2026","3/15/2026","647.69","V-001702","50300","AMOS"
"245262","4265187024","40589","07314-26-01","07314-26-01-job","47-0250","","4/7/2026","4/7/2026","435.90","V-000343","50300","UNIFORM RENTAL"
"245514","2282194","40681","07233-26-01","07233-26-01-job","51-0820","","4/8/2026","4/8/2026","594.64","V-001702","50300","FUEL TANK-RUFF CREEK"
"245602","2282641","40701","07310-26-01","07310-26-01-job","53-0820","","4/9/2026","4/9/2026","652","V-001702","50300","HUNDRED ON ROAD FUEL TANK"
"245618","2283455","40703","07240-26-01","07240-26-01-job","53-0820","","4/9/2026","4/9/2026","406.82","V-001702","50300","HUNDRED ON ROAD FUEL TANK"
"246030","206","40813","07299-26-01","07299-26-01-job","47-3000","","4/13/2026","4/13/2026","2420","V-000580","50100","RIG LABOR WE 041226"
"246210","2285087","40884","07296-26-01","07296-26-01-job","51-0820","","4/11/2026","4/11/2026","763.88","V-001702","50300","FUEL TANK-ELM GROVE"
"246274","2296445","40906","07233-26-01","07233-26-01-job","51-0820","","4/21/2026","4/21/2026","408.14","V-001702","50300","FUEL TANK-RUFF CREEK"
"250625","5812930611","41628","07213-26-01","07213-26-01-job","47-0825","","2/28/2026","2/28/2026","50.22","V-001098","50300","MEC FUEL"
"252845","5212930621","42074","07235-26-01","07235-26-01-job","51-0820","","3/31/2026","3/31/2026","362.81","V-001250","50300","FUEL"
"252945","5812930620","42078","07285-26-01","07285-26-01-job","51-0820","","3/31/2026","3/31/2026","242.8","V-001098","50300","MEC FUEL"
"253103","2289096","42116","07310-26-01","07310-26-01-job","51-0820","","4/14/2026","4/14/2026","974.5","V-001702","50300","FUEL TANK-RUFF CREEK"
"254659","72256","42549","07240-26-01","07240-26-01-job","58-5000","","4/16/2026","4/16/2026","990.04","V-000904","50300","HAULED FRESH WATER"
"254687","5812930618","42559","07304-26-01","07304-26-01-job","51-1015","","4/17/2026","4/17/2026","2267.26","V-001098","50100","MEC LABOR"
"254907","669","42649","07266-26-01","07266-26-01-job","58-5000","","4/26/2026","4/26/2026","710","V-000804","50300","RECLAIMING SITE"
"255397","4265903645","42795","07314-26-01","07314-26-01-job","47-0250","","4/14/2026","4/14/2026","435.89","V-000343","50300","UNIFORM RENTAL"
"258801","207","43815","07260-26-01","07260-26-01-job","47-3000","","4/20/2026","4/20/2026","5200","V-000580","50100","RIG LABOR WE 041826"
"258971","Charge payoffs - 43844","43845","07239-26-01","07239-26-01-job","59-0012","","4/24/2026","4/24/2026","83.11","V-002387","21101",""
"260689","4704388","44169","07291-26-01","07291-26-01-job","58-4000","","4/30/2026","4/30/2026","450","V-001560","53000","AIR RENTAL 44-2046/AC047"
"260731","8999620","44171","07147-26-01","07147-26-01-job","47-0255","","4/30/2026","4/30/2026","478.58","V-000656","50300","F4S SAFETY ADMIN SERVICES"
"264588","1011488","44603","07297-26-01","07297-26-01-job","51-1015","","4/24/2026","4/24/2026","2106","V-000945","50100","MISC LABOR"
"279414","2293024","46818","07300-26-01","07300-26-01-job","53-0820","","4/18/2026","4/18/2026","516.69","V-001702","50300","FUEL TANK-HUNDRED ON ROAD"
"279428","2294816","46820","07260-26-01","07260-26-01-job","51-0820","","4/19/2026","4/19/2026","634.29","V-001702","50300","FUEL TANK-RUFF CREEK"
"279462","2298837","46832","07310-26-01","07310-26-01-job","51-0820","","4/23/2026","4/23/2026","761.06","V-001702","50300","FUEL TANK-RUFF CREEK"
"286101","4266656097","47607","07334-26-01","07334-26-01-job","51-0250","","4/21/2026","4/21/2026","468.88","V-000343","50300","UNIFORM RENTAL"
"286307","208","47669","07260-26-01","07260-26-01-job","47-3000","","4/28/2026","4/28/2026","2760","V-000580","50100","RIG LABOR WE 042526"
"286683","4704368","47733","07195-26-01","07195-26-01-job","52-0310","","1/31/2026","1/31/2026","300","V-001560","53000","EQUIPMENT RENTAL"
"286795","4704369","47745","07250-26-01","07250-26-01-job","58-4000","","1/31/2026","1/31/2026","2250","V-001560","53000","EQUIPMENT RENTAL"
"7653","194","2579","07212-26-01","07212-26-01-job","47-3000","","1/20/2026","1/20/2026","5200","V-000580","50100","RIG LABOR WE 011726"
"7667","192","2581","07197-26-01","07197-26-01-job","47-3000","","1/6/2026","1/6/2026","1260","V-000580","50100","RIG LABOR WE 010326"
"7773","3010913","2624","07234-26-01","07234-26-01-job","51-2015","","12/26/2025","12/26/2025","3162.6","V-000945","50100","MISC LABOR"
"7921","2145963","2692","07195-26-01","07195-26-01-job","51-0820","","1/14/2026","1/14/2026","302.59","V-001702","50300","FUEL TANK-ELM GROVE"
"8065","2111369","2755","07215-26-01","07215-26-01-job","53-0820","","12/23/2025","12/23/2025","262.65","V-001702","50300","FUEL TANK-HUNDRED ON ROAD"
"8075","2102283","2756","07236-26-01","07236-26-01-job","51-0820","","12/18/2025","12/18/2025","207.62","V-001702","50300","FUEL TANK-ELM GROVE"
"8091","2111269","2758","07212-26-01","07212-26-01-job","51-0820","","12/23/2025","12/23/2025","346.83","V-001702","50300","FUEL TANK-HUNDRED OFF ROAD"
"8109","2070830","2764","07143-26-01","07143-26-01-job","51-0820","","11/30/2025","11/30/2025","384.11","V-001702","50300","FUEL TANK-ELM GROVE"
"8117","2074433","2765","07187-26-01","07187-26-01-job","53-0820","","12/3/2025","12/3/2025","445.06","V-001702","50300","FUEL TANK-HUNDRED ON ROAD"
"8163","2057079","2773","07147-26-01","07147-26-01-job","53-0820","","11/20/2025","11/20/2025","438.64","V-001702","50300","FUEL TANK-HUNDRED ON ROAD"
"8191","2089657","2784","07204-26-01","07204-26-01-job","53-0820","","12/11/2025","12/11/2025","374.47","V-001702","50300","FUEL TANK-HUNDRED ON ROAD"
"8199","2076564","2785","07170-26-01","07170-26-01-job","51-0820","","12/3/2025","12/3/2025","116.28","V-001702","50300","FUEL TANK-HUNDRED OFF ROAD"
"13108","4254795859","4071","07223-26-01","07223-26-01-job","47-0250","","12/30/2025","12/30/2025","442.58","V-000343","50300","UNIFORM RENTAL"
"13642","4255396998","4188","07236-26-01","07236-26-01-job","47-0250","","1/6/2026","1/6/2026","442.58","V-000343","50300","UNIFORM RENTAL"
"13954","4256154223","4268","07000-26-01","07000-26-01-job","51-0250","","1/13/2026","1/13/2026","481.79","V-000343","50300","UNIFORM RENTAL"
"13978","4256896120","4269","07221-26-01","07221-26-01-job","48-0250","","1/20/2026","1/20/2026","442.21","V-000343","50300","UNIFORM RENTAL"
"31851","EQP0012829","7441","07184-26-01","07184-26-01-job","51-0300","","1/12/2026","1/12/2026","2245","V-000306","53000","D6 RENTAL"
"33141","EQP0008616","7682","07184-26-01","07184-26-01-job","51-0300","","12/15/2025","12/15/2025","2245","V-000306","53000","D6 RENTAL"
"33297","EQP0009992","7710","07184-26-01","07184-26-01-job","51-0300","","12/23/2025","12/23/2025","2245","V-000306","53000","D6 RENTAL"
"35653","8999602","8185","07203-26-01","07203-26-01-job","47-0255","","1/12/2026","1/12/2026","977.03","V-000656","50300","F4S SAFETY ADMIN SERVICES"
"35729","8999603","8187","07147-26-01","07147-26-01-job","47-0255","","1/19/2026","1/19/2026","976.95","V-000656","50300","F4S SAFETY ADMIN SERVICES"
"35813","8999604","8189","07147-26-01","07147-26-01-job","47-0255","","1/26/2026","1/26/2026","488.48","V-000656","50300","F4S SAFETY ADMIN SERVICES"
"38153","130352","8847","07212-26-01","07212-26-01-job","47-0330","","12/16/2025","12/16/2025","247.51","V-001168","50300","DAILY ENGINE REPORT LOGS"
"38201","615","8861","07201-26-01","07201-26-01-job","58-4000","","12/28/2025","12/28/2025","1786","V-000804","50300","WORKING ON SITE"
"40275","2081217","9779","07190-26-01","07190-26-01-job","51-0820","","12/7/2025","12/7/2025","573.79","V-001702","50300","FUEL TANK-RUFF CREEK"
"40293","2091588","9781","07190-26-01","07190-26-01-job","51-0820","","12/12/2025","12/12/2025","395.19","V-001702","50300","FUEL TANK-RUFF CREEK"
"40377","2110095","9797","07236-26-01","07236-26-01-job","51-0820","","12/23/2025","12/23/2025","326.35","V-001702","50300","FUEL TANK-ELM GROVE"
"40937","2157163","9927","07204-26-01","07204-26-01-job","53-0820","","1/21/2026","1/21/2026","497.8","V-001702","50300","FUEL TANK-HUNDRED ON ROAD"
"41013","2175151","9947","07251-26-01","07251-26-01-job","51-0820","","1/29/2026","1/29/2026","645.63","V-001702","50300","FUEL TANK-RUFF CREEK"
"56870","427638635","13927","07147-26-01","07147-26-01-job","47-0250","","1/28/2026","1/28/2026","441.48","V-000343","50300","UNIFORM RENTAL"
"57056","3010923","13973","07201-26-01","07201-26-01-job","51-5015","","1/30/2026","1/30/2026","702","V-000945","50100","MISC LABOR"
"66633","197","16135","07212-26-01","07212-26-01-job","47-3000","","2/9/2026","2/9/2026","5200","V-000580","50100","RIG LABOR WE 02/07/26"
"67059","8999605","16229","07147-26-01","07147-26-01-job","47-0255","","12/30/2025","12/30/2025","1022.45","V-000656","50300","Safety Services"
"67111","8999606","16231","07198-26-01","07198-26-01-job","47-0255","","2/6/2026","2/6/2026","1019.76","V-000656","50300","Safety Services"
"76221","4259136045","17061","07236-26-01","07236-26-01-job","51-0250","","2/10/2026","2/10/2026","447.78","V-000343","50300","UNIFORM RENTAL"
"83776","198","18619","07221-26-01","07221-26-01-job","48-3000","","2/17/2026","2/17/2026","345.28","V-000580","50100","RIG LABOR WE 021526"
"84004","2215084","18691","07235-26-01","07235-26-01-job","53-0820","","2/19/2026","2/19/2026","412.09","V-001702","50300","FUEL TANK-HUNDRED ON ROAD"
"86514","3010932","19289","07199-26-01","07199-26-01-job","51-5015","","2/27/2026","2/27/2026","8280","V-000945","50100","MISC LABOR"
"86690","4259900520","19335","07214-26-01","07214-26-01-job","47-0250","","2/17/2026","2/17/2026","610.89","V-000343","50300","UNIFORM RENTALS"
"102372","5412930600","20514","07147-26-01","07147-26-01-job","47-0825","","12/31/2025","12/31/2025","90.46","V-001754","50300","T.PHILLIPS FUEL"
"102426","5812930601","20518","07242-26-01","07242-26-01-job","51-0820","","12/31/2025","12/31/2025","115.05","V-001098","50300","R.COX FUEL"
"105236","8999610","21269","07213-26-01","07213-26-01-job","47-0255","","2/28/2026","2/28/2026","478.58","V-000656","50300","F4S SAFETY ADMIN SERVICES"
"109348","2226157","21765","07264-26-01","07264-26-01-job","51-0820","","2/26/2026","2/26/2026","453.21","V-001702","50300","FUEL TANK-HUNDRED OFF ROAD"
"109364","2227262","21767","07235-26-01","07235-26-01-job","53-0820","","2/26/2026","2/26/2026","138.74","V-001702","50300","FUEL TANK-HUNDRED ON ROAD"
"124940","4704376","23339","07254-26-01","07254-26-01-job","58-4000","","2/28/2026","2/28/2026","1800","V-001560","53000","AIR RENTAL- 44-2041/AC042"
"125138","8999611","23397","07219-26-01","07219-26-01-job","01-0400","","3/6/2026","3/6/2026","524.35","V-000656","50300","F4S SAFETY ADMIN SERVICES"
"125186","8999612","23399","07201-26-01","07201-26-01-job","47-0255","","3/13/2026","3/13/2026","207.44","V-000656","50300","F4S SAFETY ADMIN SERVICES"
"125440","200","23447","07252-26-01","07252-26-01-job","47-3000","","3/2/2026","3/2/2026","2600","V-000580","50100","RIG LABOR WE 022826"
"132371","2216776","24552","07234-26-01","07234-26-01-job","51-0820","","2/19/2026","2/19/2026","325.42","V-001702","50300","FUEL TANK-ELM GROVE"
"139565","4257638635","25403","07147-26-01","07147-26-01-job","47-0250","","1/28/2026","1/28/2026","441.48","V-000343","50300","UNIFORM RENTAL"
"139899","2234540","25437","07266-26-01","07266-26-01-job","53-0820","","3/4/2026","3/4/2026","749.08","V-001702","50300","FUEL TANK-HUNDRED ON ROAD"
"140557","2246897","25647","07239-26-01","07239-26-01-job","51-0820","","3/10/2026","3/10/2026","584.2","V-001702","50300","FUEL TANK-HUNDRED OFF ROAD"
"140573","2247083","25649","07235-26-01","07235-26-01-job","51-0820","","3/11/2026","3/11/2026","510.16","V-001702","50300","FUEL TANK-ELM GROVE"
"140615","2245652","25657","07287-26-01","07287-26-01-job","53-0820","","3/11/2026","3/11/2026","308.11","V-001702","50300","FUEL TANK-HUNDRED ON ROAD"
"155568","8999614","27922","07223-26-01","07223-26-01-job","01-0400","","1/31/2026","1/31/2026","54.13","V-000656","50300","F4S FUEL TO CWS"
"155736","8999613","27968","07187-26-01","07187-26-01-job","01-0400","","3/20/2026","3/20/2026","864.51","V-000656","50300","F4S SAFETY ADMIN SERVICES"
"156916","199","28206","07252-26-01","07252-26-01-job","47-3000","","2/24/2026","2/24/2026","2465","V-000580","50100","RIG LABR WE 02/22/26"
"159752","9209","28833","07240-26-01","07240-26-01-job","51-0100","","3/16/2026","3/16/2026","90.97","V-001675","50300","LODGING B S BLACK"
"162127","201","29052","07272-26-01","07272-26-01-job","49-3000","","3/11/2026","3/11/2026","4239.06","V-000580","50100","RIG LABOR WE 03082026"
"163857","4261420815","29274","07221-26-01","07221-26-01-job","48-0250","","3/3/2026","3/3/2026","446.72","V-000343","50300","UNIFORM RENTAL"
"163905","4262141961","29276","07266-26-01","07266-26-01-job","47-0250","","3/10/2026","3/10/2026","1158.68","V-000343","50300","UNIFORM RENTAL"
"164381","8999615","29382","07147-26-01","07147-26-01-job","47-0255","","3/31/2026","3/31/2026","957.15","V-000656","50300","F4S SAFETY ADMIN SERVICES"
"167146","3010944","29710","07235-26-01","07235-26-01-job","51-4015","","3/13/2026","3/13/2026","3060","V-000945","50100","MISC LABOR"
"167162","2251299","29712","07240-26-01","07240-26-01-job","53-0820","","3/14/2026","3/14/2026","504.67","V-001702","50300","FUEL TANK-HUNDRED ON ROAD"
"174373","2252928","31074","07240-26-01","07240-26-01-job","51-0820","","3/14/2026","3/14/2026","286","V-001702","50300","FUEL TANK-HUNDRED OFF ROAD"
"174923","700020","31223","07222-26-01","07222-26-01-job","47-4111","","1/31/2026","1/31/2026","6141","V-000375","50300","D&T"
"174957","700021","31229","07233-26-01","07233-26-01-job","47-4111","","2/28/2026","2/28/2026","4384","V-000375","50300","D&T"
"175967","4262895422","31529","07233-26-01","07233-26-01-job","51-0250","","3/17/2026","3/17/2026","435.80","V-000343","50300","UNIFORM RENTAL"
"177717","8999616","31805","07201-26-01","07201-26-01-job","47-0255","","4/7/2026","4/7/2026","478.58","V-000656","50300","F4S SAFETY ADMIN SERVICES"
"181617","203","32375","07272-26-01","07272-26-01-job","49-3000","","3/24/2026","3/24/2026","1870","V-000580","50100","RIG LABOR WE 032226"
"181671","2265988","32389","07287-26-01","07287-26-01-job","53-0820","","3/25/2026","3/25/2026","362.18","V-001702","50300","FUEL TANK- HUNDRED ON RAOD"
"183993","3010949","32907","07266-26-01","07266-26-01-job","51-4015","","3/27/2026","3/27/2026","1928.7","V-000945","50100","MISC LABOR"
"196600","32438CWS","34095","07226-26-01","07226-26-01-job","51-0820","","2/28/2026","2/28/2026","147","V-001702","50300","AMOS"
"207492","5412930601","35464","07219-26-01","07219-26-01-job","51-0820","","1/31/2026","1/31/2026","126.83","V-001754","50300","N VINCENT FUEL"
"207598","5212930610","35486","07258-26-01","07258-26-01-job","51-4015","","2/20/2026","2/20/2026","783.66","V-001250","50100","HDD LABOR ON CWS JOBS"
"213022","5812930606","36170","07233-26-01","07233-26-01-job","47-0825","","1/31/2026","1/31/2026","31.13","V-001098","50300","T PHILLIPS FUEL"
"214830","647","36636","07235-26-01","07235-26-01-job","58-4000","","3/14/2026","3/14/2026","625","V-000804","50300","EQUIP HAULING"
"214902","5212930615","36652","07272-26-01","07272-26-01-job","49-0255","","3/20/2026","3/20/2026","495.65","V-001250","50100","HDD LABORERS"
"215008","4263649804","36686","07207-26-01","07207-26-01-job","46-0250","","3/24/2026","3/24/2026","455.69","V-000343","50300","UNIFORM RENTAL"
"221497","2273888","37892","07266-26-01","07266-26-01-job","53-0820","","4/2/2026","4/2/2026","587.9","V-001702","50300","FUEL TANK-HUNRED ON ROAD"
"221585","1011482","37914","07301-26-01","07301-26-01-job","51-1015","","4/3/2026","4/3/2026","1512","V-000945","50100","MISC LABOR"
"221773","205","37966","07280-26-01","07280-26-01-job","47-3000","","4/7/2026","4/7/2026","2760","V-000580","50100","RIG LABOR WE 040726"
"222003","8999618","38018","07147-26-01","07147-26-01-job","47-0255","","4/21/2026","4/21/2026","478.58","V-000656","50300","F4S SAFETY ADMIN SERVICES"
"222053","8999617","38020","07290-26-01","07290-26-01-job","48-0255","","4/15/2026","4/15/2026","524.33","V-000656","50300","F4S SAFETY ADMIN SERVICES"
"225849","4264434764","38594","07266-26-01","07266-26-01-job","47-0250","","3/31/2026","3/31/2026","435.89","V-000343","50300","UNIFORM RENTAL"
"245264","4265187024","40589","07262-26-01","07262-26-01-job","47-0250","","4/7/2026","4/7/2026","435.90","V-000343","50300","UNIFORM RENTAL"
"245516","2282194","40681","07310-26-01","07310-26-01-job","51-0820","","4/8/2026","4/8/2026","594.64","V-001702","50300","FUEL TANK-RUFF CREEK"
"245604","2282641","40701","07300-26-01","07300-26-01-job","53-0820","","4/9/2026","4/9/2026","652","V-001702","50300","HUNDRED ON ROAD FUEL TANK"
"245620","2283455","40703","07310-26-01","07310-26-01-job","53-0820","","4/9/2026","4/9/2026","465.47","V-001702","50300","HUNDRED ON ROAD FUEL TANK"
"246032","206","40813","07305-26-01","07305-26-01-job","49-3000","","4/13/2026","4/13/2026","3330","V-000580","50100","RIG LABOR WE 041226"
"250563","5212930612","41626","07258-26-01","07258-26-01-job","53-0820","","2/28/2026","2/28/2026","195.59","V-001250","50300","HDD FUEL"
"250627","5812930611","41628","07234-26-01","07234-26-01-job","48-0825","","2/28/2026","2/28/2026","61.71","V-001098","50300","MEC FUEL"
"250741","5212930616","41638","07228-26-01","07228-26-01-job","51-4015","","3/27/2026","3/27/2026","498.78","V-001250","50100","HDD LABORERS"
"250781","5212930617","41642","07187-26-01","07187-26-01-job","57-9000","","4/3/2026","4/3/2026","487.4","V-001250","50100","HDD LABORERS"
"252313","5212930618","41950","07288-26-01","07288-26-01-job","57-9000","","4/10/2026","4/10/2026","504.49","V-001250","50100","HDD LABORERS"
"252847","5212930621","42074","07288-26-01","07288-26-01-job","51-0820","","3/31/2026","3/31/2026","68","V-001250","50300","FUEL"
"252947","5812930620","42078","07252-26-01","07252-26-01-job","53-0820","","3/31/2026","3/31/2026","65.59","V-001098","50300","MEC FUEL"
"255399","4265903645","42795","07339-26-01","07339-26-01-job","47-0250","","4/14/2026","4/14/2026","435.89","V-000343","50300","UNIFORM RENTAL"
"258803","207","43815","07267-26-01","07267-26-01-job","47-3000","","4/20/2026","4/20/2026","2780","V-000580","50100","RIG LABOR WE 041826"
"260691","4704388","44169","07288-26-01","07288-26-01-job","58-4000","","4/30/2026","4/30/2026","1350","V-001560","53000","AIR RENTAL 44-2032/AC033"
"260733","8999620","44171","07235-26-01","07235-26-01-job","47-0255","","4/30/2026","4/30/2026","1002.91","V-000656","50300","F4S SAFETY ADMIN SERVICES"
"264590","1011488","44603","07332-26-01","07332-26-01-job","51-1015","","4/24/2026","4/24/2026","3267","V-000945","50100","MISC LABOR"
"265180","5212930619","44760","07291-26-01","07291-26-01-job","57-9000","","4/17/2026","4/17/2026","555.77","V-001250","50100","HDD LABOR CHARGES"
"279416","2293024","46818","07310-26-01","07310-26-01-job","53-0820","","4/18/2026","4/18/2026","516.69","V-001702","50300","FUEL TANK-HUNDRED ON ROAD"
"279464","2298837","46832","07240-26-01","07240-26-01-job","51-0820","","4/23/2026","4/23/2026","761.05","V-001702","50300","FUEL TANK-RUFF CREEK"
"286103","4266656097","47607","07312-26-01","07312-26-01-job","49-0250","","4/21/2026","4/21/2026","468.88","V-000343","50300","UNIFORM RENTAL"
"286309","208","47669","07267-26-01","07267-26-01-job","47-3000","","4/28/2026","4/28/2026","2330","V-000580","50100","RIG LABOR WE 042526"
"286685","4704368","47733","07224-26-01","07224-26-01-job","58-4000","","1/31/2026","1/31/2026","300","V-001560","53000","EQUIPMENT RENTAL"
"286797","4704369","47745","07255-26-01","07255-26-01-job","58-4000","","1/31/2026","1/31/2026","2250","V-001560","53000","EQUIPMENT RENTAL"
"7669","192","2581","07212-26-01","07212-26-01-job","47-3000","","1/6/2026","1/6/2026","2520","V-000580","50100","RIG LABOR WE 010326"
"7923","2145963","2692","07201-26-01","07201-26-01-job","51-0820","","1/14/2026","1/14/2026","302.59","V-001702","50300","FUEL TANK-ELM GROVE"
"8067","2111369","2755","07114-26-01","07114-26-01-job","53-0820","","12/23/2025","12/23/2025","262.64","V-001702","50300","FUEL TANK-HUNDRED ON ROAD"
"8077","2102283","2756","07230-26-01","07230-26-01-job","51-0820","","12/18/2025","12/18/2025","207.6","V-001702","50300","FUEL TANK-ELM GROVE"
"13110","4254795859","4071","07203-26-01","07203-26-01-job","47-0250","","12/30/2025","12/30/2025","442.58","V-000343","50300","UNIFORM RENTAL"
"13644","4255396998","4188","07233-26-01","07233-26-01-job","47-0250","","1/6/2026","1/6/2026","417.53","V-000343","50300","UNIFORM RENTAL"
"13956","4256154223","4268","07000-26-01","07000-26-01-job","53-0250","","1/13/2026","1/13/2026","481.78","V-000343","50300","UNIFORM RENTAL"
"13980","4256896120","4269","07241-26-01","07241-26-01-job","48-0250","","1/20/2026","1/20/2026","442.18","V-000343","50300","UNIFORM RENTAL"
"16619","M0000479301","4603","07222-26-01","07222-26-01-job","47-0820","","1/1/2026","1/1/2026","94.52","V-001103","50300","HARMON"
"35587","8999601","8183","07129-26-01","07129-26-01-job","47-0255","","1/5/2026","1/5/2026","535.35","V-000656","50300","F4S SAFETY ADMIN SERVICES"
"35655","8999602","8185","07212-26-01","07212-26-01-job","47-0255","","1/12/2026","1/12/2026","488.48","V-000656","50300","F4S SAFETY ADMIN SERVICES"
"35731","8999603","8187","07197-26-01","07197-26-01-job","47-0255","","1/19/2026","1/19/2026","535.35","V-000656","50300","F4S SAFETY ADMIN SERVICES"
"35815","8999604","8189","07171-26-01","07171-26-01-job","46-0255","","1/26/2026","1/26/2026","535.4","V-000656","50300","F4S SAFETY ADMIN SERVICES"
"40277","2081217","9779","07049-26-01","07049-26-01-job","51-0820","","12/7/2025","12/7/2025","573.81","V-001702","50300","FUEL TANK-RUFF CREEK"
"56872","427638635","13927","07230-26-01","07230-26-01-job","47-0250","","1/28/2026","1/28/2026","441.48","V-000343","50300","UNIFORM RENTAL"
"57058","3010923","13973","07240-26-01","07240-26-01-job","51-1015","","1/30/2026","1/30/2026","5616","V-000945","50100","MISC LABOR"
"67003","8999608","16227","07147-26-01","07147-26-01-job","01-0400","","2/23/2026","2/23/2026","478.58","V-000656","50300","Safety Services"
"67061","8999605","16229","07187-26-01","07187-26-01-job","46-0255","","12/30/2025","12/30/2025","534.15","V-000656","50300","Safety Services"
"67113","8999606","16231","07221-26-01","07221-26-01-job","48-0255","","2/6/2026","2/6/2026","533.07","V-000656","50300","Safety Services"
"67167","8999607","16233","07147-26-01","07147-26-01-job","47-0255","","2/13/2026","2/13/2026","483.83","V-000656","50300","F4S SAFETY ADMIN SERVICES"
"76223","4259136045","17061","07235-26-01","07235-26-01-job","51-0250","","2/10/2026","2/10/2026","447.78","V-000343","50300","UNIFORM RENTAL"
"83778","198","18619","07252-26-01","07252-26-01-job","47-3000","","2/17/2026","2/17/2026","2491.4","V-000580","50100","RIG LABOR WE 021526"
"86692","4259900520","19335","07260-26-01","07260-26-01-job","48-0250","","2/17/2026","2/17/2026","610.89","V-000343","50300","UNIFORM RENTALS"
"102374","5412930600","20514","07197-26-01","07197-26-01-job","47-0825","","12/31/2025","12/31/2025","20.05","V-001754","50300","T.PHILLIPS FUEL"
"105238","8999610","21269","07230-26-01","07230-26-01-job","47-0255","","2/28/2026","2/28/2026","1481.48","V-000656","50300","F4S SAFETY ADMIN SERVICES"
"112982","318403","22194","07250-26-01","07250-26-01-job","49-0820","","1/15/2026","1/15/2026","843.92","V-001702","50300","BARKER"
"124942","4704376","23339","07261-26-01","07261-26-01-job","48-0300","","2/28/2026","2/28/2026","500","V-001560","53000","TANK 20/2404"
"125140","8999611","23397","07221-26-01","07221-26-01-job","01-0400","","3/6/2026","3/6/2026","957.15","V-000656","50300","F4S SAFETY ADMIN SERVICES"
"125188","8999612","23399","07214-26-01","07214-26-01-job","47-0255","","3/13/2026","3/13/2026","668.63","V-000656","50300","F4S SAFETY ADMIN SERVICES"
"139567","4257638635","25403","07257-26-01","07257-26-01-job","48-0250","","1/28/2026","1/28/2026","441.48","V-000343","50300","UNIFORM RENTAL"
"140617","2245652","25657","07253-26-01","07253-26-01-job","53-0820","","3/11/2026","3/11/2026","308.1","V-001702","50300","FUEL TANK-HUNDRED ON ROAD"
"155570","8999614","27922","07233-26-01","07233-26-01-job","01-0400","","1/31/2026","1/31/2026","45.6","V-000656","50300","F4S FUEL TO CWS"
"155738","8999613","27968","07196-26-01","07196-26-01-job","01-0400","","3/20/2026","3/20/2026","831.17","V-000656","50300","F4S SAFETY ADMIN SERVICES"
"156918","199","28206","07254-26-01","07254-26-01-job","49-3000","","2/24/2026","2/24/2026","460","V-000580","50100","RIG LABR WE 02/22/26"
"159754","9209","28833","07195-26-01","07195-26-01-job","51-0100","","3/16/2026","3/16/2026","90.97","V-001675","50300","LODGING B S BLACK"
"163859","4261420815","29274","07258-26-01","07258-26-01-job","47-0250","","3/3/2026","3/3/2026","446.72","V-000343","50300","UNIFORM RENTAL"
"163907","4262141961","29276","07268-26-01","07268-26-01-job","47-0250","","3/10/2026","3/10/2026","1158.68","V-000343","50300","UNIFORM RENTAL"
"164383","8999615","29382","07201-26-01","07201-26-01-job","47-0255","","3/31/2026","3/31/2026","478.58","V-000656","50300","F4S SAFETY ADMIN SERVICES"
"167184","202","29714","07272-26-01","07272-26-01-job","49-3000","","3/16/2026","3/16/2026","3330","V-000580","50100","RIG LABOR WE 031426"
"174925","700020","31223","07233-26-01","07233-26-01-job","47-4111","","1/31/2026","1/31/2026","5064","V-000375","50300","D&T"
"174959","700021","31229","07235-26-01","07235-26-01-job","47-4111","","2/28/2026","2/28/2026","4398","V-000375","50300","D&T"
"175969","4262895422","31529","07152-26-01","07152-26-01-job","51-0250","","3/17/2026","3/17/2026","435.81","V-000343","50300","UNIFORM RENTAL"
"177719","8999616","31805","07235-26-01","07235-26-01-job","47-0255","","4/7/2026","4/7/2026","478.58","V-000656","50300","F4S SAFETY ADMIN SERVICES"
"181619","203","32375","07287-26-01","07287-26-01-job","47-3000","","3/24/2026","3/24/2026","8120","V-000580","50100","RIG LABOR WE 032226"
"183995","3010949","32907","07297-26-01","07297-26-01-job","51-1015","","3/27/2026","3/27/2026","711","V-000945","50100","MISC LABOR"
"196602","32438CWS","34095","07226-26-01","07226-26-01-job","47-0820","","2/28/2026","2/28/2026","78.98","V-001702","50300","BENNETT"
"207494","5412930601","35464","07198-26-01","07198-26-01-job","51-0820","","1/31/2026","1/31/2026","71.59","V-001754","50300","N VINCENT FUEL"
"207600","5212930610","35486","07234-26-01","07234-26-01-job","51-4015","","2/20/2026","2/20/2026","945.99","V-001250","50100","HDD LABOR ON CWS JOBS"
"213024","5812930606","36170","07252-26-01","07252-26-01-job","53-0820","","1/31/2026","1/31/2026","86.71","V-001098","50300","C LUSK FUEL"
"214904","5212930615","36652","07288-26-01","07288-26-01-job","53-2035","","3/20/2026","3/20/2026","733.04","V-001250","50100","HDD LABORERS"
"215010","4263649804","36686","07305-26-01","07305-26-01-job","49-0250","","3/24/2026","3/24/2026","455.70","V-000343","50300","UNIFORM RENTAL"
"221587","1011482","37914","07213-26-01","07213-26-01-job","51-5015","","4/3/2026","4/3/2026","3024","V-000945","50100","MISC LABOR"
"221775","205","37966","07299-26-01","07299-26-01-job","47-3000","","4/7/2026","4/7/2026","1380","V-000580","50100","RIG LABOR WE 040726"
"222005","8999618","38018","07219-26-01","07219-26-01-job","47-0255","","4/21/2026","4/21/2026","524.33","V-000656","50300","F4S SAFETY ADMIN SERVICES"
"222055","8999617","38020","07258-26-01","07258-26-01-job","47-0255","","4/15/2026","4/15/2026","524.33","V-000656","50300","F4S SAFETY ADMIN SERVICES"
"225851","4264434764","38594","07235-26-01","07235-26-01-job","47-0250","","3/31/2026","3/31/2026","435.91","V-000343","50300","UNIFORM RENTAL"
"229275","32839CWSP1","38772","07275-26-01","07275-26-01-job","46-0820","","3/31/2026","3/31/2026","448.04","V-001702","50300","MONTGOMERY"
"235659","33052CWSP1","39420","07258-26-01","07258-26-01-job","47-0820","","4/15/2026","4/15/2026","458.50","V-001702","50300","BENNETT"
"239104","32641CWS","39879","07289-26-01","07289-26-01-job","51-0820","","3/15/2026","3/15/2026","719.18","V-001702","50300","AMOS"
"245266","4265187024","40589","07235-26-01","07235-26-01-job","47-0250","","4/7/2026","4/7/2026","435.90","V-000343","50300","UNIFORM RENTAL"
"250629","5812930611","41628","07226-26-01","07226-26-01-job","47-0825","","2/28/2026","2/28/2026","61.73","V-001098","50300","MEC FUEL"
"250743","5212930616","41638","07260-26-01","07260-26-01-job","51-1015","","3/27/2026","3/27/2026","936.3","V-001250","50100","HDD LABORERS"
"250783","5212930617","41642","07291-26-01","07291-26-01-job","57-9000","","4/3/2026","4/3/2026","487.35","V-001250","50100","HDD LABORERS"
"252315","5212930618","41950","07302-26-01","07302-26-01-job","57-9000","","4/10/2026","4/10/2026","276.61","V-001250","50100","HDD LABORERS"
"252849","5212930621","42074","07271-26-01","07271-26-01-job","49-0820","","3/31/2026","3/31/2026","92.5","V-001250","50300","FUEL"
"252949","5812930620","42078","07267-26-01","07267-26-01-job","53-0820","","3/31/2026","3/31/2026","189.17","V-001098","50300","MEC FUEL"
"255401","4265903645","42795","07235-26-01","07235-26-01-job","53-0250","","4/14/2026","4/14/2026","435.89","V-000343","50300","UNIFORM RENTAL"
"258805","207","43815","07299-26-01","07299-26-01-job","47-3000","","4/20/2026","4/20/2026","1110","V-000580","50100","RIG LABOR WE 041826"
"260693","4704388","44169","07272-26-01","07272-26-01-job","58-4000","","4/30/2026","4/30/2026","1800","V-001560","53000","AIR RENTAL 44-2041/AC042"
"260735","8999620","44171","07260-26-01","07260-26-01-job","47-0255","","4/30/2026","4/30/2026","524.33","V-000656","50300","F4S SAFETY ADMIN SERVICES"
"264592","1011488","44603","07240-26-01","07240-26-01-job","51-5015","","4/24/2026","4/24/2026","8784","V-000945","50100","MISC LABOR"
"286105","4266656097","47607","07300-26-01","07300-26-01-job","47-0250","","4/21/2026","4/21/2026","468.88","V-000343","50300","UNIFORM RENTAL"
"286311","208","47669","07300-26-01","07300-26-01-job","47-3000","","4/28/2026","4/28/2026","2645","V-000580","50100","RIG LABOR WE 042526"
"286687","4704368","47733","07220-26-01","07220-26-01-job","48-0300","","1/31/2026","1/31/2026","500","V-001560","53000","EQUIPMENT RENTAL"
"286799","4704369","47745","07254-26-01","07254-26-01-job","58-4000","","1/31/2026","1/31/2026","2250","V-001560","53000","EQUIPMENT RENTAL"
"13112","4254795859","4071","07147-26-01","07147-26-01-job","47-0250","","12/30/2025","12/30/2025","442.59","V-000343","50300","UNIFORM RENTAL"
"13646","4255396998","4188","07147-26-01","07147-26-01-job","47-0250","","1/6/2026","1/6/2026","442.59","V-000343","50300","UNIFORM RENTAL"
"13958","4256154223","4268","07209-26-01","07209-26-01-job","51-0250","","1/13/2026","1/13/2026","481.79","V-000343","50300","UNIFORM RENTAL"
"13982","4256896120","4269","07254-26-01","07254-26-01-job","49-0250","","1/20/2026","1/20/2026","442.21","V-000343","50300","UNIFORM RENTAL"
"16621","M0000479301","4603","07211-26-01","07211-26-01-job","47-0820","","1/1/2026","1/1/2026","76.37","V-001103","50300","HARMON"
"35589","8999601","8183","07197-26-01","07197-26-01-job","47-0255","","1/5/2026","1/5/2026","976.95","V-000656","50300","F4S SAFETY ADMIN SERVICES"
"35657","8999602","8185","07226-26-01","07226-26-01-job","47-0255","","1/12/2026","1/12/2026","535.35","V-000656","50300","F4S SAFETY ADMIN SERVICES"
"35733","8999603","8187","07201-26-01","07201-26-01-job","47-0255","","1/19/2026","1/19/2026","1023.83","V-000656","50300","F4S SAFETY ADMIN SERVICES"
"35817","8999604","8189","07211-26-01","07211-26-01-job","47-0255","","1/26/2026","1/26/2026","535.35","V-000656","50300","F4S SAFETY ADMIN SERVICES"
"56874","427638635","13927","07233-26-01","07233-26-01-job","47-0250","","1/28/2026","1/28/2026","441.49","V-000343","50300","UNIFORM RENTAL"
"67005","8999608","16227","07198-26-01","07198-26-01-job","47-0255","","2/23/2026","2/23/2026","524.33","V-000656","50300","Safety Services"
"67063","8999605","16229","07212-26-01","07212-26-01-job","47-0255","","12/30/2025","12/30/2025","488.3","V-000656","50300","Safety Services"
"67115","8999606","16231","07222-26-01","07222-26-01-job","47-0255","","2/6/2026","2/6/2026","486.69","V-000656","50300","Safety Services"
"67169","8999607","16233","07213-26-01","07213-26-01-job","47-0255","","2/13/2026","2/13/2026","483.83","V-000656","50300","F4S SAFETY ADMIN SERVICES"
"76225","4259136045","17061","07147-26-01","07147-26-01-job","47-0250","","2/10/2026","2/10/2026","447.75","V-000343","50300","UNIFORM RENTAL"
"83780","198","18619","07272-26-01","07272-26-01-job","49-3000","","2/17/2026","2/17/2026","3517.52","V-000580","50100","RIG LABOR WE 021526"
"86694","4259900520","19335","07219-26-01","07219-26-01-job","47-0250","","2/17/2026","2/17/2026","610.85","V-000343","50300","UNIFORM RENTALS"
"102376","5412930600","20514","07201-26-01","07201-26-01-job","47-0825","","12/31/2025","12/31/2025","25.23","V-001754","50300","T.PHILLIPS FUEL"
"105240","8999610","21269","07226-26-01","07226-26-01-job","47-0255","","2/28/2026","2/28/2026","1002.91","V-000656","50300","F4S SAFETY ADMIN SERVICES"
"124944","4704376","23339","07207-26-01","07207-26-01-job","58-1000","","2/28/2026","2/28/2026","10000","V-001560","53000","DOZER 44-2110"
"125142","8999611","23397","07227-26-01","07227-26-01-job","01-0400","","3/6/2026","3/6/2026","524.33","V-000656","50300","F4S SAFETY ADMIN SERVICES"
"125190","8999612","23399","07227-26-01","07227-26-01-job","48-0255","","3/13/2026","3/13/2026","587.46","V-000656","50300","F4S SAFETY ADMIN SERVICES"
"139569","4257638635","25403","07267-26-01","07267-26-01-job","47-0250","","1/28/2026","1/28/2026","441.49","V-000343","50300","UNIFORM RENTAL"
"155572","8999614","27922","07241-26-01","07241-26-01-job","01-0400","","1/31/2026","1/31/2026","47.88","V-000656","50300","F4S FUEL TO CWS"
"155740","8999613","27968","07206-26-01","07206-26-01-job","01-0400","","3/20/2026","3/20/2026","864.52","V-000656","50300","F4S SAFETY ADMIN SERVICES"
"156920","199","28206","07272-26-01","07272-26-01-job","49-3000","","2/24/2026","2/24/2026","1590","V-000580","50100","RIG LABR WE 02/22/26"
"159756","9209","28833","07235-26-01","07235-26-01-job","51-0100","","3/16/2026","3/16/2026","90.97","V-001675","50300","LODGING B S BLACK"
"163861","4261420815","29274","07260-26-01","07260-26-01-job","48-0250","","3/3/2026","3/3/2026","446.72","V-000343","50300","UNIFORM RENTAL"
"163909","4262141961","29276","07201-26-01","07201-26-01-job","47-0250","","3/10/2026","3/10/2026","1158.64","V-000343","50300","UNIFORM RENTAL"
"164385","8999615","29382","07235-26-01","07235-26-01-job","47-0255","","3/31/2026","3/31/2026","1481.48","V-000656","50300","F4S SAFETY ADMIN SERVICES"
"167186","202","29714","07280-26-01","07280-26-01-job","47-3000","","3/16/2026","3/16/2026","1640","V-000580","50100","RIG LABOR WE 031426"
"174961","700021","31229","07240-26-01","07240-26-01-job","47-4111","","2/28/2026","2/28/2026","705","V-000375","50300","D&T"
"175971","4262895422","31529","07246-26-01","07246-26-01-job","57-0250","","3/17/2026","3/17/2026","435.81","V-000343","50300","UNIFORM RENTAL"
"177721","8999616","31805","07258-26-01","07258-26-01-job","47-0255","","4/7/2026","4/7/2026","524.33","V-000656","50300","F4S SAFETY ADMIN SERVICES"
"192852","32253CWS","33977","07226-26-01","07226-26-01-job","47-0820","","2/15/2026","2/15/2026","527.71","V-001702","50300","BENNETT"
"196604","32438CWS","34095","07214-26-01","07214-26-01-job","47-0820","","2/28/2026","2/28/2026","321.18","V-001702","50300","BENNETT"
"207496","5412930601","35464","07171-26-01","07171-26-01-job","51-0820","","1/31/2026","1/31/2026","24.64","V-001754","50300","N VINCENT FUEL"
"213026","5812930606","36170","07256-26-01","07256-26-01-job","51-0820","","1/31/2026","1/31/2026","111.35","V-001098","50300","R COX FUEL"
"215012","4263649804","36686","07260-26-01","07260-26-01-job","47-0250","","3/24/2026","3/24/2026","455.67","V-000343","50300","UNIFORM RENTAL"
"221589","1011482","37914","07233-26-01","07233-26-01-job","51-5015","","4/3/2026","4/3/2026","3376.8","V-000945","50100","MISC LABOR"
"221777","205","37966","07305-26-01","07305-26-01-job","49-3000","","4/7/2026","4/7/2026","2785","V-000580","50100","RIG LABOR WE 040726"
"222007","8999618","38018","07222-26-01","07222-26-01-job","47-0255","","4/21/2026","4/21/2026","478.58","V-000656","50300","F4S SAFETY ADMIN SERVICES"
"222057","8999617","38020","07267-26-01","07267-26-01-job","47-0255","","4/15/2026","4/15/2026","957.15","V-000656","50300","F4S SAFETY ADMIN SERVICES"
"225853","4264434764","38594","07147-26-01","07147-26-01-job","47-0250","","3/31/2026","3/31/2026","435.91","V-000343","50300","UNIFORM RENTAL"
"228309","32839CWSP2","38770","07258-26-01","07258-26-01-job","47-0820","","3/31/2026","3/31/2026","574.31","V-001702","50300","BENNETT"
"233533","33052CWSP2","39408","07307-26-01","07307-26-01-job","46-0820","","4/15/2026","4/15/2026","43.3","V-001702","50300","MONTGOMERY"
"245268","4265187024","40589","07300-26-01","07300-26-01-job","47-0250","","4/7/2026","4/7/2026","435.90","V-000343","50300","UNIFORM RENTAL"
"250567","5212930612","41626","07187-26-01","07187-26-01-job","51-0820","","2/28/2026","2/28/2026","77","V-001250","50300","HDD FUEL"
"250631","5812930611","41628","07221-26-01","07221-26-01-job","48-0825","","2/28/2026","2/28/2026","47.25","V-001098","50300","MEC FUEL"
"250745","5212930616","41638","07285-26-01","07285-26-01-job","51-1015","","3/27/2026","3/27/2026","2280.01","V-001250","50100","HDD LABORERS"
"252317","5212930618","41950","07305-26-01","07305-26-01-job","57-9000","","4/10/2026","4/10/2026","527.25","V-001250","50100","HDD LABORERS"
"252851","5212930621","42074","07214-26-01","07214-26-01-job","53-0820","","3/31/2026","3/31/2026","500","V-001250","50300","FUEL"
"252951","5812930620","42078","07235-26-01","07235-26-01-job","47-0820","","3/31/2026","3/31/2026","53.65","V-001098","50300","MEC FUEL"
"255403","4265903645","42795","07300-26-01","07300-26-01-job","47-0250","","4/14/2026","4/14/2026","435.89","V-000343","50300","UNIFORM RENTAL"
"258807","207","43815","07300-26-01","07300-26-01-job","47-3000","","4/20/2026","4/20/2026","640","V-000580","50100","RIG LABOR WE 041826"
"260695","4704388","44169","07305-26-01","07305-26-01-job","58-4000","","4/30/2026","4/30/2026","1800","V-001560","53000","AIR RENTAL 44-2041/AC042"
"260737","8999620","44171","07261-26-01","07261-26-01-job","48-0255","","4/30/2026","4/30/2026","524.33","V-000656","50300","F4S SAFETY ADMIN SERVICES"
"260785","8999621","44173","07227-26-01","07227-26-01-job","48-0255","","4/30/2026","4/30/2026","524.33","V-000656","50300","F4S SAFETY ADMIN SERVICES"
"273398","33251CWSP1","45590","07258-26-01","07258-26-01-job","47-0820","","4/30/2026","4/30/2026","659.28","V-001702","50300","BENNETT"
"286107","4266656097","47607","07267-26-01","07267-26-01-job","47-0250","","4/21/2026","4/21/2026","468.88","V-000343","50300","UNIFORM RENTAL"
"286313","208","47669","07306-26-01","07306-26-01-job","47-3000","","4/28/2026","4/28/2026","950","V-000580","50100","RIG LABOR WE 042526"
"286573","8999622","47711","07147-26-01","07147-26-01-job","47-0255","","5/12/2026","5/12/2026","957.15","V-000656","50300","F4S SAFETY ADMIN SERVICES"
"286689","4704368","47733","07171-26-01","07171-26-01-job","58-4000","","1/31/2026","1/31/2026","10000","V-001560","53000","EQUIPMENT RENTAL"
"286801","4704369","47745","07241-26-01","07241-26-01-job","48-0300","","1/31/2026","1/31/2026","500","V-001560","53000","EQUIPMENT RENTAL"
"35591","8999601","8183","07201-26-01","07201-26-01-job","47-0255","","1/5/2026","1/5/2026","1465.45","V-000656","50300","F4S SAFETY ADMIN SERVICES"
"35659","8999602","8185","07241-26-01","07241-26-01-job","48-0255","","1/12/2026","1/12/2026","535.41","V-000656","50300","F4S SAFETY ADMIN SERVICES"
"35735","8999603","8187","07212-26-01","07212-26-01-job","47-0255","","1/19/2026","1/19/2026","488.53","V-000656","50300","F4S SAFETY ADMIN SERVICES"
"35819","8999604","8189","07216-26-01","07216-26-01-job","48-0255","","1/26/2026","1/26/2026","488.48","V-000656","50300","F4S SAFETY ADMIN SERVICES"
"67007","8999608","16227","07221-26-01","07221-26-01-job","48-0255","","2/23/2026","2/23/2026","524.33","V-000656","50300","Safety Services"
"67065","8999605","16229","07226-26-01","07226-26-01-job","47-0255","","12/30/2025","12/30/2025","976.59","V-000656","50300","Safety Services"
"67117","8999606","16231","07233-26-01","07233-26-01-job","47-0255","","2/6/2026","2/6/2026","1460.05","V-000656","50300","Safety Services"
"67171","8999607","16233","07221-26-01","07221-26-01-job","48-0255","","2/13/2026","2/13/2026","524.33","V-000656","50300","F4S SAFETY ADMIN SERVICES"
"102378","5412930600","20514","07202-26-01","07202-26-01-job","47-0825","","12/31/2025","12/31/2025","67.17","V-001754","50300","T.PHILLIPS FUEL"
"105242","8999610","21269","07236-26-01","07236-26-01-job","47-0255","","2/28/2026","2/28/2026","478.58","V-000656","50300","F4S SAFETY ADMIN SERVICES"
"125144","8999611","23397","07235-26-01","07235-26-01-job","01-0400","","3/6/2026","3/6/2026","1481.48","V-000656","50300","F4S SAFETY ADMIN SERVICES"
"125192","8999612","23399","07252-26-01","07252-26-01-job","47-0255","","3/13/2026","3/13/2026","1481.49","V-000656","50300","F4S SAFETY ADMIN SERVICES"
"155742","8999613","27968","07222-26-01","07222-26-01-job","01-0400","","3/20/2026","3/20/2026","1002.91","V-000656","50300","F4S SAFETY ADMIN SERVICES"
"164387","8999615","29382","07258-26-01","07258-26-01-job","47-0255","","3/31/2026","3/31/2026","524.33","V-000656","50300","F4S SAFETY ADMIN SERVICES"
"177723","8999616","31805","07267-26-01","07267-26-01-job","47-0255","","4/7/2026","4/7/2026","1481.49","V-000656","50300","F4S SAFETY ADMIN SERVICES"
"207498","5412930601","35464","07152-26-01","07152-26-01-job","51-0820","","1/31/2026","1/31/2026","57.11","V-001754","50300","N VINCENT FUEL"
"213028","5812930606","36170","07147-26-01","07147-26-01-job","47-0825","","1/31/2026","1/31/2026","67.69","V-001098","50300","T PHILLIPS FUEL"
"221591","1011482","37914","07234-26-01","07234-26-01-job","51-5015","","4/3/2026","4/3/2026","2091.6","V-000945","50100","MISC LABOR"
"222009","8999618","38018","07235-26-01","07235-26-01-job","47-0255","","4/21/2026","4/21/2026","1002.91","V-000656","50300","F4S SAFETY ADMIN SERVICES"
"222059","8999617","38020","07268-26-01","07268-26-01-job","47-0255","","4/15/2026","4/15/2026","524.35","V-000656","50300","F4S SAFETY ADMIN SERVICES"
"233535","33052CWSP2","39408","07305-26-01","07305-26-01-job","49-0820","","4/15/2026","4/15/2026","62.2","V-001702","50300","MONTGOMERY"
"239108","32641CWS","39879","07214-26-01","07214-26-01-job","47-0820","","3/15/2026","3/15/2026","596.79","V-001702","50300","BENNETT"
"250569","5212930612","41626","07201-26-01","07201-26-01-job","53-0820","","2/28/2026","2/28/2026","404.21","V-001250","50300","HDD FUEL"
"250747","5212930616","41638","07289-26-01","07289-26-01-job","51-1015","","3/27/2026","3/27/2026","785.74","V-001250","50100","HDD LABORERS"
"252953","5812930620","42078","07147-26-01","07147-26-01-job","47-0820","","3/31/2026","3/31/2026","106.07","V-001098","50300","MEC FUEL"
"258809","207","43815","07305-26-01","07305-26-01-job","49-3000","","4/20/2026","4/20/2026","2170","V-000580","50100","RIG LABOR WE 041826"
"260697","4704388","44169","07261-26-01","07261-26-01-job","48-0300","","4/30/2026","4/30/2026","1000","V-001560","53000","TANK/20/44-2404"
"260739","8999620","44171","07262-26-01","07262-26-01-job","47-0255","","4/30/2026","4/30/2026","524.36","V-000656","50300","F4S SAFETY ADMIN SERVICES"
"260787","8999621","44173","07235-26-01","07235-26-01-job","47-0255","","4/30/2026","4/30/2026","1481.49","V-000656","50300","F4S SAFETY ADMIN SERVICES"
"286315","208","47669","07316-26-01","07316-26-01-job","47-3000","","4/28/2026","4/28/2026","2470","V-000580","50100","RIG LABOR WE 042526"
"286575","8999622","47711","07235-26-01","07235-26-01-job","47-0255","","5/12/2026","5/12/2026","478.58","V-000656","50300","F4S SAFETY ADMIN SERVICES"
"286691","4704368","47733","07216-26-01","07216-26-01-job","58-4000","","1/31/2026","1/31/2026","150","V-001560","53000","EQUIPMENT RENTAL"
"286803","4704369","47745","07171-26-01","07171-26-01-job","58-4000","","1/31/2026","1/31/2026","10000","V-001560","53000","EQUIPMENT RENTAL"
"300410","8999623","50079","07235-26-01","07235-26-01-job","48-0255","","5/20/2026","5/20/2026","1002.91","V-000656","50300","F4S SAFETY ADMIN SERVICES"
"16625","M0000479301","4603","07213-26-01","07213-26-01-job","47-0825","","1/1/2026","1/1/2026","55.92","V-001103","50300","MOATS"
"35593","8999601","8183","07211-26-01","07211-26-01-job","47-0255","","1/5/2026","1/5/2026","535.35","V-000656","50300","F4S SAFETY ADMIN SERVICES"
"35661","8999602","8185","07234-26-01","07234-26-01-job","48-0255","","1/12/2026","1/12/2026","535.35","V-000656","50300","F4S SAFETY ADMIN SERVICES"
"35737","8999603","8187","07216-26-01","07216-26-01-job","48-0255","","1/19/2026","1/19/2026","535.35","V-000656","50300","F4S SAFETY ADMIN SERVICES"
"35821","8999604","8189","07223-26-01","07223-26-01-job","47-0255","","1/26/2026","1/26/2026","535.35","V-000656","50300","F4S SAFETY ADMIN SERVICES"
"67009","8999608","16227","07222-26-01","07222-26-01-job","47-0255","","2/23/2026","2/23/2026","478.58","V-000656","50300","Safety Services"
"67067","8999605","16229","07233-26-01","07233-26-01-job","47-0255","","12/30/2025","12/30/2025","1022.45","V-000656","50300","Safety Services"
"67119","8999606","16231","07230-26-01","07230-26-01-job","47-0255","","2/6/2026","2/6/2026","533.07","V-000656","50300","Safety Services"
"67173","8999607","16233","07222-26-01","07222-26-01-job","47-0255","","2/13/2026","2/13/2026","1492","V-000656","50300","F4S SAFETY ADMIN SERVICES"
"102380","5412930600","20514","07204-26-01","07204-26-01-job","47-0825","","12/31/2025","12/31/2025","54.21","V-001754","50300","T.PHILLIPS FUEL"
"105244","8999610","21269","07240-26-01","07240-26-01-job","47-0255","","2/28/2026","2/28/2026","524.35","V-000656","50300","F4S SAFETY ADMIN SERVICES"
"118032","320302","22392","07221-26-01","07221-26-01-job","53-0820","","1/31/2026","1/31/2026","709.24","V-001702","50300","BRAND"
"125146","8999611","23397","07267-26-01","07267-26-01-job","01-0400","","3/6/2026","3/6/2026","1002.91","V-000656","50300","F4S SAFETY ADMIN SERVICES"
"125194","8999612","23399","07261-26-01","07261-26-01-job","48-0255","","3/13/2026","3/13/2026","584.41","V-000656","50300","F4S SAFETY ADMIN SERVICES"
"155744","8999613","27968","07235-26-01","07235-26-01-job","01-0400","","3/20/2026","3/20/2026","722.85","V-000656","50300","F4S SAFETY ADMIN SERVICES"
"164389","8999615","29382","07266-26-01","07266-26-01-job","47-0255","","3/31/2026","3/31/2026","524.35","V-000656","50300","F4S SAFETY ADMIN SERVICES"
"177725","8999616","31805","07288-26-01","07288-26-01-job","49-0255","","4/7/2026","4/7/2026","524.36","V-000656","50300","F4S SAFETY ADMIN SERVICES"
"194208","32253SDIP","34016","07152-26-01","07152-26-01-job","51-0820","","2/15/2026","2/15/2026","305.53","V-001702","50300","CANFIELD"
"213030","5812930606","36170","07216-26-01","07216-26-01-job","48-0825","","1/31/2026","1/31/2026","71.64","V-001098","50300","T PHILLIPS FUEL"
"221593","1011482","37914","07235-26-01","07235-26-01-job","51-4015","","4/3/2026","4/3/2026","3489.3","V-000945","50100","MISC LABOR"
"222011","8999618","38018","07267-26-01","07267-26-01-job","47-0255","","4/21/2026","4/21/2026","524.33","V-000656","50300","F4S SAFETY ADMIN SERVICES"
"233537","33052CWSP2","39408","07209-26-01","07209-26-01-job","46-0820","","4/15/2026","4/15/2026","76","V-001702","50300","MONTGOMERY"
"250635","5812930611","41628","07235-26-01","07235-26-01-job","47-0825","","2/28/2026","2/28/2026","63.8","V-001098","50300","MEC FUEL"
"252955","5812930620","42078","07201-26-01","07201-26-01-job","47-0820","","3/31/2026","3/31/2026","31.39","V-001098","50300","MEC FUEL"
"260699","4704388","44169","07287-26-01","07287-26-01-job","58-1000","","4/30/2026","4/30/2026","10000","V-001560","53000","44-2110 DT6"
"260741","8999620","44171","07267-26-01","07267-26-01-job","47-0255","","4/30/2026","4/30/2026","957.15","V-000656","50300","F4S SAFETY ADMIN SERVICES"
"260789","8999621","44173","07239-26-01","07239-26-01-job","59-0002","","4/30/2026","4/30/2026","524.33","V-000656","50300","F4S SAFETY ADMIN SERVICES"
"271796","33251CWSP2","45582","07262-26-01","07262-26-01-job","47-0825","","4/30/2026","4/30/2026","230.33","V-001702","50300","MOATS"
"286577","8999622","47711","07339-26-01","07339-26-01-job","47-0255","","5/12/2026","5/12/2026","524.33","V-000656","50300","F4S SAFETY ADMIN SERVICES"
"286805","4704369","47745","07216-26-01","07216-26-01-job","58-4000","","1/31/2026","1/31/2026","150","V-001560","53000","EQUIPMENT RENTAL"
"300412","8999623","50079","07267-26-01","07267-26-01-job","47-0255","","5/20/2026","5/20/2026","478.58","V-000656","50300","F4S SAFETY ADMIN SERVICES"
"16627","M0000479301","4603","07234-26-01","07234-26-01-job","48-0820","","1/1/2026","1/1/2026","72.69","V-001103","50300","PIERCE"
"35595","8999601","8183","07213-26-01","07213-26-01-job","47-0255","","1/5/2026","1/5/2026","535.35","V-000656","50300","F4S SAFETY ADMIN SERVICES"
"35739","8999603","8187","07223-26-01","07223-26-01-job","47-0255","","1/19/2026","1/19/2026","535.38","V-000656","50300","F4S SAFETY ADMIN SERVICES"
"35823","8999604","8189","07226-26-01","07226-26-01-job","47-0255","","1/26/2026","1/26/2026","488.48","V-000656","50300","F4S SAFETY ADMIN SERVICES"
"67011","8999608","16227","07226-26-01","07226-26-01-job","47-0255","","2/23/2026","2/23/2026","478.58","V-000656","50300","Safety Services"
"67069","8999605","16229","07236-26-01","07236-26-01-job","47-0255","","12/30/2025","12/30/2025","534.15","V-000656","50300","Safety Services"
"67121","8999606","16231","07250-26-01","07250-26-01-job","49-0255","","2/6/2026","2/6/2026","533.07","V-000656","50300","Safety Services"
"67175","8999607","16233","07233-26-01","07233-26-01-job","47-0255","","2/13/2026","2/13/2026","524.33","V-000656","50300","F4S SAFETY ADMIN SERVICES"
"102382","5412930600","20514","07212-26-01","07212-26-01-job","47-0825","","12/31/2025","12/31/2025","89.2","V-001754","50300","T.PHILLIPS FUEL"
"118034","320302","22392","07223-26-01","07223-26-01-job","53-0820","","1/31/2026","1/31/2026","947.55","V-001702","50300","BRAND"
"125196","8999612","23399","07267-26-01","07267-26-01-job","48-0255","","3/13/2026","3/13/2026","1073.53","V-000656","50300","F4S SAFETY ADMIN SERVICES"
"155746","8999613","27968","07240-26-01","07240-26-01-job","01-0400","","3/20/2026","3/20/2026","524.33","V-000656","50300","F4S SAFETY ADMIN SERVICES"
"164391","8999615","29382","07280-26-01","07280-26-01-job","47-0255","","3/31/2026","3/31/2026","524.33","V-000656","50300","F4S SAFETY ADMIN SERVICES"
"177727","8999616","31805","07290-26-01","07290-26-01-job","48-0255","","4/7/2026","4/7/2026","524.33","V-000656","50300","F4S SAFETY ADMIN SERVICES"
"213032","5812930606","36170","07222-26-01","07222-26-01-job","47-0825","","1/31/2026","1/31/2026","70.42","V-001098","50300","T PHILLIPS FUEL"
"221595","1011482","37914","07266-26-01","07266-26-01-job","51-4015","","4/3/2026","4/3/2026","1001.7","V-000945","50100","MISC LABOR"
"222013","8999618","38018","07299-26-01","07299-26-01-job","47-0255","","4/21/2026","4/21/2026","1481.49","V-000656","50300","F4S SAFETY ADMIN SERVICES"
"233539","33052CWSP2","39408","07321-26-01","07321-26-01-job","46-0820","","4/15/2026","4/15/2026","76","V-001702","50300","MONTGOMERY"
"235667","33052CWSP1","39420","07260-26-01","07260-26-01-job","53-0820","","4/15/2026","4/15/2026","1295.97","V-001702","50300","BRAND"
"250573","5212930612","41626","07235-26-01","07235-26-01-job","53-0820","","2/28/2026","2/28/2026","581.91","V-001250","50300","HDD FUEL"
"250637","5812930611","41628","07236-26-01","07236-26-01-job","48-0825","","2/28/2026","2/28/2026","72.82","V-001098","50300","MEC FUEL"
"252857","5212930621","42074","07187-26-01","07187-26-01-job","53-0820","","3/31/2026","3/31/2026","148.66","V-001250","50300","FUEL"
"252957","5812930620","42078","07267-26-01","07267-26-01-job","47-0820","","3/31/2026","3/31/2026","150.98","V-001098","50300","MEC FUEL"
"260701","4704388","44169","07286-26-01","07286-26-01-job","58-1000","","4/30/2026","4/30/2026","10000","V-001560","53000","44-2110 DT6"
"260743","8999620","44171","07289-26-01","07289-26-01-job","47-0255","","4/30/2026","4/30/2026","524.33","V-000656","50300","F4S SAFETY ADMIN SERVICES"
"260791","8999621","44173","07267-26-01","07267-26-01-job","47-0255","","4/30/2026","4/30/2026","478.58","V-000656","50300","F4S SAFETY ADMIN SERVICES"
"271798","33251CWSP2","45582","07293-26-01","07293-26-01-job","47-0825","","4/30/2026","4/30/2026","107.44","V-001702","50300","MOATS"
"286579","8999622","47711","07267-26-01","07267-26-01-job","47-0255","","5/12/2026","5/12/2026","478.58","V-000656","50300","F4S SAFETY ADMIN SERVICES"
"300414","8999623","50079","07293-26-01","07293-26-01-job","48-0255","","5/20/2026","5/20/2026","478.57","V-000656","50300","F4S SAFETY ADMIN SERVICES"
"35597","8999601","8183","07223-26-01","07223-26-01-job","47-0255","","1/5/2026","1/5/2026","1070.76","V-000656","50300","F4S SAFETY ADMIN SERVICES"
"35741","8999603","8187","07226-26-01","07226-26-01-job","47-0255","","1/19/2026","1/19/2026","488.48","V-000656","50300","F4S SAFETY ADMIN SERVICES"
"35825","8999604","8189","07233-26-01","07233-26-01-job","47-0255","","1/26/2026","1/26/2026","488.47","V-000656","50300","F4S SAFETY ADMIN SERVICES"
"67013","8999608","16227","07254-26-01","07254-26-01-job","49-0255","","2/23/2026","2/23/2026","524.33","V-000656","50300","Safety Services"
"67071","8999605","16229","07241-26-01","07241-26-01-job","48-0255","","12/30/2025","12/30/2025","534.2","V-000656","50300","Safety Services"
"67177","8999607","16233","07234-26-01","07234-26-01-job","48-0255","","2/13/2026","2/13/2026","1008.17","V-000656","50300","F4S SAFETY ADMIN SERVICES"
"102384","5412930600","20514","07222-26-01","07222-26-01-job","47-0825","","12/31/2025","12/31/2025","33.43","V-001754","50300","T.PHILLIPS FUEL"
"102438","5812930601","20518","07171-26-01","07171-26-01-job","58-4000","","12/31/2025","12/31/2025","500","V-001098","53000","KAWASAKI PRO DXT"
"112992","318403","22194","07226-26-01","07226-26-01-job","47-0820","","1/15/2026","1/15/2026","158.23","V-001702","50300","BENNETT"
"155748","8999613","27968","07267-26-01","07267-26-01-job","01-0400","","3/20/2026","3/20/2026","1201.42","V-000656","50300","F4S SAFETY ADMIN SERVICES"
"196612","32438CWS","34095","07282-26-01","07282-26-01-job","53-0820","","2/28/2026","2/28/2026","1765.04","V-001702","50300","BRAND"
"213034","5812930606","36170","07228-26-01","07228-26-01-job","51-0820","","1/31/2026","1/31/2026","259.9","V-001098","50300","R COX FUEL"
"221597","1011482","37914","07240-26-01","07240-26-01-job","51-5015","","4/3/2026","4/3/2026","1404","V-000945","50100","MISC LABOR"
"222015","8999618","38018","07308-26-01","07308-26-01-job","46-0255","","4/21/2026","4/21/2026","524.33","V-000656","50300","F4S SAFETY ADMIN SERVICES"
"233541","33052CWSP2","39408","07290-26-01","07290-26-01-job","48-0820","","4/15/2026","4/15/2026","48.5","V-001702","50300","MONTGOMERY"
"235669","33052CWSP1","39420","07289-26-01","07289-26-01-job","53-0820","","4/15/2026","4/15/2026","1937.19","V-001702","50300","BRAND"
"250575","5212930612","41626","07280-26-01","07280-26-01-job","51-0820","","2/28/2026","2/28/2026","191.74","V-001250","50300","HDD FUEL"
"252859","5212930621","42074","07227-26-01","07227-26-01-job","57-0820","","3/31/2026","3/31/2026","595.99","V-001250","50300","FUEL"
"252959","5812930620","42078","07304-26-01","07304-26-01-job","51-0820","","3/31/2026","3/31/2026","391.5","V-001098","50300","MEC FUEL"
"260745","8999620","44171","07299-26-01","07299-26-01-job","47-0255","","4/30/2026","4/30/2026","478.57","V-000656","50300","F4S SAFETY ADMIN SERVICES"
"260793","8999621","44173","07289-26-01","07289-26-01-job","47-0255","","4/30/2026","4/30/2026","957.16","V-000656","50300","F4S SAFETY ADMIN SERVICES"
"271800","33251CWSP2","45582","07300-26-01","07300-26-01-job","47-0825","","4/30/2026","4/30/2026","117.4","V-001702","50300","MOATS"
"286581","8999622","47711","07286-26-01","07286-26-01-job","47-0255","","5/12/2026","5/12/2026","524.33","V-000656","50300","F4S SAFETY ADMIN SERVICES"
"300416","8999623","50079","07300-26-01","07300-26-01-job","47-0255","","5/20/2026","5/20/2026","957.15","V-000656","50300","F4S SAFETY ADMIN SERVICES"
"16631","M0000479301","4603","07219-26-01","07219-26-01-job","47-0820","","1/1/2026","1/1/2026","65.99","V-001103","50300","THRASHER"
"35743","8999603","8187","07234-26-01","07234-26-01-job","48-0255","","1/19/2026","1/19/2026","535.35","V-000656","50300","F4S SAFETY ADMIN SERVICES"
"35827","8999604","8189","07234-26-01","07234-26-01-job","48-0255","","1/26/2026","1/26/2026","535.35","V-000656","50300","F4S SAFETY ADMIN SERVICES"
"67015","8999608","16227","07236-26-01","07236-26-01-job","47-0255","","2/23/2026","2/23/2026","957.15","V-000656","50300","Safety Services"
"67179","8999607","16233","07257-26-01","07257-26-01-job","48-0255","","2/13/2026","2/13/2026","524.35","V-000656","50300","F4S SAFETY ADMIN SERVICES"
"102440","5812930601","20518","07222-26-01","07222-26-01-job","58-1000","","12/31/2025","12/31/2025","3000","V-001098","53000","MEC CHARGES BILLED TO CWS"
"118038","320302","22392","07233-26-01","07233-26-01-job","53-0820","","1/31/2026","1/31/2026","257.57","V-001702","50300","BRINEGAR"
"196614","32438CWS","34095","07212-26-01","07212-26-01-job","53-0820","","2/28/2026","2/28/2026","420.06","V-001702","50300","BRAND"
"233543","33052CWSP2","39408","07299-26-01","07299-26-01-job","47-0820","","4/15/2026","4/15/2026","1419.35","V-001702","50300","MOORE"
"252861","5212930621","42074","07264-26-01","07264-26-01-job","53-0820","","3/31/2026","3/31/2026","169.6","V-001250","50300","FUEL"
"260795","8999621","44173","07291-26-01","07291-26-01-job","49-0255","","4/30/2026","4/30/2026","524.33","V-000656","50300","F4S SAFETY ADMIN SERVICES"
"271802","33251CWSP2","45582","07147-26-01","07147-26-01-job","47-0825","","4/30/2026","4/30/2026","89.18","V-001702","50300","MOATS"
"286583","8999622","47711","07293-26-01","07293-26-01-job","48-0255","","5/12/2026","5/12/2026","524.33","V-000656","50300","F4S SAFETY ADMIN SERVICES"
"300418","8999623","50079","07306-26-01","07306-26-01-job","47-0255","","5/20/2026","5/20/2026","524.33","V-000656","50300","F4S SAFETY ADMIN SERVICES"
"16633","M0000479301","4603","07223-26-01","07223-26-01-job","47-0820","","1/1/2026","1/1/2026","57.83","V-001103","50300","WILSON"
"67017","8999608","16227","07255-26-01","07255-26-01-job","49-0255","","2/23/2026","2/23/2026","524.35","V-000656","50300","Safety Services"
"112996","318403","22194","07171-26-01","07171-26-01-job","53-0820","","1/15/2026","1/15/2026","198.96","V-001702","50300","BRAND"
"118040","320302","22392","07258-26-01","07258-26-01-job","53-0820","","1/31/2026","1/31/2026","161.22","V-001702","50300","BRINEGAR"
"194216","32253SDIP","34016","07241-26-01","07241-26-01-job","53-0820","","2/15/2026","2/15/2026","187.62","V-001702","50300","SMITH"
"196616","32438CWS","34095","07214-26-01","07214-26-01-job","53-0820","","2/28/2026","2/28/2026","674.82","V-001702","50300","BRAND"
"228321","32839CWSP2","38770","07239-26-01","07239-26-01-job","53-0820","","3/31/2026","3/31/2026","1325.13","V-001702","50300","BRAND"
"235673","33052CWSP1","39420","07311-26-01","07311-26-01-job","53-0820","","4/15/2026","4/15/2026","561.35","V-001702","50300","BRAND"
"252863","5212930621","42074","07274-26-01","07274-26-01-job","57-0820","","3/31/2026","3/31/2026","500.02","V-001250","50300","FUEL"
"260797","8999621","44173","07293-26-01","07293-26-01-job","48-0255","","4/30/2026","4/30/2026","524.35","V-000656","50300","F4S SAFETY ADMIN SERVICES"
"271804","33251CWSP2","45582","07268-26-01","07268-26-01-job","51-0820","","4/30/2026","4/30/2026","349.91","V-001702","50300","MOATS"
"273410","33251CWSP1","45590","07313-26-01","07313-26-01-job","53-0820","","4/30/2026","4/30/2026","37.49","V-001702","50300","BRAND"
"286585","8999622","47711","07296-26-01","07296-26-01-job","48-0255","","5/12/2026","5/12/2026","524.36","V-000656","50300","F4S SAFETY ADMIN SERVICES"
"300420","8999623","50079","07312-26-01","07312-26-01-job","49-0255","","5/20/2026","5/20/2026","524.34","V-000656","50300","F4S SAFETY ADMIN SERVICES"
"67019","8999608","16227","07271-26-01","07271-26-01-job","49-0255","","2/23/2026","2/23/2026","524.33","V-000656","50300","Safety Services"
"112998","318403","22194","07256-26-01","07256-26-01-job","53-0820","","1/15/2026","1/15/2026","1418.30","V-001702","50300","BRAND"
"118042","320302","22392","07252-26-01","07252-26-01-job","53-0820","","1/31/2026","1/31/2026","286","V-001702","50300","BRINEGAR"
"192866","32253CWS","33977","07239-26-01","07239-26-01-job","53-0820","","2/15/2026","2/15/2026","726.71","V-001702","50300","BRAND"
"228323","32839CWSP2","38770","07212-26-01","07212-26-01-job","53-0820","","3/31/2026","3/31/2026","761.70","V-001702","50300","BRAND"
"229291","32839CWSP1","38772","07252-26-01","07252-26-01-job","47-0820","","3/31/2026","3/31/2026","725","V-001702","50300","MOORE"
"235675","33052CWSP1","39420","07152-26-01","07152-26-01-job","53-0820","","4/15/2026","4/15/2026","783.62","V-001702","50300","BRAND"
"252865","5212930621","42074","07285-26-01","07285-26-01-job","51-0820","","3/31/2026","3/31/2026","216.52","V-001250","50300","FUEL"
"273412","33251CWSP1","45590","07331-26-01","07331-26-01-job","53-0820","","4/30/2026","4/30/2026","500.81","V-001702","50300","BRAND"
"286587","8999622","47711","07300-26-01","07300-26-01-job","47-0255","","5/12/2026","5/12/2026","1002.91","V-000656","50300","F4S SAFETY ADMIN SERVICES"
"300422","8999623","50079","07316-26-01","07316-26-01-job","47-0255","","5/20/2026","5/20/2026","524.33","V-000656","50300","F4S SAFETY ADMIN SERVICES"
"118044","320302","22392","07232-26-01","07232-26-01-job","53-0820","","1/31/2026","1/31/2026","245.41","V-001702","50300","BRINEGAR"
"192868","32253CWS","33977","07261-26-01","07261-26-01-job","53-0820","","2/15/2026","2/15/2026","1543.71","V-001702","50300","BRAND"
"228325","32839CWSP2","38770","07268-26-01","07268-26-01-job","53-0820","","3/31/2026","3/31/2026","1023.58","V-001702","50300","BRAND"
"239122","32641CWS","39879","07255-26-01","07255-26-01-job","53-0820","","3/15/2026","3/15/2026","604.37","V-001702","50300","BRAND"
"252867","5212930621","42074","07291-26-01","07291-26-01-job","57-0820","","3/31/2026","3/31/2026","107.62","V-001250","50300","FUEL"
"273414","33251CWSP1","45590","07262-26-01","07262-26-01-job","53-0820","","4/30/2026","4/30/2026","740.72","V-001702","50300","BRAND"
"35835","8999604","8189","07212-26-01","07212-26-01-job","47-0255","","1/26/2026","1/26/2026","1023.83","V-000656","50300","F4S SAFETY ADMIN SERVICES"
"113002","318403","22194","07250-26-01","07250-26-01-job","53-0820","","1/15/2026","1/15/2026","414.95","V-001702","50300","BRINEGAR"
"118046","320302","22392","07199-26-01","07199-26-01-job","53-0820","","1/31/2026","1/31/2026","74.18","V-001702","50300","BRINEGAR"
"192870","32253CWS","33977","07241-26-01","07241-26-01-job","53-0820","","2/15/2026","2/15/2026","132","V-001702","50300","BRAND"
"196622","32438CWS","34095","07232-26-01","07232-26-01-job","53-0820","","2/28/2026","2/28/2026","187.4","V-001702","50300","BRINEGAR"
"239124","32641CWS","39879","07266-26-01","07266-26-01-job","53-0820","","3/15/2026","3/15/2026","1176.24","V-001702","50300","BRAND"
"250649","5812930611","41628","07258-26-01","07258-26-01-job","58-4000","","2/28/2026","2/28/2026","3000","V-001098","53000","VOLVO ROLLER"
"271810","33251CWSP2","45582","07260-26-01","07260-26-01-job","47-0820","","4/30/2026","4/30/2026","710.03","V-001702","50300","MOATS II"
"273416","33251CWSP1","45590","07180-26-01","07180-26-01-job","53-0820","","4/30/2026","4/30/2026","675.06","V-001702","50300","BRAND"
"192872","32253CWS","33977","07226-26-01","07226-26-01-job","53-0820","","2/15/2026","2/15/2026","419.69","V-001702","50300","BRAND"
"196624","32438CWS","34095","07171-26-01","07171-26-01-job","53-0820","","2/28/2026","2/28/2026","370.50","V-001702","50300","BRINEGAR"
"228329","32839CWSP2","38770","07305-26-01","07305-26-01-job","53-0820","","3/31/2026","3/31/2026","368.44","V-001702","50300","BRAND"
"239126","32641CWS","39879","07235-26-01","07235-26-01-job","53-0820","","3/15/2026","3/15/2026","900","V-001702","50300","BRAND"
"273418","33251CWSP1","45590","07316-26-01","07316-26-01-job","53-0820","","4/30/2026","4/30/2026","953.71","V-001702","50300","BRAND"
"118050","320302","22392","07196-26-01","07196-26-01-job","53-0820","","1/31/2026","1/31/2026","181.92","V-001702","50300","BRINEGAR"
"192874","32253CWS","33977","07213-26-01","07213-26-01-job","53-0820","","2/15/2026","2/15/2026","267.04","V-001702","50300","BRINEGAR"
"228331","32839CWSP2","38770","07235-26-01","07235-26-01-job","53-0820","","3/31/2026","3/31/2026","3.74","V-001702","50300","BRAND"
"235683","33052CWSP1","39420","07293-26-01","07293-26-01-job","53-0820","","4/15/2026","4/15/2026","203.05","V-001702","50300","BRINEGAR"
"239128","32641CWS","39879","07240-26-01","07240-26-01-job","53-0820","","3/15/2026","3/15/2026","104.76","V-001702","50300","BRAND"
"252973","5812930620","42078","07206-26-01","07206-26-01-job","51-0300","","3/31/2026","3/31/2026","500","V-001098","53000","KAWASAKI DXT"
"273420","33251CWSP1","45590","07297-26-01","07297-26-01-job","53-0820","","4/30/2026","4/30/2026","687.94","V-001702","50300","BRINEGAR"
"118052","320302","22392","07152-26-01","07152-26-01-job","53-0820","","1/31/2026","1/31/2026","133.18","V-001702","50300","BRINEGAR"
"192876","32253CWS","33977","07155-26-01","07155-26-01-job","53-0820","","2/15/2026","2/15/2026","168.98","V-001702","50300","BRINEGAR"
"228333","32839CWSP2","38770","07240-26-01","07240-26-01-job","53-0820","","3/31/2026","3/31/2026","761.91","V-001702","50300","BRINEGAR"
"239130","32641CWS","39879","07213-26-01","07213-26-01-job","53-0820","","3/15/2026","3/15/2026","626.59","V-001702","50300","BRAND"
"113010","318403","22194","07216-26-01","07216-26-01-job","48-0820","","1/15/2026","1/15/2026","977.58","V-001702","50300","CALDWELL"
"118054","320302","22392","07114-26-01","07114-26-01-job","46-0820","","1/31/2026","1/31/2026","172","V-001702","50300","CALDWELL"
"196630","32438CWS","34095","07227-26-01","07227-26-01-job","53-0820","","2/28/2026","2/28/2026","194.95","V-001702","50300","BRINEGAR"
"228335","32839CWSP2","38770","07230-26-01","07230-26-01-job","53-0820","","3/31/2026","3/31/2026","244.97","V-001702","50300","BRINEGAR"
"229303","32839CWSP1","38772","07260-26-01","07260-26-01-job","51-0820","","3/31/2026","3/31/2026","271.32","V-001702","50300","MOORE"
"233559","33052CWSP2","39408","07240-26-01","07240-26-01-job","51-0820","","4/15/2026","4/15/2026","103.3","V-001702","50300","MOORE"
"235687","33052CWSP1","39420","07207-26-01","07207-26-01-job","53-0820","","4/15/2026","4/15/2026","315.36","V-001702","50300","BRINEGAR"
"273424","33251CWSP1","45590","07327-26-01","07327-26-01-job","53-0820","","4/30/2026","4/30/2026","85.04","V-001702","50300","BRINEGAR"
"192880","32253CWS","33977","07258-26-01","07258-26-01-job","53-0820","","2/15/2026","2/15/2026","176.11","V-001702","50300","BRINEGAR"
"196632","32438CWS","34095","07280-26-01","07280-26-01-job","53-0820","","2/28/2026","2/28/2026","1041.80","V-001702","50300","BRINEGAR"
"228337","32839CWSP2","38770","07295-26-01","07295-26-01-job","53-0820","","3/31/2026","3/31/2026","345.83","V-001702","50300","BRINEGAR"
"229305","32839CWSP1","38772","07213-26-01","07213-26-01-job","51-0820","","3/31/2026","3/31/2026","177.04","V-001702","50300","MOORE"
"233561","33052CWSP2","39408","07266-26-01","07266-26-01-job","51-0820","","4/15/2026","4/15/2026","311.04","V-001702","50300","MOORE"
"235689","33052CWSP1","39420","07230-26-01","07230-26-01-job","53-0820","","4/15/2026","4/15/2026","21.62","V-001702","50300","BRINEGAR"
"239134","32641CWS","39879","07286-26-01","07286-26-01-job","53-0820","","3/15/2026","3/15/2026","185.37","V-001702","50300","BRINEGAR"
"273426","33251CWSP1","45590","07221-26-01","07221-26-01-job","53-0820","","4/30/2026","4/30/2026","47","V-001702","50300","BRINEGAR"
"118058","320302","22392","07216-26-01","07216-26-01-job","48-0820","","1/31/2026","1/31/2026","122.76","V-001702","50300","CALDWELL"
"192882","32253CWS","33977","07240-26-01","07240-26-01-job","53-0820","","2/15/2026","2/15/2026","221.97","V-001702","50300","BRINEGAR"
"228339","32839CWSP2","38770","07213-26-01","07213-26-01-job","53-0820","","3/31/2026","3/31/2026","180.21","V-001702","50300","BRINEGAR"
"235691","33052CWSP1","39420","07317-26-01","07317-26-01-job","53-0820","","4/15/2026","4/15/2026","827.69","V-001702","50300","BRINEGAR"
"271822","33251CWSP2","45582","07258-26-01","07258-26-01-job","47-0820","","4/30/2026","4/30/2026","57.2","V-001702","50300","MONTGOMERY"
"273428","33251CWSP1","45590","07306-26-01","07306-26-01-job","53-0820","","4/30/2026","4/30/2026","885.21","V-001702","50300","BRINEGAR"
"113016","318403","22194","07114-26-01","07114-26-01-job","46-0820","","1/15/2026","1/15/2026","41.61","V-001702","50300","CALDWELL"
"118060","320302","22392","07147-26-01","07147-26-01-job","47-0820","","1/31/2026","1/31/2026","542.89","V-001702","50300","CAMPBELL"
"192884","32253CWS","33977","07267-26-01","07267-26-01-job","53-0820","","2/15/2026","2/15/2026","439.80","V-001702","50300","BRINEGAR"
"229309","32839CWSP1","38772","07290-26-01","07290-26-01-job","51-0820","","3/31/2026","3/31/2026","91.79","V-001702","50300","MOORE"
"233565","33052CWSP2","39408","07310-26-01","07310-26-01-job","51-0820","","4/15/2026","4/15/2026","836.72","V-001702","50300","MOORE"
"235693","33052CWSP1","39420","07244-26-01","07244-26-01-job","53-0820","","4/15/2026","4/15/2026","197.19","V-001702","50300","BRINEGAR"
"239138","32641CWS","39879","07280-26-01","07280-26-01-job","53-0820","","3/15/2026","3/15/2026","701.62","V-001702","50300","BRINEGAR"
"271824","33251CWSP2","45582","07290-26-01","07290-26-01-job","48-0820","","4/30/2026","4/30/2026","982.76","V-001702","50300","MONTGOMERY"
"273430","33251CWSP1","45590","07273-26-01","07273-26-01-job","53-0820","","4/30/2026","4/30/2026","268.81","V-001702","50300","BRINEGAR"
"113018","318403","22194","07147-26-01","07147-26-01-job","47-0820","","1/15/2026","1/15/2026","274.55","V-001702","50300","CAMPBELL"
"192886","32253CWS","33977","07203-26-01","07203-26-01-job","53-0820","","2/15/2026","2/15/2026","188.75","V-001702","50300","BRINEGAR"
"196638","32438CWS","34095","07264-26-01","07264-26-01-job","53-0820","","2/28/2026","2/28/2026","198.33","V-001702","50300","BRINEGAR"
"228343","32839CWSP2","38770","07221-26-01","07221-26-01-job","53-0820","","3/31/2026","3/31/2026","30.38","V-001702","50300","BRINEGAR"
"229311","32839CWSP1","38772","07240-26-01","07240-26-01-job","51-0820","","3/31/2026","3/31/2026","101","V-001702","50300","MOORE"
"233567","33052CWSP2","39408","07268-26-01","07268-26-01-job","47-0820","","4/15/2026","4/15/2026","585.12","V-001702","50300","MOORE"
"235695","33052CWSP1","39420","07240-26-01","07240-26-01-job","53-0820","","4/15/2026","4/15/2026","322.29","V-001702","50300","BRINEGAR"
"239140","32641CWS","39879","07269-26-01","07269-26-01-job","53-0820","","3/15/2026","3/15/2026","150.89","V-001702","50300","BRINEGAR"
"271826","33251CWSP2","45582","07114-26-01","07114-26-01-job","46-0820","","4/30/2026","4/30/2026","80.02","V-001702","50300","MONTGOMERY"
"273432","33251CWSP1","45590","07147-26-01","07147-26-01-job","53-0820","","4/30/2026","4/30/2026","559.60","V-001702","50300","BRINEGAR"
"192888","32253CWS","33977","07249-26-01","07249-26-01-job","53-0820","","2/15/2026","2/15/2026","28.4","V-001702","50300","BRINEGAR"
"196640","32438CWS","34095","07226-26-01","07226-26-01-job","53-0820","","2/28/2026","2/28/2026","446.82","V-001702","50300","BRINEGAR"
"228345","32839CWSP2","38770","07293-26-01","07293-26-01-job","53-0820","","3/31/2026","3/31/2026","330.46","V-001702","50300","BRINEGAR"
"229313","32839CWSP1","38772","07212-26-01","07212-26-01-job","51-0820","","3/31/2026","3/31/2026","100.8","V-001702","50300","MOORE"
"235697","33052CWSP1","39420","07273-26-01","07273-26-01-job","49-0820","","4/15/2026","4/15/2026","395.06","V-001702","50300","CALDWELL"
"239142","32641CWS","39879","07239-26-01","07239-26-01-job","53-0820","","3/15/2026","3/15/2026","527.74","V-001702","50300","BRINEGAR"
"271828","33251CWSP2","45582","07296-26-01","07296-26-01-job","48-0820","","4/30/2026","4/30/2026","781.94","V-001702","50300","MONTGOMERY"
"192890","32253CWS","33977","07195-26-01","07195-26-01-job","53-0820","","2/15/2026","2/15/2026","233.99","V-001702","50300","BRINEGAR"
"229315","32839CWSP1","38772","07268-26-01","07268-26-01-job","51-0820","","3/31/2026","3/31/2026","117.72","V-001702","50300","MOORE"
"235699","33052CWSP1","39420","07227-26-01","07227-26-01-job","48-0820","","4/15/2026","4/15/2026","323","V-001702","50300","CALDWELL"
"271830","33251CWSP2","45582","07147-26-01","07147-26-01-job","47-0820","","4/30/2026","4/30/2026","1026.29","V-001702","50300","MOORE"
"192892","32253CWS","33977","07211-26-01","07211-26-01-job","53-0820","","2/15/2026","2/15/2026","161.96","V-001702","50300","BRINEGAR"
"196644","32438CWS","34095","07257-26-01","07257-26-01-job","48-0820","","2/28/2026","2/28/2026","161.05","V-001702","50300","CALDWELL"
"228349","32839CWSP2","38770","07289-26-01","07289-26-01-job","53-0820","","3/31/2026","3/31/2026","452.87","V-001702","50300","BRINEGAR"
"192894","32253CWS","33977","07247-26-01","07247-26-01-job","47-0820","","2/15/2026","2/15/2026","665.58","V-001702","50300","CAMPBELL"
"196646","32438CWS","34095","07234-26-01","07234-26-01-job","48-0820","","2/28/2026","2/28/2026","227.42","V-001702","50300","CALDWELL"
"229319","32839CWSP1","38772","07235-26-01","07235-26-01-job","51-0820","","3/31/2026","3/31/2026","194.78","V-001702","50300","MOORE"
"235703","33052CWSP1","39420","07114-26-01","07114-26-01-job","46-0820","","4/15/2026","4/15/2026","161","V-001702","50300","CALDWELL"
"239148","32641CWS","39879","07114-26-01","07114-26-01-job","46-0820","","3/15/2026","3/15/2026","441.48","V-001702","50300","CALDWELL"
"273440","33251CWSP1","45590","07293-26-01","07293-26-01-job","48-0820","","4/30/2026","4/30/2026","805.07","V-001702","50300","CALDWELL"
"113028","318403","22194","07219-26-01","07219-26-01-job","51-0820","","1/15/2026","1/15/2026","520.61","V-001702","50300","CAMPBELL"
"196648","32438CWS","34095","07236-26-01","07236-26-01-job","47-0820","","2/28/2026","2/28/2026","446.64","V-001702","50300","CALDWELL"
"229321","32839CWSP1","38772","07274-26-01","07274-26-01-job","54-0820","","3/31/2026","3/31/2026","97","V-001702","50300","MULLINS"
"233577","33052CWSP2","39408","07261-26-01","07261-26-01-job","54-0820","","4/15/2026","4/15/2026","119","V-001702","50300","MULLINS"
"196650","32438CWS","34095","07255-26-01","07255-26-01-job","49-0820","","2/28/2026","2/28/2026","628.32","V-001702","50300","CALDWELL"
"228355","32839CWSP2","38770","07296-26-01","07296-26-01-job","53-0820","","3/31/2026","3/31/2026","621.38","V-001702","50300","BRINEGAR"
"233579","33052CWSP2","39408","07219-26-01","07219-26-01-job","54-0820","","4/15/2026","4/15/2026","119.01","V-001702","50300","MULLINS"
"235707","33052CWSP1","39420","07290-26-01","07290-26-01-job","48-0820","","4/15/2026","4/15/2026","99","V-001702","50300","CALDWELL"
"273444","33251CWSP1","45590","07331-26-01","07331-26-01-job","48-0820","","4/30/2026","4/30/2026","174.93","V-001702","50300","CALDWELL"
"196652","32438CWS","34095","07273-26-01","07273-26-01-job","49-0820","","2/28/2026","2/28/2026","150","V-001702","50300","CALDWELL"
"228357","32839CWSP2","38770","07288-26-01","07288-26-01-job","49-0820","","3/31/2026","3/31/2026","938.48","V-001702","50300","CALDWELL"
"229325","32839CWSP1","38772","07196-26-01","07196-26-01-job","54-0820","","3/31/2026","3/31/2026","129.52","V-001702","50300","MULLINS"
"233581","33052CWSP2","39408","07268-26-01","07268-26-01-job","54-0820","","4/15/2026","4/15/2026","75","V-001702","50300","MULLINS"
"235709","33052CWSP1","39420","07317-26-01","07317-26-01-job","48-0820","","4/15/2026","4/15/2026","202","V-001702","50300","CALDWELL"
"273446","33251CWSP1","45590","07294-26-01","07294-26-01-job","46-0820","","4/30/2026","4/30/2026","476.5","V-001702","50300","CALDWELL"
"196654","32438CWS","34095","07114-26-01","07114-26-01-job","46-0820","","2/28/2026","2/28/2026","179","V-001702","50300","CALDWELL"
"228359","32839CWSP2","38770","07261-26-01","07261-26-01-job","48-0820","","3/31/2026","3/31/2026","88","V-001702","50300","CALDWELL"
"229327","32839CWSP1","38772","07264-26-01","07264-26-01-job","54-0820","","3/31/2026","3/31/2026","101","V-001702","50300","MULLINS"
"233583","33052CWSP2","39408","07317-26-01","07317-26-01-job","54-0820","","4/15/2026","4/15/2026","157.01","V-001702","50300","MULLINS"
"228361","32839CWSP2","38770","07273-26-01","07273-26-01-job","49-0820","","3/31/2026","3/31/2026","310.86","V-001702","50300","CALDWELL"
"233585","33052CWSP2","39408","07305-26-01","07305-26-01-job","54-0820","","4/15/2026","4/15/2026","115","V-001702","50300","MULLINS"
"239158","32641CWS","39879","07273-26-01","07273-26-01-job","49-0820","","3/15/2026","3/15/2026","184.25","V-001702","50300","CALDWELL"
"271844","33251CWSP2","45582","07310-26-01","07310-26-01-job","51-0820","","4/30/2026","4/30/2026","200.67","V-001702","50300","MOORE"
"227249","32641SDIP","38754","07147-26-01","07147-26-01-job","47-0825","","3/15/2026","3/15/2026","175.55","V-001702","50300","MOORE"
"228363","32839CWSP2","38770","07290-26-01","07290-26-01-job","48-0820","","3/31/2026","3/31/2026","174","V-001702","50300","CALDWELL"
"229331","32839CWSP1","38772","07239-26-01","07239-26-01-job","54-0820","","3/31/2026","3/31/2026","325.5","V-001702","50300","MULLINS"
"233587","33052CWSP2","39408","07299-26-01","07299-26-01-job","54-0820","","4/15/2026","4/15/2026","113","V-001702","50300","MULLINS"
"235715","33052CWSP1","39420","07208-26-01","07208-26-01-job","46-0820","","4/15/2026","4/15/2026","88","V-001702","50300","CALDWELL"
"271846","33251CWSP2","45582","07267-26-01","07267-26-01-job","51-0820","","4/30/2026","4/30/2026","101.06","V-001702","50300","MOORE"
"273452","33251CWSP1","45590","07114-26-01","07114-26-01-job","46-0820","","4/30/2026","4/30/2026","74","V-001702","50300","CALDWELL"
"113040","318403","22194","07010-26-01","07010-26-01-job","51-0820","","1/15/2026","1/15/2026","193.88","V-001702","50300","CAVANAUGH"
"118084","320302","22392","07219-26-01","07219-26-01-job","51-0820","","1/31/2026","1/31/2026","328.49","V-001702","50300","CANFIELD"
"196660","32438CWS","34095","07147-26-01","07147-26-01-job","47-0820","","2/28/2026","2/28/2026","456.68","V-001702","50300","CAMPBELL"
"228365","32839CWSP2","38770","07114-26-01","07114-26-01-job","46-0820","","3/31/2026","3/31/2026","245","V-001702","50300","CALDWELL"
"229333","32839CWSP1","38772","07221-26-01","07221-26-01-job","54-0820","","3/31/2026","3/31/2026","64.02","V-001702","50300","MULLINS"
"239162","32641CWS","39879","07221-26-01","07221-26-01-job","48-0820","","3/15/2026","3/15/2026","471.48","V-001702","50300","CALDWELL"
"271848","33251CWSP2","45582","07316-26-01","07316-26-01-job","51-0820","","4/30/2026","4/30/2026","182.8","V-001702","50300","MOORE"
"118086","320302","22392","07198-26-01","07198-26-01-job","51-0820","","1/31/2026","1/31/2026","189.38","V-001702","50300","CANFIELD"
"227253","32641SDIP","38754","07207-26-01","07207-26-01-job","46-0820","","3/15/2026","3/15/2026","86.36","V-001702","50300","MOORE"
"233591","33052CWSP2","39408","07207-26-01","07207-26-01-job","54-0820","","4/15/2026","4/15/2026","119","V-001702","50300","MULLINS"
"235719","33052CWSP1","39420","07147-26-01","07147-26-01-job","47-0820","","4/15/2026","4/15/2026","918.92","V-001702","50300","CAMPBELL"
"239164","32641CWS","39879","07261-26-01","07261-26-01-job","48-0820","","3/15/2026","3/15/2026","477","V-001702","50300","CALDWELL"
"271850","33251CWSP2","45582","07230-26-01","07230-26-01-job","51-0820","","4/30/2026","4/30/2026","97.53","V-001702","50300","MOORE"
"192912","32253CWS","33977","07243-26-01","07243-26-01-job","51-0820","","2/15/2026","2/15/2026","318.38","V-001702","50300","CAVANAUGH"
"227255","32641SDIP","38754","07219-26-01","07219-26-01-job","47-0825","","3/15/2026","3/15/2026","73.42","V-001702","50300","MOORE"
"233593","33052CWSP2","39408","07278-26-01","07278-26-01-job","57-0820","","4/15/2026","4/15/2026","221.74","V-001702","50300","PALMER"
"239166","32641CWS","39879","07257-26-01","07257-26-01-job","48-0820","","3/15/2026","3/15/2026","255.2","V-001702","50300","CALDWELL"
"271852","33251CWSP2","45582","07293-26-01","07293-26-01-job","54-0820","","4/30/2026","4/30/2026","104.01","V-001702","50300","MULLINS"
"227257","32641SDIP","38754","07266-26-01","07266-26-01-job","47-0825","","3/15/2026","3/15/2026","94.83","V-001702","50300","MOORE"
"229339","32839CWSP1","38772","07257-26-01","07257-26-01-job","57-0820","","3/31/2026","3/31/2026","1182.01","V-001702","50300","PALMER"
"233595","33052CWSP2","39408","07251-26-01","07251-26-01-job","57-0820","","4/15/2026","4/15/2026","1555.57","V-001702","50300","PALMER"
"271854","33251CWSP2","45582","07245-26-01","07245-26-01-job","54-0820","","4/30/2026","4/30/2026","166.8","V-001702","50300","MULLINS"
"118092","320302","22392","07010-26-01","07010-26-01-job","51-0820","","1/31/2026","1/31/2026","250.38","V-001702","50300","CAVANAUGH"
"228373","32839CWSP2","38770","07294-26-01","07294-26-01-job","49-0820","","3/31/2026","3/31/2026","79","V-001702","50300","CALDWELL"
"229341","32839CWSP1","38772","07269-26-01","07269-26-01-job","57-0820","","3/31/2026","3/31/2026","516.65","V-001702","50300","PALMER"
"239170","32641CWS","39879","07147-26-01","07147-26-01-job","47-0820","","3/15/2026","3/15/2026","410.91","V-001702","50300","CAMPBELL"
"271856","33251CWSP2","45582","07267-26-01","07267-26-01-job","54-0820","","4/30/2026","4/30/2026","76","V-001702","50300","MULLINS"
"273462","33251CWSP1","45590","07147-26-01","07147-26-01-job","47-0820","","4/30/2026","4/30/2026","550.10","V-001702","50300","CAMPBELL"
"227607","32839SDIP","38756","07147-26-01","07147-26-01-job","47-0825","","3/31/2026","3/31/2026","112.23","V-001702","50300","MOORE"
"228375","32839CWSP2","38770","07147-26-01","07147-26-01-job","47-0820","","3/31/2026","3/31/2026","673.27","V-001702","50300","CAMPBELL"
"233599","33052CWSP2","39408","07227-26-01","07227-26-01-job","57-0820","","4/15/2026","4/15/2026","486.09","V-001702","50300","PALMER"
"271858","33251CWSP2","45582","07314-26-01","07314-26-01-job","54-0820","","4/30/2026","4/30/2026","139","V-001702","50300","MULLINS"
"227609","32839SDIP","38756","07258-26-01","07258-26-01-job","47-0825","","3/31/2026","3/31/2026","89.93","V-001702","50300","MOORE"
"229345","32839CWSP1","38772","07275-26-01","07275-26-01-job","57-0820","","3/31/2026","3/31/2026","686.73","V-001702","50300","PALMER"
"233601","33052CWSP2","39408","07239-26-01","07239-26-01-job","57-0820","","4/15/2026","4/15/2026","1193.36","V-001702","50300","PALMER"
"196674","32438CWS","34095","07152-26-01","07152-26-01-job","51-0820","","2/28/2026","2/28/2026","548.73","V-001702","50300","CANFIELD"
"227611","32839SDIP","38756","07268-26-01","07268-26-01-job","47-0825","","3/31/2026","3/31/2026","89.28","V-001702","50300","MOORE"
"229347","32839CWSP1","38772","07187-26-01","07187-26-01-job","57-0820","","3/31/2026","3/31/2026","667.59","V-001702","50300","PALMER"
"227613","32839SDIP","38756","07288-26-01","07288-26-01-job","49-0825","","3/31/2026","3/31/2026","100","V-001702","50300","MOORE"
"229349","32839CWSP1","38772","07239-26-01","07239-26-01-job","57-0820","","3/31/2026","3/31/2026","1631.15","V-001702","50300","PALMER"
"271864","33251CWSP2","45582","07321-26-01","07321-26-01-job","57-0820","","4/30/2026","4/30/2026","734.44","V-001702","50300","PALMER"
"227615","32839SDIP","38756","07290-26-01","07290-26-01-job","48-0825","","3/31/2026","3/31/2026","103.5","V-001702","50300","MOORE"
"271866","33251CWSP2","45582","07238-26-01","07238-26-01-job","57-0820","","4/30/2026","4/30/2026","779.37","V-001702","50300","PALMER"
"196680","32438CWS","34095","07243-26-01","07243-26-01-job","51-0820","","2/28/2026","2/28/2026","261","V-001702","50300","CAVANAUGH"
"227617","32839SDIP","38756","07291-26-01","07291-26-01-job","49-0825","","3/31/2026","3/31/2026","87.17","V-001702","50300","MOORE"
"229353","32839CWSP1","38772","07295-26-01","07295-26-01-job","51-0820","","3/31/2026","3/31/2026","100","V-001702","50300","PATTERSON"
"233609","33052CWSP2","39408","07296-26-01","07296-26-01-job","51-0820","","4/15/2026","4/15/2026","98.9","V-001702","50300","PATTERSON"
"229355","32839CWSP1","38772","07296-26-01","07296-26-01-job","51-0820","","3/31/2026","3/31/2026","100","V-001702","50300","PATTERSON"
"271870","33251CWSP2","45582","07246-26-01","07246-26-01-job","57-0820","","4/30/2026","4/30/2026","1810.61","V-001702","50300","PALMER"
"271872","33251CWSP2","45582","07251-26-01","07251-26-01-job","57-0820","","4/30/2026","4/30/2026","957.99","V-001702","50300","PALMER"
"192934","32253CWS","33977","07152-26-01","07152-26-01-job","51-0820","","2/15/2026","2/15/2026","564.07","V-001702","50300","DULANEY"
"229359","32839CWSP1","38772","07288-26-01","07288-26-01-job","57-0820","","3/31/2026","3/31/2026","650.04","V-001702","50300","PECK"
"233615","33052CWSP2","39408","07288-26-01","07288-26-01-job","57-0820","","4/15/2026","4/15/2026","1428.14","V-001702","50300","PECK"
"239188","32641CWS","39879","07010-26-01","07010-26-01-job","51-0820","","3/15/2026","3/15/2026","370","V-001702","50300","CAVANAUGH"
"113070","318403","22194","07152-26-01","07152-26-01-job","51-0820","","1/15/2026","1/15/2026","668.32","V-001702","50300","DULANEY"
"229363","32839CWSP1","38772","07274-26-01","07274-26-01-job","57-0820","","3/31/2026","3/31/2026","1950.59","V-001702","50300","PECK"
"235747","33052CWSP1","39420","07152-26-01","07152-26-01-job","51-0820","","4/15/2026","4/15/2026","361.61","V-001702","50300","CANFIELD"
"273484","33251CWSP1","45590","07251-26-01","07251-26-01-job","51-0820","","4/30/2026","4/30/2026","110.98","V-001702","50300","CANFIELD"
"271880","33251CWSP2","45582","07195-26-01","07195-26-01-job","51-0820","","4/30/2026","4/30/2026","237.62","V-001702","50300","PATTERSON"
"273486","33251CWSP1","45590","07335-26-01","07335-26-01-job","51-0820","","4/30/2026","4/30/2026","209.83","V-001702","50300","CANFIELD"
"233623","33052CWSP2","39408","07308-26-01","07308-26-01-job","57-0820","","4/15/2026","4/15/2026","256.38","V-001702","50300","PECK"
"271882","33251CWSP2","45582","07340-26-01","07340-26-01-job","51-0820","","4/30/2026","4/30/2026","101.75","V-001702","50300","PATTERSON"
"113076","318403","22194","07224-26-01","07224-26-01-job","49-0820","","1/15/2026","1/15/2026","110.17","V-001702","50300","FARRAR"
"192944","32253CWS","33977","07255-26-01","07255-26-01-job","49-0820","","2/15/2026","2/15/2026","621.61","V-001702","50300","FARRAR"
"228401","32839CWSP2","38770","07152-26-01","07152-26-01-job","51-0820","","3/31/2026","3/31/2026","636.97","V-001702","50300","CANFIELD"
"229369","32839CWSP1","38772","07221-26-01","07221-26-01-job","57-0820","","3/31/2026","3/31/2026","430.32","V-001702","50300","PECK"
"233625","33052CWSP2","39408","07246-26-01","07246-26-01-job","57-0820","","4/15/2026","4/15/2026","486.86","V-001702","50300","PECK"
"235753","33052CWSP1","39420","07243-26-01","07243-26-01-job","51-0820","","4/15/2026","4/15/2026","432","V-001702","50300","CAVANAUGH"
"273490","33251CWSP1","45590","07243-26-01","07243-26-01-job","51-0820","","4/30/2026","4/30/2026","421","V-001702","50300","CAVANAUGH"
"229371","32839CWSP1","38772","07278-26-01","07278-26-01-job","57-0820","","3/31/2026","3/31/2026","732.94","V-001702","50300","PECK"
"118124","320302","22392","07152-26-01","07152-26-01-job","51-0820","","1/31/2026","1/31/2026","487.15","V-001702","50300","DULANEY"
"228405","32839CWSP2","38770","07287-26-01","07287-26-01-job","51-0820","","3/31/2026","3/31/2026","324.87","V-001702","50300","CANFIELD"
"229373","32839CWSP1","38772","07227-26-01","07227-26-01-job","48-0820","","3/31/2026","3/31/2026","1040.68","V-001702","50300","PIERCE"
"228407","32839CWSP2","38770","07243-26-01","07243-26-01-job","51-0820","","3/31/2026","3/31/2026","405","V-001702","50300","CAVANAUGH"
"233631","33052CWSP2","39408","07227-26-01","07227-26-01-job","48-0820","","4/15/2026","4/15/2026","1129.35","V-001702","50300","PIERCE"
"113090","318403","22194","07235-26-01","07235-26-01-job","51-0820","","1/15/2026","1/15/2026","596.28","V-001702","50300","GRIMES"
"118134","320302","22392","07255-26-01","07255-26-01-job","49-0820","","1/31/2026","1/31/2026","1173.27","V-001702","50300","FARRAR"
"113092","318403","22194","07251-26-01","07251-26-01-job","51-0820","","1/15/2026","1/15/2026","342.03","V-001702","50300","GRIMES"
"118136","320302","22392","07224-26-01","07224-26-01-job","49-0820","","1/31/2026","1/31/2026","283.47","V-001702","50300","FARRAR"
"239214","32641CWS","39879","07152-26-01","07152-26-01-job","51-0820","","3/15/2026","3/15/2026","909.21","V-001702","50300","DULANEY"
"239216","32641CWS","39879","07287-26-01","07287-26-01-job","51-0820","","3/15/2026","3/15/2026","276.94","V-001702","50300","DULANEY"
"113098","318403","22194","07234-26-01","07234-26-01-job","51-0820","","1/15/2026","1/15/2026","241.9","V-001702","50300","GUM"
"233647","33052CWSP2","39408","07267-26-01","07267-26-01-job","47-0820","","4/15/2026","4/15/2026","553.04","V-001702","50300","RAMSEY"
"113100","318403","22194","07233-26-01","07233-26-01-job","51-0820","","1/15/2026","1/15/2026","251.32","V-001702","50300","GUM"
"235777","33052CWSP1","39420","07299-26-01","07299-26-01-job","51-0820","","4/15/2026","4/15/2026","173.8","V-001702","50300","DULANEY"
"271908","33251CWSP2","45582","07267-26-01","07267-26-01-job","47-0820","","4/30/2026","4/30/2026","576.05","V-001702","50300","RAMSEY"
"235779","33052CWSP1","39420","07300-26-01","07300-26-01-job","51-0820","","4/15/2026","4/15/2026","341.78","V-001702","50300","DULANEY"
"239224","32641CWS","39879","07288-26-01","07288-26-01-job","49-0820","","3/15/2026","3/15/2026","1217.42","V-001702","50300","FARRAR"
"113104","318403","22194","07222-26-01","07222-26-01-job","47-0820","","1/15/2026","1/15/2026","223","V-001702","50300","HARMAN"
"229397","32839CWSP1","38772","07240-26-01","07240-26-01-job","57-0820","","3/31/2026","3/31/2026","914.20","V-001702","50300","PRICE"
"235781","33052CWSP1","39420","07244-26-01","07244-26-01-job","51-0820","","4/15/2026","4/15/2026","207.44","V-001702","50300","DULANEY"
"235783","33052CWSP1","39420","07288-26-01","07288-26-01-job","49-0820","","4/15/2026","4/15/2026","906.40","V-001702","50300","FARRAR"
"113110","318403","22194","07211-26-01","07211-26-01-job","47-0820","","1/15/2026","1/15/2026","60.5","V-001702","50300","HARMON"
"228435","32839CWSP2","38770","07299-26-01","07299-26-01-job","51-0820","","3/31/2026","3/31/2026","381.83","V-001702","50300","DULANEY"
"273524","33251CWSP1","45590","07333-26-01","07333-26-01-job","51-0820","","4/30/2026","4/30/2026","345.08","V-001702","50300","DULANEY"
"113112","318403","22194","07234-26-01","07234-26-01-job","53-0820","","1/15/2026","1/15/2026","274.13","V-001702","50300","HARMON"
"192980","32253CWS","33977","07240-26-01","07240-26-01-job","51-0820","","2/15/2026","2/15/2026","3243.94","V-001702","50300","GRIMES"
"233661","33052CWSP2","39408","07286-26-01","07286-26-01-job","53-0820","","4/15/2026","4/15/2026","106","V-001702","50300","REBOLD"
"113114","318403","22194","07197-26-01","07197-26-01-job","53-0820","","1/15/2026","1/15/2026","366.82","V-001702","50300","HARMON"
"228439","32839CWSP2","38770","07264-26-01","07264-26-01-job","51-0820","","3/31/2026","3/31/2026","148.07","V-001702","50300","DULANEY"
"229407","32839CWSP1","38772","07291-26-01","07291-26-01-job","57-0820","","3/31/2026","3/31/2026","292.64","V-001702","50300","PRICE"
"233663","33052CWSP2","39408","07280-26-01","07280-26-01-job","53-0820","","4/15/2026","4/15/2026","120","V-001702","50300","REBOLD"
"271922","33251CWSP2","45582","07313-26-01","07313-26-01-job","53-0820","","4/30/2026","4/30/2026","285.85","V-001702","50300","REBOLD"
"118160","320302","22392","07256-26-01","07256-26-01-job","51-0820","","1/31/2026","1/31/2026","498","V-001702","50300","FEATHER"
"233665","33052CWSP2","39408","07240-26-01","07240-26-01-job","53-0820","","4/15/2026","4/15/2026","105","V-001702","50300","REBOLD"
"271924","33251CWSP2","45582","07267-26-01","07267-26-01-job","53-0820","","4/30/2026","4/30/2026","771","V-001702","50300","REBOLD"
"273530","33251CWSP1","45590","07280-26-01","07280-26-01-job","51-0820","","4/30/2026","4/30/2026","85.01","V-001702","50300","DULANEY"
"229411","32839CWSP1","38772","07302-26-01","07302-26-01-job","57-0820","","3/31/2026","3/31/2026","331.91","V-001702","50300","PRICE"
"233667","33052CWSP2","39408","07244-26-01","07244-26-01-job","53-0820","","4/15/2026","4/15/2026","130","V-001702","50300","REBOLD"
"271926","33251CWSP2","45582","07334-26-01","07334-26-01-job","53-0820","","4/30/2026","4/30/2026","125","V-001702","50300","REBOLD"
"273532","33251CWSP1","45590","07032-26-01","07032-26-01-job","51-0820","","4/30/2026","4/30/2026","788.85","V-001702","50300","DULANEY"
"113120","318403","22194","07239-26-01","07239-26-01-job","53-0820","","1/15/2026","1/15/2026","150","V-001702","50300","HARMON"
"229413","32839CWSP1","38772","07305-26-01","07305-26-01-job","57-0820","","3/31/2026","3/31/2026","162.43","V-001702","50300","PRICE"
"233669","33052CWSP2","39408","07261-26-01","07261-26-01-job","48-0820","","4/15/2026","4/15/2026","356","V-001702","50300","RILEY"
"271928","33251CWSP2","45582","07306-26-01","07306-26-01-job","53-0820","","4/30/2026","4/30/2026","116","V-001702","50300","REBOLD"
"113122","318403","22194","07212-26-01","07212-26-01-job","53-0820","","1/15/2026","1/15/2026","6.76","V-001702","50300","HARMON"
"229415","32839CWSP1","38772","07267-26-01","07267-26-01-job","47-0820","","3/31/2026","3/31/2026","631","V-001702","50300","RAMSEY"
"271930","33251CWSP2","45582","07284-26-01","07284-26-01-job","53-0820","","4/30/2026","4/30/2026","127","V-001702","50300","REBOLD"
"113124","318403","22194","07213-26-01","07213-26-01-job","53-0820","","1/15/2026","1/15/2026","320.2","V-001702","50300","HARMON"
"271932","33251CWSP2","45582","07333-26-01","07333-26-01-job","53-0820","","4/30/2026","4/30/2026","114","V-001702","50300","REBOLD"
"273538","33251CWSP1","45590","07313-26-01","07313-26-01-job","49-0820","","4/30/2026","4/30/2026","1158.44","V-001702","50300","FARRAR"
"113126","318403","22194","07171-26-01","07171-26-01-job","51-0820","","1/15/2026","1/15/2026","282.47","V-001702","50300","HIBBS"
"271934","33251CWSP2","45582","07317-26-01","07317-26-01-job","48-0820","","4/30/2026","4/30/2026","288","V-001702","50300","RILEY"
"118172","320302","22392","07230-26-01","07230-26-01-job","51-0820","","1/31/2026","1/31/2026","136.87","V-001702","50300","GRIMES"
"196748","32438CWS","34095","07195-26-01","07195-26-01-job","51-0820","","2/28/2026","2/28/2026","47.05","V-001702","50300","GUM"
"233677","33052CWSP2","39408","07248-26-01","07248-26-01-job","51-0820","","4/15/2026","4/15/2026","97.23","V-001702","50300","ROMAN"
"118174","320302","22392","07260-26-01","07260-26-01-job","51-0820","","1/31/2026","1/31/2026","93.00","V-001702","50300","GRIMES"
"196750","32438CWS","34095","07267-26-01","07267-26-01-job","51-0820","","2/28/2026","2/28/2026","606.06","V-001702","50300","GUM"
"233679","33052CWSP2","39408","07267-26-01","07267-26-01-job","51-0820","","4/15/2026","4/15/2026","89.1","V-001702","50300","ROMAN"
"118176","320302","22392","07240-26-01","07240-26-01-job","51-0820","","1/31/2026","1/31/2026","1411.79","V-001702","50300","GRIMES"
"196752","32438CWS","34095","07227-26-01","07227-26-01-job","51-0820","","2/28/2026","2/28/2026","65.65","V-001702","50300","GUM"
"233681","33052CWSP2","39408","07233-26-01","07233-26-01-job","51-0820","","4/15/2026","4/15/2026","124.62","V-001702","50300","SCHOONOVER"
"271940","33251CWSP2","45582","07331-26-01","07331-26-01-job","48-0820","","4/30/2026","4/30/2026","120","V-001702","50300","RILEY"
"196754","32438CWS","34095","07230-26-01","07230-26-01-job","47-0820","","2/28/2026","2/28/2026","324","V-001702","50300","HARMAN"
"233683","33052CWSP2","39408","07201-26-01","07201-26-01-job","51-0820","","4/15/2026","4/15/2026","73.09","V-001702","50300","SCHOONOVER"
"271942","33251CWSP2","45582","07262-26-01","07262-26-01-job","47-0820","","4/30/2026","4/30/2026","632.93","V-001702","50300","RILEY"
"193004","32253CWS","33977","07215-26-01","07215-26-01-job","51-0820","","2/15/2026","2/15/2026","78","V-001702","50300","GUM"
"233685","33052CWSP2","39408","07238-26-01","07238-26-01-job","51-0820","","4/15/2026","4/15/2026","114.56","V-001702","50300","SCHOONOVER"
"271944","33251CWSP2","45582","07244-26-01","07244-26-01-job","51-0820","","4/30/2026","4/30/2026","111.64","V-001702","50300","ROMAN"
"193006","32253CWS","33977","07180-26-01","07180-26-01-job","51-0820","","2/15/2026","2/15/2026","389.29","V-001702","50300","GUM"
"229431","32839CWSP1","38772","07227-26-01","07227-26-01-job","53-0820","","3/31/2026","3/31/2026","103","V-001702","50300","REBOLD"
"233687","33052CWSP2","39408","07280-26-01","07280-26-01-job","51-0820","","4/15/2026","4/15/2026","660.51","V-001702","50300","SCHOONOVER"
"271946","33251CWSP2","45582","07240-26-01","07240-26-01-job","51-0820","","4/30/2026","4/30/2026","212.95","V-001702","50300","ROMAN"
"113140","318403","22194","07236-26-01","07236-26-01-job","51-0820","","1/15/2026","1/15/2026","601.52","V-001702","50300","HILLBERRY"
"193008","32253CWS","33977","07235-26-01","07235-26-01-job","51-0820","","2/15/2026","2/15/2026","79.25","V-001702","50300","GUM"
"229433","32839CWSP1","38772","07196-26-01","07196-26-01-job","53-0820","","3/31/2026","3/31/2026","448.37","V-001702","50300","REBOLD"
"235817","33052CWSP1","39420","07251-26-01","07251-26-01-job","51-0820","","4/15/2026","4/15/2026","169.58","V-001702","50300","GRIMES"
"271948","33251CWSP2","45582","07280-26-01","07280-26-01-job","51-0820","","4/30/2026","4/30/2026","69.87","V-001702","50300","SCHOONOVER"
"118186","320302","22392","07000-26-01","07000-26-01-job","51-0820","","1/31/2026","1/31/2026","73.85","V-001702","50300","GUM"
"193010","32253CWS","33977","07230-26-01","07230-26-01-job","47-0820","","2/15/2026","2/15/2026","91.15","V-001702","50300","GUM"
"196762","32438CWS","34095","07240-26-01","07240-26-01-job","47-0820","","2/28/2026","2/28/2026","368.50","V-001702","50300","HARMON"
"229435","32839CWSP1","38772","07264-26-01","07264-26-01-job","53-0820","","3/31/2026","3/31/2026","98","V-001702","50300","REBOLD"
"235819","33052CWSP1","39420","07266-26-01","07266-26-01-job","51-0820","","4/15/2026","4/15/2026","368.73","V-001702","50300","GRIMES"
"271950","33251CWSP2","45582","07287-26-01","07287-26-01-job","51-0820","","4/30/2026","4/30/2026","132.9","V-001702","50300","SCHOONOVER"
"118188","320302","22392","07203-26-01","07203-26-01-job","51-0820","","1/31/2026","1/31/2026","417.35","V-001702","50300","GUM"
"193012","32253CWS","33977","07240-26-01","07240-26-01-job","47-0820","","2/15/2026","2/15/2026","383.01","V-001702","50300","HARMAN"
"229437","32839CWSP1","38772","07290-26-01","07290-26-01-job","53-0820","","3/31/2026","3/31/2026","60","V-001702","50300","REBOLD"
"271952","33251CWSP2","45582","07207-26-01","07207-26-01-job","51-0820","","4/30/2026","4/30/2026","416.72","V-001702","50300","SCHOONOVER"
"118190","320302","22392","07230-26-01","07230-26-01-job","47-0820","","1/31/2026","1/31/2026","345","V-001702","50300","HARMAN"
"235823","33052CWSP1","39420","07195-26-01","07195-26-01-job","51-0820","","4/15/2026","4/15/2026","489.06","V-001702","50300","GRIMES"
"239268","32641CWS","39879","07201-26-01","07201-26-01-job","51-0820","","3/15/2026","3/15/2026","79.01","V-001702","50300","FEATHER"
"229441","32839CWSP1","38772","07187-26-01","07187-26-01-job","53-0820","","3/31/2026","3/31/2026","113","V-001702","50300","REBOLD"
"271956","33251CWSP2","45582","07333-26-01","07333-26-01-job","51-0820","","4/30/2026","4/30/2026","884.34","V-001702","50300","SCHOONOVER"
"228475","32839CWSP2","38770","07213-26-01","07213-26-01-job","51-0820","","3/31/2026","3/31/2026","376.46","V-001702","50300","FEATHER"
"229443","32839CWSP1","38772","07239-26-01","07239-26-01-job","53-0820","","3/31/2026","3/31/2026","721","V-001702","50300","REBOLD"
"233699","33052CWSP2","39408","07201-26-01","07201-26-01-job","47-0820","","4/15/2026","4/15/2026","64.3","V-001702","50300","SHAFFER"
"113152","318403","22194","07217-26-01","07217-26-01-job","51-0820","","1/15/2026","1/15/2026","138.94","V-001702","50300","HILLBERRY"
"229445","32839CWSP1","38772","07258-26-01","07258-26-01-job","53-0820","","3/31/2026","3/31/2026","238.01","V-001702","50300","REBOLD"
"233701","33052CWSP2","39408","07289-26-01","07289-26-01-job","47-0820","","4/15/2026","4/15/2026","588.01","V-001702","50300","SHAFFER"
"239274","32641CWS","39879","07233-26-01","07233-26-01-job","51-0820","","3/15/2026","3/15/2026","1199.34","V-001702","50300","GRIMES"
"113154","318403","22194","07209-26-01","07209-26-01-job","51-0820","","1/15/2026","1/15/2026","505.58","V-001702","50300","HILLBERRY"
"193022","32253CWS","33977","07234-26-01","07234-26-01-job","53-0820","","2/15/2026","2/15/2026","823.47","V-001702","50300","HARMON"
"229447","32839CWSP1","38772","07261-26-01","07261-26-01-job","47-0820","","3/31/2026","3/31/2026","452","V-001702","50300","RILEY"
"235831","33052CWSP1","39420","07207-26-01","07207-26-01-job","51-0820","","4/15/2026","4/15/2026","70.85","V-001702","50300","GUM"
"239276","32641CWS","39879","07235-26-01","07235-26-01-job","51-0820","","3/15/2026","3/15/2026","1256.23","V-001702","50300","GRIMES"
"271962","33251CWSP2","45582","07289-26-01","07289-26-01-job","47-0820","","4/30/2026","4/30/2026","297.01","V-001702","50300","SHAFFER"
"113156","318403","22194","07195-26-01","07195-26-01-job","51-0820","","1/15/2026","1/15/2026","464.18","V-001702","50300","HILLBERRY"
"118200","320302","22392","07211-26-01","07211-26-01-job","47-0820","","1/31/2026","1/31/2026","192.50","V-001702","50300","HARMON"
"196776","32438CWS","34095","07171-26-01","07171-26-01-job","51-0820","","2/28/2026","2/28/2026","189.01","V-001702","50300","HAYES"
"235833","33052CWSP1","39420","07314-26-01","07314-26-01-job","51-0820","","4/15/2026","4/15/2026","355.25","V-001702","50300","GUM"
"113158","318403","22194","07255-26-01","07255-26-01-job","49-0820","","1/15/2026","1/15/2026","855.01","V-001702","50300","HUMPHREY"
"239280","32641CWS","39879","07270-26-01","07270-26-01-job","51-0820","","3/15/2026","3/15/2026","259.17","V-001702","50300","GRIMES"
"239282","32641CWS","39879","07260-26-01","07260-26-01-job","51-0820","","3/15/2026","3/15/2026","241.32","V-001702","50300","GRIMES"
"118206","320302","22392","07212-26-01","07212-26-01-job","53-0820","","1/31/2026","1/31/2026","2.34","V-001702","50300","HARMON"
"193030","32253CWS","33977","07196-26-01","07196-26-01-job","51-0820","","2/15/2026","2/15/2026","557.75","V-001702","50300","HAYES"
"228487","32839CWSP2","38770","07269-26-01","07269-26-01-job","57-0820","","3/31/2026","3/31/2026","223.98","V-001702","50300","FULLMER"
"239284","32641CWS","39879","07268-26-01","07268-26-01-job","51-0820","","3/15/2026","3/15/2026","453.05","V-001702","50300","GUM"
"118208","320302","22392","07211-26-01","07211-26-01-job","53-0820","","1/31/2026","1/31/2026","497.93","V-001702","50300","HARMON"
"228489","32839CWSP2","38770","07257-26-01","07257-26-01-job","57-0820","","3/31/2026","3/31/2026","268.41","V-001702","50300","FULLMER"
"229457","32839CWSP1","38772","07227-26-01","07227-26-01-job","51-0820","","3/31/2026","3/31/2026","88","V-001702","50300","ROMAN"
"233713","33052CWSP2","39408","07300-26-01","07300-26-01-job","51-0820","","4/15/2026","4/15/2026","603.10","V-001702","50300","SHANNON"
"235841","33052CWSP1","39420","07230-26-01","07230-26-01-job","47-0820","","4/15/2026","4/15/2026","650","V-001702","50300","HARMAN"
"239286","32641CWS","39879","07284-26-01","07284-26-01-job","51-0820","","3/15/2026","3/15/2026","324.35","V-001702","50300","GUM"
"228491","32839CWSP2","38770","07275-26-01","07275-26-01-job","57-0820","","3/31/2026","3/31/2026","199.89","V-001702","50300","FULLMER"
"229459","32839CWSP1","38772","07244-26-01","07244-26-01-job","51-0820","","3/31/2026","3/31/2026","84.55","V-001702","50300","ROMAN"
"273580","33251CWSP1","45590","07240-26-01","07240-26-01-job","51-0820","","4/30/2026","4/30/2026","160.20","V-001702","50300","GRIMES"
"118212","320302","22392","07000-26-01","07000-26-01-job","53-0820","","1/31/2026","1/31/2026","346.74","V-001702","50300","HARMON"
"228493","32839CWSP2","38770","07239-26-01","07239-26-01-job","57-0820","","3/31/2026","3/31/2026","190.42","V-001702","50300","FULLMER"
"229461","32839CWSP1","38772","07230-26-01","07230-26-01-job","51-0820","","3/31/2026","3/31/2026","102.75","V-001702","50300","ROMAN"
"271976","33251CWSP2","45582","07297-26-01","07297-26-01-job","51-0820","","4/30/2026","4/30/2026","1595.01","V-001702","50300","SNYDER"
"193038","32253CWS","33977","07198-26-01","07198-26-01-job","51-0820","","2/15/2026","2/15/2026","140.71","V-001702","50300","HIBBS"
"228495","32839CWSP2","38770","07244-26-01","07244-26-01-job","51-0820","","3/31/2026","3/31/2026","337.49","V-001702","50300","GRIMES"
"233719","33052CWSP2","39408","07235-26-01","07235-26-01-job","51-0820","","4/15/2026","4/15/2026","269.50","V-001702","50300","SNYDER"
"239292","32641CWS","39879","07230-26-01","07230-26-01-job","47-0820","","3/15/2026","3/15/2026","462","V-001702","50300","HARMAN"
"273584","33251CWSP1","45590","07221-26-01","07221-26-01-job","51-0820","","4/30/2026","4/30/2026","134.28","V-001702","50300","GRIMES"
"118216","320302","22392","07196-26-01","07196-26-01-job","51-0820","","1/31/2026","1/31/2026","245.31","V-001702","50300","HAYES"
"193040","32253CWS","33977","07225-26-01","07225-26-01-job","51-0820","","2/15/2026","2/15/2026","134.94","V-001702","50300","HIBBS"
"196792","32438CWS","34095","07235-26-01","07235-26-01-job","51-0820","","2/28/2026","2/28/2026","1216.40","V-001702","50300","HIGGINS"
"229465","32839CWSP1","38772","07233-26-01","07233-26-01-job","51-0820","","3/31/2026","3/31/2026","920.07","V-001702","50300","SCHOONOVER"
"273586","33251CWSP1","45590","07306-26-01","07306-26-01-job","51-0820","","4/30/2026","4/30/2026","184.2","V-001702","50300","GRIMES"
"193042","32253CWS","33977","07171-26-01","07171-26-01-job","51-0820","","2/15/2026","2/15/2026","225.95","V-001702","50300","HIBBS"
"233723","33052CWSP2","39408","07291-26-01","07291-26-01-job","51-0820","","4/15/2026","4/15/2026","135.52","V-001702","50300","SNYDER"
"273588","33251CWSP1","45590","07294-26-01","07294-26-01-job","51-0820","","4/30/2026","4/30/2026","393.86","V-001702","50300","GRIMES"
"118220","320302","22392","07171-26-01","07171-26-01-job","51-0820","","1/31/2026","1/31/2026","94.73","V-001702","50300","HIBBS"
"233725","33052CWSP2","39408","07253-26-01","07253-26-01-job","51-0820","","4/15/2026","4/15/2026","447.48","V-001702","50300","SNYDER"
"235853","33052CWSP1","39420","07286-26-01","07286-26-01-job","47-0820","","4/15/2026","4/15/2026","418.0","V-001702","50300","HARMON"
"118222","320302","22392","07197-26-01","07197-26-01-job","51-0820","","1/31/2026","1/31/2026","102.13","V-001702","50300","HIBBS"
"193046","32253CWS","33977","07241-26-01","07241-26-01-job","51-0820","","2/15/2026","2/15/2026","230.02","V-001702","50300","HIGGINS"
"196800","32438CWS","34095","07180-26-01","07180-26-01-job","51-0820","","2/28/2026","2/28/2026","88.75","V-001702","50300","HILLBERRY"
"228505","32839CWSP2","38770","07301-26-01","07301-26-01-job","51-0820","","3/31/2026","3/31/2026","252.07","V-001702","50300","GRIMES"
"233729","33052CWSP2","39408","07291-26-01","07291-26-01-job","53-0820","","4/15/2026","4/15/2026","391.26","V-001702","50300","SPENCER"
"239302","32641CWS","39879","07240-26-01","07240-26-01-job","47-0820","","3/15/2026","3/15/2026","463.4","V-001702","50300","HARMON"
"273594","33251CWSP1","45590","07268-26-01","07268-26-01-job","51-0820","","4/30/2026","4/30/2026","452.95","V-001702","50300","GUM"
"271990","33251CWSP2","45582","07296-26-01","07296-26-01-job","53-0820","","4/30/2026","4/30/2026","57.47","V-001702","50300","SPENCER"
"118228","320302","22392","07257-26-01","07257-26-01-job","51-0820","","1/31/2026","1/31/2026","78.01","V-001702","50300","HIGGINS"
"193052","32253CWS","33977","07262-26-01","07262-26-01-job","51-0820","","2/15/2026","2/15/2026","98.61","V-001702","50300","HILLBERRY"
"196804","32438CWS","34095","07211-26-01","07211-26-01-job","51-0820","","2/28/2026","2/28/2026","409.89","V-001702","50300","HILLBERRY"
"228509","32839CWSP2","38770","07235-26-01","07235-26-01-job","51-0820","","3/31/2026","3/31/2026","159.31","V-001702","50300","GRIMES"
"193054","32253CWS","33977","07194-26-01","07194-26-01-job","51-0820","","2/15/2026","2/15/2026","634.20","V-001702","50300","HILLBERRY"
"228511","32839CWSP2","38770","07268-26-01","07268-26-01-job","51-0820","","3/31/2026","3/31/2026","275.72","V-001702","50300","GUM"
"229479","32839CWSP1","38772","07102-26-01","07102-26-01-job","47-0820","","3/31/2026","3/31/2026","767.01","V-001702","50300","SHAFFER"
"233735","33052CWSP2","39408","07286-26-01","07286-26-01-job","51-0820","","4/15/2026","4/15/2026","330.18","V-001702","50300","STEVENS"
"235863","33052CWSP1","39420","07278-26-01","07278-26-01-job","57-0820","","4/15/2026","4/15/2026","189","V-001702","50300","HARMON"
"118232","320302","22392","07223-26-01","07223-26-01-job","51-0820","","1/31/2026","1/31/2026","96.5","V-001702","50300","HILLBERRY"
"196808","32438CWS","34095","07280-26-01","07280-26-01-job","51-0820","","2/28/2026","2/28/2026","163.02","V-001702","50300","HILLBERRY"
"235865","33052CWSP1","39420","07303-26-01","07303-26-01-job","51-0820","","4/15/2026","4/15/2026","148.64","V-001702","50300","HARPER"
"74501","31627","16987","07215-26-01","07215-26-01-job","47-0820","","12/31/2025","12/31/2025","238.62","V-001702","50300","WELLS"
"196810","32438CWS","34095","07271-26-01","07271-26-01-job","49-0820","","2/28/2026","2/28/2026","550.9","V-001702","50300","HUMPHREY"
"228515","32839CWSP2","38770","07207-26-01","07207-26-01-job","51-0820","","3/31/2026","3/31/2026","183.54","V-001702","50300","GUM"
"273604","33251CWSP1","45590","07306-26-01","07306-26-01-job","47-0820","","4/30/2026","4/30/2026","567","V-001702","50300","HARMAN"
"74503","31627","16987","07202-26-01","07202-26-01-job","47-0820","","12/31/2025","12/31/2025","288.03","V-001702","50300","WELLS"
"118236","320302","22392","07262-26-01","07262-26-01-job","51-0820","","1/31/2026","1/31/2026","398.80","V-001702","50300","HILLBERRY"
"193060","32253CWS","33977","07222-26-01","07222-26-01-job","51-0820","","2/15/2026","2/15/2026","71.31","V-001702","50300","HILLBERRY"
"228517","32839CWSP2","38770","07230-26-01","07230-26-01-job","47-0820","","3/31/2026","3/31/2026","649","V-001702","50300","HARMAN"
"239314","32641CWS","39879","07236-26-01","07236-26-01-job","53-0820","","3/15/2026","3/15/2026","531.31","V-001702","50300","HARMON"
"118238","320302","22392","07241-26-01","07241-26-01-job","51-0820","","1/31/2026","1/31/2026","82.43","V-001702","50300","HILLBERRY"
"193062","32253CWS","33977","07261-26-01","07261-26-01-job","51-0820","","2/15/2026","2/15/2026","149.82","V-001702","50300","HILLBERRY"
"235873","33052CWSP1","39420","07234-26-01","07234-26-01-job","51-0820","","4/15/2026","4/15/2026","95.74","V-001702","50300","HIBBS"
"239318","32641CWS","39879","07261-26-01","07261-26-01-job","53-0820","","3/15/2026","3/15/2026","263","V-001702","50300","HARMON"
"118242","320302","22392","07204-26-01","07204-26-01-job","51-0820","","1/31/2026","1/31/2026","141.57","V-001702","50300","HILLBERRY"
"235875","33052CWSP1","39420","07201-26-01","07201-26-01-job","51-0820","","4/15/2026","4/15/2026","297.94","V-001702","50300","HIBBS"
"239320","32641CWS","39879","07207-26-01","07207-26-01-job","53-0820","","3/15/2026","3/15/2026","289.85","V-001702","50300","HARMON"
"233749","33052CWSP2","39408","07195-26-01","07195-26-01-job","51-0820","","4/15/2026","4/15/2026","107.91","V-001702","50300","STEWART"
"235877","33052CWSP1","39420","07296-26-01","07296-26-01-job","51-0820","","4/15/2026","4/15/2026","304.42","V-001702","50300","HIBBS"
"239322","32641CWS","39879","07201-26-01","07201-26-01-job","53-0820","","3/15/2026","3/15/2026","699.07","V-001702","50300","HARMON"
"273614","33251CWSP1","45590","07314-26-01","07314-26-01-job","47-0820","","4/30/2026","4/30/2026","500.05","V-001702","50300","HARMON"
"229495","32839CWSP1","38772","07287-26-01","07287-26-01-job","51-0820","","3/31/2026","3/31/2026","298.19","V-001702","50300","SHANNON"
"233751","33052CWSP2","39408","07297-26-01","07297-26-01-job","51-0820","","4/15/2026","4/15/2026","117.13","V-001702","50300","STEWART"
"239324","32641CWS","39879","07000-26-01","07000-26-01-job","53-0820","","3/15/2026","3/15/2026","368.9","V-001702","50300","HARMON"
"118248","320302","22392","07261-26-01","07261-26-01-job","51-0820","","1/31/2026","1/31/2026","82.27","V-001702","50300","HILLBERRY"
"193072","32253CWS","33977","07254-26-01","07254-26-01-job","49-0820","","2/15/2026","2/15/2026","818.41","V-001702","50300","HUMPHREY"
"228529","32839CWSP2","38770","07240-26-01","07240-26-01-job","47-0820","","3/31/2026","3/31/2026","695.00","V-001702","50300","HARMON"
"239326","32641CWS","39879","07272-26-01","07272-26-01-job","53-0820","","3/15/2026","3/15/2026","300","V-001702","50300","HARMON"
"229499","32839CWSP1","38772","07152-26-01","07152-26-01-job","51-0820","","3/31/2026","3/31/2026","595.30","V-001702","50300","SHANNON"
"235883","33052CWSP1","39420","07293-26-01","07293-26-01-job","51-0820","","4/15/2026","4/15/2026","110.01","V-001702","50300","HIGGINS"
"239328","32641CWS","39879","07187-26-01","07187-26-01-job","53-0820","","3/15/2026","3/15/2026","541.22","V-001702","50300","HARMON"
"229501","32839CWSP1","38772","07207-26-01","07207-26-01-job","51-0820","","3/31/2026","3/31/2026","102.07","V-001702","50300","SNYDER"
"235885","33052CWSP1","39420","07262-26-01","07262-26-01-job","51-0820","","4/15/2026","4/15/2026","100","V-001702","50300","HIGGINS"
"239330","32641CWS","39879","07264-26-01","07264-26-01-job","51-0820","","3/15/2026","3/15/2026","318.46","V-001702","50300","HAYES"
"113210","318403","22194","07241-26-01","07241-26-01-job","52-0820","","1/15/2026","1/15/2026","186.95","V-001702","50300","JOHNSON"
"229503","32839CWSP1","38772","07219-26-01","07219-26-01-job","51-0820","","3/31/2026","3/31/2026","83.23","V-001702","50300","SNYDER"
"235887","33052CWSP1","39420","07240-26-01","07240-26-01-job","51-0820","","4/15/2026","4/15/2026","409.76","V-001702","50300","HILLBERRY"
"239332","32641CWS","39879","07207-26-01","07207-26-01-job","51-0820","","3/15/2026","3/15/2026","318.00","V-001702","50300","HAYES"
"273624","33251CWSP1","45590","07260-26-01","07260-26-01-job","53-0820","","4/30/2026","4/30/2026","450.04","V-001702","50300","HARMON"
"113212","318403","22194","07245-26-01","07245-26-01-job","52-0820","","1/15/2026","1/15/2026","377.27","V-001702","50300","JOHNSON"
"229505","32839CWSP1","38772","07264-26-01","07264-26-01-job","51-0820","","3/31/2026","3/31/2026","225.54","V-001702","50300","SNYDER"
"239334","32641CWS","39879","07196-26-01","07196-26-01-job","51-0820","","3/15/2026","3/15/2026","154.75","V-001702","50300","HAYES"
"273626","33251CWSP1","45590","07227-26-01","07227-26-01-job","53-0820","","4/30/2026","4/30/2026","230.08","V-001702","50300","HARMON"
"113214","318403","22194","07250-26-01","07250-26-01-job","52-0820","","1/15/2026","1/15/2026","97.27","V-001702","50300","JOHNSON"
"196834","32438CWS","34095","07201-26-01","07201-26-01-job","51-0820","","2/28/2026","2/28/2026","58.25","V-001702","50300","JENKINS"
"273628","33251CWSP1","45590","07267-26-01","07267-26-01-job","53-0820","","4/30/2026","4/30/2026","154","V-001702","50300","HARMON"
"229509","32839CWSP1","38772","07286-26-01","07286-26-01-job","51-0820","","3/31/2026","3/31/2026","728.85","V-001702","50300","SNYDER"
"273630","33251CWSP1","45590","07303-26-01","07303-26-01-job","51-0820","","4/30/2026","4/30/2026","412.47","V-001702","50300","HARPER"
"113218","318403","22194","07216-26-01","07216-26-01-job","52-0820","","1/15/2026","1/15/2026","95.58","V-001702","50300","JOHNSON"
"229511","32839CWSP1","38772","07206-26-01","07206-26-01-job","51-0820","","3/31/2026","3/31/2026","133.75","V-001702","50300","SNYDER"
"235895","33052CWSP1","39420","07310-26-01","07310-26-01-job","51-0820","","4/15/2026","4/15/2026","308.35","V-001702","50300","HILLBERRY"
"228545","32839CWSP2","38770","07227-26-01","07227-26-01-job","53-0820","","3/31/2026","3/31/2026","793.34","V-001702","50300","HARMON"
"229513","32839CWSP1","38772","07236-26-01","07236-26-01-job","53-0820","","3/31/2026","3/31/2026","651.63","V-001702","50300","SPENCER"
"235897","33052CWSP1","39420","07306-26-01","07306-26-01-job","51-0820","","4/15/2026","4/15/2026","125.56","V-001702","50300","HILLBERRY"
"228547","32839CWSP2","38770","07261-26-01","07261-26-01-job","53-0820","","3/31/2026","3/31/2026","279.93","V-001702","50300","HARMON"
"273636","33251CWSP1","45590","07287-26-01","07287-26-01-job","51-0820","","4/30/2026","4/30/2026","244.52","V-001702","50300","HAYES"
"193092","32253CWS","33977","07201-26-01","07201-26-01-job","47-0820","","2/15/2026","2/15/2026","509.02","V-001702","50300","ICE"
"228549","32839CWSP2","38770","07258-26-01","07258-26-01-job","53-0820","","3/31/2026","3/31/2026","285.92","V-001702","50300","HARMON"
"273638","33251CWSP1","45590","07207-26-01","07207-26-01-job","51-0820","","4/30/2026","4/30/2026","66.96","V-001702","50300","HAYES"
"193094","32253CWS","33977","07233-26-01","07233-26-01-job","47-0820","","2/15/2026","2/15/2026","231.61","V-001702","50300","ICE"
"228551","32839CWSP2","38770","07288-26-01","07288-26-01-job","53-0820","","3/31/2026","3/31/2026","479.69","V-001702","50300","HARMON"
"239348","32641CWS","39879","07261-26-01","07261-26-01-job","51-0820","","3/15/2026","3/15/2026","195.08","V-001702","50300","HIBBS"
"113228","318403","22194","07198-26-01","07198-26-01-job","52-0820","","1/15/2026","1/15/2026","56.25","V-001702","50300","JOHNSON"
"193096","32253CWS","33977","07234-26-01","07234-26-01-job","48-0820","","2/15/2026","2/15/2026","526.34","V-001702","50300","ICE"
"235905","33052CWSP1","39420","07305-26-01","07305-26-01-job","49-0820","","4/15/2026","4/15/2026","385.37","V-001702","50300","HUMPHREY"
"228555","32839CWSP2","38770","07274-26-01","07274-26-01-job","53-0820","","3/31/2026","3/31/2026","110.58","V-001702","50300","HARMON"
"229523","32839CWSP1","38772","07257-26-01","07257-26-01-job","53-0820","","3/31/2026","3/31/2026","285.59","V-001702","50300","SPENCER"
"239352","32641CWS","39879","07266-26-01","07266-26-01-job","51-0820","","3/15/2026","3/15/2026","185.92","V-001702","50300","HIGGINS"
"272038","33251CWSP2","45582","07293-26-01","07293-26-01-job","57-0820","","4/30/2026","4/30/2026","332.5","V-001702","50300","SULLIVAN"
"196852","32438CWS","34095","07245-26-01","07245-26-01-job","54-0820","","2/28/2026","2/28/2026","455.07","V-001702","50300","JOHNSON"
"229525","32839CWSP1","38772","07275-26-01","07275-26-01-job","53-0820","","3/31/2026","3/31/2026","28.37","V-001702","50300","SPENCER"
"239354","32641CWS","39879","07214-26-01","07214-26-01-job","51-0820","","3/15/2026","3/15/2026","102","V-001702","50300","HIGGINS"
"273646","33251CWSP1","45590","07246-26-01","07246-26-01-job","51-0820","","4/30/2026","4/30/2026","109.26","V-001702","50300","HIBBS"
"196854","32438CWS","34095","07213-26-01","07213-26-01-job","54-0820","","2/28/2026","2/28/2026","104.26","V-001702","50300","JOHNSON"
"239356","32641CWS","39879","07211-26-01","07211-26-01-job","51-0820","","3/15/2026","3/15/2026","320.27","V-001702","50300","HILLBERRY"
"273648","33251CWSP1","45590","07201-26-01","07201-26-01-job","51-0820","","4/30/2026","4/30/2026","368.08","V-001702","50300","HIBBS"
"113236","318403","22194","07212-26-01","07212-26-01-job","51-0820","","1/15/2026","1/15/2026","675.52","V-001702","50300","KINNEY"
"235913","33052CWSP1","39420","07291-26-01","07291-26-01-job","49-0820","","4/15/2026","4/15/2026","467.08","V-001702","50300","HUMPHREY"
"118282","320302","22392","07250-26-01","07250-26-01-job","49-0820","","1/31/2026","1/31/2026","168.24","V-001702","50300","JEFFERSON"
"233789","33052CWSP2","39408","07226-26-01","07226-26-01-job","47-0820","","4/15/2026","4/15/2026","358.76","V-001702","50300","THORNE"
"273654","33251CWSP1","45590","07296-26-01","07296-26-01-job","51-0820","","4/30/2026","4/30/2026","92","V-001702","50300","HIGGINS"
"118286","320302","22392","07211-26-01","07211-26-01-job","51-0820","","1/31/2026","1/31/2026","122.62","V-001702","50300","JENKINS"
"196862","32438CWS","34095","07271-26-01","07271-26-01-job","54-0820","","2/28/2026","2/28/2026","100.91","V-001702","50300","JOHNSON"
"239364","32641CWS","39879","07195-26-01","07195-26-01-job","51-0820","","3/15/2026","3/15/2026","159.73","V-001702","50300","HILLBERRY"
"273656","33251CWSP1","45590","07331-26-01","07331-26-01-job","51-0820","","4/30/2026","4/30/2026","244","V-001702","50300","HIGGINS"
"118288","320302","22392","07222-26-01","07222-26-01-job","51-0820","","1/31/2026","1/31/2026","229.63","V-001702","50300","JENKINS"
"196864","32438CWS","34095","07272-26-01","07272-26-01-job","54-0820","","2/28/2026","2/28/2026","228.35","V-001702","50300","JOHNSON"
"228569","32839CWSP2","38770","07233-26-01","07233-26-01-job","51-0820","","3/31/2026","3/31/2026","718.48","V-001702","50300","HIBBS"
"239366","32641CWS","39879","07209-26-01","07209-26-01-job","51-0820","","3/15/2026","3/15/2026","514.65","V-001702","50300","HILLBERRY"
"196866","32438CWS","34095","07261-26-01","07261-26-01-job","54-0820","","2/28/2026","2/28/2026","151.14","V-001702","50300","JOHNSON"
"272054","33251CWSP2","45582","07327-26-01","07327-26-01-job","51-0820","","4/30/2026","4/30/2026","82.32","V-001702","50300","TELLERIA"
"273660","33251CWSP1","45590","07297-26-01","07297-26-01-job","51-0820","","4/30/2026","4/30/2026","678.29","V-001702","50300","HILLBERRY"
"233797","33052CWSP2","39408","07219-26-01","07219-26-01-job","47-0820","","4/15/2026","4/15/2026","508.49","V-001702","50300","THRASHER"
"272056","33251CWSP2","45582","07326-26-01","07326-26-01-job","51-0820","","4/30/2026","4/30/2026","117.1","V-001702","50300","TELLERIA"
"272058","33251CWSP2","45582","07235-26-01","07235-26-01-job","47-0820","","4/30/2026","4/30/2026","483.01","V-001702","50300","THORNE"
"229545","32839CWSP1","38772","07289-26-01","07289-26-01-job","51-0820","","3/31/2026","3/31/2026","324.69","V-001702","50300","STEWART"
"228579","32839CWSP2","38770","07227-26-01","07227-26-01-job","51-0820","","3/31/2026","3/31/2026","84.01","V-001702","50300","HIGGINS"
"229547","32839CWSP1","38772","07266-26-01","07266-26-01-job","51-0820","","3/31/2026","3/31/2026","62.5","V-001702","50300","STEWART"
"239376","32641CWS","39879","07272-26-01","07272-26-01-job","49-0820","","3/15/2026","3/15/2026","405.61","V-001702","50300","HUMPHREY"
"273668","33251CWSP1","45590","07336-26-01","07336-26-01-job","51-0820","","4/30/2026","4/30/2026","120","V-001702","50300","HILLBERRY"
"228581","32839CWSP2","38770","07261-26-01","07261-26-01-job","51-0820","","3/31/2026","3/31/2026","95","V-001702","50300","HIGGINS"
"229549","32839CWSP1","38772","07298-26-01","07298-26-01-job","51-0820","","3/31/2026","3/31/2026","275.18","V-001702","50300","STEWART"
"193126","32253CWS","33977","07245-26-01","07245-26-01-job","54-0820","","2/15/2026","2/15/2026","517.06","V-001702","50300","JOHNSON"
"228583","32839CWSP2","38770","07290-26-01","07290-26-01-job","51-0820","","3/31/2026","3/31/2026","100.01","V-001702","50300","HIGGINS"
"229551","32839CWSP1","38772","07297-26-01","07297-26-01-job","51-0820","","3/31/2026","3/31/2026","114.03","V-001702","50300","STEWART"
"233807","33052CWSP2","39408","07299-26-01","07299-26-01-job","51-0820","","4/15/2026","4/15/2026","260.29","V-001702","50300","TRIPLETT"
"239380","32641CWS","39879","07271-26-01","07271-26-01-job","49-0820","","3/15/2026","3/15/2026","448.9","V-001702","50300","HUMPHREY"
"193128","32253CWS","33977","07255-26-01","07255-26-01-job","54-0820","","2/15/2026","2/15/2026","40.26","V-001702","50300","JOHNSON"
"228585","32839CWSP2","38770","07289-26-01","07289-26-01-job","51-0820","","3/31/2026","3/31/2026","700.83","V-001702","50300","HILLBERRY"
"272068","33251CWSP2","45582","07286-26-01","07286-26-01-job","47-0820","","4/30/2026","4/30/2026","511.32","V-001702","50300","THRASHER"
"113262","318403","22194","07233-26-01","07233-26-01-job","52-0820","","1/15/2026","1/15/2026","155","V-001702","50300","LIGGETT"
"193130","32253CWS","33977","07171-26-01","07171-26-01-job","54-0820","","2/15/2026","2/15/2026","62.72","V-001702","50300","JOHNSON"
"235939","33052CWSP1","39420","07227-26-01","07227-26-01-job","54-0820","","4/15/2026","4/15/2026","135.02","V-001702","50300","JOHNSON"
"113264","318403","22194","07211-26-01","07211-26-01-job","52-0820","","1/15/2026","1/15/2026","160","V-001702","50300","LIGGETT"
"235941","33052CWSP1","39420","07268-26-01","07268-26-01-job","54-0820","","4/15/2026","4/15/2026","125.90","V-001702","50300","JOHNSON"
"273678","33251CWSP1","45590","07305-26-01","07305-26-01-job","49-0820","","4/30/2026","4/30/2026","390.51","V-001702","50300","HUMPHREY"
"113266","318403","22194","07221-26-01","07221-26-01-job","52-0820","","1/15/2026","1/15/2026","176","V-001702","50300","LIGGETT"
"193134","32253CWS","33977","07221-26-01","07221-26-01-job","54-0820","","2/15/2026","2/15/2026","94.25","V-001702","50300","JOHNSON"
"235943","33052CWSP1","39420","07261-26-01","07261-26-01-job","54-0820","","4/15/2026","4/15/2026","107.63","V-001702","50300","JOHNSON"
"113268","318403","22194","07194-26-01","07194-26-01-job","48-0820","","1/15/2026","1/15/2026","418.09","V-001702","50300","LUCAS"
"196888","32438CWS","34095","07252-26-01","07252-26-01-job","52-0820","","2/28/2026","2/28/2026","153","V-001702","50300","LIGGETT"
"228593","32839CWSP2","38770","07260-26-01","07260-26-01-job","51-0820","","3/31/2026","3/31/2026","71","V-001702","50300","HILLBERRY"
"273682","33251CWSP1","45590","07291-26-01","07291-26-01-job","49-0820","","4/30/2026","4/30/2026","474.97","V-001702","50300","HUMPHREY"
"196890","32438CWS","34095","07221-26-01","07221-26-01-job","48-0820","","2/28/2026","2/28/2026","272.01","V-001702","50300","LUCAS"
"228595","32839CWSP2","38770","07236-26-01","07236-26-01-job","51-0820","","3/31/2026","3/31/2026","107","V-001702","50300","HILLBERRY"
"233819","33052CWSP2","39408","07251-26-01","07251-26-01-job","46-0820","","4/15/2026","4/15/2026","469.08","V-001702","50300","VANCE"
"235947","33052CWSP1","39420","07245-26-01","07245-26-01-job","54-0820","","4/15/2026","4/15/2026","451.76","V-001702","50300","JOHNSON"
"118318","320302","22392","07254-26-01","07254-26-01-job","54-0820","","1/31/2026","1/31/2026","180.89","V-001702","50300","JOHNSON"
"235951","33052CWSP1","39420","07319-26-01","07319-26-01-job","54-0820","","4/15/2026","4/15/2026","127.32","V-001702","50300","JOHNSON"
"272082","33251CWSP2","45582","07335-26-01","07335-26-01-job","51-0820","","4/30/2026","4/30/2026","692.38","V-001702","50300","TRIPLETT"
"193144","32253CWS","33977","07240-26-01","07240-26-01-job","54-0820","","2/15/2026","2/15/2026","64.61","V-001702","50300","JOHNSON"
"235953","33052CWSP1","39420","07289-26-01","07289-26-01-job","54-0820","","4/15/2026","4/15/2026","239.77","V-001702","50300","JOHNSON"
"113278","318403","22194","07071-26-01","07071-26-01-job","53-0820","","1/15/2026","1/15/2026","388.28","V-001702","50300","LUSK"
"193146","32253CWS","33977","07259-26-01","07259-26-01-job","54-0820","","2/15/2026","2/15/2026","95.08","V-001702","50300","JOHNSON"
"196898","32438CWS","34095","07258-26-01","07258-26-01-job","53-0820","","2/28/2026","2/28/2026","309.79","V-001702","50300","LUSK"
"228603","32839CWSP2","38770","07297-26-01","07297-26-01-job","51-0820","","3/31/2026","3/31/2026","73.27","V-001702","50300","HILLBERRY"
"118324","320302","22392","07245-26-01","07245-26-01-job","54-0820","","1/31/2026","1/31/2026","309.80","V-001702","50300","JOHNSON"
"193148","32253CWS","33977","07198-26-01","07198-26-01-job","54-0820","","2/15/2026","2/15/2026","58.57","V-001702","50300","JOHNSON"
"196900","32438CWS","34095","07268-26-01","07268-26-01-job","53-0820","","2/28/2026","2/28/2026","172.57","V-001702","50300","LUSK"
"233829","33052CWSP2","39408","07239-26-01","07239-26-01-job","51-0820","","4/15/2026","4/15/2026","341.01","V-001702","50300","VANDRUFF"
"235957","33052CWSP1","39420","07317-26-01","07317-26-01-job","54-0820","","4/15/2026","4/15/2026","85.49","V-001702","50300","JOHNSON"
"113282","318403","22194","07227-26-01","07227-26-01-job","53-0820","","1/15/2026","1/15/2026","524.22","V-001702","50300","LUSK"
"196902","32438CWS","34095","07199-26-01","07199-26-01-job","53-0820","","2/28/2026","2/28/2026","348.95","V-001702","50300","LUSK"
"228607","32839CWSP2","38770","07272-26-01","07272-26-01-job","49-0820","","3/31/2026","3/31/2026","1056.02","V-001702","50300","HUMPHREY"
"273696","33251CWSP1","45590","07289-26-01","07289-26-01-job","47-0820","","4/30/2026","4/30/2026","269.51","V-001702","50300","ICE"
"193152","32253CWS","33977","07213-26-01","07213-26-01-job","54-0820","","2/15/2026","2/15/2026","161.83","V-001702","50300","JOHNSON"
"272092","33251CWSP2","45582","07251-26-01","07251-26-01-job","47-0820","","4/30/2026","4/30/2026","334.25","V-001702","50300","VANCE"
"273698","33251CWSP1","45590","07235-26-01","07235-26-01-job","47-0820","","4/30/2026","4/30/2026","75","V-001702","50300","ICE"
"118330","320302","22392","07247-26-01","07247-26-01-job","54-0820","","1/31/2026","1/31/2026","49.93","V-001702","50300","JOHNSON"
"273700","33251CWSP1","45590","07296-26-01","07296-26-01-job","48-0820","","4/30/2026","4/30/2026","54.63","V-001702","50300","ICE"
"113288","318403","22194","07255-26-01","07255-26-01-job","53-0820","","1/15/2026","1/15/2026","564.82","V-001702","50300","LUSK"
"193156","32253CWS","33977","07172-26-01","07172-26-01-job","54-0820","","2/15/2026","2/15/2026","82.74","V-001702","50300","JOHNSON"
"233837","33052CWSP2","39408","07152-26-01","07152-26-01-job","51-0820","","4/15/2026","4/15/2026","106.61","V-001702","50300","VINCENT"
"113290","318403","22194","07233-26-01","07233-26-01-job","53-0820","","1/15/2026","1/15/2026","26.87","V-001702","50300","LUSK"
"196910","32438CWS","34095","07267-26-01","07267-26-01-job","53-0820","","2/28/2026","2/28/2026","18.68","V-001702","50300","LUSK"
"235967","33052CWSP1","39420","07293-26-01","07293-26-01-job","54-0820","","4/15/2026","4/15/2026","65.3","V-001702","50300","JOHNSON"
"118336","320302","22392","07198-26-01","07198-26-01-job","54-0820","","1/31/2026","1/31/2026","215.46","V-001702","50300","JOHNSON"
"239414","32641CWS","39879","07272-26-01","07272-26-01-job","54-0820","","3/15/2026","3/15/2026","106.21","V-001702","50300","JOHNSON"
"272100","33251CWSP2","45582","07238-26-01","07238-26-01-job","51-0820","","4/30/2026","4/30/2026","145.01","V-001702","50300","VANDRUFF"
"113294","318403","22194","07241-26-01","07241-26-01-job","51-0820","","1/15/2026","1/15/2026","73.55","V-001702","50300","MARTINEZ"
"118338","320302","22392","07241-26-01","07241-26-01-job","54-0820","","1/31/2026","1/31/2026","111.5","V-001702","50300","JOHNSON"
"193162","32253CWS","33977","07203-26-01","07203-26-01-job","51-0820","","2/15/2026","2/15/2026","654.63","V-001702","50300","KINNEY"
"196914","32438CWS","34095","07261-26-01","07261-26-01-job","51-0820","","2/28/2026","2/28/2026","76.22","V-001702","50300","MARTINEZ"
"239416","32641CWS","39879","07255-26-01","07255-26-01-job","54-0820","","3/15/2026","3/15/2026","33.8","V-001702","50300","JOHNSON"
"272102","33251CWSP2","45582","07283-26-01","07283-26-01-job","51-0820","","4/30/2026","4/30/2026","42.01","V-001702","50300","VANDRUFF"
"113296","318403","22194","07248-26-01","07248-26-01-job","51-0820","","1/15/2026","1/15/2026","233.13","V-001702","50300","MARTINEZ"
"118340","320302","22392","07201-26-01","07201-26-01-job","51-0820","","1/31/2026","1/31/2026","1099.84","V-001702","50300","KINNEY"
"196916","32438CWS","34095","07249-26-01","07249-26-01-job","51-0820","","2/28/2026","2/28/2026","128.49","V-001702","50300","MARTINEZ"
"229589","32839CWSP1","38772","07251-26-01","07251-26-01-job","57-0820","","3/31/2026","3/31/2026","142.29","V-001702","50300","SULLIVAN"
"239418","32641CWS","39879","07261-26-01","07261-26-01-job","54-0820","","3/15/2026","3/15/2026","223.33","V-001702","50300","JOHNSON"
"272104","33251CWSP2","45582","07318-26-01","07318-26-01-job","51-0820","","4/30/2026","4/30/2026","106","V-001702","50300","VANDRUFF"
"113298","318403","22194","07197-26-01","07197-26-01-job","51-0820","","1/15/2026","1/15/2026","314.55","V-001702","50300","MCDONALD JR"
"196918","32438CWS","34095","07264-26-01","07264-26-01-job","51-0820","","2/28/2026","2/28/2026","952.04","V-001702","50300","MCDONALD JR"
"229591","32839CWSP1","38772","07307-26-01","07307-26-01-job","57-0820","","3/31/2026","3/31/2026","168.08","V-001702","50300","SULLIVAN"
"233847","33052CWSP2","39408","07258-26-01","07258-26-01-job","47-0820","","4/15/2026","4/15/2026","99.15","V-001702","50300","WEAVER"
"235975","33052CWSP1","39420","07262-26-01","07262-26-01-job","53-0820","","4/15/2026","4/15/2026","270","V-001702","50300","KOVALCK"
"239420","32641CWS","39879","07270-26-01","07270-26-01-job","54-0820","","3/15/2026","3/15/2026","114.89","V-001702","50300","JOHNSON"
"193168","32253CWS","33977","07232-26-01","07232-26-01-job","53-0820","","2/15/2026","2/15/2026","103.01","V-001702","50300","KOVALCK"
"229593","32839CWSP1","38772","07246-26-01","07246-26-01-job","57-0820","","3/31/2026","3/31/2026","94.60","V-001702","50300","SULLIVAN"
"235977","33052CWSP1","39420","07286-26-01","07286-26-01-job","52-0820","","4/15/2026","4/15/2026","173.66","V-001702","50300","LEIGHTY"
"273714","33251CWSP1","45590","07266-26-01","07266-26-01-job","51-0820","","4/30/2026","4/30/2026","243.0","V-001702","50300","JENKINS"
"235979","33052CWSP1","39420","07207-26-01","07207-26-01-job","52-0820","","4/15/2026","4/15/2026","205.07","V-001702","50300","LEIGHTY"
"239424","32641CWS","39879","07245-26-01","07245-26-01-job","54-0820","","3/15/2026","3/15/2026","410.89","V-001702","50300","JOHNSON"
"113304","318403","22194","07198-26-01","07198-26-01-job","51-0820","","1/15/2026","1/15/2026","216.95","V-001702","50300","MCDONALD JR"
"193172","32253CWS","33977","07194-26-01","07194-26-01-job","53-0820","","2/15/2026","2/15/2026","350","V-001702","50300","KOVALCK"
"233857","33052CWSP2","39408","07306-26-01","07306-26-01-job","51-0820","","4/15/2026","4/15/2026","266.09","V-001702","50300","WHEATON"
"239430","32641CWS","39879","07269-26-01","07269-26-01-job","54-0820","","3/15/2026","3/15/2026","166.25","V-001702","50300","JOHNSON"
"113310","318403","22194","07230-26-01","07230-26-01-job","47-0825","","1/15/2026","1/15/2026","55.81","V-001702","50300","MOATS"
"196930","32438CWS","34095","07221-26-01","07221-26-01-job","47-0825","","2/28/2026","2/28/2026","134.51","V-001702","50300","MOATS"
"239432","32641CWS","39879","07271-26-01","07271-26-01-job","54-0820","","3/15/2026","3/15/2026","165.49","V-001702","50300","JOHNSON"
"272118","33251CWSP2","45582","07300-26-01","07300-26-01-job","47-0820","","4/30/2026","4/30/2026","454.07","V-001702","50300","WEAVER"
"113312","318403","22194","07241-26-01","07241-26-01-job","47-0825","","1/15/2026","1/15/2026","44.2","V-001702","50300","MOATS"
"193180","32253CWS","33977","07227-26-01","07227-26-01-job","52-0820","","2/15/2026","2/15/2026","165","V-001702","50300","LIGGETT"
"233861","33052CWSP2","39408","07266-26-01","07266-26-01-job","47-0820","","4/15/2026","4/15/2026","365.96","V-001702","50300","WILSON"
"235989","33052CWSP1","39420","07293-26-01","07293-26-01-job","48-0820","","4/15/2026","4/15/2026","674","V-001702","50300","LUCAS"
"239434","32641CWS","39879","07247-26-01","07247-26-01-job","54-0820","","3/15/2026","3/15/2026","163.11","V-001702","50300","JOHNSON"
"113314","318403","22194","07221-26-01","07221-26-01-job","47-0825","","1/15/2026","1/15/2026","65.85","V-001702","50300","MOATS"
"118358","320302","22392","07204-26-01","07204-26-01-job","53-0820","","1/31/2026","1/31/2026","182.49","V-001702","50300","KOVALCK"
"193182","32253CWS","33977","07267-26-01","07267-26-01-job","52-0820","","2/15/2026","2/15/2026","311","V-001702","50300","LIGGETT"
"196934","32438CWS","34095","07261-26-01","07261-26-01-job","47-0825","","2/28/2026","2/28/2026","68.41","V-001702","50300","MOATS"
"113316","318403","22194","07213-26-01","07213-26-01-job","47-0825","","1/15/2026","1/15/2026","64.9","V-001702","50300","MOATS"
"196936","32438CWS","34095","07240-26-01","07240-26-01-job","47-0825","","2/28/2026","2/28/2026","87.16","V-001702","50300","MOATS"
"273730","33251CWSP1","45590","07293-26-01","07293-26-01-job","54-0820","","4/30/2026","4/30/2026","171.44","V-001702","50300","JOHNSON"
"118362","320302","22392","07155-26-01","07155-26-01-job","53-0820","","1/31/2026","1/31/2026","130","V-001702","50300","KOVALCK"
"193186","32253CWS","33977","07252-26-01","07252-26-01-job","52-0820","","2/15/2026","2/15/2026","150","V-001702","50300","LIGGETT"
"273732","33251CWSP1","45590","07245-26-01","07245-26-01-job","54-0820","","4/30/2026","4/30/2026","283.47","V-001702","50300","JOHNSON"
"118364","320302","22392","07234-26-01","07234-26-01-job","52-0820","","1/31/2026","1/31/2026","101.47","V-001702","50300","LEIGHTY"
"193188","32253CWS","33977","07221-26-01","07221-26-01-job","48-0820","","2/15/2026","2/15/2026","432","V-001702","50300","LUCAS"
"233869","33052CWSP2","39408","07290-26-01","07290-26-01-job","47-0820","","4/15/2026","4/15/2026","892.03","V-001702","50300","WRIGHT"
"239442","32641CWS","39879","07288-26-01","07288-26-01-job","54-0820","","3/15/2026","3/15/2026","377.31","V-001702","50300","JOHNSON"
"273734","33251CWSP1","45590","07267-26-01","07267-26-01-job","54-0820","","4/30/2026","4/30/2026","90.65","V-001702","50300","JOHNSON"
"118366","320302","22392","07236-26-01","07236-26-01-job","52-0820","","1/31/2026","1/31/2026","160","V-001702","50300","LIGGETT"
"273736","33251CWSP1","45590","07314-26-01","07314-26-01-job","54-0820","","4/30/2026","4/30/2026","191.90","V-001702","50300","JOHNSON"
"118368","320302","22392","07198-26-01","07198-26-01-job","52-0820","","1/31/2026","1/31/2026","172","V-001702","50300","LIGGETT"
"196944","32438CWS","34095","07212-26-01","07212-26-01-job","47-0820","","2/28/2026","2/28/2026","416.01","V-001702","50300","MOATS II"
"229617","32839CWSP1","38772","07248-26-01","07248-26-01-job","51-0820","","3/31/2026","3/31/2026","80.53","V-001702","50300","TELLERIA"
"118370","320302","22392","07221-26-01","07221-26-01-job","48-0820","","1/31/2026","1/31/2026","391","V-001702","50300","LUCAS"
"228651","32839CWSP2","38770","07240-26-01","07240-26-01-job","51-0820","","3/31/2026","3/31/2026","64","V-001702","50300","JENKINS"
"236003","33052CWSP1","39420","07280-26-01","07280-26-01-job","53-0820","","4/15/2026","4/15/2026","24.63","V-001702","50300","LUSK"
"228653","32839CWSP2","38770","07000-26-01","07000-26-01-job","51-0820","","3/31/2026","3/31/2026","143.50","V-001702","50300","JENKINS"
"229621","32839CWSP1","38772","07235-26-01","07235-26-01-job","47-0820","","3/31/2026","3/31/2026","445.64","V-001702","50300","THORNE"
"236005","33052CWSP1","39420","07201-26-01","07201-26-01-job","53-0820","","4/15/2026","4/15/2026","517.25","V-001702","50300","LUSK"
"113330","318403","22194","07212-26-01","07212-26-01-job","47-0820","","1/15/2026","1/15/2026","433.29","V-001702","50300","MOATS II"
"193198","32253CWS","33977","07252-26-01","07252-26-01-job","53-0820","","2/15/2026","2/15/2026","374.92","V-001702","50300","LUSK"
"236007","33052CWSP1","39420","07310-26-01","07310-26-01-job","53-0820","","4/15/2026","4/15/2026","326.77","V-001702","50300","LUSK"
"239452","32641CWS","39879","07268-26-01","07268-26-01-job","47-0820","","3/15/2026","3/15/2026","385","V-001702","50300","LIGGETT"
"273744","33251CWSP1","45590","07331-26-01","07331-26-01-job","54-0820","","4/30/2026","4/30/2026","70","V-001702","50300","JOHNSON"
"193200","32253CWS","33977","07266-26-01","07266-26-01-job","53-0820","","2/15/2026","2/15/2026","21.84","V-001702","50300","LUSK"
"236009","33052CWSP1","39420","07286-26-01","07286-26-01-job","53-0820","","4/15/2026","4/15/2026","22.97","V-001702","50300","LUSK"
"273746","33251CWSP1","45590","07238-26-01","07238-26-01-job","54-0820","","4/30/2026","4/30/2026","61.67","V-001702","50300","JOHNSON"
"236011","33052CWSP1","39420","07300-26-01","07300-26-01-job","53-0820","","4/15/2026","4/15/2026","501.71","V-001702","50300","LUSK"
"239456","32641CWS","39879","07299-26-01","07299-26-01-job","47-0820","","3/15/2026","3/15/2026","230.01","V-001702","50300","LIGGETT"
"193204","32253CWS","33977","07196-26-01","07196-26-01-job","53-0820","","2/15/2026","2/15/2026","277.95","V-001702","50300","LUSK"
"228661","32839CWSP2","38770","07245-26-01","07245-26-01-job","54-0820","","3/31/2026","3/31/2026","484.80","V-001702","50300","JOHNSON"
"236013","33052CWSP1","39420","07266-26-01","07266-26-01-job","53-0820","","4/15/2026","4/15/2026","25.21","V-001702","50300","LUSK"
"239458","32641CWS","39879","07266-26-01","07266-26-01-job","47-0820","","3/15/2026","3/15/2026","534.03","V-001702","50300","LIGGETT"
"273750","33251CWSP1","45590","07294-26-01","07294-26-01-job","54-0820","","4/30/2026","4/30/2026","87.92","V-001702","50300","JOHNSON"
"193206","32253CWS","33977","07264-26-01","07264-26-01-job","53-0820","","2/15/2026","2/15/2026","13.46","V-001702","50300","LUSK"
"196958","32438CWS","34095","07235-26-01","07235-26-01-job","47-0820","","2/28/2026","2/28/2026","327.70","V-001702","50300","MONTGOMERY"
"228663","32839CWSP2","38770","07187-26-01","07187-26-01-job","54-0820","","3/31/2026","3/31/2026","128.37","V-001702","50300","JOHNSON"
"229631","32839CWSP1","38772","07219-26-01","07219-26-01-job","47-0820","","3/31/2026","3/31/2026","459.67","V-001702","50300","THRASHER"
"236015","33052CWSP1","39420","07287-26-01","07287-26-01-job","53-0820","","4/15/2026","4/15/2026","490.14","V-001702","50300","LUSK"
"273752","33251CWSP1","45590","07258-26-01","07258-26-01-job","54-0820","","4/30/2026","4/30/2026","67.94","V-001702","50300","JOHNSON"
"118384","320302","22392","07220-26-01","07220-26-01-job","53-0820","","1/31/2026","1/31/2026","21.15","V-001702","50300","LUSK"
"193208","32253CWS","33977","07180-26-01","07180-26-01-job","53-0820","","2/15/2026","2/15/2026","85.84","V-001702","50300","LUSK"
"228665","32839CWSP2","38770","07221-26-01","07221-26-01-job","54-0820","","3/31/2026","3/31/2026","75.53","V-001702","50300","JOHNSON"
"272148","33251CWSP2","45582","07291-26-01","07291-26-01-job","53-0820","","4/30/2026","4/30/2026","554.71","V-001702","50300","WRAY"
"118386","320302","22392","07261-26-01","07261-26-01-job","53-0820","","1/31/2026","1/31/2026","281.13","V-001702","50300","LUSK"
"193210","32253CWS","33977","07212-26-01","07212-26-01-job","53-0820","","2/15/2026","2/15/2026","24.8","V-001702","50300","LUSK"
"233891","33052CWSP2","39408","07267-26-01","07267-26-01-job","47-0825","","4/15/2026","4/15/2026","130.15","V-001702","50300","YEARSLEY"
"272150","33251CWSP2","45582","07316-26-01","07316-26-01-job","53-0820","","4/30/2026","4/30/2026","535.82","V-001702","50300","WRAY"
"273756","33251CWSP1","45590","07147-26-01","07147-26-01-job","54-0820","","4/30/2026","4/30/2026","68.57","V-001702","50300","JOHNSON"
"118388","320302","22392","07203-26-01","07203-26-01-job","53-0820","","1/31/2026","1/31/2026","422.12","V-001702","50300","LUSK"
"193212","32253CWS","33977","07235-26-01","07235-26-01-job","53-0820","","2/15/2026","2/15/2026","136.8","V-001702","50300","LUSK"
"196964","32438CWS","34095","07252-26-01","07252-26-01-job","47-0820","","2/28/2026","2/28/2026","536.5","V-001702","50300","MOORE"
"233893","33052CWSP2","39408","07290-26-01","07290-26-01-job","47-0825","","4/15/2026","4/15/2026","126.38","V-001702","50300","YEARSLEY"
"236021","33052CWSP1","39420","07195-26-01","07195-26-01-job","53-0820","","4/15/2026","4/15/2026","337.24","V-001702","50300","LUSK"
"273758","33251CWSP1","45590","07334-26-01","07334-26-01-job","53-0820","","4/30/2026","4/30/2026","500","V-001702","50300","KOVALCK"
"118390","320302","22392","07238-26-01","07238-26-01-job","53-0820","","1/31/2026","1/31/2026","694.80","V-001702","50300","LUSK"
"273760","33251CWSP1","45590","07238-26-01","07238-26-01-job","52-0820","","4/30/2026","4/30/2026","140.73","V-001702","50300","LEIGHTY"
"228673","32839CWSP2","38770","07239-26-01","07239-26-01-job","54-0820","","3/31/2026","3/31/2026","57.61","V-001702","50300","JOHNSON"
"236025","33052CWSP1","39420","07304-26-01","07304-26-01-job","51-0820","","4/15/2026","4/15/2026","169","V-001702","50300","MCDANIEL"
"272156","33251CWSP2","45582","07294-26-01","07294-26-01-job","53-0820","","4/30/2026","4/30/2026","294.57","V-001702","50300","WRAY"
"273762","33251CWSP1","45590","07332-26-01","07332-26-01-job","47-0820","","4/30/2026","4/30/2026","246","V-001702","50300","LIGGETT"
"113350","318403","22194","07197-26-01","07197-26-01-job","47-0820","","1/15/2026","1/15/2026","299","V-001702","50300","MOORE"
"193218","32253CWS","33977","07260-26-01","07260-26-01-job","51-0820","","2/15/2026","2/15/2026","84.49","V-001702","50300","MARTINEZ"
"228675","32839CWSP2","38770","07301-26-01","07301-26-01-job","54-0820","","3/31/2026","3/31/2026","45.44","V-001702","50300","JOHNSON"
"236027","33052CWSP1","39420","07286-26-01","07286-26-01-job","51-0820","","4/15/2026","4/15/2026","392.36","V-001702","50300","MCDONALD JR"
"272158","33251CWSP2","45582","07280-26-01","07280-26-01-job","53-0820","","4/30/2026","4/30/2026","537.35","V-001702","50300","WRAY"
"273764","33251CWSP1","45590","07341-26-01","07341-26-01-job","47-0820","","4/30/2026","4/30/2026","256","V-001702","50300","LIGGETT"
"193220","32253CWS","33977","07252-26-01","07252-26-01-job","51-0820","","2/15/2026","2/15/2026","653.91","V-001702","50300","MCDONALD JR"
"228677","32839CWSP2","38770","07288-26-01","07288-26-01-job","54-0820","","3/31/2026","3/31/2026","248.93","V-001702","50300","JOHNSON"
"273766","33251CWSP1","45590","07339-26-01","07339-26-01-job","47-0820","","4/30/2026","4/30/2026","270.01","V-001702","50300","LIGGETT"
"118398","320302","22392","07244-26-01","07244-26-01-job","51-0820","","1/31/2026","1/31/2026","145.02","V-001702","50300","MARTINEZ"
"228679","32839CWSP2","38770","07206-26-01","07206-26-01-job","54-0820","","3/31/2026","3/31/2026","175.83","V-001702","50300","JOHNSON"
"229647","32839CWSP1","38772","07299-26-01","07299-26-01-job","51-0820","","3/31/2026","3/31/2026","249.19","V-001702","50300","TRIPLETT"
"272162","33251CWSP2","45582","07310-26-01","07310-26-01-job","53-0820","","4/30/2026","4/30/2026","1148.49","V-001702","50300","WRAY"
"118400","320302","22392","07220-26-01","07220-26-01-job","51-0820","","1/31/2026","1/31/2026","75.54","V-001702","50300","MARTINEZ"
"196976","32438CWS","34095","07232-26-01","07232-26-01-job","54-0820","","2/28/2026","2/28/2026","73","V-001702","50300","MULLINS"
"228681","32839CWSP2","38770","07291-26-01","07291-26-01-job","54-0820","","3/31/2026","3/31/2026","76.65","V-001702","50300","JOHNSON"
"239478","32641CWS","39879","07227-26-01","07227-26-01-job","53-0820","","3/15/2026","3/15/2026","19.84","V-001702","50300","LUSK"
"113358","318403","22194","07242-26-01","07242-26-01-job","51-0820","","1/15/2026","1/15/2026","54","V-001702","50300","MULLINS"
"196978","32438CWS","34095","07278-26-01","07278-26-01-job","54-0820","","2/28/2026","2/28/2026","65.09","V-001702","50300","MULLINS"
"236035","33052CWSP1","39420","07261-26-01","07261-26-01-job","48-0825","","4/15/2026","4/15/2026","93.15","V-001702","50300","MOATS"
"239480","32641CWS","39879","07157-26-01","07157-26-01-job","53-0820","","3/15/2026","3/15/2026","300.56","V-001702","50300","LUSK"
"113360","318403","22194","07213-26-01","07213-26-01-job","51-0820","","1/15/2026","1/15/2026","67.5","V-001702","50300","MULLINS"
"118404","320302","22392","07252-26-01","07252-26-01-job","51-0820","","1/31/2026","1/31/2026","641.31","V-001702","50300","MCDONALD JR"
"196980","32438CWS","34095","07114-26-01","07114-26-01-job","54-0820","","2/28/2026","2/28/2026","74","V-001702","50300","MULLINS"
"228685","32839CWSP2","38770","07305-26-01","07305-26-01-job","54-0820","","3/31/2026","3/31/2026","61.09","V-001702","50300","JOHNSON"
"236037","33052CWSP1","39420","07317-26-01","07317-26-01-job","48-0825","","4/15/2026","4/15/2026","64.16","V-001702","50300","MOATS"
"193230","32253CWS","33977","07267-26-01","07267-26-01-job","47-0825","","2/15/2026","2/15/2026","60.32","V-001702","50300","MOATS"
"196982","32438CWS","34095","07252-26-01","07252-26-01-job","54-0820","","2/28/2026","2/28/2026","37.04","V-001702","50300","MULLINS"
"228687","32839CWSP2","38770","07268-26-01","07268-26-01-job","54-0820","","3/31/2026","3/31/2026","339.32","V-001702","50300","JOHNSON"
"229655","32839CWSP1","38772","07187-26-01","07187-26-01-job","47-0820","","3/31/2026","3/31/2026","581.00","V-001702","50300","VANCE"
"236039","33052CWSP1","39420","07267-26-01","07267-26-01-job","47-0825","","4/15/2026","4/15/2026","112.46","V-001702","50300","MOATS"
"239484","32641CWS","39879","07289-26-01","07289-26-01-job","53-0820","","3/15/2026","3/15/2026","26.05","V-001702","50300","LUSK"
"193232","32253CWS","33977","07201-26-01","07201-26-01-job","47-0825","","2/15/2026","2/15/2026","67.39","V-001702","50300","MOATS"
"196984","32438CWS","34095","07246-26-01","07246-26-01-job","57-0820","","2/28/2026","2/28/2026","1380.26","V-001702","50300","PALMER"
"236041","33052CWSP1","39420","07235-26-01","07235-26-01-job","47-0825","","4/15/2026","4/15/2026","90.92","V-001702","50300","MOATS"
"273778","33251CWSP1","45590","07296-26-01","07296-26-01-job","53-0820","","4/30/2026","4/30/2026","32.66","V-001702","50300","LUSK"
"193234","32253CWS","33977","07187-26-01","07187-26-01-job","47-0825","","2/15/2026","2/15/2026","83.66","V-001702","50300","MOATS"
"236043","33052CWSP1","39420","07268-26-01","07268-26-01-job","51-0820","","4/15/2026","4/15/2026","444.52","V-001702","50300","MOATS"
"273780","33251CWSP1","45590","07289-26-01","07289-26-01-job","53-0820","","4/30/2026","4/30/2026","273.42","V-001702","50300","LUSK"
"113368","318403","22194","07222-26-01","07222-26-01-job","51-0820","","1/15/2026","1/15/2026","39","V-001702","50300","MULLINS"
"193236","32253CWS","33977","07226-26-01","07226-26-01-job","47-0825","","2/15/2026","2/15/2026","72.84","V-001702","50300","MOATS"
"228693","32839CWSP2","38770","07201-26-01","07201-26-01-job","54-0820","","3/31/2026","3/31/2026","72.09","V-001702","50300","JOHNSON"
"273782","33251CWSP1","45590","07266-26-01","07266-26-01-job","53-0820","","4/30/2026","4/30/2026","21.12","V-001702","50300","LUSK"
"113370","318403","22194","07246-26-01","07246-26-01-job","57-0820","","1/15/2026","1/15/2026","1038.21","V-001702","50300","PALMER"
"193238","32253CWS","33977","07239-26-01","07239-26-01-job","51-0820","","2/15/2026","2/15/2026","178.62","V-001702","50300","MOATS"
"113372","318403","22194","07260-26-01","07260-26-01-job","51-0820","","1/15/2026","1/15/2026","146","V-001702","50300","PATTERSON"
"118416","320302","22392","07201-26-01","07201-26-01-job","47-0825","","1/31/2026","1/31/2026","61.9","V-001702","50300","MOATS"
"118418","320302","22392","07147-26-01","07147-26-01-job","47-0825","","1/31/2026","1/31/2026","147.15","V-001702","50300","MOATS"
"228699","32839CWSP2","38770","07227-26-01","07227-26-01-job","54-0820","","3/31/2026","3/31/2026","132.92","V-001702","50300","JOHNSON"
"239496","32641CWS","39879","07286-26-01","07286-26-01-job","51-0820","","3/15/2026","3/15/2026","184.52","V-001702","50300","MCDONALD JR"
"113376","318403","22194","07224-26-01","07224-26-01-job","57-0820","","1/15/2026","1/15/2026","1633.08","V-001702","50300","PECK"
"228701","32839CWSP2","38770","07251-26-01","07251-26-01-job","54-0820","","3/31/2026","3/31/2026","152.53","V-001702","50300","JOHNSON"
"229669","32839CWSP1","38772","07239-26-01","07239-26-01-job","51-0820","","3/31/2026","3/31/2026","272","V-001702","50300","VANDRUFF"
"273790","33251CWSP1","45590","07032-26-01","07032-26-01-job","53-0820","","4/30/2026","4/30/2026","245.04","V-001702","50300","LUSK"
"118422","320302","22392","07187-26-01","07187-26-01-job","47-0825","","1/31/2026","1/31/2026","127.16","V-001702","50300","MOATS"
"229671","32839CWSP1","38772","07284-26-01","07284-26-01-job","51-0820","","3/31/2026","3/31/2026","70","V-001702","50300","VANDRUFF"
"239500","32641CWS","39879","07206-26-01","07206-26-01-job","51-0820","","3/15/2026","3/15/2026","303.10","V-001702","50300","MCDONALD JR"
"273792","33251CWSP1","45590","07201-26-01","07201-26-01-job","53-0820","","4/30/2026","4/30/2026","25.67","V-001702","50300","LUSK"
"113380","318403","22194","07250-26-01","07250-26-01-job","57-0820","","1/15/2026","1/15/2026","986.36","V-001702","50300","PECK"
"197000","32438CWS","34095","07271-26-01","07271-26-01-job","57-0820","","2/28/2026","2/28/2026","1758.49","V-001702","50300","PECK"
"193250","32253CWS","33977","07212-26-01","07212-26-01-job","47-0820","","2/15/2026","2/15/2026","581.28","V-001702","50300","MOATS II"
"228707","32839CWSP2","38770","07261-26-01","07261-26-01-job","54-0820","","3/31/2026","3/31/2026","80.26","V-001702","50300","JOHNSON"
"229675","32839CWSP1","38772","07304-26-01","07304-26-01-job","51-0820","","3/31/2026","3/31/2026","108.01","V-001702","50300","VANDRUFF"
"273796","33251CWSP1","45590","07318-26-01","07318-26-01-job","51-0820","","4/30/2026","4/30/2026","147","V-001702","50300","MCDANIEL"
"113384","318403","22194","07242-26-01","07242-26-01-job","57-0820","","1/15/2026","1/15/2026","603.96","V-001702","50300","PECK"
"228709","32839CWSP2","38770","07266-26-01","07266-26-01-job","54-0820","","3/31/2026","3/31/2026","105","V-001702","50300","JOHNSON"
"239506","32641CWS","39879","07230-26-01","07230-26-01-job","47-0825","","3/15/2026","3/15/2026","47.94","V-001702","50300","MOATS"
"272192","33251CWSP2","45582","07251-26-01","07251-26-01-job","47-0825","","4/30/2026","4/30/2026","129.44","V-001702","50300","YEARSLEY"
"273798","33251CWSP1","45590","07284-26-01","07284-26-01-job","51-0820","","4/30/2026","4/30/2026","172","V-001702","50300","MCDANIEL"
"197006","32438CWS","34095","07227-26-01","07227-26-01-job","48-0820","","2/28/2026","2/28/2026","329.22","V-001702","50300","PIERCE"
"228711","32839CWSP2","38770","07233-26-01","07233-26-01-job","53-0820","","3/31/2026","3/31/2026","112","V-001702","50300","KOVALCK"
"239508","32641CWS","39879","07299-26-01","07299-26-01-job","47-0825","","3/15/2026","3/15/2026","69.49","V-001702","50300","MOATS"
"273800","33251CWSP1","45590","07334-26-01","07334-26-01-job","51-0820","","4/30/2026","4/30/2026","95.42","V-001702","50300","MCDONALD JR"
"113388","318403","22194","07234-26-01","07234-26-01-job","57-0820","","1/15/2026","1/15/2026","666.62","V-001702","50300","PECK"
"228713","32839CWSP2","38770","07222-26-01","07222-26-01-job","53-0820","","3/31/2026","3/31/2026","193","V-001702","50300","KOVALCK"
"239510","32641CWS","39879","07268-26-01","07268-26-01-job","47-0825","","3/15/2026","3/15/2026","79.46","V-001702","50300","MOATS"
"113390","318403","22194","07254-26-01","07254-26-01-job","57-0820","","1/15/2026","1/15/2026","1518.91","V-001702","50300","PECK"
"228715","32839CWSP2","38770","07282-26-01","07282-26-01-job","53-0820","","3/31/2026","3/31/2026","1320.27","V-001702","50300","KOVALCK"
"239512","32641CWS","39879","07261-26-01","07261-26-01-job","47-0825","","3/15/2026","3/15/2026","85.39","V-001702","50300","MOATS"
"228717","32839CWSP2","38770","07283-26-01","07283-26-01-job","53-0820","","3/31/2026","3/31/2026","173","V-001702","50300","KOVALCK"
"118438","320302","22392","07212-26-01","07212-26-01-job","47-0820","","1/31/2026","1/31/2026","320.60","V-001702","50300","MOATS II"
"228719","32839CWSP2","38770","07290-26-01","07290-26-01-job","53-0820","","3/31/2026","3/31/2026","156.62","V-001702","50300","KOVALCK"
"228721","32839CWSP2","38770","07280-26-01","07280-26-01-job","52-0820","","3/31/2026","3/31/2026","111.27","V-001702","50300","LEIGHTY"
"228723","32839CWSP2","38770","07239-26-01","07239-26-01-job","52-0820","","3/31/2026","3/31/2026","151.28","V-001702","50300","LEIGHTY"
"229691","32839CWSP1","38772","07266-26-01","07266-26-01-job","47-0820","","3/31/2026","3/31/2026","635.80","V-001702","50300","WEAVER"
"239520","32641CWS","39879","07212-26-01","07212-26-01-job","47-0820","","3/15/2026","3/15/2026","712.74","V-001702","50300","MOATS II"
"197020","32438CWS","34095","07226-26-01","07226-26-01-job","57-0820","","2/28/2026","2/28/2026","549.15","V-001702","50300","PRICE"
"228725","32839CWSP2","38770","07266-26-01","07266-26-01-job","51-0820","","3/31/2026","3/31/2026","238.21","V-001702","50300","LIGGETT"
"197022","32438CWS","34095","07213-26-01","07213-26-01-job","47-0820","","2/28/2026","2/28/2026","327","V-001702","50300","RAMSEY"
"228727","32839CWSP2","38770","07280-26-01","07280-26-01-job","51-0820","","3/31/2026","3/31/2026","208.54","V-001702","50300","LIGGETT"
"193272","32253CWS","33977","07198-26-01","07198-26-01-job","47-0820","","2/15/2026","2/15/2026","644","V-001702","50300","MOORE"
"228729","32839CWSP2","38770","07196-26-01","07196-26-01-job","51-0820","","3/31/2026","3/31/2026","237","V-001702","50300","LIGGETT"
"118450","320302","22392","07241-26-01","07241-26-01-job","48-0820","","1/31/2026","1/31/2026","363","V-001702","50300","MONTGOMERY"
"228731","32839CWSP2","38770","07221-26-01","07221-26-01-job","48-0820","","3/31/2026","3/31/2026","620","V-001702","50300","LUCAS"
"118452","320302","22392","07198-26-01","07198-26-01-job","47-0820","","1/31/2026","1/31/2026","536","V-001702","50300","MOORE"
"113412","318403","22194","07234-26-01","07234-26-01-job","48-0820","","1/15/2026","1/15/2026","189.56","V-001702","50300","PIERCE"
"197034","32438CWS","34095","07267-26-01","07267-26-01-job","47-0820","","2/28/2026","2/28/2026","204","V-001702","50300","RAMSEY"
"229709","32839CWSP1","38772","07290-26-01","07290-26-01-job","47-0820","","3/31/2026","3/31/2026","838.03","V-001702","50300","WRIGHT"
"239538","32641CWS","39879","07269-26-01","07269-26-01-job","46-0820","","3/15/2026","3/15/2026","85.30","V-001702","50300","MONTGOMERY"
"193286","32253CWS","33977","07233-26-01","07233-26-01-job","54-0820","","2/15/2026","2/15/2026","191.5","V-001702","50300","MULLINS"
"228743","32839CWSP2","38770","07254-26-01","07254-26-01-job","53-0820","","3/31/2026","3/31/2026","20","V-001702","50300","LUSK"
"239540","32641CWS","39879","07270-26-01","07270-26-01-job","46-0820","","3/15/2026","3/15/2026","49.65","V-001702","50300","MONTGOMERY"
"118464","320302","22392","07216-26-01","07216-26-01-job","54-0820","","1/31/2026","1/31/2026","55.5","V-001702","50300","MULLINS"
"197040","32438CWS","34095","07272-26-01","07272-26-01-job","53-0820","","2/28/2026","2/28/2026","69","V-001702","50300","REBOLD"
"118466","320302","22392","07211-26-01","07211-26-01-job","54-0820","","1/31/2026","1/31/2026","45","V-001702","50300","MULLINS"
"197042","32438CWS","34095","07213-26-01","07213-26-01-job","53-0820","","2/28/2026","2/28/2026","93","V-001702","50300","REBOLD"
"239544","32641CWS","39879","07252-26-01","07252-26-01-job","47-0820","","3/15/2026","3/15/2026","790.25","V-001702","50300","MOORE"
"113424","318403","22194","07213-26-01","07213-26-01-job","47-0820","","1/15/2026","1/15/2026","417","V-001702","50300","RAMSEY"
"193292","32253CWS","33977","07226-26-01","07226-26-01-job","54-0820","","2/15/2026","2/15/2026","105","V-001702","50300","MULLINS"
"228749","32839CWSP2","38770","07299-26-01","07299-26-01-job","53-0820","","3/31/2026","3/31/2026","154.75","V-001702","50300","LUSK"
"197046","32438CWS","34095","07187-26-01","07187-26-01-job","53-0820","","2/28/2026","2/28/2026","95.5","V-001702","50300","REBOLD"
"193296","32253CWS","33977","07246-26-01","07246-26-01-job","57-0820","","2/15/2026","2/15/2026","1694.52","V-001702","50300","PALMER"
"197048","32438CWS","34095","07234-26-01","07234-26-01-job","53-0820","","2/28/2026","2/28/2026","115.85","V-001702","50300","REBOLD"
"118474","320302","22392","07250-26-01","07250-26-01-job","54-0820","","1/31/2026","1/31/2026","66.5","V-001702","50300","MULLINS"
"228755","32839CWSP2","38770","07234-26-01","07234-26-01-job","53-0820","","3/31/2026","3/31/2026","239.3","V-001702","50300","LUSK"
"118476","320302","22392","07194-26-01","07194-26-01-job","57-0820","","1/31/2026","1/31/2026","259.12","V-001702","50300","PALMER"
"197052","32438CWS","34095","07261-26-01","07261-26-01-job","48-0820","","2/28/2026","2/28/2026","346","V-001702","50300","RILEY"
"118478","320302","22392","07216-26-01","07216-26-01-job","57-0820","","1/31/2026","1/31/2026","1014.23","V-001702","50300","PALMER"
"118480","320302","22392","07256-26-01","07256-26-01-job","57-0820","","1/31/2026","1/31/2026","649.19","V-001702","50300","PALMER"
"193304","32253CWS","33977","07201-26-01","07201-26-01-job","51-0820","","2/15/2026","2/15/2026","77.35","V-001702","50300","PATTERSON"
"228761","32839CWSP2","38770","07286-26-01","07286-26-01-job","51-0820","","3/31/2026","3/31/2026","375.68","V-001702","50300","MCDONALD JR"
"113438","318403","22194","07271-26-01","07271-26-01-job","57-0820","","1/15/2026","1/15/2026","183","V-001702","50300","REBOLD"
"118482","320302","22392","07254-26-01","07254-26-01-job","57-0820","","1/31/2026","1/31/2026","1066.44","V-001702","50300","PALMER"
"229731","32839CWSP1","38772","07102-26-01","07102-26-01-job","47-0825","","3/31/2026","3/31/2026","123.2","V-001702","50300","YEARSLEY"
"118484","320302","22392","07246-26-01","07246-26-01-job","57-0820","","1/31/2026","1/31/2026","718.62","V-001702","50300","PALMER"
"229733","32839CWSP1","38772","07187-26-01","07187-26-01-job","47-0825","","3/31/2026","3/31/2026","130.76","V-001702","50300","YEARSLEY"
"113442","318403","22194","07187-26-01","07187-26-01-job","57-0820","","1/15/2026","1/15/2026","75","V-001702","50300","REBOLD"
"118486","320302","22392","07235-26-01","07235-26-01-job","51-0820","","1/31/2026","1/31/2026","86","V-001702","50300","PATTERSON"
"197062","32438CWS","34095","07266-26-01","07266-26-01-job","51-0820","","2/28/2026","2/28/2026","79","V-001702","50300","ROMAN"
"229735","32839CWSP1","38772","07290-26-01","07290-26-01-job","47-0825","","3/31/2026","3/31/2026","122.71","V-001702","50300","YEARSLEY"
"113444","318403","22194","07236-26-01","07236-26-01-job","57-0820","","1/15/2026","1/15/2026","154","V-001702","50300","REBOLD"
"118488","320302","22392","07251-26-01","07251-26-01-job","51-0820","","1/31/2026","1/31/2026","76.25","V-001702","50300","PATTERSON"
"239566","32641CWS","39879","07278-26-01","07278-26-01-job","54-0820","","3/15/2026","3/15/2026","77","V-001702","50300","MULLINS"
"113446","318403","22194","07255-26-01","07255-26-01-job","57-0820","","1/15/2026","1/15/2026","88","V-001702","50300","REBOLD"
"197066","32438CWS","34095","07155-26-01","07155-26-01-job","51-0820","","2/28/2026","2/28/2026","73.44","V-001702","50300","SCHOONOVER"
"239568","32641CWS","39879","07236-26-01","07236-26-01-job","54-0820","","3/15/2026","3/15/2026","68.51","V-001702","50300","MULLINS"
"113448","318403","22194","07252-26-01","07252-26-01-job","57-0820","","1/15/2026","1/15/2026","231.53","V-001702","50300","REBOLD"
"118492","320302","22392","07255-26-01","07255-26-01-job","57-0820","","1/31/2026","1/31/2026","1240.98","V-001702","50300","PECK"
"197068","32438CWS","34095","07219-26-01","07219-26-01-job","51-0820","","2/28/2026","2/28/2026","199.10","V-001702","50300","SCHOONOVER"
"239570","32641CWS","39879","07114-26-01","07114-26-01-job","54-0820","","3/15/2026","3/15/2026","168.09","V-001702","50300","MULLINS"
"193318","32253CWS","33977","07255-26-01","07255-26-01-job","57-0820","","2/15/2026","2/15/2026","1189.55","V-001702","50300","PRICE"
"228775","32839CWSP2","38770","07268-26-01","07268-26-01-job","47-0825","","3/31/2026","3/31/2026","86.88","V-001702","50300","MOATS"
"113452","318403","22194","07241-26-01","07241-26-01-job","48-0820","","1/15/2026","1/15/2026","274","V-001702","50300","RILEY"
"228777","32839CWSP2","38770","07267-26-01","07267-26-01-job","47-0825","","3/31/2026","3/31/2026","74.86","V-001702","50300","MOATS"
"197074","32438CWS","34095","07008-26-01","07008-26-01-job","51-0820","","2/28/2026","2/28/2026","59.88","V-001702","50300","SCHOONOVER"
"228779","32839CWSP2","38770","07251-26-01","07251-26-01-job","47-0825","","3/31/2026","3/31/2026","78.38","V-001702","50300","MOATS"
"239576","32641CWS","39879","07252-26-01","07252-26-01-job","54-0820","","3/15/2026","3/15/2026","134.03","V-001702","50300","MULLINS"
"197076","32438CWS","34095","07201-26-01","07201-26-01-job","47-0820","","2/28/2026","2/28/2026","487","V-001702","50300","SHAFFER"
"228781","32839CWSP2","38770","07280-26-01","07280-26-01-job","47-0825","","3/31/2026","3/31/2026","87.02","V-001702","50300","MOATS"
"118502","320302","22392","07211-26-01","07211-26-01-job","57-0820","","1/31/2026","1/31/2026","232.93","V-001702","50300","PECK"
"193326","32253CWS","33977","07213-26-01","07213-26-01-job","47-0820","","2/15/2026","2/15/2026","488.14","V-001702","50300","RAMSEY"
"239582","32641CWS","39879","07201-26-01","07201-26-01-job","54-0820","","3/15/2026","3/15/2026","46","V-001702","50300","MULLINS"
"239584","32641CWS","39879","07257-26-01","07257-26-01-job","54-0820","","3/15/2026","3/15/2026","130","V-001702","50300","MULLINS"
"113464","318403","22194","07171-26-01","07171-26-01-job","57-0820","","1/15/2026","1/15/2026","226.66","V-001702","50300","SCHOONOVER"
"228789","32839CWSP2","38770","07285-26-01","07285-26-01-job","51-0820","","3/31/2026","3/31/2026","85.24","V-001702","50300","MOATS"
"228791","32839CWSP2","38770","07206-26-01","07206-26-01-job","51-0820","","3/31/2026","3/31/2026","102.92","V-001702","50300","MOATS"
"239588","32641CWS","39879","07270-26-01","07270-26-01-job","57-0820","","3/15/2026","3/15/2026","431.97","V-001702","50300","PALMER"
"118512","320302","22392","07234-26-01","07234-26-01-job","48-0820","","1/31/2026","1/31/2026","764.46","V-001702","50300","PIERCE"
"228793","32839CWSP2","38770","07280-26-01","07280-26-01-job","47-0820","","3/31/2026","3/31/2026","197.55","V-001702","50300","MOATS II"
"239590","32641CWS","39879","07272-26-01","07272-26-01-job","57-0820","","3/15/2026","3/15/2026","693.29","V-001702","50300","PALMER"
"113474","318403","22194","07201-26-01","07201-26-01-job","47-0820","","1/15/2026","1/15/2026","371.6","V-001702","50300","SHAFFER"
"197096","32438CWS","34095","07252-26-01","07252-26-01-job","51-0820","","2/28/2026","2/28/2026","309.67","V-001702","50300","SNYDER"
"239598","32641CWS","39879","07290-26-01","07290-26-01-job","51-0820","","3/15/2026","3/15/2026","81.4","V-001702","50300","PATTERSON"
"197098","32438CWS","34095","07232-26-01","07232-26-01-job","51-0820","","2/28/2026","2/28/2026","35.26","V-001702","50300","SNYDER"
"239600","32641CWS","39879","07271-26-01","07271-26-01-job","57-0820","","3/15/2026","3/15/2026","1230.63","V-001702","50300","PECK"
"197100","32438CWS","34095","07196-26-01","07196-26-01-job","51-0820","","2/28/2026","2/28/2026","219.38","V-001702","50300","SNYDER"
"118528","320302","22392","07238-26-01","07238-26-01-job","57-0820","","1/31/2026","1/31/2026","686.31","V-001702","50300","PRICE"
"193354","32253CWS","33977","07241-26-01","07241-26-01-job","48-0820","","2/15/2026","2/15/2026","69","V-001702","50300","RILEY"
"197106","32438CWS","34095","07147-26-01","07147-26-01-job","53-0820","","2/28/2026","2/28/2026","290.02","V-001702","50300","SPENCER"
"239608","32641CWS","39879","07214-26-01","07214-26-01-job","57-0820","","3/15/2026","3/15/2026","1025.95","V-001702","50300","PECK"
"118532","320302","22392","07213-26-01","07213-26-01-job","47-0820","","1/31/2026","1/31/2026","515","V-001702","50300","RAMSEY"
"193356","32253CWS","33977","07261-26-01","07261-26-01-job","48-0820","","2/15/2026","2/15/2026","64","V-001702","50300","RILEY"
"239612","32641CWS","39879","07227-26-01","07227-26-01-job","48-0820","","3/15/2026","3/15/2026","503.14","V-001702","50300","PIERCE"
"113494","318403","22194","07232-26-01","07232-26-01-job","51-0820","","1/15/2026","1/15/2026","88.58","V-001702","50300","SNYDER"
"113498","318403","22194","07236-26-01","07236-26-01-job","53-0820","","1/15/2026","1/15/2026","351.36","V-001702","50300","SPENCER"
"193368","32253CWS","33977","07213-26-01","07213-26-01-job","51-0820","","2/15/2026","2/15/2026","73.75","V-001702","50300","ROMAN"
"239622","32641CWS","39879","07255-26-01","07255-26-01-job","57-0820","","3/15/2026","3/15/2026","1231.67","V-001702","50300","PRICE"
"113504","318403","22194","07221-26-01","07221-26-01-job","51-0820","","1/15/2026","1/15/2026","62.26","V-001702","50300","STEWART"
"197124","32438CWS","34095","07248-26-01","07248-26-01-job","51-0820","","2/28/2026","2/28/2026","60.58","V-001702","50300","STEWART"
"239626","32641CWS","39879","07267-26-01","07267-26-01-job","47-0820","","3/15/2026","3/15/2026","463.97","V-001702","50300","RAMSEY"
"197126","32438CWS","34095","07281-26-01","07281-26-01-job","51-0820","","2/28/2026","2/28/2026","72.6","V-001702","50300","STEWART"
"113508","318403","22194","07249-26-01","07249-26-01-job","51-0820","","1/15/2026","1/15/2026","89.8","V-001702","50300","STEWART"
"118552","320302","22392","07198-26-01","07198-26-01-job","53-0820","","1/31/2026","1/31/2026","87","V-001702","50300","REBOLD"
"197128","32438CWS","34095","07233-26-01","07233-26-01-job","51-0820","","2/28/2026","2/28/2026","94.01","V-001702","50300","STEWART"
"118556","320302","22392","07257-26-01","07257-26-01-job","53-0820","","1/31/2026","1/31/2026","88","V-001702","50300","REBOLD"
"113514","318403","22194","07202-26-01","07202-26-01-job","51-0820","","1/15/2026","1/15/2026","387.71","V-001702","50300","SUAREZ"
"197136","32438CWS","34095","07255-26-01","07255-26-01-job","57-0820","","2/28/2026","2/28/2026","856.99","V-001702","50300","SULLIVAN"
"197140","32438CWS","34095","07276-26-01","07276-26-01-job","57-0820","","2/28/2026","2/28/2026","474.02","V-001702","50300","SULLIVAN"
"239646","32641CWS","39879","07288-26-01","07288-26-01-job","53-0820","","3/15/2026","3/15/2026","110.01","V-001702","50300","REBOLD"
"118570","320302","22392","07248-26-01","07248-26-01-job","51-0820","","1/31/2026","1/31/2026","75.49","V-001702","50300","ROMAN"
"118572","320302","22392","07233-26-01","07233-26-01-job","51-0820","","1/31/2026","1/31/2026","102.96","V-001702","50300","ROMAN"
"197148","32438CWS","34095","07277-26-01","07277-26-01-job","57-0820","","2/28/2026","2/28/2026","548.61","V-001702","50300","SULLIVAN"
"118574","320302","22392","07197-26-01","07197-26-01-job","57-0820","","1/31/2026","1/31/2026","241.22","V-001702","50300","SCHOONOVER"
"197152","32438CWS","34095","07240-26-01","07240-26-01-job","57-0820","","2/28/2026","2/28/2026","133.98","V-001702","50300","SULLIVAN"
"118580","320302","22392","07155-26-01","07155-26-01-job","57-0820","","1/31/2026","1/31/2026","133.42","V-001702","50300","SCHOONOVER"
"118584","320302","22392","07152-26-01","07152-26-01-job","57-0820","","1/31/2026","1/31/2026","94.22","V-001702","50300","SCHOONOVER"
"193408","32253CWS","33977","07232-26-01","07232-26-01-job","51-0820","","2/15/2026","2/15/2026","74.73","V-001702","50300","SNYDER"
"118586","320302","22392","07201-26-01","07201-26-01-job","47-0820","","1/31/2026","1/31/2026","298.0","V-001702","50300","SHAFFER"
"193416","32253CWS","33977","07198-26-01","07198-26-01-job","53-0820","","2/15/2026","2/15/2026","113","V-001702","50300","SPENCER"
"118598","320302","22392","07155-26-01","07155-26-01-job","51-0820","","1/31/2026","1/31/2026","131.76","V-001702","50300","SHANNON"
"239676","32641CWS","39879","07201-26-01","07201-26-01-job","47-0820","","3/15/2026","3/15/2026","542.82","V-001702","50300","SHAFFER"
"113568","318403","22194","07252-26-01","07252-26-01-job","51-0820","","1/15/2026","1/15/2026","158.95","V-001702","50300","TRIPLETT"
"197192","32438CWS","34095","07232-26-01","07232-26-01-job","47-0820","","2/28/2026","2/28/2026","278.26","V-001702","50300","THRASHER"
"193450","32253CWS","33977","07254-26-01","07254-26-01-job","57-0820","","2/15/2026","2/15/2026","359.30","V-001702","50300","SULLIVAN"
"193452","32253CWS","33977","07250-26-01","07250-26-01-job","57-0820","","2/15/2026","2/15/2026","356.99","V-001702","50300","SULLIVAN"
"113586","318403","22194","07187-26-01","07187-26-01-job","47-0820","","1/15/2026","1/15/2026","387.00","V-001702","50300","VANCE"
"239708","32641CWS","39879","07287-26-01","07287-26-01-job","53-0820","","3/15/2026","3/15/2026","39.82","V-001702","50300","SPENCER"
"118632","320302","22392","07221-26-01","07221-26-01-job","51-0820","","1/31/2026","1/31/2026","59.25","V-001702","50300","SUAREZ"
"193456","32253CWS","33977","07226-26-01","07226-26-01-job","57-0820","","2/15/2026","2/15/2026","250.96","V-001702","50300","SULLIVAN"
"193458","32253CWS","33977","07240-26-01","07240-26-01-job","57-0820","","2/15/2026","2/15/2026","243.86","V-001702","50300","SULLIVAN"
"197210","32438CWS","34095","07268-26-01","07268-26-01-job","51-0820","","2/28/2026","2/28/2026","121.24","V-001702","50300","TRIPLETT"
"193460","32253CWS","33977","07271-26-01","07271-26-01-job","57-0820","","2/15/2026","2/15/2026","259.42","V-001702","50300","SULLIVAN"
"197214","32438CWS","34095","07187-26-01","07187-26-01-job","46-0820","","2/28/2026","2/28/2026","305.09","V-001702","50300","VANCE"
"113596","318403","22194","07071-26-01","07071-26-01-job","51-0820","","1/15/2026","1/15/2026","135.5","V-001702","50300","VANDRUFF"
"193464","32253CWS","33977","07276-26-01","07276-26-01-job","57-0820","","2/15/2026","2/15/2026","165.01","V-001702","50300","SULLIVAN"
"239718","32641CWS","39879","07280-26-01","07280-26-01-job","51-0820","","3/15/2026","3/15/2026","99.79","V-001702","50300","STEWART"
"113602","318403","22194","07171-26-01","07171-26-01-job","46-0820","","1/15/2026","1/15/2026","350.71","V-001702","50300","WEAVER"
"113618","318403","22194","07223-26-01","07223-26-01-job","47-0820","","1/15/2026","1/15/2026","179.30","V-001702","50300","WILSON"
"197238","32438CWS","34095","07171-26-01","07171-26-01-job","46-0820","","2/28/2026","2/28/2026","258.97","V-001702","50300","WEAVER"
"239740","32641CWS","39879","07257-26-01","07257-26-01-job","57-0820","","3/15/2026","3/15/2026","285.23","V-001702","50300","SULLIVAN"
"193490","32253CWS","33977","07219-26-01","07219-26-01-job","51-0820","","2/15/2026","2/15/2026","190.90","V-001702","50300","TRIPLETT"
"193496","32253CWS","33977","07264-26-01","07264-26-01-job","51-0820","","2/15/2026","2/15/2026","181.22","V-001702","50300","TRIPLETT"
"193502","32253CWS","33977","07187-26-01","07187-26-01-job","47-0820","","2/15/2026","2/15/2026","407.27","V-001702","50300","VANCE"
"197260","32438CWS","34095","07257-26-01","07257-26-01-job","47-0820","","2/28/2026","2/28/2026","660.13","V-001702","50300","WRIGHT"
"239762","32641CWS","39879","07235-26-01","07235-26-01-job","47-0820","","3/15/2026","3/15/2026","352.87","V-001702","50300","THORNE"
"113642","318403","22194","07187-26-01","07187-26-01-job","47-0825","","1/15/2026","1/15/2026","108.75","V-001702","50300","YEARSLEY"
"193512","32253CWS","33977","07228-26-01","07228-26-01-job","51-0820","","2/15/2026","2/15/2026","252","V-001702","50300","VANDRUFF"
"118694","320302","22392","07264-26-01","07264-26-01-job","51-0820","","1/31/2026","1/31/2026","59.11","V-001702","50300","TRIPLETT"
"239772","32641CWS","39879","07219-26-01","07219-26-01-job","47-0820","","3/15/2026","3/15/2026","362.54","V-001702","50300","THRASHER"
"118696","320302","22392","07232-26-01","07232-26-01-job","51-0820","","1/31/2026","1/31/2026","49.34","V-001702","50300","TRIPLETT"
"193524","32253CWS","33977","07171-26-01","07171-26-01-job","46-0820","","2/15/2026","2/15/2026","437.92","V-001702","50300","WEAVER"
"118704","320302","22392","07187-26-01","07187-26-01-job","47-0820","","1/31/2026","1/31/2026","422.37","V-001702","50300","VANCE"
"197284","32438CWS","34095","07236-26-01","07236-26-01-job","47-0825","","2/28/2026","2/28/2026","75.65","V-001702","50300","YEARSLEY"
"118716","320302","22392","07239-26-01","07239-26-01-job","51-0820","","1/31/2026","1/31/2026","53","V-001702","50300","VANDRUFF"
"239794","32641CWS","39879","07187-26-01","07187-26-01-job","46-0820","","3/15/2026","3/15/2026","420.83","V-001702","50300","VANCE"
"193542","32253CWS","33977","07236-26-01","07236-26-01-job","47-0820","","2/15/2026","2/15/2026","442.42","V-001702","50300","WILSON"
"118724","320302","22392","07171-26-01","07171-26-01-job","46-0820","","1/31/2026","1/31/2026","237.91","V-001702","50300","WEAVER"
"118730","320302","22392","07211-26-01","07211-26-01-job","46-0820","","1/31/2026","1/31/2026","34.49","V-001702","50300","WEAVER"
"193556","32253CWS","33977","07257-26-01","07257-26-01-job","47-0820","","2/15/2026","2/15/2026","667.51","V-001702","50300","WRIGHT"
"118734","320302","22392","07155-26-01","07155-26-01-job","46-0820","","1/31/2026","1/31/2026","69.02","V-001702","50300","WEAVER"
"118744","320302","22392","07236-26-01","07236-26-01-job","47-0820","","1/31/2026","1/31/2026","384.70","V-001702","50300","WILSON"
"239824","32641CWS","39879","07207-26-01","07207-26-01-job","47-0820","","3/15/2026","3/15/2026","408.86","V-001702","50300","WEAVER"
"193576","32253CWS","33977","07221-26-01","07221-26-01-job","47-0825","","2/15/2026","2/15/2026","70.47","V-001702","50300","YEARSLEY"
"118756","320302","22392","07216-26-01","07216-26-01-job","47-0820","","1/31/2026","1/31/2026","294.01","V-001702","50300","WRIGHT"
"118764","320302","22392","07257-26-01","07257-26-01-job","47-0820","","1/31/2026","1/31/2026","233.02","V-001702","50300","WRIGHT"
"118770","320302","22392","07262-26-01","07262-26-01-job","47-0825","","1/31/2026","1/31/2026","0.19","V-001702","50300","YEARSLEY"
"239848","32641CWS","39879","07257-26-01","07257-26-01-job","47-0820","","3/15/2026","3/15/2026","733.59","V-001702","50300","WRIGHT"
"118772","320302","22392","07240-26-01","07240-26-01-job","47-0825","","1/31/2026","1/31/2026","94.81","V-001702","50300","YEARSLEY"
"118774","320302","22392","07222-26-01","07222-26-01-job","47-0825","","1/31/2026","1/31/2026","75.19","V-001702","50300","YEARSLEY"
"239870","32641CWS","39879","07201-26-01","07201-26-01-job","47-0825","","3/15/2026","3/15/2026","81.56","V-001702","50300","YEARSLEY"
"239872","32641CWS","39879","07266-26-01","07266-26-01-job","47-0825","","3/15/2026","3/15/2026","110.57","V-001702","50300","YEARSLEY"
"75077","31627","16987","07226-26-01","07226-26-01-job","51-0820","","12/31/2025","12/31/2025","268","V-001702","50300","AMOS"
"75083","31627","16987","07242-26-01","07242-26-01-job","51-0820","","12/31/2025","12/31/2025","1026.56","V-001702","50300","AMOS"
"75085","31627","16987","07204-26-01","07204-26-01-job","51-0820","","12/31/2025","12/31/2025","975.84","V-001702","50300","AMOS"
"75087","31627","16987","07229-26-01","07229-26-01-job","49-0820","","12/31/2025","12/31/2025","1055.25","V-001702","50300","BARKER"
"75113","31627","16987","07241-26-01","07241-26-01-job","53-0820","","12/31/2025","12/31/2025","1797.53","V-001702","50300","BRAND"
"75117","31627","16987","07250-26-01","07250-26-01-job","53-0820","","12/31/2025","12/31/2025","1272.65","V-001702","50300","BRINEGAR"
"75135","31627","16987","07216-26-01","07216-26-01-job","48-0820","","12/31/2025","12/31/2025","893.76","V-001702","50300","CALDWELL"
"75147","31627","16987","07232-26-01","07232-26-01-job","51-0820","","12/31/2025","12/31/2025","1083.13","V-001702","50300","CANFIELD"
"75153","31627","16987","07219-26-01","07219-26-01-job","51-0820","","12/31/2025","12/31/2025","172.53","V-001702","50300","CANFIELD"
"75155","31627","16987","07010-26-01","07010-26-01-job","51-0820","","12/31/2025","12/31/2025","155","V-001702","50300","CAVANAUGH"
"75163","31627","16987","07232-26-01","07232-26-01-job","47-0820","","12/31/2025","12/31/2025","45.52","V-001702","50300","CHAMPALBERT"
"75189","31627","16987","07226-26-01","07226-26-01-job","53-0820","","12/31/2025","12/31/2025","475.78","V-001702","50300","DIXON"
"75201","31627","16987","07235-26-01","07235-26-01-job","53-0820","","12/31/2025","12/31/2025","186.66","V-001702","50300","DIXON"
"75211","31627","16987","07152-26-01","07152-26-01-job","51-0820","","12/31/2025","12/31/2025","76","V-001702","50300","DULANEY"
"75221","31627","16987","07242-26-01","07242-26-01-job","57-0820","","12/31/2025","12/31/2025","922.75","V-001702","50300","FULLMER"
"75223","31627","16987","07254-26-01","07254-26-01-job","57-0820","","12/31/2025","12/31/2025","108.41","V-001702","50300","FULLMER"
"75225","31627","16987","07201-26-01","07201-26-01-job","51-0820","","12/31/2025","12/31/2025","591.62","V-001702","50300","GRIMES"
"75249","31627","16987","07197-26-01","07197-26-01-job","51-0820","","12/31/2025","12/31/2025","297.79","V-001702","50300","HIBBS"
"75265","31627","16987","07236-26-01","07236-26-01-job","51-0820","","12/31/2025","12/31/2025","196","V-001702","50300","HILLBERRY"
"75271","31627","16987","07235-26-01","07235-26-01-job","51-0820","","12/31/2025","12/31/2025","921.86","V-001702","50300","HILLBERRY"
"75273","31627","16987","07241-26-01","07241-26-01-job","51-0820","","12/31/2025","12/31/2025","74.4","V-001702","50300","HILLBERRY"
"75283","31627","16987","07231-26-01","07231-26-01-job","49-0820","","12/31/2025","12/31/2025","341.45","V-001702","50300","HUMPHREY"
"75287","31627","16987","07224-26-01","07224-26-01-job","49-0820","","12/31/2025","12/31/2025","125.12","V-001702","50300","HUMPHREY"
"75303","31627","16987","07250-26-01","07250-26-01-job","49-0820","","12/31/2025","12/31/2025","546.31","V-001702","50300","JEFFERSON"
"75317","31627","16987","07183-26-01","07183-26-01-job","51-0820","","12/31/2025","12/31/2025","419.02","V-001702","50300","JENKINS"
"75327","31627","16987","07129-26-01","07129-26-01-job","54-0820","","12/31/2025","12/31/2025","191.51","V-001702","50300","JOHNSON"
"75329","31627","16987","07223-26-01","07223-26-01-job","54-0820","","12/31/2025","12/31/2025","86.81","V-001702","50300","JOHNSON"
"75333","31627","16987","07187-26-01","07187-26-01-job","54-0820","","12/31/2025","12/31/2025","26.42","V-001702","50300","JOHNSON"
"75335","31627","16987","07202-26-01","07202-26-01-job","54-0820","","12/31/2025","12/31/2025","127.59","V-001702","50300","JOHNSON"
"75337","31627","16987","07220-26-01","07220-26-01-job","54-0820","","12/31/2025","12/31/2025","136.77","V-001702","50300","JOHNSON"
"75339","31627","16987","07245-26-01","07245-26-01-job","54-0820","","12/31/2025","12/31/2025","275.01","V-001702","50300","JOHNSON"
"75363","31627","16987","07209-26-01","07209-26-01-job","53-0820","","12/31/2025","12/31/2025","506","V-001702","50300","KOVALCK"
"75365","31627","16987","07234-26-01","07234-26-01-job","52-0820","","12/31/2025","12/31/2025","256.43","V-001702","50300","LEIGHTY"
"75373","31627","16987","07194-26-01","07194-26-01-job","48-0820","","12/31/2025","12/31/2025","462.01","V-001702","50300","LUCAS"
"75383","31627","16987","07201-26-01","07201-26-01-job","53-0820","","12/31/2025","12/31/2025","371.68","V-001702","50300","LUSK"
"75385","31627","16987","07234-26-01","07234-26-01-job","53-0820","","12/31/2025","12/31/2025","423.12","V-001702","50300","LUSK"
"75387","31627","16987","07224-26-01","07224-26-01-job","53-0820","","12/31/2025","12/31/2025","465.22","V-001702","50300","LUSK"
"75399","31627","16987","07227-26-01","07227-26-01-job","51-0820","","12/31/2025","12/31/2025","73.34","V-001702","50300","MARTINEZ"
"75401","31627","16987","07198-26-01","07198-26-01-job","51-0820","","12/31/2025","12/31/2025","398.85","V-001702","50300","MCDONALD JR"
"75415","31627","16987","07222-26-01","07222-26-01-job","51-0820","","12/31/2025","12/31/2025","157.89","V-001702","50300","MOATS"
"75419","31627","16987","07212-26-01","07212-26-01-job","47-0820","","12/31/2025","12/31/2025","212.24","V-001702","50300","MOATS II"
"75425","31627","16987","07217-26-01","07217-26-01-job","48-0820","","12/31/2025","12/31/2025","70.7","V-001702","50300","MONTGOMERY"
"75429","31627","16987","07220-26-01","07220-26-01-job","48-0820","","12/31/2025","12/31/2025","403","V-001702","50300","MONTGOMERY"
"75431","31627","16987","07223-26-01","07223-26-01-job","47-0820","","12/31/2025","12/31/2025","58.65","V-001702","50300","MONTGOMERY"
"75433","31627","16987","07197-26-01","07197-26-01-job","47-0820","","12/31/2025","12/31/2025","487","V-001702","50300","MOORE"
"75445","31627","16987","07008-26-01","07008-26-01-job","54-0820","","12/31/2025","12/31/2025","80.01","V-001702","50300","MULLINS"
"75449","31627","16987","07209-26-01","07209-26-01-job","54-0820","","12/31/2025","12/31/2025","68.5","V-001702","50300","MULLINS"
"75457","31627","16987","07242-26-01","07242-26-01-job","54-0820","","12/31/2025","12/31/2025","63.5","V-001702","50300","MULLINS"
"75459","31627","16987","07009-26-01","07009-26-01-job","57-0820","","12/31/2025","12/31/2025","1307.99","V-001702","50300","PALMER"
"75461","31627","16987","07229-26-01","07229-26-01-job","57-0820","","12/31/2025","12/31/2025","768.28","V-001702","50300","PALMER"
"75475","31627","16987","07184-26-01","07184-26-01-job","51-0820","","12/31/2025","12/31/2025","227.25","V-001702","50300","PATTERSON"
"75493","31627","16987","07224-26-01","07224-26-01-job","57-0820","","12/31/2025","12/31/2025","1637.14","V-001702","50300","PECK"
"75501","31627","16987","07202-26-01","07202-26-01-job","57-0820","","12/31/2025","12/31/2025","537.27","V-001702","50300","PIERCE"
"75503","31627","16987","07217-26-01","07217-26-01-job","57-0820","","12/31/2025","12/31/2025","786.16","V-001702","50300","PIERCE"
"75505","31627","16987","07231-26-01","07231-26-01-job","57-0820","","12/31/2025","12/31/2025","1297.13","V-001702","50300","PIERCE"
"75531","31627","16987","07213-26-01","07213-26-01-job","47-0820","","12/31/2025","12/31/2025","427.01","V-001702","50300","RAMSEY"
"75555","31627","16987","07019-26-01","07019-26-01-job","51-0820","","12/31/2025","12/31/2025","80","V-001702","50300","ROMAN"
"75557","31627","16987","07212-26-01","07212-26-01-job","51-0820","","12/31/2025","12/31/2025","72.84","V-001702","50300","ROMAN"
"75559","31627","16987","07232-26-01","07232-26-01-job","57-0820","","12/31/2025","12/31/2025","94.08","V-001702","50300","SCHOONOVER"
"75561","31627","16987","07171-26-01","07171-26-01-job","57-0820","","12/31/2025","12/31/2025","229.94","V-001702","50300","SCHOONOVER"
"75567","31627","16987","07209-26-01","07209-26-01-job","47-0820","","12/31/2025","12/31/2025","164.16","V-001702","50300","SHAFFER"
"75573","31627","16987","07201-26-01","07201-26-01-job","47-0820","","12/31/2025","12/31/2025","318.5","V-001702","50300","SHAFFER"
"75587","31627","16987","07155-26-01","07155-26-01-job","51-0820","","12/31/2025","12/31/2025","66.73","V-001702","50300","SNYDER"
"75591","31627","16987","07206-26-01","07206-26-01-job","51-0820","","12/31/2025","12/31/2025","84.82","V-001702","50300","SNYDER"
"75595","31627","16987","07220-26-01","07220-26-01-job","53-0820","","12/31/2025","12/31/2025","468.46","V-001702","50300","SPENCER"
"75605","31627","16987","07170-26-01","07170-26-01-job","51-0820","","12/31/2025","12/31/2025","75","V-001702","50300","STEWART"
"75643","31627","16987","07190-26-01","07190-26-01-job","51-0820","","12/31/2025","12/31/2025","81.57","V-001702","50300","TELLERIA"
"75659","31627","16987","07252-26-01","07252-26-01-job","51-0820","","12/31/2025","12/31/2025","66.09","V-001702","50300","TRIPLETT"
"75661","31627","16987","07253-26-01","07253-26-01-job","51-0820","","12/31/2025","12/31/2025","97.21","V-001702","50300","TRIPLETT"
"75665","31627","16987","07129-26-01","07129-26-01-job","47-0820","","12/31/2025","12/31/2025","470.20","V-001702","50300","VANCE"
"75693","31627","16987","07147-26-01","07147-26-01-job","47-0820","","12/31/2025","12/31/2025","318.80","V-001702","50300","WEAVER"
"75725","31627","16987","07146-26-01","07146-26-01-job","47-0825","","12/31/2025","12/31/2025","72.85","V-001702","50300","YEARSLEY"
"75727","31627","16987","07242-26-01","07242-26-01-job","47-0825","","12/31/2025","12/31/2025","80","V-001702","50300","YEARSLEY"
"75729","31627","16987","07201-26-01","07201-26-01-job","47-0825","","12/31/2025","12/31/2025","79.58","V-001702","50300","YEARSLEY"
