"Vendor","Name","Address_1","City","State","ZIP","Type"
"V-000004","307 TIRE LLC","141 LESTER DRIVE","ROCK SPRINGS","WY","82901","Vendor"
"V-000005","4 H LIVESTOCK CLUB",,,,,"Vendor"
"V-000006","4H SWINE CLUB","26 WEST HIGH STREET","WAYNESBURG","PA","15370","Vendor"
"V-000008","7 WEST DIESEL INC","3319 LAZZELLE UNION ROAD","MORGANTOWN","WV","26501","Vendor"
"V-000009","84 LUMBER COMPANY","PO BOX 365","EIGHTY FOUR","PA","15330-0365","Vendor"
"V-000010","A & A SUPPLY LLC","PO BOX 1191","SEMINOLE","OK","74818","Vendor"
"V-000011","A CORE OF COLORADO INC","5867 BROADWAY","DENVER","CO","80216","Vendor"
"V-000012","A CRANE RENTAL LLC","LOCKBOX 8000 DEPT 801","BUFFALO","NY","14267-0002","Vendor"
"V-000013","A&A SALES OF OKLAHOMA","1101 GABRIEL DRIVE","EL RENO","OK","73036","Vendor"
"V-000014","A&I FIRE EXTINGUISHER LLC","60 W FAYETTE ST","UNIONTOWN","PA","15401","Vendor"
"V-000016","A1 FENCE CO INC","1870 BROWNING FORK ROAD","GILBERT","WV","25621","Vendor"
"V-000017","A1 SERVICES LLC","323 ROBIN ROOST ROAD","JUMPING BRANCH","WV","25969","Vendor"
"V-000018","A66 SERVICES",,,,,"Vendor"
"V-000020","AAA AUTOGLASS SPECIALISTS INC","15739 CANDLE CREE DR","MONUMENT","CO","80132","Vendor"
"V-000021","AAA METRIC SUPPLY LLC","822 E 78TH AVE","DENVER","CO","80229","Vendor"
"V-000022","AARON SWAN AND ASSOCIATES INC","207 EAST CAPITOL AVENUE","PIERRE","SD","57501","Vendor"
"V-000023","ABATIX CORP","PO BOX 671202","DALLAS","TX","75267-1202","Vendor"
"V-000025","ABBYTEK ENTERPRISES LLC","10382 FAWN ROAD","GREENWOOD","DE","19950","Vendor"
"V-000026","ABSOLUTE CONCRETE","40004 ST ROUTE 40","RAYLAND","OH","43943","Vendor"
"V-000027","ABSOLUTE RECLAMATION SERVICES","111 KELSO ROAD","MCDONALD","PA","15057","Vendor"
"V-000028","ACE AGGREGATES","70 COLUMBIA BLVD","CLARKSBURG","WV","26301","Vendor"
"V-000029","ACE HARDWARE","2600 MIDDLETOWN COMMONS","FAIRMONT","WV","26554","Vendor"
"V-000030","ACE HOME CENTER","312 NORTH STREET","NEW MARTINSVILLE","WV","26155","Vendor"
"V-000031","ACE INDUSTRIES","PO BOX 117315","ATLANTA","GA","30368","Vendor"
"V-000032","ACETYARC","PO BOX 697","CAPE GIRARDEAU","MO","63702-0697","Vendor"
"V-000033","ACF ENVIRONMENTAL","2831 CARDWELL ROAD","RICHMOND","VA","23234","Vendor"
"V-000034","ACORN PETROLEUM INC","PO BOX 561312","DENVER","CO","80256-1312","Vendor"
"V-000035","ACTION SUPPLY PRODUCTS","1065 MONTOUR WEST INDL PARK","CORAOPOLIS","PA","15108","Vendor"
"V-000036","ACUREN","PO BOX 846313","DALLAS","TX","75284-6313","Vendor"
"V-000037","ADD EQUIPMENT INC","PO BOX 476","GRETNA","VA","24557","Vendor"
"V-000038","ADLER TANK RENTALS","PO BOX 45081","SAN FRANCISCO","CA","94145-0081","Vendor"
"V-000039","ADM WELDING AND FABRICATION LLC","37 BROADHEAD STREET","WARREN","PA","16365","Vendor"
"V-000040","ADVANCED COMPRESSOR SERVICES","127 E ENCANTO DRIVE","PUEBLO WEST","CO","81007","Vendor"
"V-000041","ADVANCED ORTHOPAEDIC AND REHAB","100 TRICH DR STE 2","WASHINGTON","PA","15301","Vendor"
"V-000042","AFLAC",,,,,"Vendor"
"V-000043","AGILE BUSINESS SYSTEMS","2579 ROSSMOOR DRIVE","PITTSBURGH","PA","15241","Vendor"
"V-000045","AICHER STEEL AMERICAS INC","440 EAGLE ROCK AVE","ROSELAND","NJ","7068","Vendor"
"V-000046","AIR EQUIPMENT CORPORATION","215 WEST BRIDGE DRIVE","MORGAN","PA","15064","Vendor"
"V-000047","AIR EQUIPMENT RENTAL CORP OH","901 CALLENDAR BLVD","PAINESVILLE","OH","44077","Vendor"
"V-000048","AIR SYSTEMS DUCT CLEANING","202 MCDONALD DRIVE","BRIDGEPORT","WV","26330","Vendor"
"V-000050","AIRLINE HYDRAULICS CORP","PO BOX 536746","PITTSBURGH","PA","15253-5909","Vendor"
"V-000051","AKTION ASSOCIATES INC","PO BOX 639594","CINCINNATI","OH","45263-9594","Vendor"
"V-000052","ALABAMA DEPT OF REVENUE","PO BOX 327435","MONTGOMERY","AL","36132-7435","Vendor"
"V-000053","ALAN POORE","7459 LEADANHAM COVE ROAD","BOZMAN","MD","21612","Vendor"
"V-000054","ALBERTS SPRAY SOLUTIONS LLC","61 CHOATE CIRCLE","MONTOURSVILLE","PA","17754","Vendor"
"V-000055","ALFAB INC","PO BOX 26","SMITHVILLE","WV","26178-0026","Vendor"
"V-000056","ALL AMERICAN GRAND BASH",,,,,"Vendor"
"V-000057","ALL CLEAN","3184 SQUAW VALLEY DRIVE","COLORADO SPRINGS","CO","80918","Vendor"
"V-000058","ALL CRANE & EQUIPMENT RENTAL","140 WEST 19TH STREET","NITRO","WV","25143","Vendor"
"V-000059","ALL STAR EXPRESS ASE","C/O SHELBIE MCCUSKEY","MORGANTOWN","WV","26501","Vendor"
"V-000060","ALL TRUCK & TRAILER PARTS","PO BOX 335","BRIGHTON","CO","80601","Vendor"
"V-000061","ALLDATA","PO BOX 848379","DALLAS","TX","75284-8379","Vendor"
"V-000062","ALLEGHENY MACHINE TOOL SYSTEMS","632 E MCMURRAY ROAD","MCMURRAY","PA","15317","Vendor"
"V-000063","ALLEGHENY SURVEYS INC","237 BIRCH RIVER ROAD","BIRCH RIVER","WV","26610","Vendor"
"V-000064","ALLEN TRUCKING LLC","10152 COUNTY ROAD 2150 N","DAHLGREN","IL","62828-4139","Vendor"
"V-000065","ALLIANCE SAFETY INC","3500 N WINDSOR DRIVE","AURORA","CO","80011","Vendor"
"V-000066","ALLIANT INSURANCE SERVICES INC","LOCKBOX 744912","LOS ANGELES","CA","90065-1733","Vendor"
"V-000067","ALLIED HEALTH SOLUTIONS DMEDBA","129 E MAIN STREET","BRIDGEPORT","WV","26330","Vendor"
"V-000069","ALLREDI HOLDINGS LLC","PO BOX 670560","DALLAS","TX","75267-0560","Vendor"
"V-000070","ALLRITE PAVING & REDIMIX INC","839 MACKENZIE AVENUE","CANON CITY","CO","81212","Vendor"
"V-000071","ALLSTAR CONTRACTING LLC","BRIAN P MAYHEW","MORGANTOWN","WV","26508","Vendor"
"V-000072","ALLWAYS TRUCKING INC","3639 AVIATION WAY","MEDFORD","OR","97504","Vendor"
"V-000073","ALPHA OIL TOOLS LLC","3044 WICHITA COURT","FORT WORTH","TX","76140","Vendor"
"V-000074","ALPHA PIPE COMPANY INC","12360 OLD TESSON ROAD","ST LOUIS","MO","63128","Vendor"
"V-000075","ALPHA TEK AUTOMATION INC","5001 WEST 161 STREET","BROOK PARK","OH","44142","Vendor"
"V-000076","ALPHAOMEGA SHELVING INC","800 HOPE HOLLOW ROAD","CARNEGIE","PA","15106","Vendor"
"V-000077","ALPINE SALES & RENTAL CORP","801 PLEASANT VIEW BLVD","BELLEFONTE","PA","16823","Vendor"
"V-000078","ALRO STEEL CORPORATION","24876 NETWORK PLACE","CHICAGO","IL","60673","Vendor"
"V-000079","ALTA FUELS LLC","615 STATE AVENUE","ALAMOSA","CO","81101","Vendor"
"V-000080","AMADA MACHINERY AMERICA INC","100 S PUENTE STREET","BREA","CA","92821","Vendor"
"V-000081","AMAZON CAPITAL SERVICES","PO BOX 035184","SEATTLE","WA","98124-5184","Vendor"
"V-000083","AMERICAN ARBITRATION ASSOCIATI","2200 CENTURY PARKWAY","ATLANTA","GA","30345","Vendor"
"V-000084","AMERICAN AUGERS","PO BOX 95232","CHICAGO","IL","60694-5232","Vendor"
"V-000085","AMERICAN CONTRACTORS EQUIPMENT","PO BOX 838","INDIANOLA","PA","15051","Vendor"
"V-000086","AMERICAN CRANE AND MILLWRIGHT","100 IMS DRIVE","GAS CITY","IN","46933","Vendor"
"V-000087","AMERICAN CUBE MOLD INC","1636 WEST 130TH STREET","BRUNSWICH","OH","44212","Vendor"
"V-000088","AMERICAN ENERGY CONTRACTORS LLC","501 TERRACE AVENUE","HUNTINGTON","WV","25705","Vendor"
"V-000089","AMERICAN ENGINEERING TESTING","550 CLEVELAND AVENUE NORTH","ST PAUL","MN","55114","Vendor"
"V-000090","AMERICAN EQUIP & FABRICATING","100 WATER STREET","EAST PROVIDENCE","RI","02914-5022","Vendor"
"V-000091","AMERICAN EXPRESS",,,,,"Vendor"
"V-000092","AMERICAN GARAGE DOOR LLC","6909 SHINNSTON PIKE","SHINNSTON","WV","26431","Vendor"
"V-000093","AMERICAN GAS ASSOCIATION","PO BOX 79580","BALTIMORE","MD","21279-0580","Vendor"
"V-000094","AMERICAN HERITAGE",,,,,"Vendor"
"V-000095","AMERICAN HYDRO LLC","610 N 100 E","WINCHESTER","IN","47394","Vendor"
"V-000096","AMERICAN MINE POWER INC","PO BOX 1602","CRAB ORCHARD","WV","25827","Vendor"
"V-000097","AMERICAN OILFIELD BEARING LLC","15055 FAIRFIELD MEADOWS DRIVE","CYPRESS","TX","77433","Vendor"
"V-000098","AMERICAN PIPING INSPECTION INC","17110 E PINE STREET","TULSA","OK","74116","Vendor"
"V-000099","AMERICAN PRODUCERS SUPPLY INC","PO BOX 1050","MARIETTA","OH","45750","Vendor"
"V-000100","AMERICAN SOCIETY OF MECH ENG","150 CLOVE ROAD","LITTLE FALLS","NJ","07424-2139","Vendor"
"V-000101","AMERICAN TESTING LABORATORIES","784 FLORY MILL ROAD","LANCASTER","PA","17601-2734","Vendor"
"V-000102","AMERICAN WELDING & GAS INC","PO BOX 779009","CHICAGO","IL","60677-9009","Vendor"
"V-000103","AMERIGAS7089","PO BOX 660288","DALLAS","TX","75266-0288","Vendor"
"V-000104","AMICUS CHEMICAL SOLUTIONS LLC","204 SE 9TH STREET","PELLA","IA","50219","Vendor"
"V-000105","AMPLIFY SERVICE & RENTAL LLC","19 WASHINGTON AVE","HICKORY","PA","15340","Vendor"
"V-000106","AMTOWER AUTO SUPPLY INC","PO BOX 4639","BRIDGEPORT","WV","26330","Vendor"
"V-000107","ANCHOR SEALS INC","920 SECOND AVENUE","CORAOPOLIS","PA","15108","Vendor"
"V-000108","ANDERSON EQUIPMENT CO","PO BOX 713580","PHILADELPHIA","PA","19171-3580","Vendor"
"V-000109","ANDRE PRYCE","15 KIRA DRIVE","LEMONT FURANCE","PA","15456","Vendor"
"V-000110","ANDREWS EQUIPMENT COMPANY INC","8414 WASHINGTON BLVD","JESSUP","MD","20794","Vendor"
"V-000111","ANDREWS SALES & SERVICE LLC","100 STATE ROUTE 271 NORTH","LIGONIER","PA","15658","Vendor"
"V-000112","ANN HARRIS BENNETT","TAX ASSESSOR-COLLECTOR","HOUSTON","TX","77253-3547","Vendor"
"V-000113","ANOTHER SOURCE OF SUPPLY LLC","3998 S MARIPOSA ST","ENGLEWOOD","CO","80128","Vendor"
"V-000114","ANTARCTIC EMERG PHYS LLC","PO BOX 38041","PHILADELPHIA","PA","19101","Vendor"
"V-000115","ANTELOPE CREEK TRUCKING INC","5801 LAKE SHORE EST 11 B","BEULAH","ND","58523","Vendor"
"V-000116","APEX ATHLETICS AND APPAREL","2600 MIDDLTOWN COMMONS","WHITE HALL","WV","26554","Vendor"
"V-000117","APEX INDUSTRIES LLC","320 MCCRACKEN ROAD","WIND RIDGE","PA","15380","Vendor"
"V-000118","APEX PRECISION TOOLING LLC","15 DOWNWIND LANE","PHILIPPI","WV","26416","Vendor"
"V-000119","APEX STEEL PIPE & PILING","1221 S SHEPHERD DRIVE","HOUSTON","TX","77019","Vendor"
"V-000120","APEX SUPPLY COMPANY","PO BOX 191049","DALLAS","TX","75219","Vendor"
"V-000121","APPALACHIAN AGGREGATES LLC","PO BOX 743836","ATLANTA","GA","30374-3836","Vendor"
"V-000122","APPALACHIAN POWER","PO BOX 371496","PITTSBURGH","PA","15250","Vendor"
"V-000123","APPALACHIAN TIRE PRO INC","2907 4TH AVENUE","CHARLESTON","WV","25387","Vendor"
"V-000124","APPALACHIAN WELL SURVEYS INC","4973 SKYLINE DRIVE","CAMBRIDGE","OH","43725","Vendor"
"V-000125","APPLIANCE TECH","63 WINDSDOOR DRIVE","BUCKHANNON","WV","26201","Vendor"
"V-000126","APPLIED CONST SOLUTIONS INC","PO BOX 430","BRIDGEPORT","WV","26330","Vendor"
"V-000127","APPLIED INDUSTRIAL TECH INC","22510 NETWORK PLACE","CHICAGO","IL","60673-1225","Vendor"
"V-000128","APPRENTICESHIP","PO BOX 25","WAKEFIELD","VA","23888","Vendor"
"V-000129","APPROVED TOILET RENTAL","19 FURNACE ST EXT","MCKEES ROCKS","PA","15136","Vendor"
"V-000130","APPTUS CORPORATION","13699 VIA VARRA","BROOMFIELD","CO","80020","Vendor"
"V-000131","ARC GASES","PO BOX 1708","DUNN","NC","28335-1708","Vendor"
"V-000132","ARC WELD INC","135 SOUTH SECOND STREET","WEST NEWTON","PA","15089","Vendor"
"V-000133","ARC3 GASES","PO BOX 896866","CHARLOTTE","NC","28289-6866","Vendor"
"V-000134","ARCH RENTAL LLC","63 SPRINGFIELD AVENUE","WASHINGTON","PA","15301","Vendor"
"V-000135","ARCORO HOLDINGS CORP","PO BOX 844712","BOSTON","MA","02284-4712","Vendor"
"V-000137","ARGOS USA LLC","PO BOX 733134","DALLAS","TX","75373-3134","Vendor"
"V-000138","ARNOLD BROS EQUIP CORP","105 ARNOLD LANE","MOUNTAIN LAKE PARK","MD","21550","Vendor"
"V-000139","ARNTZEN CORPORATION","PO BOX 505","SHARON","WI","53585","Vendor"
"V-000140","ASHLAND FABRICATION LLC","1900 MAIN STREET","CANONSBURG","PA","15317","Vendor"
"V-000141","ASHTABULA COUNTY CLERK OF COUR","25 WEST JEFFERSON STREET","JEFFERSON","OH","44047","Vendor"
"V-000142","ASI CONSTRUCTION LLC","130 MEADOW RODGE RPAD","MT MORRIS","PA","15349","Vendor"
"V-000143","ASPHALT CONTRACTORS","AND SITE WORK INC","LAVALETTE","WV","25535","Vendor"
"V-000144","ASSOCIATION OF STATE DAM","SAFETY OFFICIALS INC","LEXINGTON","KY","40508","Vendor"
"V-000145","ASSURED PARTNERS AEROSPACE LLC","1825 W KNUDSEN DR #100B","PHOENIX","AZ","85027","Vendor"
"V-000146","ASTM INTERNATIONAL","PO BOX 45758","BALTIMORE","MD","21297-5758","Vendor"
"V-000147","AT &T MOBILITY","PO BOX 6463","CAROL STREAM","IL","60197-6463","Vendor"
"V-000148","AT&T","PO BOX 5075","CAROL STREAM","IL","60197-5075","Vendor"
"V-000149","ATERRA SOLUTIONS LLC","300 BROOKSIDE AVENEUE","AMBLER","PA","19002","Vendor"
"V-000150","ATLANTIC NITROGEN&TESTING LLC","100 HAMILTON STREET","WASHINGTON","PA","15301","Vendor"
"V-000151","ATLANTIC TESTING LABORATORIES","6431 US HIGHWAY 11","CANTON","NY","13617","Vendor"
"V-000152","ATLAS GROUP LLC","718 INDUSTRIAL PARK ROAD","BUCHANNON","WV","26201","Vendor"
"V-000153","AUTO TIRE AND PARTS INC","212 S KINGS HIGHWAY","CAPE GIRARDEAU","MO","63702-0560","Vendor"
"V-000154","AUTOMOTIVE MACHINE INC","310 BALTIMORE AVENUE","MT LAKE PARK","MD","21550","Vendor"
"V-000155","AVETTA LLC","PO BOX 8474","PASADENA","CA","91109","Vendor"
"V-000156","B AND K EQUIPMENT LLC","PO BOX 741","WYALUSING","PA","18853","Vendor"
"V-000157","B&B OILFIELD EQUIP CORP","PO BOX 492","MOUNT PLEASANT","MI","48804","Vendor"
"V-000158","B&B OVERHEAD CRANE SERVICES","310 FRAZIER LANE","BUFFALO","WV","25033","Vendor"
"V-000159","BABST CALLAND ATTORNEYS AT LAW","TWO GATEWAY CENTER","PITTSBURGH","PA","15222","Vendor"
"V-000160","BACKTOWN AUTOMOTIVE AND ACCESS","29321 BACKTOWN ROAD UNIT 7","TRAPPE","MD","21673","Vendor"
"V-000161","BACON FARMERS ENGINEERING","AND TESTING INC","PADUCAH","KY","42002","Vendor"
"V-000162","BADGER DAYLIGHTING CORP","LOCKBOX 1627","PHILADELPHIA","PA","19195-0001","Vendor"
"V-000163","BAILEY SPORTING CLAY ASSOC","192 CRABAPPLE ROAD","WIND RIDGE","PA","15380","Vendor"
"V-000164","BAILEY STEEL & SUPPLY LLC","60 MOSCOW ROAD","WAYNESBURG","PA","15370","Vendor"
"V-000165","BAKER HUGHES","PO BOX 301057","DALLAS","TX","75303-1057","Vendor"
"V-000166","BAKER TILLY US LLP","PO BOX 78975","MILWAUKEE","WI","53278-8975","Vendor"
"V-000167","BAKERSFIELD BIT & TOOL LLC","1717 LAWSON","BAKERSFIELD","CA","93307","Vendor"
"V-000168","BANDIT SOLUTIONS LLC","310 FORT CHERRY ROAD","MCDONALD","PA","15057","Vendor"
"V-000169","BAPTIST HEALTH OCCUP MEDICINE","SYSTOC","CHICAGO","IL","60673-4848","Vendor"
"V-000170","BARBCO INC","PO BOX 30189","EAST CANTON","OH","44730","Vendor"
"V-000172","BARR SPECIALIZED INC","4146 STATE ROUTE 154","PINCKNEYVILLE","IL","62274","Vendor"
"V-000173","BARTLETT CONTROLS LLC","702 OLD PROVIDENCE ROAD","WAXHAW","NC","28173","Vendor"
"V-000174","BARTON SUPPLY","14800 E MONCRIEFF PLACE","AURORA","CO","80011","Vendor"
"V-000175","BASIN INDUSTRY SUPPLY","5193 EAST US 50","OLNEY","IL","62450","Vendor"
"V-000176","BATTERIES PLUS BULBS","3320 AUSTIN BLUFFS PKWY","COLORADO SPRINGS","CO","80918","Vendor"
"V-000177","BATTLE MOTORS INC","1951 REISER AVENUE SE","NEW PHILADELPHIA","OH","44663","Vendor"
"V-000178","BAUER EQUIPMENT AMERICA INC","608 CONROE PARK WEST DRIVE","CONROE","TX","77303","Vendor"
"V-000179","BAY CRANE MIDWEST LLC","PO BOX 25192","NEW YORK","NY","10087-5192","Vendor"
"V-000180","BC SERVICES INC","PO BOX 1317","LONGMONT","CO","80502-1317","Vendor"
"V-000181","BEAR COMMUNICATIONS INC","PO BOX 670354","DALLAS","TX","75267-0354","Vendor"
"V-000182","BEAR CONTRACTING LLC","MARK URSO","BRIDGEPORT","WV","26330","Vendor"
"V-000183","BEDFORD VALLEY PETROLEUM & PRO","1 EAST POTOMAC STREET","CUMBERLAND","MD","21502","Vendor"
"V-000184","BEDROCK ENVIRONMENTAL SERVICES","23 LISBON STREET SUITE G","CANFIELD","OH","44406","Vendor"
"V-000185","BEIMEL TRANSPORTATION INC","420 UHL ROAD","KERSEY","PA","15846","Vendor"
"V-000186","BEITZEL CORPORATION","333 CORPORATE DRIVE","GRANTSVILLE","MD","21536","Vendor"
"V-000187","BELL SUPPLY COMPANY","PO BOX 842263","DALLAS","TX","75284","Vendor"
"V-000188","BELLEMARE SPECIALIZED LOGISTIC","PO BOX 680","CONROE","TX","77305","Vendor"
"V-000189","BELMONT COUNTY TREASURER","101 WEST MAIN STREET","ST CLAIRSVILLE","OH","43950-1260","Vendor"
"V-000190","BELMONT SOLIDS CONTROL LLC","7716 DEPOT ROAD UNIT 1","LISBON","OH","44432","Vendor"
"V-000191","BENCHMARK SAFETY HEALTH LLC","PO BOX 247","BRIDGEPORT","WV","26330-0247","Vendor"
"V-000192","BENEDUM & SONS INC","1734 RACCOON RUN ROAD","SALEM","WV","26426","Vendor"
"V-000193","BENNET ROGERS COATING INC","900 KINDELBERGER ROAD","KANSAS CITY","KS","66115","Vendor"
"V-000194","BENTLEY SYSTEMS INC","PO BOX 828836","PHILADELPHIA","PA","19182-8836","Vendor"
"V-000195","BENTLEYVILLE GARDEN INN INC","101 GOSAI DR","BENTLEYVILLE","PA","15314","Vendor"
"V-000196","BENTON HARDWARE LLC","411 EAST 12TH STREET","BENTON","KY","42025","Vendor"
"V-000197","BERKELEY MEDICAL CENTER","PO BOX 990","MORGANTOWN","WV","26507","Vendor"
"V-000198","BEST ONE TIRE & SERVICE","PO BOX 734028","CHICAGO","IL","60673-4028","Vendor"
"V-000199","BEST ONE TIRE OF MADISONVILLE","1255 NEBO ROAD","MADISONVILLE","KY","42431","Vendor"
"V-000200","BEST ONE TIRE OF MARION","1001 N COURT","MARION","IL","62959","Vendor"
"V-000202","BESTLINE EQUIPMENT","2582 GATEWAY DRIVE","STATE COLLEGE","PA","16801","Vendor"
"V-000203","BETHEL TOWNSHIP SUPERVISORS","3218 RIDGE ROAD","FORD CITY","PA","16226","Vendor"
"V-000204","BHE GT&S CHARITY GOLF INVITAT","ATTN GINA PALMER","BRIDGEPORT","WV","26330","Vendor"
"V-000205","BIG BEAR ENGINE COMPANY LLC","18540 APACHE DRIVE #160","PARKER","CO","80134","Vendor"
"V-000206","BIG STATE INDUSTRIAL SUPPLY IN","PO BOX 5410","RIVERSIDE","CA","92517","Vendor"
"V-000207","BILLS BIT SERVICE","325 CLARK RD","SMITHFIELD","PA","15478","Vendor"
"V-000209","BJ OILFIELD SERVICE","2944 CO RD 186","CARDINGTON","OH","43315","Vendor"
"V-000210","BK CORROSION LLC","HOU1007","DALLAS","TX","75265-0998","Vendor"
"V-000211","BKL LLC","1133 FAIRVIEW ROAD","INDEPENDENCE","WV","26374","Vendor"
"V-000213","BLACK DIAMOND ENERGY SERVICES","175 SLIDING RUN ROAD","BURNSVILLE","WV","26335","Vendor"
"V-000214","BLACK HYDROVAC LLC","38993 HUGHESVILLE ROAD","HAMILTON","VA","20158","Vendor"
"V-000215","BLACKSVILLE MIGHTY CEEBEES",,,,,"Vendor"
"V-000216","BLASTONE INTERNATIONAL","PO BOX 631127","CINCINNATI","OH","45263-1127","Vendor"
"V-000217","BLAZE EQUIPMENT RENTAL LLC","4200 WHITE STREET","FT WORTH","TX","76135","Vendor"
"V-000218","BLOOD HOUND LLC","PO BOX 715409","CINCINNATI","OH","45271-5409","Vendor"
"V-000219","BLUE & GOLD CONTRACTING","3354 HOWARD RUN ROAD","CLARKSBURG","WV","26301","Vendor"
"V-000220","BLUE BASTION","800 REGIS AVENUE","PITTSBURGH","PA","15236","Vendor"
"V-000221","BLUE TARP FINANCIAL INC","PO BOX 105525","ATLANTA","GA","30348-5525","Vendor"
"V-000222","BM KRAMER AND CO INC","69 SOUTH 20TH STREET","PITTSBURGH","PA","15203-1986","Vendor"
"V-000223","BOBCAT OF PITTSBURGH","PO BOX 644405","PITTSBURGH","PA","15264-4405","Vendor"
"V-000224","BOE G TRANSPORT LLC","2755 DENTS RUN BLVD","MORGANTOWN","WV","26501","Vendor"
"V-000225","BOE G TRUCKING LLC","PO BOX 36","BLACKSVILLE","WV","26521","Vendor"
"V-000226","BOORD BENCHECK & ASSOICATES IN","333 TECHNOLOGY DRIVE","CANONSBURG","PA","15317","Vendor"
"V-000227","BOWMAN EXCAVATION/PAVING/CONCR","1611 E COLLEGE AVE","BELLEFONTE","PA","16823","Vendor"
"V-000228","BOXLEY READY MIX LLC","3830B BLUE RIDGE DRIVE SW","ROANOKE","VA","24018","Vendor"
"V-000229","BOYD COMPANY","DEPARTMENT 8326","CAROL STREAM","IL","60122-8326","Vendor"
"V-000230","BRAKE BONDING & FRICTION","PO BOX 167","SPELTER","WV","26438","Vendor"
"V-000231","BRAKE SUPPLY COMPANY INC","4280 PAYSPHERE CIRCLE","CHICAGO","IL","60674","Vendor"
"V-000232","BRAKE TECHNIQUE INC","PO BOX 71","HUMMELS WHARF","PA","17831","Vendor"
"V-000233","BRAND X HYDROVAC SERVICES INC","PO BOX 1199","SILT","CO","81652","Vendor"
"V-000234","BRANDON HILLBERRY","241 HILLBERRY LANE","WHEELING","WV","26003","Vendor"
"V-000235","BRANNAN READY MIX","2500 E BRANNAN WAY","DENVER","CO","80229","Vendor"
"V-000236","BRECHBUHLER SCALES INC","1424 SCALE STREET SW","CANTON","OH","44706","Vendor"
"V-000237","BRECHBUHLER TRUCK SALES LLC","4216 SOUTHWAY ST SW","CANTON","OH","44706","Vendor"
"V-000238","BREWER & COMPANY OF WV INC","PO BOX 3108","CHARLESTON","WV","25331","Vendor"
"V-000239","BRIAN HOUSTON","450 SCHOOLHOUSE ROAD","JOHNSTOWN","PA","15904","Vendor"
"V-000240","BRIDGEPORT EQUIPMENT & TOOL","500 HALL STREET","BRIDGEPORT","OH","43912","Vendor"
"V-000241","BRIDGEPORT EXPRESS CARE INC","1370 JOHNSON AVENUE","BRIDGEPORT","WV","26330","Vendor"
"V-000242","BRIDGEPORT TIRE & SUPPLY","PO BOX 877","BRIDGEPORT","WV","26330","Vendor"
"V-000243","BRIDGES EQUIPMENT LTD","2002 MAURICE RD","ODESSA","TX","79763","Vendor"
"V-000244","BRIGGS TIRE","785 BAKER HILL ROAD","WASHINGTON","PA","15301","Vendor"
"V-000245","BRODA LANDFILL","PATRICK BRODA","BRIGHTON","CO","80603","Vendor"
"V-000247","BRUCKNERS TRUCK SALES INC","CORPORATE BILLING LLC","BIRMINGHAM","AL","35283","Vendor"
"V-000249","BRYAN S WHITMER","180 FERNCLIFF ROAD","RICES LANDING","PA","15357","Vendor"
"V-000250","BSQUARED","5590 LAUBY ROAD","NORTH CANTON","OH","44720","Vendor"
"V-000251","BUCHANAN PUMP SERVICE & SUPPLY","PO 827","POUND","VA","24279","Vendor"
"V-000252","BUCKEY DISPOSAL","PO BOX 37","BELLE VALLEY","OH","43717-0037","Vendor"
"V-000253","BUCKEYE MATS","PO BOX 734506","DALLAS","TX","75373","Vendor"
"V-000254","BUCKEYE WELDING SUPPLY CO INC","PO BOX 1522","GREELEY","CO","80632","Vendor"
"V-000255","BUDDS SCALE SERVICE&SALES INC","PO BOX 903","UNIONTOWN","PA","15401","Vendor"
"V-000256","BUFFALO WELL PRODUCTS","10440 MAIN STREET","CLARENCE","NY","14031","Vendor"
"V-000257","BUILDING HOPE","MARK URSO",,,,"Vendor"
"V-000258","BULK TRANSPORT CO EAST INC","JPMORGAN CHASE (TX1-0029)","FT WORTH","TX","76155","Vendor"
"V-000259","BURNS DRILLING AND EXCAVATING","PO BOX 41","WIND RIDGE","PA","15380","Vendor"
"V-000260","BURNS INDUSTRIAL EQUIPMENT INC","PO BOX 951734","CLEVELAND","OH","44193","Vendor"
"V-000261","BUSINESS AUTOMATION SPECIALIST","204 37TH AVE N #351","ST PETERSBURG","FL","33704","Vendor"
"V-000262","BUTLER GAS PRODUCTS","110 NICHOL AVENUE","MCKEES ROCKS","PA","15136","Vendor"
"V-000263","BUTLER SANITATION SOLUTIONS","3173 BROKAW ROAD","BUTLER","OH","44822","Vendor"
"V-000264","BYRAM CONCRETE & SUPPLY LLC","PO BOX 410","BREWSTER","NY","10509","Vendor"
"V-000265","C AND M WASTE WATER SERVICE LL","944 JOLLYTOWN ROAD","NEW FREEPORT","PA","15352","Vendor"
"V-000267","C&B MATERIAL HANDLING LLC","101 S REID STREET","SIOUX FALLS","SD","57103","Vendor"
"V-000268","C&C DISPOSAL INC","1401 QUARTZ STREET","PUEBLO","CO","81008","Vendor"
"V-000269","C&M MANUFACTURING CO INC","10215-C BUENA VISTA AVENUE","SANTEE","CA","92071","Vendor"
"V-000270","C&R ELECTRICAL CONTRACTORS INC","10475 IRMA DR #13","NORTHGLENN","CO","80233","Vendor"
"V-000272","CALIBRATION SERVICES INC","300 BUTTERTOWN ROAD","EMLENTON","PA","16373","Vendor"
"V-000273","CALM","PO BOX 5058","OAK RIDGE","TN","37831-5058","Vendor"
"V-000274","CALOHIO LUBE PRODUCTS CO INC","50 E STRAWBERRY ALLEY","NORTH LIMA","OH","44452","Vendor"
"V-000275","CALVERT CITY LUMBER CO INC","5228 GILBERTSVILLE ROAD","CALVERT CITY","KY","42029","Vendor"
"V-000276","CALVERTHEALTH MEDICAL CENTER","PO BOX 11755","NEWARK","NJ","7101","Vendor"
"V-000277","CAMBRIDGE CABLE SERVICE INC","58945 COUNTRY CLUB ROAD","BYESVILLE","OH","43723","Vendor"
"V-000278","CANADIAN PRAIRIE OUTFITTERS LL","1946 NW FORK ROAD","STUART","FL","34994","Vendor"
"V-000279","CANARY DRILLING SERVICES LLC","4501 TAMIAMI TRAIL N SUITE 102","NAPLES","FL","34103","Vendor"
"V-000280","CANARY SYSTEMS INC","5 GOULD ROAD","NEW LONDON","NH","3257","Vendor"
"V-000282","CAPITAL CITY GROUP","PO BOX 23416","NEW YORK","NY","10087-3416","Vendor"
"V-000283","CAPITAL DOORS INC","135 ROUSH CIRCLE","FAIRMONT","WV","26554","Vendor"
"V-000284","CAPITAL PROJECT MANAGEMENT INC","1777 SENTRY PARKWAY WEST","BLUE BELL","PA","19422-2210","Vendor"
"V-000285","CAPITOL BUSINESS INTERIORS","PO BOX 2973","HUNTINGTON","WV","25729","Vendor"
"V-000286","CAPITOL CORPORATE SERVICESINC","PO BOX 1831","AUSTIN","TX","78767","Vendor"
"V-000287","CAPTAIN ALAN T POORE JR","7459 LEADENHAM COVE ROAD","BOZMAN","MD","21612","Vendor"
"V-000288","CARBOLINE COMPANY","PO BOX 931942","CLEVELAND","OH","44193-0004","Vendor"
"V-000289","CARDINAL SERVICES LLC","PO BOX 1340","CLARKSBURG","WV","26302","Vendor"
"V-000290","CARONE EAST INC","PO BOX 1378","CUMBERLAND","MD","21501-1378","Vendor"
"V-000291","CARPENTER & PATERSON INC","PO BOX 347831","PITTSBURGH","PA","15251-4876","Vendor"
"V-000292","CARPENTERS BENEFIT FUND","327 N CENTRE STREET","CUMBERLAND","MD","21502","Vendor"
"V-000293","CARPENTERS CONTRIBUTION ACCT","PNC BANK PO BOX 640879","PITTSBURGH","PA","15264-0879","Vendor"
"V-000294","CARROLL CO GENERAL DISTRICT CO","PO BOX 698","HILLSVILLE","VA","24343-0698","Vendor"
"V-000295","CARTER LUMBER WEST VIRGINIA","PO BOX 40","KENT","OH","44240-0001","Vendor"
"V-000296","CARTER LUMBER WV III","195 NORTH STATE ROUTE 2","NEW MARTINSVILLE","WV","26155","Vendor"
"V-000297","CARTER MACHINERY COMPANY INC","PO BOX 751053","CHARLOTTE","NC","28275-1053","Vendor"
"V-000298","CASA FOR KIDS","235 HIGH STREET SUITE 202","MORGANTOWN","WV","26505","Vendor"
"V-000299","CASA OF GREENE COUNTY","52 SOUTH CHURCH STREET","WAYNESBURG","PA","15370","Vendor"
"V-000300","CASCO USA","370 MEADOWLANDS BLVD","WASHINGTON","PA","15301","Vendor"
"V-000301","CASE POWER & EQUIPMENT OF PA","PO BOX 773195","DETROIT","MI","48277-3195","Vendor"
"V-000302","CASELLA WASTE SYSTEMS INC","225 HOMER STREET","OLEAN","NY","14760","Vendor"
"V-000303","CASTLE ROCK CHRYSLER DODGE","JEEP RAM","CASTLE ROCK","CO","80104","Vendor"
"V-000304","CASTLE ROCK FORD","1404 S WILCOX ST","CASTLE ROCK","CO","80104","Vendor"
"V-000305","CASTLE ROCK ROCK LLC","PO BOX 91","CASTLE ROCK","CO","80104","Vendor"
"V-000306","CAT FINANCIAL COMMERICAL ACCOU","PO BOX 735638","DALLAS","TX","75373-5638","Vendor"
"V-000307","CATS TRANSPORT LLC","15620 COLLECTION CENTER DR","CHICAGO","IL","60693-0156","Vendor"
"V-000308","CAVCON INC","PO BOX 6865","CHARLESTON","WV","25362","Vendor"
"V-000309","CB TRUCKING INC","PO BOX 7","PENTRESS","WV","26544","Vendor"
"V-000310","CDL CERTIFIERS INC","6805 CORPORATE DRIVE SUITE 100-C1","COLORADO SPRINGS","CO","80919","Vendor"
"V-000311","CEC INC","360 FRONTIER STREET","MORGANTOWN","WV","26505","Vendor"
"V-000312","CED/MOSEBACH ELECTRIC SUPPLY","PO BOX 780758","PHILADELPHIA","PA","19178-0758","Vendor"
"V-000313","CEDARSTONE TOWNHOMES ASSOC","ATTN SANDRA WEST","MORGANTOWN","WV","26508","Vendor"
"V-000314","CENTER ROCK INC","PO BOX 307","BERLIN","PA","15530","Vendor"
"V-000315","CENTER SERVICE AUTO BODY INC","PO BOX 272","MORGANTOWN","WV","26507","Vendor"
"V-000316","CENTER TOWNSHIP GREENE CO","100 MUNICIPAL DRIVE","ROGERSVILLE","PA","15359","Vendor"
"V-000317","CENTRAL DRILL","244 ASTOR ROAD","BEDFORD","PA","15522","Vendor"
"V-000318","CENTRAL STATES HOSE INC","5199 E 48TH AVE","DENVER","CO","80216","Vendor"
"V-000319","CENTRAL SUPPLY CO","PO BOX 741866","ATLANTA","GA","30374-1866","Vendor"
"V-000320","CENTRE CONCRETE COMPANY","PO BOX 859","STATE COLLEGE","PA","16804","Vendor"
"V-000321","CENTRE EMERGENCY MEDICAL ASSOC","PO BOX 6009","HERMITAGE","PA","16148","Vendor"
"V-000322","CENTURY GEOPHYSICAL CORP","1223 S 71ST EAST AVENUE","TULSA","OK","74112-5609","Vendor"
"V-000323","CERES SOLUTIONS COOPERATIVE IN","2112 INDIANAPOLIS ROAD","CRAWFORDSVILLE","IN","47933","Vendor"
"V-000324","CERTIFIED LABORATORIES","23261 NETWORK PLACE","CHICAGO","IL","60673-1232","Vendor"
"V-000325","CERTAS ENERGY UK LTD","BROGAN FUELS","LARBERT","UK","FK54RB","Vendor"
"V-000326","CERTIFIED WELDING TECHNOLOGIES","PO BOX 67-","BORDEN","IN","47106","Vendor"
"V-000327","CGI INTERNATIONAL INC","1215 HENDERSON AVENUE","WASHINGTON","PA","15301","Vendor"
"V-000328","CHADRON LUMBER COMPANY","115 CHADRON AVENUE","CHADRON","NE","69337","Vendor"
"V-000329","CHADRON MOTOR COMPANY","1500 W HWY 20","CHADRON","NE","69337","Vendor"
"V-000330","CHAMBERSBURG RENTAL SERVICE IN","510 W LOUDON STREET","CHAMBERSBURG","PA","17201","Vendor"
"V-000331","CHAMPION EQUIPMENT COMPANY","8140 ROSECRANS AVENUE","PARAMOUNT","CA","90723","Vendor"
"V-000332","CHAMPION INDUSTRIES INC","PO BOX 2983","HUNTINGTON","WV","25729","Vendor"
"V-000333","CHANEY ENTERPRISES","PO BOX 824896","PHILADELPHIA","PA","19182-4896","Vendor"
"V-000334","CHARLESTON BLUEPRINT INC","1203 VIRGINIA STREET EAST","CHARLESTON","WV","25301","Vendor"
"V-000335","CHARLIE RIGGS","308 COLONIAL DRIVE","WAYNESBURG","PA","15370","Vendor"
"V-000336","CHARTER COMMUNICATIONS","BOX 223085","PITTSBURGH","PA","15251-2085","Vendor"
"V-000337","CHEMICAL DESIGN INC","285 MARKET STREET","LOCKPORT","NY","14094","Vendor"
"V-000338","CHISLER BROS CONTRACTING LLC","PO BOX 101","PENTRESS","WV","26544","Vendor"
"V-000339","CHISLER INC","153 BLUE GOOSE RD","FAIRVIEW","WV","26570","Vendor"
"V-000340","CHRISTINE K JARRELL","181 BIG SHANNON RUN ROAD","MT MORRIS","PA","15349","Vendor"
"V-000341","CHRISTOPHER SWIGER","4141 GRASS RUN RD","SALEM","WV","26426","Vendor"
"V-000342","CIB BRAKE LLC","716 RIVER ROAD","CLEARFIELD","PA","16830","Vendor"
"V-000343","CINTAS CORPORATION","PO BOX 630910","CINCINNATI","OH","45263-0910","Vendor"
"V-000344","CITCO WATER","4034 ALTIZER AVENUE","HUNTINGTON","WV","25705","Vendor"
"V-000345","CITY NEON USA LLC","1095 CHAPLIN ROAD","MORGANTOWN","WV","26501","Vendor"
"V-000346","CITY OF AURORA",,,,,"Vendor"
"V-000347","CITY OF BALTIMORE","BUREAU OF REVENUE COLLECTIONS","BALTIMORE","MD","21297-1535","Vendor"
"V-000348","CITY OF CAMBRIDGE","INCOME TAX DEPARTMENT","CAMBRIDGE","OH","43725-2596","Vendor"
"V-000349","CITY OF DENVER","OCCUPATION PRIVILEGE TAX","DENVER","CO",,"Vendor"
"V-000350","CITY OF FAIRMONT","PO BOX 1428","FAIRMONT","WV","26554","Vendor"
"V-000351","CITY OF MORGANTOWN","389 SPRUCE ST","MORGANTOWN","WV","26505","Vendor"
"V-000352","CITY OF TULSA","175 E 2ND STREET SUITE 261","TULSA","OK","74103","Vendor"
"V-000353","CIVIL & ENVIR CONSULTANTS INC","PO BOX 644246","PITTSBURGH","PA","15264","Vendor"
"V-000354","CIVIL SOLUTIONS LLC","810 COINBROOK LANE","CHESAPEAKE","VA","23322","Vendor"
"V-000355","CLARKSBURG BLUE PRINT","302 DUFF AVENUE","CLARKSBURG","WV","26301","Vendor"
"V-000356","CLARKSBURG MACK SALES SERV INC","1481 SHINNSTON PIKE","CLARKSBURG","WV","26301","Vendor"
"V-000357","CLEAN MANAGEMENT ENVIRONMENTAL","915 INDUSTRIAL ROAD","WALTERBORO","SC","29488","Vendor"
"V-000358","CLEARWATER CONSTRUCTION INC","1040 PERRY HIGHWAY","MERCER","PA","16137","Vendor"
"V-000359","CLERK OF THE COMBINED COURT","751 UTE ST","KIOWA","CO","80117","Vendor"
"V-000360","CLEVELAND BROTHERS EQUIPCO","PO BOX 417094","BOSTON","MA","02241-7094","Vendor"
"V-000361","CLINTON WATER ASSOCIATION","703 GREENBAG ROAD","MORGANTOWN","WV","26508-1589","Vendor"
"V-000362","CLINTWOOD LIONS CLUB","PO BOX 204","CLINTWOOD","VA","24228","Vendor"
"V-000363","CLOSNER EQUIPMENT CO INC","PO BOX 917","SCHERTZ","TX","78154","Vendor"
"V-000364","CLP SERVICES","PO BOX 378","BOLIVAR","OH","44612","Vendor"
"V-000365","CM TECHNICAL SERVICES LLC","2445 CLARKSBURG ROAD","CLARKSBURG","PA","15725","Vendor"
"V-000366","CMR REBUILD","410 NORTH OHIO AVENUE","CLARKSBURG","WV","26301","Vendor"
"V-000367","CMT TECHNICAL SERVICES","2796 S REDWOOD ROAD","WEST VALLEY CITY","UT","84119","Vendor"
"V-000368","CMT LABORATORIES INC","2701 CAROLEAN INDUSTRIAL DRIVE","STATE COLLEGE","PA","16801","Vendor"
"V-000369","CMW EQUIPMENT","PO BOX 759","BRIDGETON","MO","63044","Vendor"
"V-000370","CO DEPT OF REVENUE","CO STATE WITHHOLDING",,,,"Vendor"
"V-000371","COALITION FOR RENEWABLE","NATURAL GAS","SACRAMENTO","CA","95814","Vendor"
"V-000372","COAST 2 COAST LOGISTICS LLC","2040 MILLIGAN WAY","MEDFORD","OR","97504","Vendor"
"V-000373","COASTAL DRILLING EAST LLC","130 MEADOW RIDGE ROAD","MT MORRIS","PA","15349","Vendor"
"V-000374","COASTAL ENERGY SERVICES LLC","130 MEADOW RIDGE ROAD","MOUNT MORRIS","PA","15349","Vendor"
"V-000375","COASTAL WELL SERVICE LLC","130 MEADOW RIDGE ROAD","MT MORRIS","PA","15349","Vendor"
"V-000376","CODEWARE INC","6530 SAWYER LOOP ROAD","SARASOTA","FL","34238","Vendor"
"V-000377","CODY KEANE","95 DAVIS LANE","CANONSBURG","PA","15317","Vendor"
"V-000378","COLE & LAMBERT INC","PO BOX 69","CHURCHVILLE","MD","21028","Vendor"
"V-000379","COLE TRUCK PARTS","PO BOX 1298","BLUEFIELD","WV","24701","Vendor"
"V-000380","COLLIER ELECTRICAL SVCS INC","PO BOX 499","CALVERT CITY","KY","42029","Vendor"
"V-000381","COLLIFLOWER","PO BOX 826398","PHILADELPHIA","PA","19182-6398","Vendor"
"V-000382","COLORADO AUTOGLASS SPECIALISTS","15739 CANDLE CREEK DRIVE","MONUMENT","CO","80132","Vendor"
"V-000383","COLORADO CONCRETE PUMPING LLC","4090 CLYDESDALE PKWY","LOVELAND","CO","80538","Vendor"
"V-000384","COLORADO DEPARTMENT OF REVENUE",,"DENVER","CO","80261-0004","Vendor"
"V-000385","COLORADO METALS GROUP LLC","150 N SADDLE DRIVE","IDAHO SPRINGS","CO","80452","Vendor"
"V-000386","COLORADO NATURAL GAS INC","PO BOX 77207","MINNEAPOLIS","MN","55480-7200","Vendor"
"V-000387","COLORADO SAFETY SUPPLY CO LLC","700 BILLINGS STREET","AURORA","CO","80011","Vendor"
"V-000388","COLORADO SAW AND TOOL INC","388 E INDUSTRIAL BLVD","PUEBLO WEST","CO","81007","Vendor"
"V-000389","COLORADO SPRINGS UTILITIES","PO BOX 340","COLORADO SPRINGS","CO","80901","Vendor"
"V-000390","COLORADO UNEMPLOYMENT",,,,,"Vendor"
"V-000391","COLT WELL SERVICES","2763 GARRETTS RUN ROAD","FORT CITY","PA","16226","Vendor"
"V-000392","COLUMBUS EQUIPMENT COMPANY","PO BOX 604332","CHARLOTEE","NC","28260-4332","Vendor"
"V-000393","COM DRILL SUPPLY","PO BOX 81","DELLSLOW","WV","26531","Vendor"
"V-000394","COMCAST","PO BOX 70219","PHILADELPHIA","PA","19176-0219","Vendor"
"V-000396","COMDATA FLEET MOVER","PO BOX 415000","NASHVILLE","TN","37241-5000","Vendor"
"V-000397","COMDATA MASTERCARD",,,,,"Vendor"
"V-000398","COMDOC INC","PO BOX 713440","CHICAGO","IL","60677-4340","Vendor"
"V-000399","COMFORT INN & SUITES","1 COMMERCE BOULEVARD","BUCKHANNON","WV","26201","Vendor"
"V-000400","COMFORT SUITES","80 PROSPERITY AVENUE","LEESBURG","VA","20175","Vendor"
"V-000401","COMMAND ALKON INCORPORATED","PO BOX 11407","BIRMINGHAM","AL","35246-0645","Vendor"
"V-000402","COMMERCIAL PLUMBERS SUPPLY INC","5228 GILBERTSVILLE ROAD","CALVERT CITY","KY","42029","Vendor"
"V-000403","COMMERCIAL TECHNICAL SERVICES","125 TECHNOLOGY DRIVE SUITE 014","CANNONSBURG","PA","15317","Vendor"
"V-000404","COMMONWEALTH OF KENTUCKY","OFFICE OF UNEMPLOYMENT INSURANCE","FRANKFORT","KY","40601-1958","Vendor"
"V-000405","COMMONWEALTH OF PENNSYLVANIA","DEPARTMENT OF ENVIRONMENT PROTECT","HARRISBURG","PA","17105-8461","Vendor"
"V-000406","COMPANY WRENCH LTD","4805 SCOOBY LANE","CARROLL","OH","43112","Vendor"
"V-000407","COMPLETE ENERGY SERVICES LLC","216 MARKET STREET","SPENCER","WV","25276","Vendor"
"V-000408","COMPLIANCE SERVICES LLC","106 NORTH MARKET STREET","CARMICHAELS","PA","15320","Vendor"
"V-000409","COMPROBE LLC","9632 CROWLEY ROAD","FORT WORTH","TX","76134","Vendor"
"V-000410","COMPTROLLER OF MARYLAND","REVENUE ADMINISTRATION DIV","ANNAPOLIS","MD","21404-2601","Vendor"
"V-000411","CONCRETE PUMP SUPPLY LLC","5300 RIVERVIEW ROAD SE","MABLETON","GA","30126","Vendor"
"V-000412","CONEQUIP PARTS & EQUIPMENT LLC","PO BOX 737634","DALLAS","TX","75373-7634","Vendor"
"V-000413","CONEWAGO MANUFACTURING LLC","660 EDGEGROVE ROAD","HANOVER","PA","17331","Vendor"
"V-000414","CONSTABLE BABICH LLC","1189 WW RAILROAD ROAD","SYCAMORE","PA","15364","Vendor"
"V-000415","CONSTRUCTCONNECT INC","PO BOX 207121","DALLAS","TX","75320-7121","Vendor"
"V-000416","CONSTRUCTION AND DRILLING SOLUTIONS INC","PO BOX 1192","COLUMBUS","NC","28722","Vendor"
"V-000417","CONSTRUCTION MACHINERY CO INC","PO BOX 175","FISHERVILLE","KY","40023","Vendor"
"V-000418","CONSTRUCTION RENTAL SUPPLY INC","5601 GRAND AVENUE","NEVILLE ISLAND","PA","15225","Vendor"
"V-000419","CONTECH ENGINEERED SOULUTIONS","PO BOX 936362","ATLANTA","GA","31193-6362","Vendor"
"V-000420","CONTRACTORS ASSOCIATION OF WV","2114 KANAWHA BLVD EAST","CHARLESTON","WV","25311","Vendor"
"V-000421","CONTRACTORS SUPPLY OF WV LLC","24TH STREET","WHEELING","WV","26003-0631","Vendor"
"V-000422","CONTROL SERVICES INC","763 DUCK HOLLOW","VICTOR","NY","14564","Vendor"
"V-000423","CONVERCENT INC","DEPT CH 17050","PALATINE","IL","60055-7050","Vendor"
"V-000424","CORBIN ESCORT SERVICE INC","PO BOX 21","ALTAMONT","IL","62411","Vendor"
"V-000427","CORNERSTONE BUILDING SERVICE","89 CARL ZINN ROAD","INDEPENDENCE","WV","26374","Vendor"
"V-000428","CORNERSTONE CARE","ATTN HUGO BERARDI","GREENSBORO","PA","15338","Vendor"
"V-000429","CORNERSTONE CORPORATION","227 HACKERS CREEK ROAD","JANE LEW","WV","26378","Vendor"
"V-000430","CORPORATE BILLING","DEPT 100 PO BOX 830604","BIRMINGHAM","AL","35283","Vendor"
"V-000431","CORY L GRANDELTREASURER",,"WAYNESBURG","PA","15370","Vendor"
"V-000432","CORY TUCKER","1903 CENTER STREET","MOUNDSVILLE","WV","26041","Vendor"
"V-000433","COSERV","7701 SOUTH STEMMONS","CORINTH","TX","76210","Vendor"
"V-000434","COSTEX TRACTOR PARTS","5800 NW 74TH AVENUE","MIAMI","FL","33166-3740","Vendor"
"V-000435","COUGHLIN & GERHART LLP","PO BOX 2039","BINGHAMTON","NY","13902-2039","Vendor"
"V-000437","COVE RUN CONTRACTING","PO BOX 42","ANMOORE","WV","26323","Vendor"
"V-000438","COWIN EQUIPMENT COMPANY INC","PO BOX 10624","BIRMINGHAM","AL","35202","Vendor"
"V-000439","COWLING BROS INC","PO BOX 6","WAVERLY","VA","23890","Vendor"
"V-000440","CPO LLC","1946 NW FORK RD","STUART","FL","34994","Vendor"
"V-000441","CRABTREE COMFORT CONTROL INC","PO BOX 153","CLINTWOOD","VA","24228","Vendor"
"V-000442","CRANE EDGE LLC","13278 US ROUTE 60","MILTON","WV","25541","Vendor"
"V-000443","CRC EVANS PIPELINE INTL INC","7011 HIGH LIFE DRIVE","HOUSTON","TX","77066","Vendor"
"V-000445","CRESTWOOD TUBULARS INC","PO BOX 6950","SAINT LOUIS","MO","63123","Vendor"
"V-000446","CRITICAL CONTROL ENERGY SERVIC","29059 NETWORK PLACE","CHICAGO","IL","60673-1290","Vendor"
"V-000447","CROELL INC","PO BOX 1352","SUNDANCE","WY","82729","Vendor"
"V-000448","CROSS EXCAVATING LLC","19316 ROUTE 6","MANSFIELD","PA","16933","Vendor"
"V-000449","CROSSPOINT",,,,,"Vendor"
"V-000450","CRYSTAL SPRINGS","PO BOX 660579","DALLAS","TX","75266-0579","Vendor"
"V-000451","CS DISCO INC","PO BOX 670533","DALLAS","TX","75267-0533","Vendor"
"V-000452","CSC","PO BOX 7410023","CHICAGO","IL","60674-5023","Vendor"
"V-000453","CTL ENGINEERING OF WV INC","PO BOX 478","COLUMBUS","OH","43085","Vendor"
"V-000454","CTL THOMPSON INC","7306 S ALTON WAY","CENTENNIAL","CO","80112","Vendor"
"V-000455","CUMBERLAND OIL COMPANY","7260 CENTENNIAL BLVD","NASHVILLE","TN","37209","Vendor"
"V-000456","CUMMINS SALES AND SERVICES","PO BOX 772639","DETROIT","MI","48277-2639","Vendor"
"V-000457","CURRY FLUID POWER","1425 11TH AVENUE","ALTOONA","PA","16601","Vendor"
"V-000458","CUSTOM CONCRETE PUMPING LLC","3510 WEST MAIN STREET","BELLEVILLE","PA","17004","Vendor"
"V-000459","CUSTOM MIX CONCRETE INC","1229 LOWMAN ROAD","LOWMAN","NY","14861","Vendor"
"V-000460","CYNTHIA L LEMLEY","206 LEMLEY ROAD","WAYNESBURG","PA","15370","Vendor"
"V-000461","CZM USA CORPORTATION","962 INTERSTATE CENTRE BLVD","ELLABELL","GA","31308","Vendor"
"V-000462","D & W CONTRACTORS LLC","2344 DAYBROOK ROAD","FAIRVIEW","WV","26570","Vendor"
"V-000463","D KOVACH TRUCKING LLC","253 ALICIA ROAD","GREENSBORO","PA","15338","Vendor"
"V-000464","D R CASWELLLIMITED","LOGANDA ROAD","BILLINGHAM","UK","TS2341A","Vendor"
"V-000465","D&D ELECTRIC LLC","1380 BLUE HOLE ROAD","HARRISBURG","IL","62946","Vendor"
"V-000466","DALTON INC","949 COBUN CREEK ROAD","MORGANTOWN","WV","26508","Vendor"
"V-000467","DAN CLARK","448 HARNER RUN ROAD","MORGANTOWN","WV","26505","Vendor"
"V-000468","DANNY STONE","1344 UPPER PLEASANT CREEK RD","PHILIPPI","WV","26416","Vendor"
"V-000469","DANNYS DOOR SERVICE","1126 BLUE HORIZON DR","MORGANTOWN","WV","26501","Vendor"
"V-000470","DANS MARINE SERVICE INC","78 DANDEE DRIVE","GRAFTON","WV","26354","Vendor"
"V-000471","DAPPER DUB","424 HOLLAND AVE","MORGANTOWN","WV","26501","Vendor"
"V-000472","DATTILO AND HALL LLC","305 MOUNT LEBANON BLVD","PITTSBURGH","PA","15234","Vendor"
"V-000473","DAVEY KENT INC","200 WEST WILLIAMS ST","KENT","OH","44240-0007","Vendor"
"V-000474","DAVI INC","15107 SURVEYOR BLVD","ADDISON","TX","75001","Vendor"
"V-000476","DAVID CUNNINGHAM",,,,,"Vendor"
"V-000477","DAVIS MEDICAL CENTER","812 GORMAN AVENUE","ELKINS","WV","26241","Vendor"
"V-000478","DAVIS MEMORIAL HOSPITAL","PO BOX 1484","ELKINS","WV","26241","Vendor"
"V-000479","DAYBROOK DEVELOPMENT CO","2656 DAYBROOK RD","FAIRVIEW","WV","26570","Vendor"
"V-000480","DAYS INN","166 MIDDLETOWN ROAD","FAIRMONT","WV","26554","Vendor"
"V-000481","DC OFFICE OF TAX AND REVENUE","PO BOX 96020","WASHINGTON","DC","20090-6020","Vendor"
"V-000482","DC PRIVATE INVESTIGATIONS &","SECURITY CONSULTANTS LLC","PUEBLO","CO","81003","Vendor"
"V-000483","DE LAGE LANDEN FINANCIAL SVC","PO BOX 41602","PHILADELPHIA","PA","19101-1602","Vendor"
"V-000484","DEAR JOHN INC","1618 ROUTE 65","ELLWOOD CITY","PA","16117","Vendor"
"V-000485","DEARING COMPRESSOR & PUMP CO","PO BOX 6044","YOUNGSTOWN","OH","44501","Vendor"
"V-000486","DEE JAY UTT","144 PLEASANT HILL ROAD","MORGANTOWN","WV","26508","Vendor"
"V-000487","DELAWARE DIVISION OF REVENUE","PO BOX 8703","WILMINGTON","DE","19801-8703","Vendor"
"V-000488","DELBERT HATLEY","2726 SE 40TH STREET","OKLAHOMA CITY","OK","73129","Vendor"
"V-000489","DELPHIA CONSULTING LLC","250 E BROAD ST STE 1150","COLUMBUS","OH","43215","Vendor"
"V-000490","DELTA DENTAL OF CO","PO BOX 912148","DENVER","CO","80291","Vendor"
"V-000491","DELTA PUMP & SYSTEMS INC","PO BOX 338","EIGHTY FOUR","PA","15330","Vendor"
"V-000492","DELTA T HEATING AND COOLING LL","1445 BEECH LANE","FAIRMONT","WV","26554","Vendor"
"V-000493","DELTAKON INDUSTRIAL SALES INC","PO BOX 1697","MENTOR","OH","44060","Vendor"
"V-000494","DENTON COHEN & GRIGSBY PC","PO BOX 641014","PITTSBURGH","PA","15264-1014","Vendor"
"V-000495","DENVER WATER","PO BOX 173343","DENVER","CO","80217-3343","Vendor"
"V-000496","DEPT OF ENVIRONMENTAL PROTECT","DEP HAZADROUS WASTE MGNT FEE FUND","CHARLESTON","WV","25364-0315","Vendor"
"V-000497","DEPT OF LABOR AND INDUSTRIES","CONTRACTOR REGISTRATION","OLYMPIA","WA","98504-4450","Vendor"
"V-000498","DERRICK AND DERRICKS TREE SERV","2312 CROWNRIDGE DR","PUEBLO","CO","81008","Vendor"
"V-000499","DERRICK CORPORATION","590 DUKE ROAD","BUFFALO","NY","14225","Vendor"
"V-000500","DERRY STONE & LIME CO","117 MARCIA STREET","LATROBE","PA","15650","Vendor"
"V-000501","DH SERVICES LLC","1237 GARARDS FORT ROAD","WAYNESBURG","PA","15370","Vendor"
"V-000502","DIAMOND L ENTERPRISES LLC","201 MEADOW RIDGE ROAD","MT MORRIS","PA","15349","Vendor"
"V-000503","DIAMOND TECHNICAL SERVICES INC","163 WEST BURRELL STREET","BLAIRSVILLE","PA","15717","Vendor"
"V-000504","DIAMOND W LLC","3166 PIPE COURT","GRAND JUNCTION","CO","81504","Vendor"
"V-000505","DIBERT VALVE & FITTING CO INC","PO BOX 79828","BALTIMORE","MD","21279","Vendor"
"V-000506","DICKENSON COUNTY TREASURER","ANGELA RAKES TREASURER","CLINTWOOD","VA","24228-0708","Vendor"
"V-000508","DICKMAN HINES LUMBER CO","PO BOX 6137","FEDERAL WAY","WA","98063-6137","Vendor"
"V-000509","DIGITAL CONNECTIONS","PO BOX 387","BRUCETON MILLS","WV","26525","Vendor"
"V-000510","DINAMIC OIL NORTH AMERICA INC","PO BOX 749654","ATLANTA","GA","30374","Vendor"
"V-000511","DIRECT RESULTS","185 WADE STREET","WAYNESBURG","PA","15370","Vendor"
"V-000512","DISCOVERY EXPERTS LLC","8117 PRESTON ROAD SUITE 300","DALLAS","TX","75225","Vendor"
"V-000513","DITCH WITCH MIDSTATES","3660 INTERCHANGE ROAD","COLUMBUS","OH","43204","Vendor"
"V-000514","DIVERSIFIED AIR SYSTEMS INC","PO BOX 713187","CHICAGO","IL","60677-0387","Vendor"
"V-000515","DIVERSIFIED PRODUCTION LLC","4150 BELDEN VILLAGE AVE NW","CANTON","OH","44718","Vendor"
"V-000516","DIVERSIFIED STORAGE SYSTEMS","46 PIONEER PARKWAY","SULPHUR SPRINGS","TX","75482","Vendor"
"V-000517","DNOW LP","PO BOX 200822","DALLAS","TX","75320-0822","Vendor"
"V-000518","DODDRIDGE COUNTY SHERIFF","108 COURT STREET SUITE 2","WEST UNION","WV","26456-0219","Vendor"
"V-000519","DOMINION HOPE","PO BOX 26783","RICHMOND","VA","23261-6783","Vendor"
"V-000520","DON SHRIVER VIDEO DRAIN LLC","129 CASTILE RIDGE ROAD","MARIANNA","PA","15345","Vendor"
"V-000521","DON SNOW TRUCKING INC","1941 STATE ROUTE 7","HARPURSVILLE","NY","13787","Vendor"
"V-000522","DONALD B NESTOR","35 LINCOLN WAY","BUCKHANNON","WV","26201","Vendor"
"V-000523","DONALDSON SUPPLY COMPANY","40 MURDOCK STREET","CANONABURG","PA","15317","Vendor"
"V-000524","DONS AUTO PARTS INC","8109 MAIN STREET","POUND","VA","24279","Vendor"
"V-000525","DOPL","PO BOX 146741","SALT LAKE CITY","UT","84114","Vendor"
"V-000526","DORN READY MIX","PO BOX 636","FORT MORGAN","CO","80701","Vendor"
"V-000527","DOSS ENTERPRISES LC","190 MIDSTREAM WAY","JANE LEW","WV","26378","Vendor"
"V-000528","DOUBLE TREE BY HILTON","DABSKA STREET 5","KRAKOW","PL","31-572","Vendor"
"V-000529","DOUGHMAN DISTRIBUTING","PO BOX 422","ISOM","KY","41824","Vendor"
"V-000530","DOUGLASS DISTRIBUTING","325 EAST FOREST AVE","SHERMAN","TX","75090","Vendor"
"V-000531","DOUGS TOWING","413 DUNKARD AVENUE","WESTOVER","WV","26501","Vendor"
"V-000532","DOW CAMERON OIL & GAS LLC","5555 EDEN PARK DRIVE","ZANESVILLE","OH","43701","Vendor"
"V-000533","DOWN TO EARTH EQUIPMENT","150 FIELDSTONE DRIVE","SCOTT TOWNSHIP","PA","18411","Vendor"
"V-000534","DPF ALTERNATIVES OF WEST VIRGI","1841 SUNSET VW","MILTON","WV","25541","Vendor"
"V-000535","DRAFFENS INDUS SUPPLY INC","110 S MAIN STREET","CALVERT CITY","KY","42029","Vendor"
"V-000536","DRAGON PRODUCTS LLC","PO BOX 790","BEAUMONT","TX","77704-079","Vendor"
"V-000537","DRILL TOOLS","DTP LEASING LLC","KILGORE","TX","75662","Vendor"
"V-000538","DRILLERS SERVICES LIMITED","FOSS FARM","LINCOLNSHIRE","UK","PE10 0BL","Vendor"
"V-000539","DRILLING MUD DIRECT LLC","6 INVERNESS COURT","ENGLEWOOD","CO","80112","Vendor"
"V-000540","DRILRITE CHEMICAL LLC","4718 NORTH STATE HWY 37","WINNSBORO","TX","75494","Vendor"
"V-000541","DRURY INN & SUITES","145 NORTH 44TH STREET","MT VERNON","IL","62864","Vendor"
"V-000542","DUBROOK","15303 ROUTE 322","CLARION","PA","16214","Vendor"
"V-000543","DUFFY CRANE INC","10180 BRIGHTON ROAD","HENDERSON","CO","80640","Vendor"
"V-000544","DUFFY INC","1 DELTA DRIVE","SMETHPORT","PA","16749","Vendor"
"V-000545","DUKE ENERGY","PO BOX 1094","CHARLOTTE","NC","28201-1094","Vendor"
"V-000546","DUNBAR BENDER & ZAPF INC","PO BOX 640076","PITTSBURGH","PA","15264-0076","Vendor"
"V-000547","DUNCAN ASSOCIATES LLC","2 DUNCAN STORE ROAD","COLUMBIA","VA","23038","Vendor"
"V-000548","DYNAMIC DESIGNS","6454 N FORK HWY","CABINS","WV","26855","Vendor"
"V-000549","DYNAMIX ENGINEERING & SERVICES","2400 ANSYS DR SUITE 400","CANONSBURG","PA","15317","Vendor"
"V-000550","DYWIDAGSYSTEMS INTERNATIONAL","29636 NETWORK PLACE","CHICAGO","IL","60673-1296","Vendor"
"V-000551","E & S READY MIX INC","355 SOUTH PIKE STREET","SHINNSTON","WV","26431","Vendor"
"V-000552","EADS FENCE COMPANY","131 BROADWAY STREET","LOVELAND","OH","45140","Vendor"
"V-000553","EAN SERVICES LLC","PO BOX 402345","ATLANTA","GA","30384-2345","Vendor"
"V-000554","EARLE M JORGENSEN CO","PO BOX 846009","LOS ANGELES","CA","90084-6009","Vendor"
"V-000555","EARP & SHRIVER INC",,,,,"Vendor"
"V-000556","EARTH CONTACT PRODUCTS LLC","15612 S KEELER TERR","OLATHE","KS","66062","Vendor"
"V-000557","EARTHRES A DIVISION OF RESPEC","PO BOX 468","PIPERSVILLE","PA","18947","Vendor"
"V-000558","EARTHTECH INC","966 PLEASANT HILL ROAD","SOMERSET","PA","15501","Vendor"
"V-000559","EARTHWORX AND SALES LLC","250 SHADOW OAKS LANE","WAYNESBURG","PA","15370","Vendor"
"V-000560","EAST AMERICAN MOTORSPORTS","20064 ROUTE 119 HWY N","PUNXSUTAWNEY","PA","15767","Vendor"
"V-000561","EAST DALE ELEMENTARY SCHOOL","57 EAST DALE ROAD","FAIRMONT","WV","26554","Vendor"
"V-000562","EAST FAIRMONT CHEER BOOSTERS","221 MASON STREET","FAIRMONT","WV","26554","Vendor"
"V-000563","EAST WEST DRILLING INC","157 BUFFALO CREEK ROAD","MIFFLINBURG","PA","17844","Vendor"
"V-000564","EASTERN CONTROLS INC OF PA","3866 PROVIDENCE ROAD","EDGEMONT","PA","19028","Vendor"
"V-000565","EASTERN OHIO TROPHY WHITETAILS","41525 MUSH RUN ROAD","LEWISVILLE","OH","43754","Vendor"
"V-000567","EASTON AIRPORT","29051 CORKRAN ROAD","EASTON","MD","21601","Vendor"
"V-000568","ECHELON SUPPLY & SERVICE INC","LOCKBOX","BUFFALO","NY","14267-0002","Vendor"
"V-000569","ECM SUPPLY LLC","130 MEADOW RIDGE RD","MOUNT MORRIS","PA","15349","Vendor"
"V-000570","ECONO LODGE","15 COMMERCE DRIVE","MORGANTOWN","WV","26501","Vendor"
"V-000572","EDWARDS CONCRETE CONSTRUCTION","1550 YOKEL ROAD","EVANSVILLE","IN","47711","Vendor"
"V-000573","EFCO CORPORATION","25354 NETWORK PLACE","CHICAGO","IL","60673-1253","Vendor"
"V-000574","EFTPS",,,,,"Vendor"
"V-000575","EGYPT VALLEY STONE LLC","38206 MEDITERRANEAN DR","BETHESDA","OH","43719","Vendor"
"V-000576","ELDORADO ARTESIAN SPRINGS INC","1783 DOGWOOD STREET","LOUISVILLE","CO","80027","Vendor"
"V-000577","ELECTRONIC SPECIALTY COMPANY","PO BOX 400","DUNBAR","WV","25064","Vendor"
"V-000578","ELIJAH KIGER","319 SHRIVER HILL ROAD","WAYNESBURG","PA","15370","Vendor"
"V-000579","ELLIOTT EQUIPMENT & SUPPLY INC","PO BOX 3324","SAN ANGELO","TX","76902","Vendor"
"V-000580","ELVINS CONTRACTOR INC","6111 CENTRALIA ROAD","CHESTERFIELD","VA","23832","Vendor"
"V-000581","EMERGENCY MEDICINE ASSOCIATION","PO BOX 9431","BELFAST","ME","4915","Vendor"
"V-000582","EMERGENCY NETWORK SEC SYS","C/O ALARM CONNECTIONS CENTER 1249","ATLANTA","GA","31193-6942","Vendor"
"V-000584","EMPIRE CRANE CO","PO BOX 5545","SYRACUSE","NY","13220","Vendor"
"V-000587","ENERGY RESOURCE GROUP LLC","PO BOX 910","BRIDGEPORT","WV","26330","Vendor"
"V-000589","ENERGY TECH SYSTEMS INC","300 NATIONAL ROAD","EXTON","PA","19341","Vendor"
"V-000590","ENERGY TRANSPORT SYSTEMS INC","PO BOX 348","GALATIA","IL","62935","Vendor"
"V-000591","ENERGY TRANSPORTATION LLC","PO BOX 430","BRIDGEPORT","WV","26330","Vendor"
"V-000592","ENGINE POWER INC","1830 EXECUTIVE DRIVE","OCONOMOWOC","WI","53066","Vendor"
"V-000593","ENGINEERING & CONSTRUCTION","INNOVATIONS INC","OAKDALE","MN","55128","Vendor"
"V-000594","ENTEGRA ENERGY SOLUTIONS LLC","8391 MT CLARE ROAD","LOST CREEK","WV","26385","Vendor"
"V-000595","ENTERPRISE FLEET MANAGEMENT","PO BOX 800089","KANSAS CITY","MO","64180-0089","Vendor"
"V-000596","ENVISION ENERGY SERVICES LLC","1500 ASHWOOD DRIVE SUITE 1502","CANONSBURG","PA","15317","Vendor"
"V-000597","EPIROC UK & IRELAND","UNIT 2 ENTERPRISE WAY","HEMEL HEMPSTEAD","UK","HP2 7YJ","Vendor"
"V-000598","EQM GATHERING OP CO","303 SAND CUT ROAD","CLARKSBURG","WV","26301","Vendor"
"V-000599","EQUAL EMPLOYMENT OPPORTUNITY","COMMISSION",,,,"Vendor"
"V-000600","EQUIPMENT & CONTROL INC","PO BOX 536074","PITTSBURGH","PA","15253-5902","Vendor"
"V-000601","EQUIPMENT CORP OF AMERICA","PO BOX 306","CORAOPOLIS","PA","15108","Vendor"
"V-000602","EQUIPMENT WATCH","RANDALL REILLY LLC DBA FUSABLE","TUSCALOOSA","AL","35403","Vendor"
"V-000603","EQUIPMENTSHARECOM INC","PO BOX 650429","DALLAS","TX","75265-0429","Vendor"
"V-000604","ERIE TECH INC","A DIVISION OF PURVIS INDUSTRIES","DALLAS","TX","75354-0757","Vendor"
"V-000605","ERNIES WASTE OIL LLC","155C SWIONTEK ROAD","ALIQUIPPA","PA","15001","Vendor"
"V-000606","ERVIN INDUSTRIES INC","DEPARTMENT 77997","DETROIT","MI","48277-0997","Vendor"
"V-000607","ESQUIRE DEPOSITION SOLUTIONS","PO BOX 846099","DALLAS","TX","75284","Vendor"
"V-000608","EUCLID TELECOM","PO BOX 900","DELLSLOW","WV","26531","Vendor"
"V-000609","EVANS BROTHERS SERVICES LLC","51 N ARCH STREET","UNIONTOWN","PA","15401","Vendor"
"V-000610","EVANS CONSTRUCTION COMPANY","PO BOX 4309","JACKSON","WY","83001","Vendor"
"V-000611","EVCO SERVICE CO INC","PO BOX 907","TUTTLE","OK","73089","Vendor"
"V-000612","E VERIFILECOM INC","PO BOX 22672","NEW YORK","NY","10087-2672","Vendor"
"V-000613","EXCEL SITE RENTALS LLC","1530 ENTERPRISE DRIVE","KALKASKA","MI","49646","Vendor"
"V-000615","EXODUS GLOBAL LLC","155 MAIN STREET","SUPERIOR","WI","54880","Vendor"
"V-000616","EXPERT PAY",,,,,"Vendor"
"V-000617","EXPLORE INFORMATION SERV LLC","PO BOX 203489","DALLAS","TX","75320-3489","Vendor"
"V-000618","EXPONENT INC","PO BOX 200283","DALLAS","TX","75320-0283","Vendor"
"V-000619","EZ LINE PIPE SUPPORT CO INC","PO BOX 767","MANVEL","TX","77578","Vendor"
"V-000620","EZ SPOT UR ATTACHMENTS","803 25TH STREET N","FARGO","ND","58102","Vendor"
"V-000621","FABRIZIO TRANSPORT INC","PO BOX 705","DUCHESNE","UT","84021","Vendor"
"V-000622","FAIRBORN CEMENT COMPANY","3250 LINEBAUGH ROAD","XENIA","OH","45385","Vendor"
"V-000623","FAIRFAX MATERIALS INC","8490 GARRETT HIGHWAY","OAKLAND","MD","21550","Vendor"
"V-000624","FAIRMONT TOOL INC","283 VAN KIRK DRIVE","FAIRMONT","WV","26554-9783","Vendor"
"V-000625","FALZONE TOWING SERVICE INC","271 N SHERMAN STREET","WILKES BARRE","PA","18702","Vendor"
"V-000626","FARMER FAMILY FOUNDATION","C/O ARSENAL RESOURCES LLC","WEXFORD","PA","15090","Vendor"
"V-000627","FARMERY WELDING INC","329 BRADY ROAD","MARION CENTER","PA","15759","Vendor"
"V-000628","FARWELL SANI & DISPOSAL LLC","PO BOX 244","NORTH BEND","PA","17760","Vendor"
"V-000630","FASTSIGNS OF AURORA","1690 S ABILENE STREET","AURORA","CO","80012","Vendor"
"V-000631","FAYETTE NAPA KITTANNING","PO BOX 645174","PITTSBURGH","PA","15264-5174","Vendor"
"V-000632","FAYETTE PARTS SERVICE INC","600 MARKET STREET","BROWNSVILLE","PA","15417","Vendor"
"V-000633","FCS CONSTRUCTION SYSTEMS LLC","6880 NORTH BROADWAY","ST LOUIS","MO","63147","Vendor"
"V-000634","FD RENTALS","PO BOX 100145","SAN ANTONIO","TX","78201","Vendor"
"V-000635","FED EX","PO BOX 371461","PITTSBURGH","PA","15250-7461","Vendor"
"V-000636","FEDERAL STEEL SUPPLY","PO BOX 840","CHESTERFIELD","MO","63006","Vendor"
"V-000637","FEDEX FREIGHT","PO BOX 223125","PITTSBURGH","PA","15250-2125","Vendor"
"V-000638","FEDEX IL","PO BOX 94515","PALENTINE","IL","60094-4515","Vendor"
"V-000639","FEIKERT SAND & GRAVEL INC","6871 TOWNSHIP ROAD 605","MILLERSBURG","OH","44654","Vendor"
"V-000640","FERGUSON WATERWORKS","PO BOX 644054","PITTSBURGH","PA","15264-4054","Vendor"
"V-000641","FERRELLGAS","PO BOX 173940","DENVER","CO","80217-3940","Vendor"
"V-000642","FINITURA INC","1801 AIRPORT ROAD","WAUKESHA","WI","53188","Vendor"
"V-000643","FIRE SHIELD FIRE PROTECTION IN","904 S WOODROW LANE","DENTON","TX","76205","Vendor"
"V-000644","FIRESTONE ENTERPRISES INC","2200 STATE ROUTE 130","LATROBE","PA","15650","Vendor"
"V-000645","FIRST BROTHER ISLAND PROP INC","PO BOX 629","BELMONT","WV","26134","Vendor"
"V-000646","FIRST COMMONWEALTH BANK","600 PHILADELPHIA STREET","INDIANA","PA","15701","Vendor"
"V-000648","FIRST PIEDMONT CORPORATION","PO BOX 1069","CHATHAM","VA","24531","Vendor"
"V-000649","FLAGS USA LLC","765 KIMBERLY DRIVE","CAROL STREAM","IL","60188","Vendor"
"V-000650","FLAMECO INDUSTRIES INC","5493 E 13TH STREET","TULSA","OK","74112","Vendor"
"V-000651","FLEETPRIDE","PO BOX 281811","ATLANTA","GA","30384","Vendor"
"V-000652","FLOW ZONE LLC","3504 DWAYNE ROAD","ROSHARON","TX","77583","Vendor"
"V-000653","FLOWTEK INC","2902 US 131 SW","SOUTH BOARDMAN","MI","49680","Vendor"
"V-000654","FLUID MANAGEMENT SOLUTIONS INC","1760 WABASH STREET","PITTSBURGH","PA","15220","Vendor"
"V-000655","FMH MATERIAL HANDLING SOL","5165 VASQUEZ BLVD","DENVER","CO","80216","Vendor"
"V-000656","FOCUS 4 SOLUTIONS","130 MEADOW RIDGE ROAD","MOUNT MORRIS","PA","15349","Vendor"
"V-000657","FOILS DISPOSAL","55 WATROUS STREET","GAINES","PA","16921","Vendor"
"V-000658","FOOTHILL DRILLING EQUIP INC","PO BOX 1184","COLUMBUS","NC","28722","Vendor"
"V-000659","FORCE DRILLING LLC","130 MEADOW RIDGE RD","MT MORRIS","PA","15349","Vendor"
"V-000660","FORM TECH CONCRETE FORMS INC","975 LADD ROAD","WALLED LAKE","MI","48390","Vendor"
"V-000662","FORWARD COMMUNICATIONS INC","PO BOX 25685","COLORADO SPRINGS","CO","80936","Vendor"
"V-000663","FOSTER SUPPLY","PO BOX 488","SCOTT DEPOT","WV","25560","Vendor"
"V-000664","FOUNDATION HEALTH INSURANCE",,,,,"Vendor"
"V-000665","FOUNDATION TECHNOLOGIES INC","1400 PROGRESSIVE INDUSTRIAL BLVD","LAWRENCEVILLE","GA","30043","Vendor"
"V-000666","FOUR SEASONS LAWN AND GARDEN","600 ROLLING MEADOWS ROAD","WAYNESBURG","PA","15370","Vendor"
"V-000667","FOURSEASON CONCRETE CONSTRUCTI","5563 KIRK STREET","DENVER","CO","80249","Vendor"
"V-000668","FOX CONSTRUCTION INC","3728 LANGORD ROAD","NORTH COLLINS","NY","14111","Vendor"
"V-000669","FOX FORD INC","743 E HIGH ST","WAYNESBURG","PA","15370","Vendor"
"V-000670","FOXFIRE LLC","130 MEADOW RIDGE ROAD","MOUNT MORRIS","PA","15349","Vendor"
"V-000671","FRAGMENTATION EFFICIENCY SERV","215 S MAIN STREET","ZELLENOPLE","PA","16063","Vendor"
"V-000672","FRANCHISE TAX BOARD","PO BOX 942857","SACRAMENTO","CA","94257-0531","Vendor"
"V-000673","FRANK C DOMASKY","132 DANIELLE LANE","HERMINIE","PA","15637","Vendor"
"V-000674","FRANK CASILIO & SONS INC","PO BOX 1036","BETHLEHEM","PA","18016-1036","Vendor"
"V-000675","FRANKLIN TOWNSHIP SEWER AUTH","570 ROLLING MEADOWS ROAD","WAYNESBURG","PA","15370-0752","Vendor"
"V-000676","FRANKLIN WELL SERVICES LLC","PO BOX 237","VINCENNES","IN","47591","Vendor"
"V-000677","FREDERICK A SIX","PO BOX 55","WANA","WV","26590","Vendor"
"V-000678","FREMONT PAVING & REDIMIX INC","839 MACKENZIE AVE","CANON CITY","CO","81212","Vendor"
"V-000679","FRIDAY GAS & OIL COMPANY INC","16444 BENNETTS VALLEY HWY","WEEDVILLE","PA","15868","Vendor"
"V-000680","FRIENDSHIP HILL PTO","218 NEW GENEVA ROAD","POINT MARION","PA","15474","Vendor"
"V-000681","FRONT RANGE FABRICATION","PO BOX 415","BAILEY","CO","80421","Vendor"
"V-000682","FUEL ENERGY SERVICES USA LTD","250 LATTA BROOK INDUSTRIAL","HORSEHEADS","NY","14845","Vendor"
"V-000683","FYDA FREIGHTLINER PBURGH INC","20 FYDA DRIVE","CANONSBURG","PA","15317","Vendor"
"V-000684","G FORCE LOCK & SAFE","1534 MILEGROUND","MORGANTOWN","WV","26505","Vendor"
"V-000685","G L HARAKAL GROUP INC","206 SUGARWOOD DRIVE","VENETIA","PA","15367","Vendor"
"V-000686","G&G FITNESS EQUIPMENT INC","7350 TRANSIT ROAD","WILLIAMSVILLE","NY","14221","Vendor"
"V-000687","G&G GAS INC","1990 PACKING ROAD SUITE 2","NEW BETHLEHEM","PA","16242","Vendor"
"V-000688","G&G RENTALS LLC","PO BOX 268","DELLSLOW","WV","26531","Vendor"
"V-000689","G4 COATINGS INC","524 N SANTA FE AVENUE","PUEBLO","CO","81003","Vendor"
"V-000690","GAL LAND COMPANY INC","PO BOX 747","BRIDGEPORT","WV","26330","Vendor"
"V-000692","GANNETT FLEMING INC","PO BOX 829160","PHILADELPHIA","PA","19182-9160","Vendor"
"V-000693","GARRETT INDUSTRIAL SUPPLY INC","104 COMMERCE DR","OAKLAND","MD","21550","Vendor"
"V-000694","GAS FIELD SERVICES LLC","PO BOX 555","ROSEDALE","VA","24280","Vendor"
"V-000696","GCASR","ATTN COLLEEN VALOSEN","CANONSBURG","PA","15317","Vendor"
"V-000697","GCC DACOTAH INC","29746 NETWORK PLACE","CHICAGO","IL","60673-1297","Vendor"
"V-000698","GCP APPLIED TECHNOLOGIES INC","PO BOX 735726","CHICAGO","IL","60673-5726","Vendor"
"V-000699","GEC INC","PO BOX 154","BRUCETON MILLS","WV","26525","Vendor"
"V-000700","GEOBRUGG NORTH AMERICA LLC","22 CENTRO ALGODONES","ALGODONES","NM","87001","Vendor"
"V-000701","GEODYNAMICS INC","PO BOX 202810","DALLAS","TX","75320-2810","Vendor"
"V-000702","GEOKON INC","48 SPENCER ST","LEBANON","NH","3766","Vendor"
"V-000703","GEOMECHANICS INC","600 MUNIR DRIVE","ELIZABETH","PA","15037","Vendor"
"V-000704","GEORGE L WILSON & CO INC","220 E GENERAL ROBINSON ST","PITTSBURGH","PA","15212","Vendor"
"V-000706","GEOSHACK INC","PO BOX 676329","DALLAS","TX","75267-6291","Vendor"
"V-000708","GERMAN & KELLY TRUST ACCT",,,,,"Vendor"
"V-000709","GERNATT ASPHALT PRODUCTS INC","13870 TAYLOR HOLLOW ROAD","COLLINS","NY","14034","Vendor"
"V-000711","GFL ENVIRONMENTAL","PO BOX 4524","HOUSTON","TX","77210-4524","Vendor"
"V-000712","GHS ALL SPORTS BOOSTER","400 YATES AVE","GRAFTON","WV","26354","Vendor"
"V-000713","GIATECH SCIENTIFIC INC","245 MENTEN PLACE","OTTAWA","CN",,"Vendor"
"V-000714","GIBBS INTERWIRE","4 METALS DRIVE","SOUTHINGTON","CT","6489","Vendor"
"V-000715","GL POWER INC","1973 GREAT LAKES WAY","MADISON","OH","44057","Vendor"
"V-000716","GLAS MESH COMPANY","1085 ANDREW DRIVE SUITE C","WEST CHESTER","PA","19380","Vendor"
"V-000717","GLENN WILLIS DUNCAN","5809 ANDERSON HIGHWAY","POWHATAN","VA","23139","Vendor"
"V-000718","GLOBAL DRILL SERVICE LLC","147 DAYSPRING LANE","MORRISDALE","PA","16858","Vendor"
"V-000719","GLOBAL DRILLING SUPPLIERS INC","12101 CENTRON PLACE","CINCINNATI","OH","45246-1704","Vendor"
"V-000720","GLOTFELTY ENTERPRISES INC","14161 GARRETT HIGHWAY","OAKLAND","MD","21550","Vendor"
"V-000721","GMD CONSULTANTS LLC","890 POPKIN DRIVE","GRAFTON","WV","26354","Vendor"
"V-000722","GMS MINE REPAIR & MAINTENANCE","PO BOX 2446","MT LAKE PARK","MD","21550","Vendor"
"V-000723","GOBINS INC","PO BOX 715","PUEBLO","CO","81002","Vendor"
"V-000724","GORDON BROTHERS SUPPLY INC","PO BOX 355","STROUD","OK","74079","Vendor"
"V-000725","GRAFTON HIGH SCHOOL","GHS AFTER PROM",,,,"Vendor"
"V-000726","GRAINGER","DEPT 845384379","PALATINE","IL","60038-0001","Vendor"
"V-000727","GRAND SAW & MACHINE CO","1708 PAINTERS RUN ROAD","PITTSBURGH","Pa","15241","Vendor"
"V-000728","GRANTSVILLE TRUCK AND TRAILER","776 SPRINGS ROAD","GRANTSVILLE","MD","21536","Vendor"
"V-000729","GREAT LAKES POWER PRODUCTS","ACCOUNTS RECEIVABLE--ADMIN","MENTOR","OH","44060","Vendor"
"V-000730","GREATER WASHINGTON RADIOLOGIST","PO BOX 951847","CLEBELAND","OH","44193","Vendor"
"V-000732","GREENE COUNTY FRIENDS OF NRA","PO BOX 923","WAYNESBURG","PA","15370","Vendor"
"V-000733","GREENE COUNTY HUMAN SERVICES","3RD FLOOR FORT JACKSON BUILDING","WAYNESBURG","PA","15370","Vendor"
"V-000735","GREENETECH MFG CO INC","470 CRILE ROAD","WASHINGTON","PA","15301","Vendor"
"V-000736","GREENRIDGE OIL INC","947 HOPEWELL RIDGE ROAD","SYCAMORE","PA","15364","Vendor"
"V-000737","GREER INDUSTRIES INC","PO BOX 536221","PITTSBURGH","PA","15251-6880","Vendor"
"V-000738","GREGORY A PERRY","1033 RED MILL ROAD","KITTANNING","PA","16201","Vendor"
"V-000739","GRL ENGINEERS","30725 AURORA ROAD","CLEVELAND","OH","44139","Vendor"
"V-000740","GRN CO VETERANS DAY PARADE COM","PO BOX 324","WAYNESBURG","PA","15370","Vendor"
"V-000741","GROUND PENETRATING RADAR SYS","PO BOX 932","TOLEDO","OH","43697","Vendor"
"V-000742","GROWING UP GREENE","52 S CHURCH STREET","WAYNESBURG","PA","15370","Vendor"
"V-000743","G S HYDRAULICS INC","406 G & S ROAD","PUNXSUTAWNEY","PA","15767","Vendor"
"V-000744","GTHANKYOU LLC","2918 MARKETPLACE DR SUITE 202","FITCHBURG","WI","53719-5328","Vendor"
"V-000745","GUMPS SEPTIC & PORTA JOHN SERVICE","PORTA JOHN SERVICE","READER","WV","26167","Vendor"
"V-000746","GUNITE SUPPLY & EQUIPMENT","4027 EASTERN AVENUE","CINCINNATI","OH","45226","Vendor"
"V-000747","GW BECKER INC","2600 KIRILA BLVD","HERMITAGE","PA","16148","Vendor"
"V-000748","GYRODATA INCORPORATED","PO BOX 650823 DEPT 41240","DALLAS","TX","75265","Vendor"
"V-000749","H & E EQUIPMENT SERVICES INC","PO BOX 849850","DALLAS","TX","75284","Vendor"
"V-000751","H B CEMENTING SERVICES LLC","PO BOX 739","WORTHINGTON","PA","16262-0739","Vendor"
"V-000752","H&H SUPPLY INC","990 NORTH MAIN STREET","PUNXSUTAWNEY","PA","15767","Vendor"
"V-000753","H&H WATER CONTROLS INC","565 ROUTE 88 SOUTH","CARMICHAELS","PA","15320","Vendor"
"V-000754","H&H XRAY SERVICES INC","104 ENTERPRISE STREET","W MONROE","LA","71292","Vendor"
"V-000755","H&L PIPE & STEEL LLC","5680 PECOS STREET","DENVER","CO","80221","Vendor"
"V-000756","H20 DEPOT","1110 SW 3RD STREET","ANTLERS","OK","74523","Vendor"
"V-000757","HAAS SEPTIC & PORTABLE TOILET","PO BOX 37","LOWER SALEM","OH","45745","Vendor"
"V-000758","HABDLT","BERKHEIMER","LEHIGH VALLEY","PA","18002-1690","Vendor"
"V-000759","HAH INC","571 LOWER GEORGES FORK HOLLOW","CLINTWOOD","VA","24228","Vendor"
"V-000760","HALDE REDIMIX INC","46321 US HIGHWAY 24","BURLINGTON","CO","80807","Vendor"
"V-000761","HALL DRILLING LLC","1137 EAST WASHINGTON AVENUE","ELLENBORO","WV","26346","Vendor"
"V-000762","HALL ELECTRIC LLC","550 HAWTHRONE DRIVE","NORTON","VA","24273","Vendor"
"V-000763","HAMILTON COUNTY COLLECTOR","100 S JACKSON STREET","MCLEANSBORO","IL","62859-1462","Vendor"
"V-000764","HAMMOND HENRY HOSPITAL","600 N COLLEGE AVE","GENESEO","IL","61254","Vendor"
"V-000765","HANES GEO COMPONENTS","L&P FINANCIAL SERVICES CO","CHARLOTTE","NC","28260","Vendor"
"V-000766","HANOVER CONCRETE COMPANY","PO BOX 156","HANOVER","PA","17331","Vendor"
"V-000767","HANSON AGGREGATES BMC INC","15620 COLLECTION CENTER DR","CHICAGO","IL","60693-0156","Vendor"
"V-000768","HANSON READY MIX INC","15620 COLLECTION CENTER DRIVE","CHICAGO","IL","60693-0156","Vendor"
"V-000769","HAPPY ACRES RESORT LLC","3332 LITTLE PINE CREEK ROAD","WATERVILLE","PA","17776","Vendor"
"V-000770","HAPPY VALLEY BLENDED PRODUCTS","660 AXEMANN RD","PLEASANT GAP","PA","16823-8101","Vendor"
"V-000771","HARBINGER WIRELINE SVCS LLC","2154 GREENSBURG ROAD","NEW KENSINGTON","PA","15068","Vendor"
"V-000772","HARD ROCK CONCRETE LLC","6650 JAMES MADISON HWY","HAYMARKET","VA","20169","Vendor"
"V-000773","HARDHAT WORKFORCE SOLUTIONS","359 S SWING ROAD","GREENSBORO","NC","27409-2009","Vendor"
"V-000774","HARLOW SAMMONS","5708 ANDREWS HWY","ODESSA","TX","79762","Vendor"
"V-000775","HARPERS COUNTRY MEATS",,,,,"Vendor"
"V-000776","HARPERS LUMBER & BUILDING SUPP","PO BOX 2079","BUCKHANNON","WV","26201","Vendor"
"V-000777","HARRISON COUNTY SHERIFF","420 BUCKHANNON PIKE","NUTTER FORT","WV","26301","Vendor"
"V-000778","HARRY GREEN CHEVROLET INC","PO BOX 1527","CLARKSBURG","WV","26302-1527","Vendor"
"V-000779","HARRYS CUSTOM MEATS","375 CLARK ROAD","SMITHFIELD","PA","15478","Vendor"
"V-000780","HART OFFICE SOLUTIONS","203 BUCKHANNON PIKE","CLARKSBURG","WV","26301","Vendor"
"V-000781","HAUN WELDING SUPPLY INC","5921 COURT ST ROAD","SYRACUSE","NY","13206","Vendor"
"V-000782","HAYDEN EXCAVATING LLC","407 JEFFERSON ROAD","WAYNESBURG","PA","15370","Vendor"
"V-000783","HAYES MAGRINI AND GATEWOOD","1220 NORTH WALKER","OKLAHOMA CITY","OK","73103","Vendor"
"V-000784","HCC LIFE INSURANCE COMPANY","PO BOX 402032","ATLANTA","GA","30384-2032","Vendor"
"V-000785","HE HALFORD JR WELDING CO INC","PO BOX 2181","PEARLAND","TX","77588","Vendor"
"V-000786","HEALTHSMART CASUALTY CLAIM SOL","PO BOX 945106","ATLANTA","GA","30394-5106","Vendor"
"V-000789","HEH ENTERPRISE LLC","10227 COEBURN MTN ROAD","WISE","VA","24293","Vendor"
"V-000790","HEIDELBERG MATERIALS NORTHEAST","15620 COLLECTION CENTER DRIVE","CHICAGO","IL","60693","Vendor"
"V-000791","HEILMAN SUPPLY","1406 3RD AVENUE","FORD CITY","PA","16226","Vendor"
"V-000792","HELLO 2 HOPE","509 W ROY FURMAN HWY","WIND RIDGE","PA","15380","Vendor"
"V-000793","HENDERSON BROTHERS INC","920 FORT DUQUESNE BLVD","PITTSBURGH","PA","15222","Vendor"
"V-000794","HENNESSY INTERNATIONAL INC","PO BOX 1983","BUELLTON","CA","93427","Vendor"
"V-000795","HENWIL CORPORATION","PO BOX 358","NEWELL","PA","15466","Vendor"
"V-000796","HERBERT ROWLAND & GRUBIC INC","PO BOX 60815","HARRISBURG","PA","17106","Vendor"
"V-000797","HERC RENTALS INC","PO BOX 936257","ATLANTA","GA","31193","Vendor"
"V-000798","HERCULES FENCE OF MARYLAND LLC","8580 MISSION ROAD","JESSUP","MD","20794","Vendor"
"V-000799","HIGGINS HAULING COMPANY","202 HIGGINS LANE","WAYNESBURG","PA","15370","Vendor"
"V-000800","HIGHMARK WEST VIRGINIA","PO BOX 382153","PITTSBURGH","PA","15251-8113","Vendor"
"V-000801","HIGHWAY EQUIPMENT & SUPPLY CO","4500 PAXTON STREET","HARRISBURG","PA","17111","Vendor"
"V-000802","HIGHWAY EQUIPMENT COMPANY","22035 PERRY HIGHWAY","ZELIENOPLE","PA","16063","Vendor"
"V-000803","HILBURN BUILDERS INC","2107 E KENWOOD STREET","SILOAM SPRINGS","AR","72761","Vendor"
"V-000804","HILLBERRY EXCAVATION LLC","241 HILLBERRY LANE","WHEELING","WV","26003","Vendor"
"V-000805","HILLBILLY TRUCK REPAIR LLC","1029 MEADOWDALE ROAD","FAIRMONT","WV","26554","Vendor"
"V-000806","HILTI INC","PO BOX 70299","PHILADELPHIA","PA","19176-0299","Vendor"
"V-000807","HINERMAN AUTOMOTIVE INC","1005 EAST GREEN ST","WAYNESBURG","PA","15370","Vendor"
"V-000808","HINES CONFECTIONERY FOR SOFTBA",,,,,"Vendor"
"V-000810","HOFFMAN DIAMOND PRODUCTS INC","121 CEDAR STREET","PUNXSUTAWNEY","PA","15767","Vendor"
"V-000811","HOG LICK AGGREGATES LLC","340 HOGLICK HOLLOW","FAIRMONT","WV","26554","Vendor"
"V-000812","HOLBERT METAL WORKS","4 KEENAN ROAD","MAIDSVILLE","WV","25641","Vendor"
"V-000813","AMZRITE CEMENT INC","26571 NETWORK PLACE","CHICAGO","IL","60673-1265","Vendor"
"V-000815","HOLIDAY INN EXPRESS","1625 INDUSTRIAL PARK ROAD","CLEARFIELD","PA","16830","Vendor"
"V-000816","HOPE GAS INC","PO BOX 646049","PITTSBURGH","PA","15264-6049","Vendor"
"V-000817","HOPKINS INC","9653 TEAYS VALLEY ROAD","SCOTT DEPOT","WV","25560","Vendor"
"V-000818","HORIZON CABLE SERVICE INC","PO BOX 270895","OKLAHOMA CITY","OK","73137","Vendor"
"V-000819","HORIZON SUPPLY COMPANY","311 WHITE STREET","NEW CASTLE","PA","16101","Vendor"
"V-000820","HOTFOIL EHS INC","6 BLACK FOREST ROAD","HAMILTON","NJ","8691","Vendor"
"V-000821","HOTSY EQUIPMENT COMPANY","77 S ILLINOIS AVENUE","MANSFIELD","OH","44905","Vendor"
"V-000822","HOWARD DRILLING LLC","PO BOX N","MT JEWETT","PA","16740","Vendor"
"V-000823","HOYS CONSTRUCTION CO INC","PO BOX 957","WAYNESBURG","PA","15370","Vendor"
"V-000824","HRMS",,,,,"Vendor"
"V-000825","HSA CONTRIBUTION",,,,,"Vendor"
"V-000826","HUDSON & HUDSON FUEL OIL INC","PO BOX 366","AMELIA","OH","45102","Vendor"
"V-000827","HUNTER TRUCK SALES & SERVICE","PO BOX 1055","BUFFALO","NY","14240-1055","Vendor"
"V-000829","HUNTING TITAN INC","PO BOX 2316","PAMPA","TX","79066-2316","Vendor"
"V-000830","HUNTINGTON STEEL & SUPPLY CO","100 3RD AVENUE","HUNTINGTON","WV","25701","Vendor"
"V-000831","HUSKER READY MIXED CONCRETE","201 S 1ST ST","LINCOLN","NE","68508","Vendor"
"V-000832","HUSKIE LUMBER CO INC","PO BOX 106","WADESTOWN","WV","26590","Vendor"
"V-000833","HYDRA SERVICE INC","PO BOX 88","WAYNESBURG","PA","15037","Vendor"
"V-000834","HYDRAULIC SOLUTIONS INC","PO BOX 527","WAYNESBURG","PA","15370","Vendor"
"V-000835","HYDRO QUICK CLEAN SYSTEMS LLC","10227 FAIRGROUND ROAD","WISE","VA","24293","Vendor"
"V-000836","HYDRO X USA LLC","400 INGHAM AVENUE","LACKAWANNA","NY","14218","Vendor"
"V-000837","HYDROCARBON WELL SERVICE INC","PO BOX 995","BUCKHANNON","WV","26201","Vendor"
"V-000838","HYTORC DIVISION OF UNEX CORP","333 STATE ROUTE 17 NORTH","MAHWAH","NJ","7430","Vendor"
"V-000839","I & S INC OF NY","4174 ROUTE 417","ALLEGHENY","NY","14706","Vendor"
"V-000840","ICF RESOURCES LLC","PO BOX 775367","CHICAGO","IL","60677-5367","Vendor"
"V-000841","IDEAL INTEGRATIONS INC","800 REGIS AVENUE","PITTSBURGH","PA","15236","Vendor"
"V-000842","IDENTISYS INC","PO BOX 1086","MINNETONKA","MN","55345","Vendor"
"V-000843","IDS INVESTMENTS LLC","1095 CHAPLIN ROAD","MORGANTOWN","WV","26501","Vendor"
"V-000846","ILLINI DRILLED FOUNDATION INC","PO BOX 1351","DANVILLE","IL","61834","Vendor"
"V-000847","ILLUMINATE LLC","4783 EAGLEVILLE PIKE","CHAPEL HILL","TN","37034","Vendor"
"V-000848","IMAGINE REPORTING","PO BOX 734298","DALLAS","TX","75373-4298","Vendor"
"V-000849","IMP LAKEYARD LP","125 HIGH STREET","BOSTON","MA","2110","Vendor"
"V-000850","INDCON","PO BOX 8357","GREENVILLE","SC","29604","Vendor"
"V-000851","INDEED INC","MAIL CODE 5160","DALLAS","TX","75266-0367","Vendor"
"V-000852","INDUSTRIAL CONTAINMENT SOL LLC","41738 ESTERLY DRIVE","COLUMBIANA","OH","44408","Vendor"
"V-000853","INDUSTRIAL MAINTENANCE SPECIAL","100 IMS DRIVE","GAS CITY","IN","46933","Vendor"
"V-000855","INDUSTRIAL RESOURCES INC","1 INDUSTRIAL CONTRACTING ROAD","FAIRMONT","WV","26554","Vendor"
"V-000856","INDUSTRIAL TRAINING SERVICES","120 MAX HURT DRIVE","MURRAY","KY","42071","Vendor"
"V-000857","INDUSTRIAL TUBE AND STEEL CORP","PO BOX 8343","CAROL STREAM","IL","60197-8343","Vendor"
"V-000858","INFINITE ENGINEERING LLC","PO BOX 1582","CRANBERRY TOWNSHIP","PA","16066","Vendor"
"V-000859","INLAND TRUCK PARTS COMPANY","5555 N JOLIET STREET STE 150","DENVER","CO","80239","Vendor"
"V-000860","INNOVATIVE CATERING & BBQ","136 ROBERTS RUN ROAD","MT MORRIS","PA","15349","Vendor"
"V-000861","INNOVATIVE CONSULTING","NORTH DAKOTA LLC","STEAMBOAT SPRINGS","CO","80488","Vendor"
"V-000862","INNOVATIVE CUTTING INC","2033 GAINESBORO HWY","BAXTER","TN","38544","Vendor"
"V-000863","INROCK DRILLING SYSTEMS","DEPARTMENT 3909","DALLAS","TX","75312-3909","Vendor"
"V-000864","INSTRUMART LLC","35 GREEN MOUNTAIN DRIVE","SOUTH BURLINGTON","VT","05403-7824","Vendor"
"V-000865","INTEGRITY INDUSTRIES","1607 JUNCTION HIGHWAY","KERRVILLE","TX","78028","Vendor"
"V-000866","INTERCONTINENTAL DEVELOP GROUP","16800 LITTLE ELKHART LAKE ROAD","KIEL","WI","53042","Vendor"
"V-000867","INTERNAL REVENUE SERVICE","UNITED STATES TREASURY","CINCINNATI","OH","45999-0009","Vendor"
"V-000869","INTERNATIONAL DRILLERS SUPPLY","PO BOX 101636","NASHVILLE","TN","37224","Vendor"
"V-000870","INTERNATIONAL DRILLING EQUIP","645 ANGUS ST","RURAL HALL","NC","27045","Vendor"
"V-000871","INTERSTATE BATTERIES OF PIKES","4825 NORTHPARK DRIVE","COLORADO SPRINGS","CO","80918","Vendor"
"V-000872","INTERSTATE ENERGY INC","685 S MAIN STREET","BRIGHTON","CO","80601","Vendor"
"V-000873","INTERSTATE KOLDE CONCRETE PUMP","28630 HWY 24","ST MARYS","KS","66536-9708","Vendor"
"V-000874","INTERSTATE TREATED MATERIALS","PO BOX 99","MT MORRIS","PA","15349","Vendor"
"V-000875","IREDELL WATER CORPORATION","PO BOX 1844","STATESVILLE","NC","28687-1844","Vendor"
"V-000876","IRONCLAD ENVIRONMENTAL SOLUTIO","PO BOX 671562","DALLAS","TX","75267-1562","Vendor"
"V-000877","IRVING MATERIALS INC","8032 N STATE ROAD 9","GREENFIELD","IN","46140","Vendor"
"V-000878","ISN SOFTWARE CORPORATION","PO BOX 841808","DALLAS","TX","75284-1808","Vendor"
"V-000880","IUOE LOCAL 132 TRUST FUNDS","PO BOX 2626","HUNTINGTON","WV","25726","Vendor"
"V-000881","IVOR KING","HAUNCHWOOD PARK IND ESTATE","NUNEATON","UK","CV109PD","Vendor"
"V-000882","J & D SEPTIC SERVICE INC","PO BOX 28","ELDERTON","PA","15736","Vendor"
"V-000883","J & J PORTAPOTTY INC","1242 BOXWOOD ROAD","GRETNA","VA","24557","Vendor"
"V-000884","J&R EXCAVATING INC","4676 WAYNESBURG PIKE ROAD","MOUNDSVILLE","WV","26041","Vendor"
"V-000885","J&S HYDRAULICS INC","220 LAUREL CREEK ROAD","FAYETTEVILLE","WV","25840","Vendor"
"V-000886","JA OILFIELD MANUFACTURING","PO BOX 95545","OKLAHOMA CITY","OK","73143","Vendor"
"V-000887","JACKS LEGAL GROUP LLC","UNITED FEDERAL CREDIT UNION BLDG","MORGANTOWN","WV","26505","Vendor"
"V-000888","JACKSON PURCHASE ENERGY CORP","PO BOX 3000","HOPKINSVILLE","KY","42241-3000","Vendor"
"V-000889","JACOBS & JACOBS CONTRACTING","471 CAMP RUN ROAD","FLEMINGTON","WV","26347","Vendor"
"V-000890","JACOBS DRILLING SERVICES","PO BOX 154","FAIRCHANCE","PA","15436","Vendor"
"V-000891","JACOBS PETROLEUM PRODUCTS","1115 E HIGH STREET","WAYNESBURG","PA","15370","Vendor"
"V-000892","JAMAL ROSTAMI ENGINEERING","SERVICES LLC","ARVADA","CO","80007","Vendor"
"V-000893","JAMES CUNNINGHAM",,,,,"Vendor"
"V-000894","JAMIE VANDRUFF","504 BRIDGE STREET","WAYNESBURG","PA","15370","Vendor"
"V-000895","JAMS INC","PO BOX 845402","LOS ANGELES","CA","90084","Vendor"
"V-000896","JAN XRAY SERVICE INC","PO BOX 29253","NEW YORK","NY","10087-9253","Vendor"
"V-000897","JANE LEW HOME CENTER","PO BOX 572","JANE LEW","WV","26378","Vendor"
"V-000898","JANPRO CLEANING SYSTEMS OF CO","LOCKBOX # 17648","DENVER","CO","80217-0648","Vendor"
"V-000899","JANPRO FRANCHISE DEVELOPMENT","5360 N ACADEMY BLVD #150","COLORADO SPRINGS","CO","80918","Vendor"
"V-000900","JARCO ENTERPRISES","30 GATEWAY DRIVE","FAIRMONT","WV","26554","Vendor"
"V-000901","JASPER ENGINES & TRANSMISSIONS","PO BOX 650","JASPER","IN","47547-0650","Vendor"
"V-000902","JAT OIL INC","PO BOX 5288","CHATTANOOGA","TN","37406","Vendor"
"V-000903","JAVINS CORPORATION","PO BOX 491","MORGANTOWN","WV","26501","Vendor"
"V-000904","JAY D ENTERPRISES LLC","253 E 1ST STREET","WAYNESBURG","PA","15370","Vendor"
"V-000905","JB CONSULTING SAFETY TRAINING","1831 PLEASANT VALLEY ROAD","FAIRMONT","WV","26554","Vendor"
"V-000906","JD SIGNS INC","PO BOX 308","KINGMONT","WV","26578","Vendor"
"V-000907","JEFFERDS CORPORTATION","PO BOX 757","ST ALBANS","WV","25177","Vendor"
"V-000908","JEFFERSON CAPITAL SYSTEMS LLC","C/O JAVITCH BLOCK LLC","CLEVELAND","OH","44114","Vendor"
"V-000909","JEFFREY MACHINE INC","3841 INDUSTRIAL DRIVE","BIRMINGHAM","AL","35217","Vendor"
"V-000910","JENNCHEM LLC","258 KAPPA DRIVE","PITTSBURGH","PA","15238","Vendor"
"V-000911","JENNMAR SERVICES","PO BOX 948800","ATLANTA","GA","30394-8800","Vendor"
"V-000912","JERRY KUHENS","906 MANNINGTON ROAD","SMITHFIELD","WV","26437","Vendor"
"V-000913","JERRY L & FRAN B MCCLURE","1807 MARTHA AVE","FAIRMONT","WV","26554","Vendor"
"V-000914","JG PARTS","1417 TOLMA AVENUE","PITTSBURGH","PA","15216","Vendor"
"V-000915","JGB ENTERPRISES INC","BOX 8000 DEPARTMENT 921","BUFFALO","NY","14267-0002","Vendor"
"V-000916","JJ KENNEDY INC","P O BOX 69","ZELIENOPLE","PA","16063","Vendor"
"V-000917","JJ POWELL INC","PO BOX 30","PHILIPSBURG","PA","16866","Vendor"
"V-000918","JM DELULLO STONE SALES INC","1247 MILLION DOLLAR HWY","KERSEY","PA","15846","Vendor"
"V-000919","JMR SERVICES LLC","109 STARLING DRIVE","SHINNSTON","WV","26431","Vendor"
"V-000920","JOANN BLACK","138 GARARD FORT RD","CARMICHAELS","PA","15320","Vendor"
"V-000921","JOE BOLYARD",,,,,"Vendor"
"V-000922","JOE SAFETY","PO BOX 608","BETHEL PARK","PA","15102","Vendor"
"V-000923","JOHN A PETERS","188 ARBOGAST LANE","MORGANTOWN","WV","26508","Vendor"
"V-000924","JOHN AND PATRICIA SCHIMONSKY","81 LINE DRIVE","FAIRMONT","WV","26554","Vendor"
"V-000925","JOHN DALYMAJOR ED FOUNDATION","121 SCHOOLHOUSE ROAD","MILLERSTOWN","PA","17062","Vendor"
"V-000926","JOHN LAWRIE","15555 MILLER RD 1","HOUSTON","TX","77049","Vendor"
"V-000927","JOHN ZINK COMPANY LLC","4111 E 37TH STREET N","WICHITA","KS","67220","Vendor"
"V-000928","JOHNNY BLUE INC","255 LENOIR DRIVE","WINCHESTER","VA","22603","Vendor"
"V-000929","JOHNNYS RADIATOR RPR INC","575 E PIKE STREET","CLARKSBURG","WV","26301","Vendor"
"V-000930","JOHNNYS READY MIX INC","PO BOX 322","GARRION","MD","58540","Vendor"
"V-000931","JOHNSON CHEVROLET INC","348 MCCLURE AVENUE","CLINTWOOD","VA","24228","Vendor"
"V-000932","JOHNSON CONTROLS","SECURITY SOLUTIONS","PITTSBURGH","PA","15250-7967","Vendor"
"V-000933","JOHNSTOWN HYDRAULICS INC","124 IRON STREET","JOHNSTOWN","PA","15906","Vendor"
"V-000934","JON FIRESTONE ELETRIC LLC","462 CLAYPIKE ROAD","ACME","PA","15610","Vendor"
"V-000935","JOY INDUSTRIES INC","1444 MADISON AVENUE","HUNTINGTON","WV","25704","Vendor"
"V-000936","JP SELF & ASSOCIATES INC","2980 INDUSTRIAL BOULEVARD","BETHEL PARK","PA","15102","Vendor"
"V-000937","JT MARTIN FIRE & SAFETY","PO BOX 670","CLARKSBURG","WV","26302-0670","Vendor"
"V-000938","JT MILLER LLC","PO BOX 2098","CONROE","TX","77305","Vendor"
"V-000939","JUDSON WILEY & SONS INC","404 SOUTH MAIN STREET","WASHINGTON","PA","15301","Vendor"
"V-000940","JUSTIN L STEWART","PO BOX 85","HUNDRED","WV","26575","Vendor"
"V-000941","JWT WELL SERVICE INC","3992 DANTE MTN ROAD","NORA","VA","24272","Vendor"
"V-000942","K&D EQUIPMENT CO","PO BOX 205","IBERIA","OH","43325","Vendor"
"V-000943","K&L GATES LLP","10100 SANTA MONICA BOULEVARD","LOS ANGELES","CA","90067","Vendor"
"V-000944","K&M ENTERPRISES INC","140B BILL GEORGE DRIVE","WAYNESBURG","PA","15370","Vendor"
"V-000945","K&R SERVICES INC","PO BOX 507","WAYNESBURG","PA","15370","Vendor"
"V-000946","KAC CONTRACTING INC","23005 ILLAIRE CT","ALPINE","CA","91901","Vendor"
"V-000947","KAESER & BLAIR INC","4236 GRISSOM DRIVE","BATAVIA","OH","45103","Vendor"
"V-000948","KANE LIQUID FUELS INC","PO BOX 420","KANE","PA","16735","Vendor"
"V-000949","KEITHS TRUCK SERVICE INC","124 REPAIR ROAD","DUNCANSVILLE","PA","16635","Vendor"
"V-000950","KELLYS RADIATOR SERVICE INC","974 KY RT 1409","OIL SPRINGS","KY","41238","Vendor"
"V-000951","KEN MILLER SUPPLY INC","PO BOX 1086","WOOSTER","OH","44691","Vendor"
"V-000952","KENNEDY FARMS","29610 KENNEDY RD","TRAPPE","MD","21673","Vendor"
"V-000953","KENT CONLON","23005 ILLAINE CT","ALPINE","CA","91901","Vendor"
"V-000954","KENTUCKY DEPT OF REVENUE","501 HIGH STREET","FRANKFORT","KY","40601","Vendor"
"V-000955","KESCO INC","215 SOUTH MAIN STREET","ZELIENOPLE","PA","16063","Vendor"
"V-000956","KEVIN BARR","3030 6TH AVENUE","MORGANTOWN","WV","26508","Vendor"
"V-000957","KEYSTONE COLLECTION GROUP","P O BOX 499","IRWIN","PA","15642","Vendor"
"V-000958","KEYSTONE COOPERATIVE INC","770 N HIGH SCHOOL ROAD","INDIANAPOLIS","IN","46214","Vendor"
"V-000959","KEYSTONE DRILL SERVICES INC","PO BOX 645387","PITTSBURGH","PA","15264-5387","Vendor"
"V-000960","KEYSTONE WASTE SOLUTIONS LLC","755 ROUTE 30","IMPERIAL","PA","15126","Vendor"
"V-000961","KING OIL TOOLS","PO BOX 1085","WOODWARD","OK","73802","Vendor"
"V-000962","KINGMILL VALLEY PUBLIC SERVICE","PO BOX 265","FAIRMONT","WV","26554","Vendor"
"V-000963","KINGS TIRE SERVICE INC","PO BOX 3511","BLUEFIELD","WV","24701","Vendor"
"V-000965","KK ENVIRONMENTAL SERVICES INC","12656 E JAMISON PLACE","ENGLEWOOD","CO","80112","Vendor"
"V-000966","KLEENLINE PARTS","524 WASHINGTON AVENUE","DRAVOSBURG","PA","15034","Vendor"
"V-000967","KLEIS EQUIPMENT LLC","396 FRONTAGE ROAD","BELINGTON","WV","26250","Vendor"
"V-000968","KLINGSPOR","PO BOX 2367","HICKORY","NC","28603-2367","Vendor"
"V-000970","KNICKERBOCKER RUSSELL CO INC","4759 CAMPBLLS RUN RDPKWY WST","PITTSBURGH","PA","15205","Vendor"
"V-000971","KNIGHTS FARM SUPPLY","11003 FORK RIDGE ROAD","GLEN EASTON","WV","26039","Vendor"
"V-000972","KODIAK ENGINEERING LTD","PO BOX 64360","SHERWOOD PARK","AB","T8A 4N6","Vendor"
"V-000973","KOTTER READY MIX","5800 OLD HIGHWAY 60","PADUCAH","KY","42001","Vendor"
"V-000974","KOVAL SUPPLY","PO BOX 429","GRANVILLE","WV","26524","Vendor"
"V-000975","KRN WINCH SERVICES LLC","178 ROSES RUN ROAD","CLARKSBURG","WV","26301-6372","Vendor"
"V-000976","KRONOS INCORPORATED","PO BOX 744724","ATLANTA","GA","30374-4724","Vendor"
"V-000977","KSD ENTERPRISES","1685 EAST PIKE STREET","CLARKSBURG","WV","26301","Vendor"
"V-000979","KTA TATOR INC","145 ENTERPRISE DRIVE","PITTSBURGH","PA","15275","Vendor"
"V-000980","L & L READY MIX","810 S COLORADO","HAXTUN","CO","80731","Vendor"
"V-000981","L&E CONCRETE PUMPING INC","619 LOWRIES RUN ROAD","PITTSBURGH","PA","15237-1234","Vendor"
"V-000982","L&T CONSTRUCTION SERVICES LLC","PO BOX 199","MEADOWBROOK","WV","26404","Vendor"
"V-000983","L&T SUPPLY COMPANY #2","PO BOX 412","MT MORRIS","PA","15349","Vendor"
"V-000984","LA DAMICO LOCKSMITH SERVICE","474 BROOKHAVEN RD","MORGANTOWN","WV","5982/","Vendor"
"V-000985","LOUSIANA DEPARTMENT OF REVENUE","PO BOX 4969","BATON ROUGE","LA","70821-4969","Vendor"
"V-000986","LA VALLEY INDUSTRIES","1876 23RD ST SE","BEMIDJI","MN","56601","Vendor"
"V-000987","LABORERS LOCAL 379","2161 DENTS RUN BLVD","MORGANTOWN","WV","26501","Vendor"
"V-000988","LAFARGEHOLCIM (US)","26571 NETWORK PLACE","CHICAGO","IL","60673-1265","Vendor"
"V-000990","LALLY PIPE & TUBE","LOCATION 0471","CINCINNATI","OH","45264-0471","Vendor"
"V-000991","LAMAR COMPANIES","PO BOX 746966","ATLANTA","GA","30374-6966","Vendor"
"V-000992","LANDERS TRADE","250 EAST STRATTON AVENUE","MONTEREY","TN","38574","Vendor"
"V-000993","LANE ENTERPRISES LLC","275 GRANDVIEW AVENUE","CAMP HILL","PA","17011","Vendor"
"V-000994","LANES MOBILE JOHN INC","3133 VANZORA RD","BENTON","KY","42025","Vendor"
"V-000995","LANGSTON CONCRETE INC","902 S UNION ST","FLORENCE","CO","81226","Vendor"
"V-000997","LAROCHE TREE SERVICE","7 COMMERCE PARKWAY","BELLAIRE","OH","43906","Vendor"
"V-000998","LARRY H MILLER COLORADO JEEP","350 S HAVANA ST","AURORA","CO","80012-2001","Vendor"
"V-000999","LASER OILFIELD SERVICES","2986 W 29TH STREET #12-13","GREELEY","CO","80631","Vendor"
"V-001000","LASER PROMOTIONS","PO BOX 54438","CINCINNATI","OH","45254-0438","Vendor"
"V-001001","LAVAL UNDERGROUND SURVEYS LLC","2476 NORTH BUNDY DRIVE","FRESNO","CA","93727","Vendor"
"V-001002","LAWRENCE PLUMBING LLC","1133 INDUSTRIAL PARK ROAD","VANDERGRIFT","PA","15690","Vendor"
"V-001003","LAWSON PRODUCTS INC","PO BOX 734922","CHICAGO","IL","60673-4922","Vendor"
"V-001004","LC WHITFORD CO INC","PO BOX 663","WELLSVILLE","NY","14895","Vendor"
"V-001005","LCR OUTFITTERS LLC","7459 LEADENHAM COVE ROAD","BOZMAN","MD","21612","Vendor"
"V-001006","LEE REGER BUILDS","PO BOX 1872","SHINNSTON","WV","26431","Vendor"
"V-001007","LEE SUPPLY CO INC","PO BOX 28330","ST LOUIS","MO","63146","Vendor"
"V-001008","LEIGH M WARNER","4830 CORINTHIAN BAY DRIVE","FRISCO","TX","75034","Vendor"
"V-001009","LENTS TOWING & RECOVERY","LENTS ENTERPRISE INC","HARDIN","KY","42048","Vendor"
"V-001010","LES SCHWAB TIRE CENTERS OF CO","5715 NEW ABBEY LANE","CASTLE ROCK","CO","80108","Vendor"
"V-001011","LESLIE EQUIPMENT FMT","2098 LILLIAN LANE","FAIRMONT","WV","26554","Vendor"
"V-001012","LEVINES IRON AND METAL","PO BOX 328","WAYNESBURG","PA","15370","Vendor"
"V-001014","LHC INCORPORATED","PO BOX 7338","KALISPELL","MT","59904","Vendor"
"V-001015","LIBERTY DISTRIBUTORS INC","PO BOX 498","TRIADELPHIA","WV","26059","Vendor"
"V-001016","LIBERTY FFA CHAPTER","LIBERTY FFA","CLARKSBURG","WV","26301","Vendor"
"V-001017","LIBERTY PROCESS EQUIPMENT INC","2525 S CLEARBROOK DRIVE","ARLINGTON HEIGHTS","IL","60005","Vendor"
"V-001018","LIBERTY TIRE SERVICES OF OHIO","600 RIVER AVENUE 3RD FLOOR","PITTSBURGH","PA","15212","Vendor"
"V-001019","LIFETIME BENEFIT SOLUTIONSINC","PO BOX 5510","BINGHAMTON","NY","13902-5510","Vendor"
"V-001020","LIFTING GEAR HIRE CORP","P O BOX 734381","CHICAGO","IL","60673-4381","Vendor"
"V-001021","LIGHTNING ELECTRIC LLC","7732 DEER CREEK ROAD","MORRISDALE","PA","16858","Vendor"
"V-001022","LIGHTNING ENERGY SEVICES LLC","PO BOX 1010","JANE LEW","WV","26378","Vendor"
"V-001023","LIM TECHNOLOGY INC","2711 CENTERVILLE ROAD","WILMINGTON","DE","19808","Vendor"
"V-001024","LINCOLN RETIREMENT FINANCIAL S","ATTN DATADIRECT PROCESSING","FORT WAYNE","IN","46801-2248","Vendor"
"V-001025","LINDE GAS & EQUIPMENT","PO BOX 382000","PITTSBURGH","PA","15250-8000","Vendor"
"V-001026","LINEAGE METALLURGICAL LLC","3955 ANTON ROAD","MADISONVILLE","KY","42431","Vendor"
"V-001027","LISA E YATES","CLERK OF CIRCUIT COURT","LA PLATA","MD","20646","Vendor"
"V-001028","LITMAN ENTERPRISES LLC","39653 STATE ROUTE 7","SARDIS","OH","43946","Vendor"
"V-001029","LITMAN EXCAVATING INC","836 1ST STREET","NEW MARTINSVILLE","WV","26155","Vendor"
"V-001030","LITTLER MENDELSON PC","PO BOX 207137","DALLAS","TX","75320-7167","Vendor"
"V-001031","LOGIC CONTROLS","4601 MOGADORE ROAD","KENT","OH","44240","Vendor"
"V-001032","LOGIC PLUNGER LIFT EQUIP INC","7265 THATCHER AVENUE NW","NORTH CANTON","OH","44720","Vendor"
"V-001033","LOHFELD CONSULTING GROUP INC","5403 FISHERS HILL WAY","HAYMARKET","VA","20169","Vendor"
"V-001034","LONESOME DOVE CONCRETE PUMPING","219 LAKE DRIVE","BOZEMAN","MT","59718","Vendor"
"V-001035","LONG BRANCH SALOON & MOTEL","1501 MARYLAND HIGHWAY","MTN LAKE PARK","MD","21550","Vendor"
"V-001036","LOTTMAN OIL COMPANY","PO BOX 177","MELBOURNE","AR","72556","Vendor"
"V-001037","LSI","247 RIDGE CHURCH ROAD","AMITY","PA","15311","Vendor"
"V-001038","LUCK STONE CORP","PO BOX 22696","NEW YORK","NY","10087","Vendor"
"V-001039","LUDWIG DRILLING INC","704 TOPEKA WAY","CASTLE ROCK","CO","80109","Vendor"
"V-001040","LUDWIG DRILLING LLC","130 MEADOW RIDGE ROAD","MOUNT MORRIS","PA","15349","Vendor"
"V-001041","LUKE BABICK","1189 WW RAILOAD ROAD","SYCAMORE","PA","15364","Vendor"
"V-001042","LUSK DISPOSAL SERVICE INC","PO BOX 300","BLUEFIELD","WV","24701","Vendor"
"V-001043","M AND B REDI MIX INC","15303 ROUTE 322","CLARION","PA","16214","Vendor"
"V-001044","M L UTILITIES LLC","LOCKBOX NUMBER 746797 PHOENIX BUS","COLLEGE PARK","GA","30349","Vendor"
"V-001045","M&M DEVELOPMENT AND RENTAL INC","PO BOX 2039","CLINTWOOD","VA","24228","Vendor"
"V-001046","M&M SEPTIC PUMPING","PO BOX 550","CLARKSBURG","WV","26302","Vendor"
"V-001047","M&P FLANGE & PIPE PROTECTION","9426 KATY FWY BLDG #11","HOUSTON","TX","77055","Vendor"
"V-001048","M&T PILOT CAR SERVICE INC","4394 PUMPKIN HOLLOW ROAD","GREAT VALLEY","NY","14741","Vendor"
"V-001049","MACHINING SOLUTIONS LLC","4000 SALTSBURG ROAD","MURRYSVILLE","PA","15668","Vendor"
"V-001050","MACINTYRE HUDSON LTD",,,,,"Vendor"
"V-001051","MADISON TRANSFER INC","15303 ROUTE 322","CLARION","PA","16214","Vendor"
"V-001052","MAGGARD SALE & SERVICE","7915 SOUTH FORK ROAD","POUND","VA","24279","Vendor"
"V-001053","MAGNUM GEO SOLUTIONS LLC","138 E 4TH STREET SUITE E","LOVELAND","CO","80537","Vendor"
"V-001054","MAGNUM PIERING INC","156 CIRCLE FREEWAY DRIVE","CINCINNATI","OH","45246","Vendor"
"V-001055","MAHINDRA OF CLARKSBURG","78 BARNETTS RUN ROAD","BRIDGEPORT","WV","26330","Vendor"
"V-001056","MAIERS TIDY BOWL INC","12515 US HIGHWAY 45 S","STONEFRONT","IL","62987","Vendor"
"V-001057","MAMMOTH TRUCKING LLC","252 1/2 SOUTH RICHHILL STREET","WAYNESBURG","PA","15370","Vendor"
"V-001058","MANSFIELD CRANE SERVICE CORP","79 WEST GATE ROAD","MANSFIELD","PA","16933","Vendor"
"V-001059","MAPLE RIDGE INDUSTRIAL SERVICE","5708 GLEN HILL DRIVE","BETHEL PARK","PA","15102","Vendor"
"V-001060","MARCHWESTIN COMPANY","360 FRONTIER STREET","MORGANTOWN","WV","26505","Vendor"
"V-001061","MARCUM OIL COMPANY INC","27288 WILDERNESS ROAD","JONESVILLE","VA","24263","Vendor"
"V-001063","MARKWEST LIBERTY MIDSTREAM","1515 ARAPAHOE STREET","DENVER","CO","80202","Vendor"
"V-001064","MARRICH CONSTRUCTION SERVICES","6212 RICE ROAD","BOSTON","NY","14025","Vendor"
"V-001065","MARTIN MARIETTA","MATERIALS INC","DALLAS","TX","75267-7061","Vendor"
"V-001066","MARYANN E MUNIZ","155 AUGUSTA AVE","PADUCAH","KY","42003","Vendor"
"V-001067","MARYANN LEE BRANNON","3671 MEADOW GATE DRIVE","MURRYSVILLE","PA","15668","Vendor"
"V-001068","MARYLAND UNEMPLOYMENT",,,,,"Vendor"
"V-001069","MASON DIXON FARM SERVICE","340 APPLE HILL ROAD","WAYNESBURG","PA","15370-9338","Vendor"
"V-001070","MASSULLOS CLEANERS & TAILORS","447 HIGH STREET","MORGANTOWN","WV","26505","Vendor"
"V-001071","MASTER BUILDERS ASSOCIATION","OF WESTERN PA","PITTSBURGH","PA","15205","Vendor"
"V-001072","MASTER BUILDERS SOLUTIONS","ADMIXTURES US LLC","CHICAGO","IL","60673-4893","Vendor"
"V-001073","MATEX WIRE ROPE CO INC","1121 N LONGVIEW ST","KILGORE","TX","75662","Vendor"
"V-001074","MATHENY LOGISTICS LLC","225 MEADOW DRIVE","LOST CREEK","WV","26385","Vendor"
"V-001076","MATHESON TRI GAS INC","PO BOX 347297","PITTSBURGH","PA","15251-4297","Vendor"
"V-001077","MATTHEWS LUBRICANTS","3498 GRAND AVENUE","PITTSBURGH","PA","15225","Vendor"
"V-001078","MAVERICK OILFIELD SPECIALTIES","16135 ALDINE WESTFIELD ROAD","HOUSTON","TX","77032","Vendor"
"V-001079","MAXIM CRANE WORK LP","LOCKBOX #774389","MINNEAPOLIS","MN","55485-4389","Vendor"
"V-001080","MAY BROTHERS COMPANY","139 WABASH STREET","FAIRMONT","WV","26554","Vendor"
"V-001081","MAZZELLA DENVER WIRE ROPE","DENVER WIRE ROPE","CLEVELAND","OH","44194-0002","Vendor"
"V-001082","MAZZELLA LIFTING TECHNOLOGIES","PO BOX 74268","CLEVELAND","OH","44194-0002","Vendor"
"V-001083","MCADOOS INC","PO BOX 476","CLAYSVILLE","PA","15323","Vendor"
"V-001084","MCCANDLESS TRUCK CENTER LLC","16704 EAST 32ND AVENUE","AURORA","CO","80011","Vendor"
"V-001085","MCCLURE CONSTRUCTION CO LLC","PO BOX 77","VENETIA","PA","15367","Vendor"
"V-001086","MCCUTCHEON ENTERPRISES INC","P O BOX 74807","CLEVELAND","OH","44194-4807","Vendor"
"V-001087","MCFALL EXCAVATING INC","PO BOX 2040","CLINTWOOD","VA","24228","Vendor"
"V-001088","MCLEAN FORGE AND WELDING","1779 VALTEC LANE","BOULDER","CO","80301","Vendor"
"V-001090","MCMASTERCARR SUPPLY CO","PO BOX 7690","CHICAGO","IL","60680-7690","Vendor"
"V-001091","MCNEES WALLACE & NURICK LLC","PO BOX 1166","HARRISBURG","PA","17108-1166","Vendor"
"V-001092","MCNICHOLS CO","PO BOX 779248","CHICAGO","IL","60677-9248","Vendor"
"V-001093","MCVAC ENVIRONMENTAL SERVICES","481 GRAND AVENUE","NEW HAVEN","CT","6513","Vendor"
"V-001094","MDJ MACHINE","520 KENTUCKY AVE SW","NORTON","VA","24273","Vendor"
"V-001095","MEADOW VIEW FARM","SUPPLY AND FURNITURE LLC","THORNTON","WV","26440","Vendor"
"V-001096","MEASURAND INSTRUMENTS INC","2111 HANWELL ROAD","FREDERICTON","NB","E3C 1M7","Vendor"
"V-001097","MEB GENERAL CONTRACTORS INC","PO BOX 6748","CHESAPEAKE","VA","23323","Vendor"
"V-001098","MEC CONSTRUCTION LLC","130 MEADOW RIDGE ROAD","MT MORRIS","PA","15349","Vendor"
"V-001099","MED EXPRESS","CORP CARE BILLING","BRIDGEPORT","WV","26330","Vendor"
"V-001100","MEI MCCUTCHEON ENTERPRISES INC","PO BOX 74807","CLEVELAND","OH","44194-4807","Vendor"
"V-001101","MELLON BANK LABORERS CONT ACC","PO BOX 360137","PITTSBURGH","PA","15251-6137","Vendor"
"V-001102","MELS TRUCK SERVICE INC","373 NORTH POINTE DRIVE","BRUCETON MILLS","WV","26525","Vendor"
"V-001104","MESSENGERS BACKFLOW SERVICE","1119 HAWK HWY","LOST CREEK","WV","26385","Vendor"
"V-001105","METAL BUILDINGS DIRECT INC","341 STATE AVENUE","BEAVER","PA","15009","Vendor"
"V-001106","METAL WORKS MACHINE AND MAIN","69 W RAILROAD AVENUE","CALVERTY CITY","KY","42029","Vendor"
"V-001107","METALS TESTING SERVICES INC","PO BOX 3448","COEUR DALENE","ID","83816","Vendor"
"V-001108","METZ LEWIS LLC","444 LIBERTY AVENUE SUITE 2100","PITTSBURGH","PA","15222","Vendor"
"V-001109","MHC KENWORTH","PO BOX 879269","KANSAS CITY","MO","64187-9269","Vendor"
"V-001110","MHMC PHYSICIAN SERVICES","PO BOX 1615","MORGANTOWN","WV","26507-1615","Vendor"
"V-001111","MICHAEL P MITCHELL","235 MITCHELL LANE","MOATSVILLE","WV","26405","Vendor"
"V-001112","MICHIGAN WIRELINE SERVICES INC","PO BOX 782","MT PLEASANT","MI","48804-0782","Vendor"
"V-001113","MICO FISHING & RENTAL TOOLS",,,,,"Vendor"
"V-001114","MICRO MOTION INC","22737 NETWORK PLACE","CHICAGO","IL","60673-1227","Vendor"
"V-001116","MID ATLANTIC ANESTHESIA CONSUL","L 3748","COLUMBUS","OH","43260","Vendor"
"V-001117","MID ATLANTIC FABRICATION LLC","130 MEADOW RIDGE ROAD","MT MORRIS","PA","15349","Vendor"
"V-001118","MID ATLANTIC REGIONAL COUNCIL","OF CARPENTERS TRUST FUND","PHILADELPHIA","PA","19130","Vendor"
"V-001119","MIDDLETOWN TRACTOR SALES","2050 BOYERS DRIVE","FAIRMONT","WV","26554","Vendor"
"V-001121","MIDLAND OIL TOOLS & SERVICES","4544 S PINEMONT DR SUITE 200","HOUSTON","TX","77041","Vendor"
"V-001122","MIDSOUTH MATERIALS","PO BOX 66","HICKORY","KY","42051","Vendor"
"V-001123","MIDWEST BLOCK & BRICK","5 CONCOURSE PKWY STE 1900","ATLANTA","GA","30328-6111","Vendor"
"V-001124","MIDWEST HOSE & SPECIALTY INC","PO BOX 248911","OKLAHOMA CITY","OK","73124-8911","Vendor"
"V-001125","MIDWEST WIRELINE INC","372 PARK LANE","HERRIN","IL","62948","Vendor"
"V-001126","MIDWESTERN MACHINE AND HYDRAUL","17265 N TIMERBLINE LANE","MOUNT VERNON","IL","62864","Vendor"
"V-001127","MIKE COWAN","35325 S ANTELOPE CREEK ROAD","WICKENBURG","AZ","85390","Vendor"
"V-001128","MIKE EL AYAZRA",,,,,"Vendor"
"V-001129","MIKES ENERGY SERVICE LLC","106 FROGTOWN ROAD","MCCLELLANDTOWN","PA","15458","Vendor"
"V-001130","MILES ENTERPRISE","56 SHADOW HILLS DRIVE","CLARKSBURG","WV","26301","Vendor"
"V-001131","MILLENNIUM TORQUE AND TENSION","380 SOUTHPOINTE BLVD SUITE 325","CANONSBURG","PA","15317","Vendor"
"V-001132","MILLER CONTRACTING LLC","8 JORDAN LANE","MORGANTOWN","WV","26501-2071","Vendor"
"V-001133","MILLER SUPPLY OF WV INC","PO BOX 1086","WOOSTER","OH","44691","Vendor"
"V-001134","MILLERS ENVIROMENTAL","105 LAWRENCE STREET","MORGANTOWN","WV","26508","Vendor"
"V-001136","MILLSTREAM INN","918 EAST SECOND STREET","COUDERSPORT","PA","16915","Vendor"
"V-001137","MILSPEC INDUSTRIES","PO BOX 8549","PASADENA","CA","91109-8602","Vendor"
"V-001138","MINE BELT SERVICES INC","PO BOX 2422","CLARKSBURG","WV","26302-2422","Vendor"
"V-001139","MINE SAFETY & HEALTH ADM","PO BOX 790390","ST LOUIS","MO","63179","Vendor"
"V-001140","MINERD & SONS","101 RED NINE LANE","LAWRENCE","PA","15055-0581","Vendor"
"V-001141","MINTEK RESOURCES INC","3725 PENTAGON BLVD SUITE 100","BEAVERCREEK","OH","45431","Vendor"
"V-001142","MIRATECH WINNIPEG LTD","DEPARTMENT 2885","TULSA","OK","74182","Vendor"
"V-001143","MISSION FOR MIRACLES","C/O JOHN THROCKMORTON","WAYNESBURG","PA","15370","Vendor"
"V-001144","MISSOURI BASIN MATERIALS INC","1813 NORTHERN PLAINS DRIVE","BISMARCK","ND","58504","Vendor"
"V-001145","MJC LEGACY SAFETY CONSULTING","SERVICES LLC","MILLIKEN","CO","80543","Vendor"
"V-001146","MINNESOTA DEPARTMENT OF REVENUE",,,,,"Vendor"
"V-001147","MOBILE MINI","PO BOX 650882","DALLAS","TX","75265-0882","Vendor"
"V-001148","MODERN HARDWARE AND FURNITURE","PO BOX 1130","CLINTWOOD","VA","24228","Vendor"
"V-001149","MOLLIE TRUCKING LLC","PO BOX 9184","MONONGAH","WV","26554","Vendor"
"V-001150","MON CO CHILD ADVOCACY CENTER",,,,,"Vendor"
"V-001151","MON HEALTH CENTER FOR OUTPATIE","2000 MON HEALTH MEDICAL PARK","MORGANTOWN","WV","26505","Vendor"
"V-001152","MON POWER","PO BOX 371431","PITTSBURGH","PA","15250-7431","Vendor"
"V-001153","MON VALLEY HABITAT FOR HUMANITY","HUMANITY","MORGANTOWN","WV","26505","Vendor"
"V-001154","MON VALLEY JUNIOR BASSMASTERS","C/O DUSTIN HOLLEN","BUCHANNON","WV","26201","Vendor"
"V-001156","MONITRONICS / BRINKS HOME","PO BOX 7410844","CHICAGO","IL","60674-0844","Vendor"
"V-001157","MONKS PROJECT SOLUTIONS","767 S DEPEW STREET","LAKEWOOD","CO","80226-4859","Vendor"
"V-001158","MONONGAHELA VALLEY ASSOCIATION","MVA HEALTH CENTER","FAIRMONT","WV","26555-1112","Vendor"
"V-001159","MONPOWER","PO BOX 371431","PITTSBURGH","PA","15250-7431","Vendor"
"V-001160","MONROE COUNTY ENGINEER","PO BOX 555","WOODSFIELD","OH","43793","Vendor"
"V-001161","MONT LEVINE","PO BOX 2080","FAIRMONT","WV","26555-2080","Vendor"
"V-001162","MONTANA CRANE SERVICE LTD","209 EAST CEDAR STREET","BOZEMAN","MT","59715","Vendor"
"V-001163","MONTES MECHANICAL REPAIR","29510 333RD AVE SE","RAVENSDALE","WA","98051","Vendor"
"V-001164","MORGAN & SONS INC","1380 E GRAFTON ROAD","FAIRMONT","WV","26554","Vendor"
"V-001165","MORGANTOWN BLUEPRINT","AND COPY CENTER INC","WESTOVER","WV","26501","Vendor"
"V-001166","MORGANTOWN PORTABLE TOILET","PO BOX 2205","WESTOVER","WV","26502","Vendor"
"V-001167","MORGANTOWN POWER EQUIP","1718 MILEGROUND ROAD","MORGANTOWN","WV","26505","Vendor"
"V-001168","MORGANTOWN PRINTING","915 GREENBAG ROAD","MORGANTOWN","WV","26508","Vendor"
"V-001169","MORGANTOWN SECURITY & FIRE","PO BOX 645353","PITTSBURGH","PA","15264-5353","Vendor"
"V-001170","MORGANTOWN SEPTIC SERVICE","PORTABLE TOILET RENTALS LLC","WESTOVER","WV","26502","Vendor"
"V-001171","MORGANTOWN UTILITY BOARD","278 GREENBAG ROAD","MORGANTOWN","WV","26507","Vendor"
"V-001172","MORGANTOWN WELDING AND","MACHINE LLC","MORGANTOWN","WV","26504","Vendor"
"V-001173","MORRISON CRANE & FAB LLC","2413 BLUFF STREET","FARMINGTON","WV","26571","Vendor"
"V-001174","MOSEBACH ELECTRIC & SUPPLY","PO BOX 780758","PHILADELPHIA","PA","19178","Vendor"
"V-001175","MOSHANNON VALLEY RURAL HEALTH","100 HOSPITAL AVENUE","DUBOIS","PA","15801","Vendor"
"V-001176","MOTION AND FLOW CONTROL","8433 SOLUTION CENTER","CHICAGO","IL","60677-8004","Vendor"
"V-001177","MOTION DYNAMICS LLC","211 STATE STREET","NEWBURGH","IN","47630","Vendor"
"V-001178","MOTION INDUSTRIES","PO BOX 98412","CHICAGO","IL","60693-8412","Vendor"
"V-001179","MOUNT MORRIS LIONS CLUB","TODD OSECKY","MT MORRIS","PA","15349","Vendor"
"V-001180","MOUNT NITTANY MEDICAL CENTER","PO BOX 536317","PITTSBURGH","PA","15253","Vendor"
"V-001181","MOUNT NITTANY PHYSICIAN GROUP","PO BOX 6005","HERMITAGE","PA","16148","Vendor"
"V-001182","MOUNT SOPRIS INSTRUMENT CO INC","4975 EAST 41ST AVENUE","DENVER","CO","80216","Vendor"
"V-001183","MOUNTAIN AIR LLC","25 BROOKSTONE PLAZA","MORGANTOWN","WV","26508","Vendor"
"V-001184","MOUNTAIN CRANE SERVICE LLC","393 S 2650 W","SALT LAKE CITY","UT","84104","Vendor"
"V-001185","MOUNTAIN PROPERTY MANAGEMENT G","360 FRONTIER STREET","MORGANTOWN","WV","26505","Vendor"
"V-001186","MOUNTAIN STATE ELECTRIC CONT","265 CLEER ROAD","BRIDGEPORT","WV","26330","Vendor"
"V-001187","MOUNTAIN STATE EQ SERVICE CORP","PO BOX 967","BECKLEY","WV","25802","Vendor"
"V-001188","MOUNTAIN STATE FOAM","PO BOX 112","BRIDGEPORT","WV","26330","Vendor"
"V-001189","MOUNTAIN STATE POWER TONG","PO BOX 151","BURNSVILLE","WV","26335","Vendor"
"V-001190","MOUNTAIN STATE WASTE","PO BOX 3706","NEW YORK","NY","10008","Vendor"
"V-001191","MOUNTAINEER AREA COUNCIL","1831 SPEEDWAY STREET","FAIRMONT","WV","26554-3349","Vendor"
"V-001192","MOUNTAINEER DIESEL SERVICE","5810 MACCORKLE AVENUE","ST ALBANS","WV","25177","Vendor"
"V-001193","MOUNTAINEER GLASS AND MIRROR","601 E BROCKWAY","MORGANTOWN","WV","26501","Vendor"
"V-001194","MOUNTAINEER HYDRAULICS","PO BOX 206","SHINNSTON","WV","26431","Vendor"
"V-001195","MOUNTAINEER LAWN CARE","957 CANYON ROAD","MORGANTOWN","WV","26508","Vendor"
"V-001196","MOUNTAINEER TRANSFER STATION","PO BOX 932899","CLEVELAND","OH","44193-0025","Vendor"
"V-001197","MOUNTAINSTATE ORTHOPEDIC ASSOC","200 ORTHOPEDIC WAY","MORGANTOWN","WV","26505","Vendor"
"V-001198","MOV PREMIER","286 GRASSY RUN ROAD","MINERAL WELLS","WV","26150","Vendor"
"V-001199","MPB REAL ESTATE HOLDINGS LLC","130 MEADOW RIDGE ROAD","MOUNT MORRIS","PA","15349","Vendor"
"V-001200","MRC GLOBAL","PO BOX 204392","DALLAS","TX","75320-4392","Vendor"
"V-001201","MSC INDUSTRIAL SUPPLY","PO BOX 953635","ST LOUIS","MO","63195-3635","Vendor"
"V-001202","MSC SAFETY SOLUTIONS LLC","4020 KODIAK COURT","FREDERICK","CO","80504","Vendor"
"V-001203","MT MORRIS WATER AND SEWAGE","PO BOX 340","MT MORRIS","PA","15349","Vendor"
"V-001204","MUD KING PRODUCTS INC","27264 OAKRIDGE PARK DRIVE","CONROE","TX","77385","Vendor"
"V-001205","MUD MATERS WV","1810 CHANDANA TRL","VALPARASISO","IN","46383","Vendor"
"V-001206","MUD TECHNOLOGY INTERNATIONAL","2610 STATE HWY 31 W","ATHENS","TX","75751","Vendor"
"V-001207","MUDMASTERS WV","7716 DEPOT ROAD UNIT 1","LISBON","OH","44432","Vendor"
"V-001208","MULTI PRODUCTION SYSTEMS INC","134 MILL RUN DRIVE","INDIANA","PA","15701","Vendor"
"V-001209","MUNICIPAL AUTHORITY OF NEW KENSINGTON","CITY OF NEW KENSINGTON","NEW KENSINGTON","PA","15068-0577","Vendor"
"V-001210","MURPHY FAMILY INC","585 EAST NATIONAL PIKE","WASHINGTON","PA","15301","Vendor"
"V-001211","MURRAY AUTO ELECTRIC","7240 STATE ROUTE 22","GREENSBURG","PA","15601","Vendor"
"V-001212","MURRAY SHEET METAL CO INC","3112 NORTHWESTERN PIKE","PARKERSBURG","WV","26104-1105","Vendor"
"V-001213","MUSSERS BULK WATER LLC","742 SOUTH COLEBROOK ROAD","WANHEIM","PA","17545","Vendor"
"V-001215","MYERS & CO INC","121 SEVENTH AVENUE","VALENCIA","PA","16059","Vendor"
"V-001216","MYLAN PARK FOUNDATION INC","500 MYLAN PARK LANE","MORGANTOWN","WV","26501","Vendor"
"V-001217","NAPA AUTO PARTS PARTS IS PARTS","PO BOX 3870","ROSWELL","NM","88202","Vendor"
"V-001218","NARVI ENTERPRISE CORPORATION L","641 W CROSSTIMBERS ST UNIT 503","HOUSTON","TX","77018","Vendor"
"V-001219","NATE ZENI","213 CIMARRON VILLAGE WAY","HENDERSON","NV","89012","Vendor"
"V-001220","NATIONAL FLATBED SOLUTIONS LLC","4600 EXECUTIVE CENTRE PARKWAY","ST PETERS","MO","63376","Vendor"
"V-001222","NATIONAL TANK AND EQUIPMENT LL","8003 RED BLUFF ROAD","PASADENA","TX","77507","Vendor"
"V-001223","NATIONAL TRENCH SAFETY INC","PO BOX 51373","LOS ANGELES","CA","90051-5673","Vendor"
"V-001224","NATIONAL WELDING CORPORATION","7025 COMMERCE PARK DRIVE","MIDVALE","UT","84047","Vendor"
"V-001225","NATIVE SHORE HUNTING PRESERVE","4733 WRIGHTS MILL ROAD","TRAPPE","MD","21673","Vendor"
"V-001227","NEAL APPRAISAL SERVICES","1616 MILEGROUND ROAD","MORGANTOWN","WV","26505","Vendor"
"V-001228","NEBRASKA DEPT OF REVENUE","PO BOX 98903","LINCOLN","NE","68509-8903","Vendor"
"V-001229","NEED A PLACE TO GO","88 QUIET OAKS CAMPGROUND LANE","CROSSFORK","PA","17729","Vendor"
"V-001230","NEELS FENCE CO COMMERICAL INC","PO BOX 754","JANE LEW","WV","26378","Vendor"
"V-001231","NEIM SERVICES LLC","3309 SR 2014","CLIFFORD TWP","PA","18421","Vendor"
"V-001232","NEOP LLC","PO BOX 302","CARMICHAELS","PA","15320","Vendor"
"V-001233","NESCO LLC","PO BOX 773425","CHICAGO","IL","60677-3425","Vendor"
"V-001234","NEVADA STATE CONTRACTORS BOARD","9670 GATE WAY DRIVE","RENO","NV","89521","Vendor"
"V-001235","NEVCO SPORTS MARKETING","PO BOX 95756","CHICAGO","IL","60694-5756","Vendor"
"V-001236","NEW ENTERPRISE STONE & LIME CO","LIME CO INC","NEW ENTERPRISE","PA","16664","Vendor"
"V-001237","NEW WAY EXCAVATING LLC","102 APPLE HILL ROAD","WAYNESBURG","PA","15370","Vendor"
"V-001238","NEW YORK STATE DEPT OF REVEVENUE","NYS SALES TAX PROCESSING","ALBANY","NY","12212-5173","Vendor"
"V-001239","NEWLONS INTERNATIONAL SALES","PO BOX 1334","ELKINS","WV","26241","Vendor"
"V-001240","NEXAIR LLC","PO BOX 125","MEMPHIS","TN","38101-0125","Vendor"
"V-001241","NEXT LVL ENERGY LLC","1600 CORPORATE DRIVE","BIRMINGHAM","AL","35242","Vendor"
"V-001242","NICHOLS EROSION CONTROL INC","27032 STATE HWY 144","SMITHVILLE","OK","74957","Vendor"
"V-001243","NICHOLSON CONSTRUCTION COMPANY","2400 ANSYS DRIVE","CANONSBURG","PA","15317","Vendor"
"V-001244","NICK CHICKERELL TRUCKING LLC","292 KOONS RUN ROAD","FAIRMONT","WV","26554","Vendor"
"V-001245","NINE ENERGY SERVICE","CDK PERFORATING LLC","DALLAS","TX","75373-3552","Vendor"
"V-001246","NITTANY SUPPLY INC","2260 N ATHERTON STREET","STATE COLLEGE","PA","16803","Vendor"
"V-001248","NORCO TRANSPORT INC","485 E 16TH STREET","GREELEY","CO","80631-6012","Vendor"
"V-001249","NORRISBUILT FABRICATION & MOBILE","520 KENTUCKY AVENUE SW","NORTON","VA","24273","Vendor"
"V-001250","NORTH AMERICAN DIRECTIONAL LLC","130 MEADOW RIDGE ROAD","MT MORRIS","PA","15349","Vendor"
"V-001252","NORTH AMERICAN SIGNAL CO","605 SOUTH WHEELING","WHEELING","IL","60090","Vendor"
"V-001253","NORTH AMERICAN TESTING","7777 WILDRIDGE ROAD","COLORADO SPRINGS","CO","80908","Vendor"
"V-001255","NORTH CENTRAL RENTAL AND LEASING LLC","LEASING LLC","FARGO","ND","58106-9559","Vendor"
"V-001256","NORTH DAKOTA DEPT OF REVENUE",,,,,"Vendor"
"V-001257","NORTH MARSHALL WATER DISTRICT","96 CARROLL ROAD","BENTON","KY","42025","Vendor"
"V-001258","NORTH STAR AGGREGATES INC","PO BOX 51","PENFIELD","PA","15849","Vendor"
"V-001259","NORTH TEXAS OPERATING ENGINEER","PO BOX 819015","DALLAS","TX","75381-9015","Vendor"
"V-001260","NORTH TEXAS SCALES INC","2727 N HWY 175","SEAGOVILLE","TX","75159","Vendor"
"V-001261","NORTHCO CORPORATION","PO BOX 2100","MORGANTOWN","WV","26502","Vendor"
"V-001262","NORTHERN STATE TRUCKING INC","PO BOX 225","WAYNESBURG","PA","15370","Vendor"
"V-001263","NORTHERN TIER SOLID WASTE AUTHORITY","PO BOX 10","BURLINGTON","PA","18814","Vendor"
"V-001265","NORTHLAND CONTRACTING INC","4735 WEST LAKE ROAD","DUNKIRK","NY","14048","Vendor"
"V-001267","NOVA RUBBER COMPANY","PO BOX 8580","SOUTH CHARLESTON","WV","25303","Vendor"
"V-001268","NOVANS JETS",,,,,"Vendor"
"V-001269","NUCOR","PO BOX 751412","CHARLOTTE","NC","28275-1412","Vendor"
"V-001270","NEW YORK UNEMPLOYMENT","PO BOX 4119","BINGHAMTON","NY","13902-4119","Vendor"
"V-001271","NYS FILLING FEE","STATE PROCESSING CENTER","ALBANY","NY","12212-5310","Vendor"
"V-001272","NYSIF DISABILITY BENEFITS FUND","PO BOX 5520","BINGHAMTON","NY","13902-5520","Vendor"
"V-001274","OC CLUSS LUMBER COMPANY","PO BOX 780319","PHILADELPHIA","PA","19178","Vendor"
"V-001275","OCCUPATIONAL HEALTH CENTERS","PO BOX 8750","ELKRIDGE","MD","21075","Vendor"
"V-001276","OCI LLC","PO BOX 632056","CINCINNATI","OH","45263-2056","Vendor"
"V-001277","OCTANE CUSTOMS LLC","2004A 2ND AVENUE","JEFFERSON HILLS","PA","15025","Vendor"
"V-001278","ODRILL / MCM INC","5055 CRANSWICK ROAD","HOUSTON","TX","77041","Vendor"
"V-001279","OFFEN PETROLEUM LLC","PO BOX 17451","DENVER","CO","80217-0451","Vendor"
"V-001281","OHIO BUREAU OF WORKERS COMPENSATION","PO BOX 89492","CLEVELAND","OH","44101-6492","Vendor"
"V-001282","OHIO DEPARTMENT OF COMMERCE","DIVISION OF STATE FIRE MARSHAL","CINCINNATI","OH","45271-5963","Vendor"
"V-001283","OHIO GRATINGS INC","5299 SOUTHWAY STREET S W","CANTON","OH","44706","Vendor"
"V-001284","OHIO HEAT TRANSFER 2 LLC","8551 SEWARD ROAD","FAIRFIELD","OH","45011","Vendor"
"V-001285","OHIO RIVER AGGREGATE INC","PO BOX 871","MOUNDSVILLE","WV","26041","Vendor"
"V-001286","OHIO VALLEY INDUSTRIAL SERVICE INC","530 MOON CLINTON ROAD","MOON TOWNSHIP","PA","15108","Vendor"
"V-001287","OHIO VALLEY SEPTIC INC","190 VALLEY VIEW DRIVE","WELLSBURG","WV","26070","Vendor"
"V-001288","OLSON ENGINEERING INC","12401 W 49TH AVENUE","WHEAT RIDGE","CO","80033","Vendor"
"V-001290","OPERATING ENGINEERS","APPRENTICESHIP & TRAINING","SPARKS","MD","21152","Vendor"
"V-001291","OPERATING ENGINEERS 77","TRUST FUND","SPARKS","MD","21152","Vendor"
"V-001293","OPERATING ENGINEERS LOCAL 66","PO BOX 38662","PITTSBURGH","PA","15238","Vendor"
"V-001295","ORRVILLE TRUCKING & GRADING","475 ORR STREET","ORRVILLE","OH","44667","Vendor"
"V-001296","ORTHOPEDIC INSTITUTE OF NORTH","PO BOX 207674","DALLAS","TX","75320-7674","Vendor"
"V-001298","OSF MEDICAL GROUP","PO BOX 842634","KANSAS CITY","MO","64184","Vendor"
"V-001299","OSF SAINT LUKE MEDICAL","PO BOX 840145","KANSAS CITY","MO","64184","Vendor"
"V-001300","OST REVENUE DEPARTMENT","ATTN SAPPHIRE WHITE CALF","PINE RIDGE","SD","57770","Vendor"
"V-001301","OT TECHNOLOGY INC","1200 ABERNATHY RD STE 700","ATLANTA","GA","30328","Vendor"
"V-001302","OUTSIDERS BASEBALL INC","32 RIVER RUN ROAD","FAIRMONT","WV","26554","Vendor"
"V-001303","OWEN AUTOMOTIVE DETAILING","108 W HULL STREET","MCLEANSBORO","IL","62859","Vendor"
"V-001304","OWEN OIL TOOLS LP","PO BOX 842241","DALLAS","TX","75284-2241","Vendor"
"V-001305","P4 TRUCKING AND EXCAVATING","1875 COOPERS CREEK ROAD","CHARLESTON","WV","25312","Vendor"
"V-001308","PA ONE CALL SYSTEM INC","PO BOX 641121","PITTSBURGH","PA","15264-1121","Vendor"
"V-001310","PACE ANALYTICAL SERVICES LLC","PO BOX 684056","CHICAGO","IL","60695-4056","Vendor"
"V-001311","PACE SHREDDING","PACE ENTERPRISES OF WV INC","MORGANTOWN","WV","26501","Vendor"
"V-001312","PADUCAH POWER SYSTEMS","PO BOX 180","PADUCAH","KY","42002-0180","Vendor"
"V-001313","PADUCAH PROPERTIES LLC","200 CHARLOTTE ANN DRIVE","PADUCAH","KY","42001","Vendor"
"V-001314","PADUCAH RIGGING","4150 CAIRO ROAD","PADUCAH","KY","42001","Vendor"
"V-001315","PALM EQUIPMENT","PO BOX 66","MASCOT","Tn","37806","Vendor"
"V-001316","PALMIERI USA","4 KEENAN ROAD","MAIDSVILLE","WV","26541","Vendor"
"V-001317","PAMELA JEAN WEST","3013 GEORGIA STREET","PADUCAH","KY","42003","Vendor"
"V-001318","PAMELA STONE","1344 UPPER PLEASANT CREEK ROAD","PHILIPPI","WV","26416","Vendor"
"V-001319","PANDJIRIS INC","5151 NORTHRUP AVENUE","ST LOUIS","MO","63110","Vendor"
"V-001320","PAPERLESS ENVIRONMENTS","PO BOX 84414","BATON ROUGE","LA","70884","Vendor"
"V-001322","PARAMOUNT BUSINESS JET LLC","21035 COURTLAND VILLAGE DR","LEESBURG","VA","20175","Vendor"
"V-001323","PARAMOUNT SAFETY SUPPLIES LLC","PO BOX 87","CLARKSBURG","WV","26301","Vendor"
"V-001324","PARK RANGE CONSTRUCTION INC","2755 S RARITAN ST","ENGLEWOOD","CO","80110","Vendor"
"V-001325","PASON SYSTEMS USA CORP","PO BOX 807","BELLEVUE","NE","68005-0807","Vendor"
"V-001326","PASS EQUIPMENT","PO BOX 486","DELLSLOW","WV","26531","Vendor"
"V-001327","PATCHWORK OIL & GAS LLC","PO BOX 168","DAVISVILLE","WV","26142","Vendor"
"V-001328","PATRIOT EXPLORATION CORP","1384 STATE ROUTE 711","STAHLSTOWN","PA","15687","Vendor"
"V-001329","PATRIOTS CONTRACTING INC","PO BOX 117","QUAKER CITY","OH","43773","Vendor"
"V-001330","PAW PAW FAIR","393 MINISTER RUN ROAD","RIVESVILLE","WV","26588","Vendor"
"V-001331","PAYNES TRUCKING SERVICE LLC","PO BOX 335","PENNSBORO","WV","26415","Vendor"
"V-001332","PEAK NDT SERVICES LLC","1461 STATE ROUTE 30","CLINTON","PA","15026","Vendor"
"V-001333","PENHALL CO","PO BOX 842911","LOS ANGELES","CA","90084-2911","Vendor"
"V-001334","PENN DOT","PO BOX 15560","HARRISBURG","PA","17105","Vendor"
"V-001335","PENN HIGHLANDS CLEARFIELD","PO BOX 447","DUBOIS","PA","15801","Vendor"
"V-001336","PENN HIGHLANDS DUBOIS","100 HOSPTIAL AVENUE","DUBOIS","PA","15801-1440","Vendor"
"V-001337","PENN LINE SERVICES","PO BOX 280","INDIANA","PA","15701-0280","Vendor"
"V-001338","PENN POWER GROUP","8330 STATE ROAD","PHILADELPHIA","PA","19136","Vendor"
"V-001339","PENN TOOL SALES & SERVICE INC","PO BOX 5557","POLAND","OH","44514","Vendor"
"V-001341","PENNSYLVANIA SLING","ALP INDUSTRIES INC","PHILADELPHIA","PA","19178-1712","Vendor"
"V-001342","PENNSYLVANIA SOIL AND ROCK INC","570 BEATTY ROAD","MONROEVILLE","PA","15146","Vendor"
"V-001343","PENSE BROTHERS DRILLING CO","PO BOX 551","FREDRICKTOWN","MO","63645","Vendor"
"V-001345","PEOPLES WV","PO BOX 645345","PITTSBURGH","PA","15264-5251","Vendor"
"V-001346","PEPPER DESIGN GROUP LLC","812 WELLINGTON DR","SEVEN FIELDS","PA","16046","Vendor"
"V-001347","PERFORMANCE WIRE & CABLE INC","PO BOX 126","CAMDEN","NY","13316","Vendor"
"V-001348","PERKINS SUPPLY INC","2966 NORTHWEST TPKE","PENNSBORO","WV","26415-9624","Vendor"
"V-001349","PERMIAN INTERNATIONAL ENGERY","4006 SCR 1232","MIDLAND","TX","79706","Vendor"
"V-001350","PEST MANAGEMENT SERVICE","167 MIDDLETOWN CIRCLE","FAIRMONT","WV","26554","Vendor"
"V-001351","PETAR MALENICA","137 LAUREL PLACE LANE","PITTSBURGH","PA","15241","Vendor"
"V-001352","PETE INSANA AUTO & TRUCK","REPAIR AND TOWING INC","WASHINGTON","PA","15301","Vendor"
"V-001353","PETE LIEN & SONS INC","PO BOX 440","RAPID CITY","SD","57709-0440","Vendor"
"V-001354","PETRA DRILLING SUPPLY LLC","PO BOX 50188","AMARILLO","TX","79159","Vendor"
"V-001355","PETROLEUM SERVICE PARTNERS INC","1460 N OLD 119 HWY","INDIANA","PA","15701","Vendor"
"V-001356","PETTIT SEED SALES","634 JACOBS RUN ROAD","HOLBROOK","PA","15341","Vendor"
"V-001357","PGT TRUCKING INC","PO BOX 150167","OGDEN","UT","84415-0290","Vendor"
"V-001358","PHILL IT UP LLC","119 PINE TREE ROAD","KITTANNING","PA","16201","Vendor"
"V-001359","PICKERING HEAVY HAULING LLC","9124 COUNTY ROAD 23","FT LUPTON","CO","80621","Vendor"
"V-001360","PIERCE KAVCIOGLU ESPINOSA CEAS","16055 VENTURA BOULEVARD","ENCINO","CA","91436","Vendor"
"V-001361","PILLAR ENERGY LLC","1244 MARTINS BRANCH RD","CHARLESTON","WV","25312","Vendor"
"V-001362","PILLAR INNOVATIONS LLC","92 CORPORATE DRIVE","GRANTSVILLE","MD","21536","Vendor"
"V-001363","PIPE TECHNOLOGY","PO BOX 506","NATIONAL CITY","CA","91951","Vendor"
"V-001364","PIPELINE SUPPLY & SERVICE","PO BOX 674991","DALLAS","TX","75267-4991","Vendor"
"V-001365","PIPELINE SYSTEMS INC","11528 AIRPORT ROAD","MEADVILLE","PA","16335","Vendor"
"V-001366","PIPER OILFIELD PRODUCTS LTD CO","PO BOX 94520","OKLAHOMA CITY","OK","73143","Vendor"
"V-001368","PIRTEK SOUTH VALLEY","6770 S DAWSON CIRCLE","CENTENNIAL","CO","80112","Vendor"
"V-001369","PIT PIPE INC","1599 WASHINGTON STREET","BRAINTREE","MA","2184","Vendor"
"V-001370","PITTSBURGH BUREAU OF POLICE","CRRU","PITTSBURGH","PA","15219","Vendor"
"V-001371","PITTSBURGH PIPE","PO BOX 88462","CHICAGO","IL","60680","Vendor"
"V-001372","PITTSBURGH STEELERS PREM SEATS","100 ART ROONEY AVENUE","PITTSBURGH","PA","15212","Vendor"
"V-001373","PL DUNCAN TRUCKING INC","2 DUNCAN STORE ROAD","COLUMBIA","VA","23038","Vendor"
"V-001374","PLANTS AND GOODWIN INC","360 HIGH STREET","BRADFORD","PA","16701","Vendor"
"V-001375","PLEASANT VALLEY PUBLIC SERVICE","PO BOX 245","MAIDSVILLE","WV","26541-0245","Vendor"
"V-001376","PLR INC","PITTSBURGH LADY ROADRUNNERS SOFT","MCKEES ROCKS","PA","15136","Vendor"
"V-001377","PLUM BOROUGH EDUCATION ASSOCIATION","OBLOCK ELEM SCHOOL CO JR PILYIH","PLUM","PA","15239","Vendor"
"V-001379","PORTERSVILLE PRD","2680 NEW BUTLER ROAD","NEW CASTLE","PA","16101","Vendor"
"V-001380","POSEY ELECTRIC INC","279 DUCK CREEK ROAD","LOST CREEK","WV","26385","Vendor"
"V-001381","POSITION TRACKING SYSTEMS INC","PO BOX 724","GREENVILLE","SC","29602-0724","Vendor"
"V-001382","POSTMASTER",,"CLINTWOOD","VA","24228","Vendor"
"V-001383","POTTERS POTTIES LLC","PO BOX 143","CATHARPIN","VA","20143","Vendor"
"V-001384","POTTSVILLE FORD INC","1456 ROUTE 61 S","POTTSVILLE","PA","17901","Vendor"
"V-001385","POWER PLAN","21310 NETWORK PLACE","CHICAGO","IL","60673-1213","Vendor"
"V-001386","POWER SERVICE INC","PO BOX 208620","DALLAS","TX","75320-8520","Vendor"
"V-001387","PPC LUBRICANTS","PO BOX 645962","CINCINNATI","OH","45264-5962","Vendor"
"V-001389","PRAIRIE SUPPLY INC","PO BOX 118","WEST FARGO","SD","58078","Vendor"
"V-001390","PRE ACTION FIRE INC","2921 W 38TH AVE # 453","DENVER","CO","80211","Vendor"
"V-001391","PRECISION HYDRAULICS INC","611 W 9TH STREET","PUEBLO","CO","81003-2202","Vendor"
"V-001392","PRECISION LASER & INSTRUMENT","85 11TH STREET","AMBRIDGE","PA","15003","Vendor"
"V-001393","PRECISION PUMP & VALVE SERVICE","PO BOX 7027","CHARLESTON","WV","25356","Vendor"
"V-001394","PREFERABLE SANITATION","306 BUNNER HILL ROAD","MT MORRIS","PA","15349","Vendor"
"V-001395","PREFERRED ELECTRIC LLC","1700 LAUREL LN","FAIRMONT","WV","26554","Vendor"
"V-001396","PREMIER CHEVROLET BUICK GMC","5392 UNIVERSITY TOWN CENTRE DRIVE","MORGANTOWN","WV","26501-2421","Vendor"
"V-001398","PREMIUM OILFIELD TECHNOLOGIES","PO BOX 208570","DALLAS","TX","75320-8570","Vendor"
"V-001399","PRESIDENTIAL AVIATION INC","1725 NW 51ST PLACE","FT LAUDERDALE","FL","33309","Vendor"
"V-001400","PRESSURE COMPONENTS INC","5101 NAIMAN PARKWAY","SOLON","OH","44139","Vendor"
"V-001401","PRESTON MEMORIAL HOSPITAL","150 MEMORIAL DRIVE","KINGWOOD","WV","26537-1442","Vendor"
"V-001402","PRETZEL ARENA LLC","JONI BRYTE","BRUCETON MILLS","WV","26525","Vendor"
"V-001403","PRIMETALS TECHNOLOGIES USA LLC","PO BOX 22749","NEW YORK","NY","10087-2749","Vendor"
"V-001404","PRINE LAND SURVEYING","266 COLT RIDGE ROAD","SPENCER","WV","25276","Vendor"
"V-001405","PRO DIG LLC","PO BOX 128","ALEXANDRIA","MN","56308","Vendor"
"V-001406","PRO HYDRAULIC & MACHINE INC","PO BOX 579","BROOMFIELD","CO","80038","Vendor"
"V-001407","PRO KLEEN INDUSTRIAL SERVICES","1300 PAYSPHERE CIRCLE","CHICAGO","IL","60674","Vendor"
"V-001408","PROAM SAFETY INC","551 KEYSTONE DRIVE","WARRENDALE","PA","15086","Vendor"
"V-001409","PRODUCERS SUPPLY INC","501N 44TH STREET","PHOENIX","AZ","85008","Vendor"
"V-001411","PROFESSIONAL COMM SYSTEMS LLC","PO BOX 3121","WARRENTON","VA","20188","Vendor"
"V-001412","PROFESSIONAL REPORTERS INC","511 COUCH DRIVE SUITE 100","OKLAHOMA CITY","OK","73102","Vendor"
"V-001413","PROFESSIONAL SERVICE IND INC","PO BOX 74008418","CHICAGO","IL","60674-8418","Vendor"
"V-001414","PROFIRE ENERGY INC","321 SOUTH 1250 WEST","LINDON","UT","84042","Vendor"
"V-001415","PROFORMA","PO BOX 640814","CINCINNATI","OH","45264-0814","Vendor"
"V-001416","PROLINE DISTRIBUTORS LLC","152 MIDDLETOWN RD","FAIRMONT","WV","26554","Vendor"
"V-001417","PROSOURCE INC","1041 8TH AVE","HUNTINGTON","WV","25701-2809","Vendor"
"V-001418","PRUITT TOOL & SUPPLY CO","PO BOX 181359","FORT SMITH","AR","72918","Vendor"
"V-001419","PRUTCHS GARAGE DOOR CO INC","2710 S PRAIRIE AVE","PUEBLO","CO","81005","Vendor"
"V-001420","PT CLEANING","476 GREENWOOD DRIVE","CANONSBURG","PA","15317","Vendor"
"V-001421","PUBLIC SERVICE COMMISSION","OF WV MOTOR CARRIER SECTION","CHARLESTON","WV","25323","Vendor"
"V-001422","PUEBLO BRAKE & CLUTCH","515 W 2ND STREET","PUEBLO","CO","81003","Vendor"
"V-001423","PUEBLO CLERK RECORDER","PO BOX 555","PUEBLO","CO","81002-0555","Vendor"
"V-001424","PUEBLO COUNTY TREASURER","215 W10TH STREET ROOM 110","PUEBLO","CO","81002","Vendor"
"V-001425","PUEBLO WEST METROPOLITAN DISTR","PO BOX 7299","PUEBLO WEST","CO","81007-0299","Vendor"
"V-001426","PURGE ENERGY SERVICE","1500 ASHWOOD DRIVE","CANONSBURG","PA","15317","Vendor"
"V-001427","PVS NOLWOOD CHEMICALS INC","25210 NETWORK PLACE","CHICAGO","IL","60673-1503","Vendor"
"V-001428","PWCA WELFARE BENEFIT PLAN","HUNTINGTON BANK TRUSTEE","COLUMBUS","OH","43214-3253","Vendor"
"V-001429","PYPESERVER INC","1600B SW DASH POINT RD #312","FEDERAL WAY","WA","98023","Vendor"
"V-001430","QAI AVIATION INC","ALLEGHENY CO AIRPORT","WEST MIFFLIN","PA","15122","Vendor"
"V-001431","QSP PACKERS LLC","13701 24TH ST E UNIT A-9","SUMNER","WA","98390","Vendor"
"V-001432","QT EQUIPMENT","151 W DARTMORE AVE","AKRON","OH","44301","Vendor"
"V-001433","QUADIENT LEASING USA INC","DEPT 3689","DALLAS","TX","75312-3689","Vendor"
"V-001434","QUALITY HYDRAULICS INC","857 MORROW CROSS ROAD","FLEMINGTON","WV","26347","Vendor"
"V-001435","QUALITY INN","100 COMFORT LANE","WAYNESBURG","PA","15370","Vendor"
"V-001436","QUALITY INTEGRATED SERVICES IN","C/O DREAM FIRST BANK","GARDEN CITY","KS","67846","Vendor"
"V-001437","QUALITY MACHINE INC","PO BOX 878","BRIDGEPORT","WV","26330","Vendor"
"V-001438","QUILL CORPORATION","PO BOX 37600","PHILADELPHIA","PA","19101-0600","Vendor"
"V-001439","R & D WATTERS SEPTIC SERV INC","1564 E ROY FURMAN HIGHWAY","CARMICHAELS","PA","15320","Vendor"
"V-001440","R & L CARRIERS","PO BOX 10020","PORT WILLIAM","OH","45164-2000","Vendor"
"V-001441","R & S MACHINE CO INC","7687 PORTER ROAD","PUNXSUTAWNEY","PA","15767","Vendor"
"V-001442","R AND R DRILLING INC","2633 HWY 25 E","TAZEWELL","TN","37879","Vendor"
"V-001443","R GINGERICH CRANE INC","1360 W BIRCHWOOD STREET","MORTON","IL","61550","Vendor"
"V-001444","R J E ELECTRICAL LLC","1021 N MARKET PLAZA SUITE 107-145","PUEBLO WEST","CO","81007","Vendor"
"V-001445","R NUZUM TRUCKING CO","PO BOX 38","SHINNSTON","WV","26431","Vendor"
"V-001446","R&C WELDING FAB TRUCKING AND","CRANE SERVICES INC","GERING","NE","69341-1759","Vendor"
"V-001447","R&T REDI MIX LLC","8555 CR 59","BRANDON","CO","81071","Vendor"
"V-001449","RADIOLOGICAL PHYSICIAN ASSOCIA","PO BOX 868","MORGANTOWN","WV","26507-0868","Vendor"
"V-001450","RADIUS","PO BOX 809120","CHICAGO","IL","60680","Vendor"
"V-001451","RAIN DAY SCHOLARSHIP",,,,,"Vendor"
"V-001452","RAIN FOR RENT","1682 DENVER AVENUE","FORT LUPTON","CO","80621","Vendor"
"V-001453","RAIN FOR RENT CORTEZ","FILE 52541","LOS ANGELES","CA","90074-2541","Vendor"
"V-001454","RALEIGH READY MIX","PO BOX 218","RALEIGH","IL","62977","Vendor"
"V-001455","RALPHS POWER TONGS LLC","17 ZENITH ROAD","BUCKHANNON","WV","26201","Vendor"
"V-001456","RAM TOOL A/R DEPT","PO BOX 743487","ATLANTA","GA","30374-3487","Vendor"
"V-001457","RAYMOND AND NANNIE V WEST","458 SYLVAN DRIVE","WASHINGTON","PA","15301","Vendor"
"V-001458","RBS INC","PO BOX 490","WHITE SULPHUR SPRINGS","WV","24986","Vendor"
"V-001459","RD TRUCKING OF MORGANTOWN INC","PO BOX 651","GRANVILLE","WV","26534","Vendor"
"V-001460","RDR UTILITY SERVICES GROUP LLC","1272 E PIKE STREET","CLARKSBURG","WV","26301","Vendor"
"V-001461","REBEL FASTPITCH INC","STEPHEN WILLIAMS","MORGANTOWN","WV","26508","Vendor"
"V-001462","RECO EQUIPMENT INC","PO BOX 644405","PITTSBURGH","PA","15264-4405","Vendor"
"V-001463","RECORDER OF DEEDS",,,,,"Vendor"
"V-001464","RED VALVE COMPANY INC","PO BOX 735293","CHICAGO","IL","60673","Vendor"
"V-001465","REDS SATELLITE SERVICE CO","PO BOX 559","ABILENE","TX","79604","Vendor"
"V-001467","REICH DRILL LLC","99 TROY HAWK RUN HWY","PHILIPSBURG","PA","16866","Vendor"
"V-001468","RELADYNE RELIABILITY SERVICESP","PO BOX 958806","ST LOUIS","MO","63195-8806","Vendor"
"V-001469","RELAY FOR LIFE OF N CENTRAL WV","1200 TYGART DRIVE","GRAFTON","WV","26354","Vendor"
"V-001470","RELIABLE READY MIX CO","1606 ALLEN AVE SE","CANTON","OH","44707","Vendor"
"V-001471","RELIABLE TIRE COMPANY LLC","PO BOX 1","BLACKSVILLE","WV","26521","Vendor"
"V-001472","REMARK PROMOTIONS INC","125 TECHNOLOGY DRIVE SUITE 018","CANONSBURG","PA","15317","Vendor"
"V-001474","RENT WORLD USA LLC","32 NORTH LOCUST STREET","BUCKHANNON","WV","26201","Vendor"
"V-001475","RENTAL EQUIPMENT COMPANY INC","6350 SUNBRIAR DRIVE","CUMMING","GA","30040","Vendor"
"V-001476","REPUBLIC MANUFACTURING","PO BOX 671095","DALLAS","TX","75267-1095","Vendor"
"V-001477","REPUBLIC SERVICE","PO BOX 71068","CHARLOTTE","NC","28272-1068","Vendor"
"V-001478","RESERVED ENVIRONMENTAL SERVICE","1373 WASHINGTON PIKE","BRIDGEVILLE","PA","15017-2837","Vendor"
"V-001479","RESURRECTION POWER","PO BOX 1533","WASHINGTON","PA","15301","Vendor"
"V-001480","RETTEW ASSOCIATES INC","3020 COLUMBIA AVENUE","LANCASTER","PA","17603","Vendor"
"V-001481","REYNOLDS MEMORIAL HOSIPTAL","PO BOX 616","MORGANTOWN","WV","26507-0616","Vendor"
"V-001482","RICHARD THOMPSON","329 MEADE AVENUE","PUEBLO","CO","81001","Vendor"
"V-001483","RICHARDSON COPY CONCEPTS","72 EAST COVE AVENUE","WHEELING","WV","26003","Vendor"
"V-001484","RIDGE RUNNER PIPELINE SERVICES","PO BOX 219","GRANVILLE","WV","26534","Vendor"
"V-001485","RIGPRO INC","2200 STATE HIGHWAY 135 N","KILGORE","TX","75662","Vendor"
"V-001486","RIO GRANDE CO","201 SANTA FE DRIVE","DENVER","CO","80223","Vendor"
"V-001487","RITCHIE BROS AUCTIONEERS","4000 PINE LAKE ROAD","LINCOLN","NE","68516","Vendor"
"V-001488","RIVERVIEW PLANTATION","11991 RIVERVIEW ROAD","CAMILLA","GA","31730","Vendor"
"V-001489","RIVERWALK CASTLE ROCK LLC","430 INDIANA ST","GOLDEN","CO","80401","Vendor"
"V-001490","RJ WRIGHT AND SONS LTD","100 WEST STREET","NEWCOMERSTOWN","OH","43832","Vendor"
"V-001491","RJ YOUNG COMPANY LLC","PO BOX 280358","NASHVILLE","TN","37228","Vendor"
"V-001492","RK PIPE & SUPPLY LLC","4115 SOUTH LEWIS STREET","NEW IBERIA","LA","70560","Vendor"
"V-001493","RMC SANITATION","PO BOX 288","BURGETTSTOWN","PA","15021","Vendor"
"V-001494","RMD KWIKFORM NORTH AMERICA INC","PO BOX 203121","DALLAS","TX","75320","Vendor"
"V-001495","RMS CRANES LLC","PO BOX 200494","DALLAS","TX","75320-0494","Vendor"
"V-001496","RNR CONSTRUCTION CO INC","PO BOX 142","STATE COLLEGE","PA","16804","Vendor"
"V-001497","ROANOKE CEMENT COMPANY LLC","PO BOX 932735","ATLANTA","GA","31193-2735","Vendor"
"V-001498","DEEP FOUNDATION CONSULTING ROBERT E SCHOCK","DEEP FOUNDATION CONSULTING","LAKE BARRINGTON","IL","50010","Vendor"
"V-001499","ROBERT L CLARK","78 KENNEDY STORE ROAD","MORGANTOWN","WV","26508","Vendor"
"V-001500","ROBERTS OXYGEN COMPANY INC","PO BOX 5507","ROCKVILLE","MD","20855","Vendor"
"V-001501","ROBINSON SEPTIC SERVICE INC","306 RUNVILLE ROAD","BELLEFONTE","PA","16823","Vendor"
"V-001502","ROC EQUIPMENT LLC","PO BOX 3143","SALT LAKE CITY","UT","84110","Vendor"
"V-001503","ROCHESTER WIRE AND CABLE LLC","BRANTNER & ASSOCIATES","PASADENA","CA","91189-1595","Vendor"
"V-001504","ROCKET SEALS INC","1297 SOUTH LIPAN STREET","DENVER","CO","80223","Vendor"
"V-001505","ROCRENTS HEAVY EQUIPMENT SALES","610 SALT ROAD","WEBSTER","NY","14580","Vendor"
"V-001506","ROD BUSTERS INC","1807 SOUTH CHURCH STREET","SMITHFIELD","VA","23608","Vendor"
"V-001507","ROGERS ELECTRICAL CONTRACTING","246 BUSINESS PARK DRIVE","FAIRMONT","WV","26554","Vendor"
"V-001508","ROGERS PETROLEUM INC","PO BOX 1714","MORRISTOWN","TN","37816-1714","Vendor"
"V-001509","ROGERSVILLE YOUTH BASEBALL","105 YUKON HILL ROAD","GRAYSVILLE","PA","15337","Vendor"
"V-001510","ROMANS ACUPUNCTURE & WELLNESS","1762 BLUE HORIZON DR","MORGANTOWN","WV","26501","Vendor"
"V-001511","ROMIX CHEMICAL","PO BOX 1110","COLLEYVILLE","TX","76034","Vendor"
"V-001512","RONS PORTA JOHNS INC","346 INDIAN RUN ROAD","MARIETTA","OH","45750-6691","Vendor"
"V-001513","ROOMREADY","2200 ENTERPRISE DRIVE","BLOOMINGTON","IL","61705","Vendor"
"V-001514","ROTARY CLUB OF WAYNESBURG","PO BOX 290","WAYNESBURG","PA","15370","Vendor"
"V-001515","ROTOROOTER","PO BOX 2520","WESTOVER","WV","26502-2520","Vendor"
"V-001516","ROYAL HYDRAULIC SERV & MFG INC","PO BOX 122","COKEBURG","PA","15324","Vendor"
"V-001517","RT ROGERS OIL CO INC","PO BOX 160","HINTON","WV","25951","Vendor"
"V-001518","RUD OIL & GAS","PO BOX 56","CENTER","ND","58530","Vendor"
"V-001519","RUDD EQUIPMENT COMPANY","DEPT 77432","DETRIOT","MI","48277-0432","Vendor"
"V-001520","RUNYON OIL TOOLS INC","331 HERMAN DRIVE","OLNEY","IL","62450","Vendor"
"V-001521","RUSS INDUSTRIAL SOLUTIONS","3285 PITTSBURGH RD","PERRYOPOLIS","PA","15473","Vendor"
"V-001522","RUSTYS WEIGH SCALES & SERVICE","408 NORTH INTERSTATE 27","LUBBOCK","TX","79403-3220","Vendor"
"V-001523","RV COLEMAN TRUCKING INC","PO BOX 259","APOLLO","PA","15613","Vendor"
"V-001524","RWC HOLDING LLC","308 COLONIAL DRIVE","WAYNESBURG","PA","15370","Vendor"
"V-001525","RYAN TRANSPORTATION SERVICE IN","PO BOX 841220","DALLAS","TX","75284-1220","Vendor"
"V-001526","S & W POWER SYSTEMS & ENGINE","PO BOX 94638","OKLAHOMA CITY","OK","73413-4638","Vendor"
"V-001527","S ST GEORGE ENTERPRISES INC","PO BOX 348","FREDONIA","NY","14063","Vendor"
"V-001528","SAFELITE FULFILLMENT INC","PO BOX 633197","CINCINNATI","OH","45263","Vendor"
"V-001529","SAFETY EDUCATORS LLC","PO BOX 1299","BRIDGEPORT","WV","26330","Vendor"
"V-001530","SAFETY KLEEN CORPORATION","PO BOX 975201","DALLAS","TX","75397-5201","Vendor"
"V-001531","SAFETY PLUS INC","3725 AIRPORT BLVD STE 208-B","MOBILE","AL","36608","Vendor"
"V-001532","SAGE SOFTWARE INC","14855 COLLECTIONS CENTER DRIVE","CHICAGO","IL","60693","Vendor"
"V-001533","SAINT JOHN CAPITAL CORP","PO BOX 74007671","CHICAGO","IL","60674-7671","Vendor"
"V-001534","SAKAKAWEA MOTEL","249 E MAIN STREET","PICK CITY","ND","58545","Vendor"
"V-001535","SALESFORCE INC","PO BOX 203141","DALLAS","TX","75320-3141","Vendor"
"V-001536","SALHUS SEPTIC AND PORTABLE TOILET","84 N 1ST STREET","UNDERWOOD","ND","58576","Vendor"
"V-001537","SALLYS SCRAMBLE","1500 ASHWOOD DRIVE SUITE 1502","CANONSBURG","PA","15317","Vendor"
"V-001538","SAMS CLUB","PO BOX 669825","DALLAS","TX","75266-0782","Vendor"
"V-001539","SAMSON WELDING SUPPLY COMPANY","PO BOX 670","CLARKSBURG","WV","26302","Vendor"
"V-001540","SAMUEL D SMITH","DBA S D SMITH WINDOW CLEANING","WAYNESBURG","PA","15370","Vendor"
"V-001541","SAN DIEGO COUNTY","TREASURER TAX COLLECTOR","SAN DIEGO","CA","92112","Vendor"
"V-001542","SAN JUAN COUNTY","PO BOX 490","MONTICELLO","UT","84535","Vendor"
"V-001543","SARASNICKS HARDWARE","512 WASHINGTON AVENUE","BRIDGEVILLE","PA","15017","Vendor"
"V-001544","SAULS SEISMIC LLC","2879 ALTON WAY","BIRMINGHAM","AL","35210","Vendor"
"V-001546","SOUTH CAROLINA CONTRACTORS LICENSE BOARD","PO BOX 11329","COLUMBIA","SC","29211","Vendor"
"V-001547","SCHADEMAN EQUIPMENT","782 THOMPSON AVENUE","DONORA","PA","15033","Vendor"
"V-001548","SCHEIRER EQUIPMENT SERVICES","1060 THIRD STREET","NORTH VERSAILLES","PA","15137","Vendor"
"V-001549","SCHINDLER ELEVATOR CORPORATION","PO BOX 93050","CHICAGO","IL","60673-3050","Vendor"
"V-001550","SCHMIDT LANDSCAPING LLC","1521 MILLERS RUN ROAD","MCDONALD","PA","15057","Vendor"
"V-001552","SCHUSTER CONCRETE","READY MIX LLC","OWINGS MILLS","MD","21117-0517","Vendor"
"V-001553","SCHWERMAN TRUCKING CO","62522 COLLECTIONS CENTER DRIVE","CHICAGO","IL","60693-0625","Vendor"
"V-001554","SCIENTIFIC DATA SYSTEMS INC","3401 BACOR ROAD","HOUSTON","TX","77084","Vendor"
"V-001555","SCIENTIFIC DRILLING INT INC","1100 RANKIN ROAD","HOUSTON","TX","77073","Vendor"
"V-001556","SCORPION OIL TOOLS INC","13913 FABER STREET","HOUSTON","TX","77037","Vendor"
"V-001557","SCOTT ELECTRIC","PO BOX S","GREENBURG","PA","15601-0899","Vendor"
"V-001558","SCOTT KIGER","319 SHRIVER HILL ROAD","WAYNESBURG","PA","15370","Vendor"
"V-001559","SDI GAS LLC","130 MEADOW RIDGE ROAD","MOUNT MORRIS","PA","15349","Vendor"
"V-001560","SDI HD HOLDINGS LLC","130 MEADOW RIDGE ROAD","MT MORRIS","PA","15349","Vendor"
"V-001561","SDI MANAGEMENT LLC","130 MEADOW RIDGE ROAD","MT MORRIS","PA","15349","Vendor"
"V-001562","SEAL TITE PAVEMENT MAINTENANCE","102 RED CUT LODGE ROAD","LATROBE","PA","15650","Vendor"
"V-001563","SEAY OIL INC","PO BOX 1147","HOPKINSVILLE","KY","42241","Vendor"
"V-001564","SECRETARY OF STATE WV","BUILDING 1 SUITE 157-K","CHARLESTON","WV","25305-0770","Vendor"
"V-001565","SECURITY LOCK NUT","999 FOREST EDGE DRIVE","VERNON HILLS","IL","60061","Vendor"
"V-001567","SENERGY PETROLEUM LLC","PO BOX 208399","DALLAS","TX","75320-8399","Vendor"
"V-001568","SEPCO PROCESS INC","3290 AVENUE M EXT","CONROE","TX","77301","Vendor"
"V-001569","SERVICE ENGINEERING REPAIR CO","PO BOX 1110","BORGER","TX","79008-1110","Vendor"
"V-001570","SERVICE KING TOOL & SUPPLY CO","PO BOX 158","STROUD","OK","74079","Vendor"
"V-001571","SERVICE OKLAHOMA",,,,,"Vendor"
"V-001572","SESAR INDUSTRIAL LLC","PO BOX 136","PERRYOPOLIS","PA","15473","Vendor"
"V-001573","SHACKELFORD EQUIPMENT","PO BOX 343","PLAINVIEW","TX","79073","Vendor"
"V-001574","SHAFFERS CUSTOM SCREEN","PRINTING","REEDSVILLE","WV","26547","Vendor"
"V-001575","SHAFT DRILLERS INTERNATIONAL LLC","130 MEADOW RIDGE RD","MT MORRIS","PA","15349","Vendor"
"V-001576","SHALE DIRECTORIES","PO BOX 667","PENN VALLEY","PA","19072","Vendor"
"V-001577","SHAMUS FACTORING SERVICE","PO BOX 6279","HERMITAGE","PA","16148-0923","Vendor"
"V-001578","SHANNON JONES","PO BOX 237","WITTMAN","MD","21676","Vendor"
"V-001579","SHEA BARRETT","13606 PRIMAVERA DRIVE","MOUNT AIRY","MD","21771","Vendor"
"V-001580","SHELDON ISD TAX A/C","1411 C E KING PKWY STE A","HOUSTON","TX","77044","Vendor"
"V-001581","SHELLY D BROWN","114 STYLES RUN ROAD","METZ","WV","26585","Vendor"
"V-001582","SHENTEL CABLE & INTERNET","PO BOX 740573","CINCINNATI","OH","45274-0573","Vendor"
"V-001583","SHERIFF OF HARRISON COUNTY","ROBERT G MATHENY","CLARKSBURG","WV","26301","Vendor"
"V-001584","SHERIFF OF DODDRIDGE COUNTY","108 COURT STREET SUITE 2","WEST UNION","WV","26456-0219","Vendor"
"V-001585","SHERIFF OF GREENBRIER COUNTY","PO BOX 347","LEWISBURG","WV","24901","Vendor"
"V-001587","SHERIFF OF LEWIS COUNTY","110 CENTER AVENUE","WESTON","WV","26452","Vendor"
"V-001588","SHERIFF OF LOUDON COUNTY",,,,,"Vendor"
"V-001589","SHERIFF OF MARION COUNTY","PO BOX 1348","FAIRMONT","WV","26555-1348","Vendor"
"V-001590","SHERIFF OF MARSHALL COUNTY","PO BOX 648","MOUNDSVILLE","WV","26041","Vendor"
"V-001591","SHERIFF OF MONONGALIA COUNTY","243 HIGH ST -RM300 TAX OFFICE","MORGANTOWN","WV","26505-5492","Vendor"
"V-001592","SHERIFF OF MONTGOMERY COUNT","755 ROANOKE ST SUITE 1B","CHRISTIANSBURG","VA","24073","Vendor"
"V-001593","SHERIFF OF OHIO COUNTY","PO BOX 188","WHEELING","WV","26003-0024","Vendor"
"V-001594","SHERIFF OF PLEASANTS COUNTY","ATTN TREASURER OFFICE","ST MARYS","WV","26170-1317","Vendor"
"V-001595","SHERIFF OF PRESTON COUNTY","ATTN TREASURER OFFICE","KINGWOOD","WV","26537-1131","Vendor"
"V-001596","SHERIFF OF PUTNAM COUNTY","236 COURTHOUSE DR","WINFIELD","WV","25213","Vendor"
"V-001597","SHERIFF OF TAYLOR COUNTY","PO BOX 189","GRAFTON","WV","26354","Vendor"
"V-001599","SHERIFF OF WOOD COUNTY","PO BOX 1985","PARKERSBURG","WV","26102","Vendor"
"V-001600","SHERWIN WILLIAMS","289 DON KNOTTS BLVD","MORGANTOWN","WV","26501-6737","Vendor"
"V-001601","SHERWOOD MOTEL","2 MAIN STREET","WELLSBORO","PA","16901","Vendor"
"V-001602","SICK NASTY LLC","130 MEADOW RIDGE RD","MT MORRIS","PA","15349","Vendor"
"V-001603","SIERRA BRAVA US LLC","ATTN HOLLY BLAIR","HOUSTON","TX","77056","Vendor"
"V-001604","SIERRA REBAR LLC","10480 E 96TH AVE","HENDERSON","CO","80640","Vendor"
"V-001605","SIKA CORPORATION","PO BOX 36102","NEWARK","NJ","7188","Vendor"
"V-001606","SIMON CONTRACTORS OF SOUTH DAKOTA","PO BOX 2720","RAPID CITY","SD","57709","Vendor"
"V-001607","SIMPSON REINFORCING INC","PO BOX 6104","HERMITAGE","PA","16148","Vendor"
"V-001608","SIMUTECH GROUP","500 PARKER HILL DRIVE","ROCHESTER","NY","14625","Vendor"
"V-001609","SISKIN STEEL & SUPPLY CO INC","PO BOX 933517","ATLANTA","GA","31193","Vendor"
"V-001610","SITECH ALLEGHENY","PO BOX 417094","BOSTON","MA","02241-7094","Vendor"
"V-001611","SKEETERS NAPA AUTO PARTS","504 WEST 3RD ST","CHADRON","NE","69337","Vendor"
"V-001612","SKYLINE STEEL LLC","24771 NETWORK PLACE","CHICAGO","IL","60673-1247","Vendor"
"V-001613","SKYOXYGEN","2790 IDLEWOOD AVENUE","CARNEGIE","PA","15106","Vendor"
"V-001614","SKYWORKS EQUIPMENT RENTAL LLC","PO BOX 74404","CLEVELAND","OH","44194-0504","Vendor"
"V-001615","SLABJACK FOUNDATION LLC","2150 BRIDGE AVENUE","POINT PLEASANT","NJ","8742","Vendor"
"V-001616","SLEEP INN & SUITES","15 GOFF CROSSING DRIVE","CROSS LANES","WV","25313","Vendor"
"V-001617","SLONG INDUSTRIES LLC","1092 CARROLL GENTRY ROAD","MADISONVILLE","KY","42431","Vendor"
"V-001618","SMALLWOOD SANITATION CO INC","3088 EAST GRAFTON ROAD","FAIRMONT","WV","26554","Vendor"
"V-001619","SMART CASUALTY CLAIM SOL","PO BOX 945106","ATLANTA","GA","30394-5106","Vendor"
"V-001620","SMART CHOICE TIRE SERVICES","4659 CATTLE CROSS ROAD","CASTLE ROCK","CO","80104","Vendor"
"V-001621","SMARTSENSE BY DIGI","LOCKBOX 138008","MINNEAPOLIS","MN","55480-1380","Vendor"
"V-001622","SMASH FASTPITCH","DANIELLE KERR","WAYNESBURG","PA","15370","Vendor"
"V-001623","SMITH CURRIE AND HANCOCK LLP","2700 MARQUIS ONE TOWER","ATLANTA","GA","30303-1227","Vendor"
"V-001624","SMITH EXCAVATION INC","PO BOX 288","CEDAR BLUFF","VA","24609","Vendor"
"V-001625","SMITH FASTENER CO INC","PO BOX 773173","DETROIT","MI","48277-3173","Vendor"
"V-001626","SMITH FUNERAL HOME",,,,,"Vendor"
"V-001627","SMITH GAMBRELL & RUSSELL LLP",,,,,"Vendor"
"V-001628","SMITH HEALTH INC","PO BOX 121306","DALLAS","TX","75312-1306","Vendor"
"V-001629","SMOUSE TRAILERS & SNOW EQUIPMENT","207 SMOUSE ROAD","MT PLEASANT","PA","15666","Vendor"
"V-001630","SMYTH GENERAL DISTRICT COURT","109 W MAIN STREET ROOM 1022","MARION","VA","24354","Vendor"
"V-001631","SNAPON TOOLS","105 FAIRFIELD DRIVE","BRIDGEPORT","WV","26330","Vendor"
"V-001632","SOCOTEC ADVISORY LLC","27412 ALISO CREEK ROAD","ALISO VIEJO","CA","92656","Vendor"
"V-001633","SOLES ELECTRIC","1552 TULIP LANE","FAIRMONT","WV","26554","Vendor"
"V-001634","SOLES ENTERPRISES LLC","1552 TULIP LANE","FAIRMONT","WV","26554","Vendor"
"V-001636","SOLID GAME INC","800 NORTH SHORELINE BLVD","CORPUS CHRISTI","TX","78401","Vendor"
"V-001637","SOLID ROCK CONCRETE LLC","PO BOX 957","WAYNESBURG","PA","15370","Vendor"
"V-001638","SOLID WASTE SERVICES","PO BOX 7190","AUDUBON","PA","19407-7190","Vendor"
"V-001640","SOLUTION PRO HEATING & AIR LLC","1063 W BROKEN BOW DR","PUEBLO","CO","81007","Vendor"
"V-001641","SOMERVILLE INDUSTRIES INC","336 SOUTH MEADOW DRIVE","MINERAL WELLS","WV","26150","Vendor"
"V-001643","SOURCING SOLUTIONS INC","14845 SW MURRAY SCHOLLS DRIVE","BEAVERTON","OR","97007","Vendor"
"V-001644","SOUTH DAKOTA DEPT OF LABOR","REEMPLOYMENT ASSITANCE DIV","ABERDEEN","SD","57102-4730","Vendor"
"V-001645","SOUTH DAKTOA DEPARTMENT OF REVENUE","445 E CAPITOL AVENUE","PIERRE","SD","57501","Vendor"
"V-001646","SOUTH FAYETTE STUDENT GOVERNMENT","3640 OLD OAKDALE ROAD","MCDONALD","PA","15057","Vendor"
"V-001647","SOUTH PITTSBURGH HOCKEY CLUB","ANTHONY SANTAGUIDE TREASURER","MCMURRAY","PA","15317","Vendor"
"V-001648","SOUTHEASTERN EQUIP CO INC","PO BOX 536","CAMBRIDGE","OH","43725","Vendor"
"V-001649","SOUTHERN TIRE MART LLC","DEPT 143","MEMPHIS","TN","38148-0143","Vendor"
"V-001650","SOUTHERN TOOL INSPECTION","STI LLC","BROUSSARD","LA","70518","Vendor"
"V-001651","SOUTHPOINTE II TOWN SQUARE","BUILDING LP","CANONSBURG","PA","15317","Vendor"
"V-001652","SOUTHPOINTE TOWN CENTER LP","CO HORIZON PROPERTIES GROUP LLC","CANNONSBURG","PA","15317","Vendor"
"V-001653","SOUTHSIDE MATERIALS LLC","PO BOX 1620","DUBLIN","VA","24084","Vendor"
"V-001654","SOUTHWEST CONCRETE PUMPING LLC","2323 W OXFORD AVENUE","ENGLEWOOD","CO","80110","Vendor"
"V-001656","SOUTHWEST LABORERS H&W PLAN","PO BOX 1449","GOODLETTSVILLE","TN","37070-1449","Vendor"
"V-001658","SPARTAN MAT LLC","3034 E BAARS AVE","GILBERT","AZ","85297","Vendor"
"V-001659","SPARTAN SPECIALTY SERVICE INC","PO BOX 8458","NEW CASTLE","PA","16107","Vendor"
"V-001660","SPECIAL OLYMPICS COLORADO","12450 E ARAPAHOE ROAD SUITE C","CENTENNIAL","CO","80112","Vendor"
"V-001661","SPECIAL OLYMPICS PRESTON COUNT","BRIAN NOONAN","ALBRIGHT","WV","26519","Vendor"
"V-001662","SPECIALIZED PROFESSIONAL","SERVICES INC","WASHINGTON","PA","15301","Vendor"
"V-001663","SPECIALTY GROUPS INC","PO BOX 96","BRIDGEPORT","WV","26330","Vendor"
"V-001664","SPECRETE IP INCORPORATED","10703 QUEBEC AVENUE","CLEVELAND","OH","44106-4251","Vendor"
"V-001665","SPECTRUM BUSINESS","TIME WARNER CABLE","CITY OF INDUSTRY","CA","91716-0074","Vendor"
"V-001666","SPIRIT ENERGY SERVICES LLC","PO BOX 819","NITRO","WV","25143","Vendor"
"V-001667","SPOTTS FAIN PC","PO BOX 1555","RICHMOND","VA","23218-1555","Vendor"
"V-001668","SPRINGERS COUPLING & SPLINES","88 TRAM STREET","MORGANTOWN","WV","26501","Vendor"
"V-001669","SQUIRE PATTON BOGGS US LLP","PO BOX 643051","CINCINNATI","OH","45264","Vendor"
"V-001670","SRM CONCRETE LLC","1000 HOLLINGSHEAD CIRCL","MURFREESBORO","TN","37129","Vendor"
"V-001671","ST JUDE CHILDRENS RESEARCH",,,,,"Vendor"
"V-001672","STAGGERS LANDSCAPING INC","1101 DRIFT RIDGE ROAD","SPRAGGS","PA","15362","Vendor"
"V-001674","STANDARD MFG","PO BOX 121","LIBERTY","TX","77575","Vendor"
"V-001676","STAR IRON WORKS INC","257 CAROLINE ST","PUNXSUTAWNEY","PA","15767","Vendor"
"V-001677","STAR MECHANICAL CONTRACTORS","12001 COUNTY ROAD 675E","MCLEANSBORO","IL","62859","Vendor"
"V-001678","STATE ELECTRIC SUPPLY CO","PO BOX 890889","CHARLOTTE","NC","28289-0889","Vendor"
"V-001679","STATE EQUIPMENT INC","PO BOX 3939","CHARLESTON","WV","25339","Vendor"
"V-001680","STATE INDUSTRIAL PRODUCTS CORP","PO BOX 830316","PHILADELPHIA","PA","19182-0316","Vendor"
"V-001681","STATE OF WEST VIRGINIA","PURCHASING DIV - VENDOR REG","CHARLESTON","WV","25305-0130","Vendor"
"V-001682","STAUFFER DIESEL INC","34 STAUFFER LANE","EPHRATA","PA","17522","Vendor"
"V-001683","STEEL NATION BUILDINGS INC","100 SOUTHPOINTE SQUARE LANE","CANONSBURG","PA","15317-5718","Vendor"
"V-001684","STEFAN HAY COMPANY LLC","10333 JENNINGS ROAD","NORTH COLLINS","NY","14111","Vendor"
"V-001686","STEPPING STONES","400 MYLANPARK","MORGANTOWN","WV","26501","Vendor"
"V-001687","STEPTOE & JOHNSON ATTORNEY","400 WHITE OAKS BOULEVARD","BRIDGEPORT","WV","26330-0247","Vendor"
"V-001688","STEVE BARNES","5297 HIDDEN HAMLET ROAD","PRESTON","MD","21655","Vendor"
"V-001689","STEVE MARSHALL MASONRY","37 BRAMBLE LANE","FAIRMONT","WV","26554","Vendor"
"V-001690","STEVEN C RODEHEAVER","PO BOX 27","KINGWOOD","WV","26537","Vendor"
"V-001691","STEVEN TODD SHAY MEMORIAL","CLEAR MOUNTAIN BANK","ROWLESBURG","WV","26425","Vendor"
"V-001692","STEWART & STEVENSON","PO BOX 2968","HOUSTON","TX","77252-2968","Vendor"
"V-001693","STOKESLEY TAXIS LIMITED","4 WESTON COURT","STOKESLEY","UK","TS95GA","Vendor"
"V-001694","STONE AND COMPANY INC","PO BOX 776","CONNELLSVILLE","PA","15425-0776","Vendor"
"V-001695","STONE PAVING INC","PO BOX 53","REEDSVILLE","WV","26547","Vendor"
"V-001696","STONEWALL JACKSON MEMORIAL","230 HOSPITAL PLZ","WESTON","WV","26452","Vendor"
"V-001697","STRAD USA INC","PO BOX 336421","GREELY","CO","80633","Vendor"
"V-001698","STRAHL LLC","76 WINN STREET SUITE 2B","WOBURN","MA","1801","Vendor"
"V-001699","STRATE WELDING SUPPLY CO INC","PO BOX 570","BUFFALO","NY","14207-0570","Vendor"
"V-001701","STUART HOSE & PIPE CO","701 RIVERSIDE DRIVE","FORT WORTH","TX","76111","Vendor"
"V-001702","STUCK ENTERPRISES INC","1600 EVERGREENE DRIVE","WAYNESBURG","PA","15370","Vendor"
"V-001703","STUCKEYS SPECIALTY TOOLS","PO BOX 670287","HOUSTON","TX","77267","Vendor"
"V-001704","SUBTECHNICAL INC","PO BOX 1178","MARS","PA","16046","Vendor"
"V-001705","SUMMER BREEZE FARMS LLC","20568 OLD GRAVEL LANE","LEXINGTON PARK","MD","20653","Vendor"
"V-001706","SUMMERS CO FIRE BOARD","COLLECTIONS","HINTON","WV","25951","Vendor"
"V-001707","SUMMERS COUNTY CLERK","120 BALLENGEE ST","HINTON","WV","25951","Vendor"
"V-001708","SUMMERS COUNTY SHERIFF","ATTN TREASURERS OFFICE","HINTON","WV","25951","Vendor"
"V-001709","SUMMERS TOWING AND REPAIRS INC","3 ACKERMAN ROAD","MORGANTOWN","WV","26508","Vendor"
"V-001710","SUMMIT ENGINEERED PRODUCTS INC","516 ELM RIDGE AVE NE","CANAL FULTON","OH","44614","Vendor"
"V-001711","SUMMIT INDUSTRIAL SERVICES LL","PO BOX 1099","PADUCAH","KY","42002","Vendor"
"V-001712","SUMMIT SAFETY CONSULTING LLC","805 INDIANA AVENUE","NUTTER FORT","WV","26301","Vendor"
"V-001713","SUMMIT SALES & EQUIPMENT CO LLC","2054 GREAT TRAILS DRIVE","WOOSTER","OH","44691","Vendor"
"V-001714","SUMMIT TRUCK BODIES","990 VERNON ROAD","WATHENA","KS","66090","Vendor"
"V-001715","SUNBELT RENTALS INC","PO BOX 409211","ATLANTA","GA","30384-9211","Vendor"
"V-001716","SUNRISE DRILLING SUPPLY INC","210 VAN NESS STREET","SYKESVILLE","PA","15865","Vendor"
"V-001717","SUNSET OUTDOOR SUPPLY","2184 CHEAT ROAD","MORGANTOWN","WV","26508","Vendor"
"V-001718","SUPER 8 WAYNESBURG","100 STANLEY DRIVE","WAYNESBURG","PA","15370","Vendor"
"V-001719","SUPERIOR INDUSTRIAL LAUNDRIES","PO BOX 143","KINGMONT","WV","26578","Vendor"
"V-001720","SUREFIRE WIRELINE LLC","238 NORTH PARK DRIVE","KITTANNING","PA","16201","Vendor"
"V-001722","SURETEC INFORMATION SYSTEMS IN","ATTN CATHY SCHERNIK","AUSTIN","TX","78759","Vendor"
"V-001724","SUTTER ROOFING & METAL COMPANY","PO BOX 2036","CLARKSBURG","WV","26302","Vendor"
"V-001726","SWAGELOK CLEVELAND","PO BOX 632727","CINCINNATI","OH","45263-2727","Vendor"
"V-001727","SWANSON INDUSTRIES INC","PO BOX 640023","PITTSBURGH","PA","15264-0023","Vendor"
"V-001728","SWEET BABYS AT RISING CREEK","103 HANNAH LANE","WAYNESBURG","PA","15370","Vendor"
"V-001730","T DEWITT TRUCKING LLC","13 SNAKE HILL ROAD","MORGANTOWN","WV","26508","Vendor"
"V-001731","T WAGNER TRUCKING INC","249 9TH STREET","SALTSBURG","PA","15681","Vendor"
"V-001732","T&T CARBIDE","PO BOX 13","LOGAN","IL","62856","Vendor"
"V-001733","T&T SWEEPING & PORT O LET SERVICE","PO BOX 70","CLEMENTS","MD","20624","Vendor"
"V-001734","TALBOT FARMS INC","27999 OXFORD RD","OXFORD","MD","21654","Vendor"
"V-001735","TAN AIRE INC","4835 SOUTH HAVEN DRIVE","LINCOLN","NE","68516","Vendor"
"V-001736","TASSCO","PO BOX 101808","BIRMINGHAM","AL","35210","Vendor"
"V-001737","TATRO HINDS ADVANCE CONCRETE","148 COUNTRY WAY","WALLA WALLA","WA","99362","Vendor"
"V-001738","TAX CLAIM BUREAU","450 EAST MARKET STREET","KITTANNING","PA","16201","Vendor"
"V-001739","TAYLOR LEWIS LEWIS EROSION","5884 QUENSHUKENY ROAD","JERSEY SHORE","PA","17740","Vendor"
"V-001740","TAYLOR OIL COMPANY","PO BOX 974","SOMERVILLE","NJ","08876-2915","Vendor"
"V-001741","TAYLOR TRUCKING & DOZER SERVICE","7147 HACKERS CREEK ROAD","BUCKHANNON","WV","26201","Vendor"
"V-001742","TC ENERGY","AMANDA BOYKO","CLENDENIN","WV","25045","Vendor"
"V-001743","TC MOWING","PO BOX 305","ELDERTON","PA","15736","Vendor"
"V-001744","TC3 SERVICES","142 TERRACE MANOR","FAIRMONT","WV","26554","Vendor"
"V-001745","TCB PIPELINE LLC","130 MEADOWRIDGE DR","MT MORRIS","PA","15349","Vendor"
"V-001746","TCC MATERIALS","PO BOX 88478","MILWAUKEE","WI","53288-0478","Vendor"
"V-001747","TEAM INDUSTRIAL SERVICES INC","PO BOX 842233","DALLAS","TX","75284-2233","Vendor"
"V-001748","TECH SERVICES INC","3258 GRANT ROAD","RIDGWAY","PA","15853","Vendor"
"V-001749","TECHNICAL COMPLIANCE SOLUTIONS","PO BOX 296","WEST UNION","WV","26456","Vendor"
"V-001750","TECHNICAL INDUSTRIES INC","PO BOX 52523","LAFAYETTE","LA","70505","Vendor"
"V-001751","TECHSTREET LLC","3025 BOARDWALK DRIVE","ANN ARBOR","MI","48108","Vendor"
"V-001752","TEI ANALYTICAL SERVICES","PO BOX 844474","DALLAS","TX","75284-4474","Vendor"
"V-001753","TEI ROCK DRILLS INC","PO BOX 1309","MONTROSE","CO","81402","Vendor"
"V-001754","TEK CONSTRUCTION SERVICES LLC","130 MEADOW RIDGE ROAD","MOUNT MORRIS","PA","15349","Vendor"
"V-001755","TEK PILES LLC","130 MEADOW RIDGE ROAD","MT MORRIS","PA","15349","Vendor"
"V-001756","TENNESSEE DEPT LABOR & WORKFORCE","PO BOX 101","NASHVILLE","TN","37202-0101","Vendor"
"V-001757","TEREX GLOBAL GMBH","62352 COLLECTIONS CENTER DRIVE","CHICAGO","IL","60693","Vendor"
"V-001758","TERRACON CONSULTANTS INC","PO BOX 959673","ST LOUIS","MO","63195-9673","Vendor"
"V-001759","TETRA TECH INC","PO BOX 911624","DENVER","CO","80291-1624","Vendor"
"V-001760","TEXAS DEPARTMENT OF REVENUE",,,,,"Vendor"
"V-001761","TEXAS INTL OILFIELD TOOLS","3035 EASTVELD DRIVE","HOUSTON","TX","77073-2020","Vendor"
"V-001762","TEXAS LEHIGH CEMENT CO LP","PO BOX 610","BUDA","TX","78610","Vendor"
"V-001763","TEXAS MEDICINE RESOURCES","PO BOX 8549","FORT WORTH","TX","76124-0549","Vendor"
"V-001764","TEXAS REFINERY CORP","PO BOX 711","FORT WORTH","TX","76101","Vendor"
"V-001766","TEXAS UNEMPLOYMENT",,,,,"Vendor"
"V-001767","TEXCON OIL COMPANY","PO BOX 18463","AUSTIN","TX","76760","Vendor"
"V-001768","TEXTURA CORP",,,,,"Vendor"
"V-001769","TFORCE FREIGHT INC","1000 SEMMES AVE","RICHMOND","VA","23218-1216","Vendor"
"V-001770","TH PORT A JOHN LLC","358 FRONT STREET","MAHAFFEY","PA","15757","Vendor"
"V-001771","THE HUNLEY GROUP LLC","428 SOUTH MAIN STREET","DAVIDSON","NC","28036","Vendor"
"V-001772","THE 84 GROUP INC","1114 PARKWAY VIEW DRIVE","PITTSBURGH","PA","15205","Vendor"
"V-001773","THE COALFIELD PROGRESS","PO BOX 659","COOKEVILLE","TN","38503","Vendor"
"V-001774","THE COUNTY FIRE PROTECTION GRP","8160 S MARSHALL CT","LITTLETON","CO","80128","Vendor"
"V-001775","THE CUBBISON COMPANY","380 VICTORIA ROAD","YOUNGSTOWN","OH","44515","Vendor"
"V-001776","THE DICKIRSON CORPORATION","PO BOX 750","RIPLEY","WV","25271","Vendor"
"V-001777","THE FINAL TOUCH","940 KELLY ROAD","CUMBERLAND","MD","21502","Vendor"
"V-001778","THE GLASS RACK INC","PO BOX 281063","LAKEWOOD","CO","80228","Vendor"
"V-001779","THE GLENVILLE INN","61 DEVELOPMENT DRIVE","GLENVILLE","WV","26351","Vendor"
"V-001780","THE HDH GROUP INC","210 SIXTH AVE","PITTSBURGH","PA","15222","Vendor"
"V-001781","THE HOME CITY ICE COMPANY","PO BOX 111116","CINCINNATI","OH","45211","Vendor"
"V-001782","THE LINKS AT PLUM CREEK","1110 E PLUM CREEK PKWY","CASTLE ROCK","CO","80104","Vendor"
"V-001783","THE LOVE OF PETE","MELVIN WARRICK","CONNELLSVILLE","PA","15425","Vendor"
"V-001786","THE RIDGE HOMEOWNERS ASSOC INC","C/O TYREE EMBREE & ASSOC PLLC","HURRICANE","WV","25526","Vendor"
"V-001789","THE ROYAL FAMILY BOOSTERS CORP","PO BOX 4762","CLARKSBURG","WV","26301","Vendor"
"V-001790","THE WASHINGTON HOSPITAL","155 WILSON AVENUE","WASHINGTON","PA","15301","Vendor"
"V-001791","THE WELLS GROUP LLC","611 WEST MAIN STREET","WEST LIBERTY","KY","41472","Vendor"
"V-001793","THEODORE R SMITH TRUCKING INC","2719 MORGANTOWN ROAD","SMITHFIELD","PA","15478","Vendor"
"V-001794","THERMOGENICS","2040 NORTH LOOP W STE 103","HOUSTON","TX","77018","Vendor"
"V-001795","THOMAS BENNETT AND HUNTER INC","70 JOHN ST","WESTMINSTER","MD","21157-4835","Vendor"
"V-001796","THOMAS OIL & FUEL","219 INDUSTRIAL DRIVE","GLASGOW","KY","42141","Vendor"
"V-001797","THRASHER GROUP INC","600 WHITE OAKS BLVD","BRIDGEPORT","WV","26330","Vendor"
"V-001798","THREE D DRILLING INC","2839 DOGTOWN ROAD","REEDSVILLE","WV","26547-9729","Vendor"
"V-001799","THREE D METALS INC","5462 INNOVATION DRIVE","VALLEY CITY","OH","44280","Vendor"
"V-001800","THYSSENKRUPP ROTHE ERDE USA IN","1400 SOUTH CHILLICOTHE ROAD","AURORA","OH","44202","Vendor"
"V-001801","TIEFENBACH NORTH AMERICA LLC","L-3801","COLUMBUS","OH","43260","Vendor"
"V-001802","TIMCO INC","57051 MARIETTA RD","BYESVILLE","OH","43723","Vendor"
"V-001803","TIMCO PARTNERSHIP","57051 MARIETTA ROAD","BYESVILLE","OH","43723","Vendor"
"V-001804","TIME SAVERS INC","2629 MOUNT MORRIS RD","WAYNESBURG","PA","15370","Vendor"
"V-001805","TIME WARNER CABLE","BOX 223085","PITTSBURGH","PA","15251-2085","Vendor"
"V-001806","TIMOTHY L RICHMOND","12 MAIN STREET","YORKANA","PA","17406","Vendor"
"V-001807","TJM INC LLC","2206 TODD ROAD","ALIQUIPPA","PA","15001","Vendor"
"V-001808","TENNESSEE DEPARTMENT OF REVENUE",,,,,"Vendor"
"V-001809","TN VALLEY OPER ENG HLTH FUND","INT UNION OPER ENG LOCAL #917","KNOXVILLE","TN","37930","Vendor"
"V-001810","TNT INDUSTRIAL SUPPLY LLC","3535 FAIRMONT AVENUE","FAIRMONT","WV","26554","Vendor"
"V-001811","TOKIO MARINE HCC STOP LOSS","PO BOX 402032","ATLANTA","GA","30384-2032","Vendor"
"V-001812","TOLER APPRAISAL GROUP LLC","PO BOX 1776","BECKLEY","WV","25802","Vendor"
"V-001813","TOM RICHARDSON LLC","41255 DUBLIN DRIVE","PARKER","CO","80138","Vendor"
"V-001814","TOMPAT TRUCKING INC","3018 DUCK CREEK ROAD","LOST CREEK","WV","26385","Vendor"
"V-001815","TORCSILL FOUNDATION LLC","PO BOX 673573","DALLAS","TX","75267-3573","Vendor"
"V-001816","TORQUE INC","201 CASTLEBERRY CT","MILFORD","OH","45150","Vendor"
"V-001817","TORQUE TOOLS INC","PO BOX 12251","SPRING","TX","77391","Vendor"
"V-001818","TOSHIBA FINANCIAL SERVICES","PO BOX 790448","ST LOUIS","MO","63179-0448","Vendor"
"V-001819","TOTAL SAFETY US INC","4210 MALONE DRIVE","PASADENA","TX","77507","Vendor"
"V-001820","TOTEM MATS","PO BOX 5911","BEAVERTON","OR","97006","Vendor"
"V-001821","TOWN OF CLINTWOOD","248 CLINTWOOD MAIN STREET","CLINTWOOD","VA","24228","Vendor"
"V-001822","TOWN OF WHITE HALL","118 TYGART MALL LOOP","WHITE HALL","WV","26554","Vendor"
"V-001823","TOWNSEND ASSOCIATES","126 S PENNSYLVANIA AVE","GREENSBURG","PA","15601","Vendor"
"V-001824","TR DAVIS INC","27 BASS AVENUE","GARBOURSVILLE","WV","25504","Vendor"
"V-001825","TRANS GLOBAL EVENTS LIMITED",,,,,"Vendor"
"V-001826","TRANSAXLE LLC","PO BOX 825382","PHILADELPHIA","PA","19182-5382","Vendor"
"V-001827","TRAVIS READY MIX","PO BOX 187","TOMPKINSVILLE","KY","42167","Vendor"
"V-001828","TRENCH DRAIN SUPPLY","5621 RABY ROAD","NORFOLK","VA","23502","Vendor"
"V-001829","TRENCHLESS RENTALS SOLUTIONS","117 PEKIN STREET","EAST CANTON","OH","44730","Vendor"
"V-001830","TRESCO CONCRETE PRODUCTS INC","PO BOX 14004","PITTSBURGH","PA","15239","Vendor"
"V-001831","TRI STATE CONCRETE PUMPING INC","PO BOX 548","BELPRE","OH","45714","Vendor"
"V-001832","TRI STATE TRAILER SALES INC","PO BOX 3465","PITTSBURGH","PA","15230-3465","Vendor"
"V-001833","TRI STATE TREE SERVICE","148 VECCHIO LANE","MORGANTOWN","WV","26508","Vendor"
"V-001834","TRI TOOL INC","3041 SUNRISE BLVD","RANCH CORDOVA","CA","95742","Vendor"
"V-001835","TRIAD ENGINEERING INC","L-3738","COLUMBUS","OH","43260-3738","Vendor"
"V-001836","TRIAD METALS INTL","1 VILLAGE ROAD","HORSHAM","PA","19044","Vendor"
"V-001837","TRIANGLE PRODUCTION SYSTEMS IN","PO BOX 861","CAMBRIDGE","OH","43725","Vendor"
"V-001838","TRICOUNTY TRUCK CENTER","1098 STATE ROUTE 28/66","KITTANNING","PA","16201","Vendor"
"V-001839","TRIKOTE INC","PO BOX 661","MT CARMEL","IL","62863","Vendor"
"V-001840","TRILOGY MACHINERY INC","PO BOX 70","BELCAMP","MD","21017","Vendor"
"V-001841","TRI M GROUP LLC","206 GALE LANE","KENNETT SQUARE","PA","19348","Vendor"
"V-001842","TRIMECH SOLUTIONS LLC","4991 LAKE BROOK DR STE 300","GLEN ALLEN","VA","23060","Vendor"
"V-001843","TRINITY LOGISTICS INC","PO BOX 536203","PITTSBURGH","PA","15253","Vendor"
"V-001844","TRINITY PRODUCTS LLC","PO BOX 71229","CHICAGO","IL","60694-1229","Vendor"
"V-001845","TRISTAN JOHN YOUNG",,,,,"Vendor"
"V-001846","TRISTATE TRAILER SALES INC","PO BOX 3465","PITTSBURGH","PA","15230-3465","Vendor"
"V-001847","TRISTATE WELDING SUPPLIES INC","PO BOX 2562","CLARKSBURG","WV","26302-2562","Vendor"
"V-001848","TRU MECHANICS LLC","190 ENCINO DRIVE","PUEBLO","CO","81005","Vendor"
"V-001849","TSTL INC","3111 GRAND AVE","PITTSBURGH","PA","15225","Vendor"
"V-001850","TUCKS WELDING","PO BOX 234","REYNOLDSVILLE","WV","26422","Vendor"
"V-001851","TUDI MECHANICAL SYSTEMS INC","343 MUNSON AVENUE","MCKEES ROCKS","PA","15136","Vendor"
"V-001852","TULSA METROPOLITATION UTILITY","OFFICE OF CONTRACT ADMIN","TULSA","OK","74103","Vendor"
"V-001853","TULSA RIG IRON INC","PO BOX 880","KIEFER","OK","74041-0880","Vendor"
"V-001854","TURNER ROOFING LLC","4100 WEST 8TH STREET","PUEBLO","CO","81003-3966","Vendor"
"V-001855","TURNKEY PIPE SOLUTIONS LLC","6045 W VETERANS MEMORIAL HWY","BRIDGEPORT","WV","26330","Vendor"
"V-001856","TUSC CONSTRUCTION SUPPLY LLC","2129 PROGRESS STREET","DOVER","OH","44622","Vendor"
"V-001857","TWEEN THE LAKES CAMPGROUND LLC","831 VULCAN ROAD","GRAND RIVERS","KY","42045","Vendor"
"V-001858","TX HEALTH PLANO","PO BOX 910156","DALLAS","TX","75391","Vendor"
"V-001859","TYLER METZ","BLUE DIAMOND ENERGY","BRIDGEPORT","WV","26330","Vendor"
"V-001860","UEA","UNITED EQUIPMENT ACCESSORIES","WAVERLY","IA","50677","Vendor"
"V-001861","UHC C O EDWARD L HARMAN JR","WVU UHC 1 MEDICAL CENTER DRIVE","MORGANTOWN","WV","26506-8114","Vendor"
"V-001862","UKG KRONOS SYSTEMS LLC","PO BOX 744724","ATLANTA","GA","30374-4724","Vendor"
"V-001863","ULINE","PO BOX 88741","CHICAGO","IL","60680","Vendor"
"V-001864","UNIFIRST CORPORATION","PO BOX 650481","DALLAS","TX","75265-0481","Vendor"
"V-001865","UNION RESCUE MISSION",,,,,"Vendor"
"V-001866","UNIONTOWN AUTO SPRING CO INC","315 E MAIN STREET","UNIONTOWN","PA","15401","Vendor"
"V-001867","UNISTRUT PITTSBURGH SERVICE CO","PO BOX 429","GLENSHAW","PA","15116","Vendor"
"V-001869","UNITED ELECTRICAL SERVICES LLC","PO BOX 847","JANE LEW","WV","26378","Vendor"
"V-001870","UNITED FINANCIAL SERVICES",,,,,"Vendor"
"V-001871","UNITED HEALTHCARESERVICES","PO BOX 88106","CHICAGO","IL","60680-1106","Vendor"
"V-001872","UNITED HOSPITAL CENTER","C/O EDWARD L HARMAN JR","MORGANTOWN","WV","26506-8114","Vendor"
"V-001873","UNITED HOSPITAL CENTER INC","2673 DAVISSON RUN RD STE 303","CLARKSBURG","WV","26301","Vendor"
"V-001874","UNITED HOSPITAL CENTERBRIDGEP","327 MEDICAL PARK DRIVE","BRIDGEPORT","WV","26330-9006","Vendor"
"V-001875","UNITED PARCEL SERVICE","PO BOX 809488","CHICAGO","IL","60680-9488","Vendor"
"V-001876","UNITED PHYSICIANS CARE INC","PO BOX 763","MORGANTOWN","WV","26507","Vendor"
"V-001877","UNITED RENTALS INC","PO BOX 100711","ATLANTA","GA","30384-0711","Vendor"
"V-001878","UNITED SITE SERVICES INC","PO BOX 660475","DALLAS","TX","75266-0475","Vendor"
"V-001879","UNITED STATES SOCIETY ON DAMS","13918 E MISSISSIPPI AVE #61160","AURORA","CO","80012","Vendor"
"V-001880","UNITED VASCULAR VEIN CENTER","L 4161","COLUMBUS","OH","43260","Vendor"
"V-001881","UNITED WESTERN DENVER LLC","6201 E 42ND AVE","DENVER","CO","80216","Vendor"
"V-001882","UNIVERSAL COATINGS","8511 TOWER DRIVE","TWINSBURG","OH","44087","Vendor"
"V-001884","UNIVERSITY HEALTH ASSOCIATES","C/O KELLY J KIMBLE","MORGANTOWN","WV","26507","Vendor"
"V-001885","UNIVERSITY ORTHOPEDIC CENTER","101 REGENT CT","STATE COLLEGE","PA","16801","Vendor"
"V-001886","UNLIMITED ENERGY SERVICES LLC","SALLYPORT COMMERCIAL FINANCE","HOUSTON","TX","77210-4776","Vendor"
"V-001887","UPC WHITEHALL MEDICAL","177 MIDDLETOWN ROAD SUITE 1","FAIRMONT","WV","26554","Vendor"
"V-001888","UPMC WELLSBORO","32-36 CENTRAL AVE","WELLSBORO","PA","16901","Vendor"
"V-001889","UPMC WMDHS OCCUPATIONAL HEALTH","PO BOX 223913","PITTSBURGH","PA","15251","Vendor"
"V-001890","UPS","LOCKBOX 577","CAROL STREAM","IL","60132-0577","Vendor"
"V-001891","UPSCO","67 CENTRAL STREET","MORAVAI","NY","13118","Vendor"
"V-001892","UPSHUR ULTRA POWER BATTERIES","589 OLD WESTON ROAD","BUCKHANNON","WV","26201","Vendor"
"V-001893","UPSTATE STEEL INC","250 LAKE AVENUE","BLASDELL","NY","14219","Vendor"
"V-001894","UPTIMA INC","651 HOLIDAY DR FOSTER PLAZA 5","PITTSBURGH","PA","15220","Vendor"
"V-001895","US BANK EQUIPMENT FINANCE","PO BOX 790448","ST LOUIS","MO","63179-0448","Vendor"
"V-001896","US BANK TRUSTEE","SERVICE CONTRACT ADMINISTRATOR","COLUMBUS","OH","43214-3253","Vendor"
"V-001897","US CELLULAR","DEPT 0205","PALATINE","IL","60055-0205","Vendor"
"V-001898","US HAZMAT LLC","335 INDUSTRIAL PARK DRIVE","BOONE","NC","28607","Vendor"
"V-001899","US LEGAL SUPPORT INC","PO BOX 4772","HOUSTON","TX","77210","Vendor"
"V-001900","US LUMBER GROUP LLC","PO BOX 402264","ATLANTA","GA","30384-2264","Vendor"
"V-001901","US POSTAL SERVICE","100 MAIN STREET","MOUNT MORRIS","PA","15349","Vendor"
"V-001902","US STANDARD PRODUCTS CORP","PO BOX 5509","ENGLEWOOD","NJ","7631","Vendor"
"V-001903","USI INSURANCE SERVICES LLC","PO BOX 61007","VIRGINIA BEACH","VA","23462-2490","Vendor"
"V-001904","UTAH DEPARTMENT OF REVENUE",,,,,"Vendor"
"V-001906","V&S COLUMBUS GALVANIZING","987 BUCKEYE PARK ROAD","COLUMBUS","OH","43207","Vendor"
"V-001908","VAC","4240 PORTSMOUTH BLVD","CHESAPEAKE","VA","23321","Vendor"
"V-001909","VAC2GO LLC","11120 PLANTSIDE DRIVE","LOUISVILLE","KY","40299","Vendor"
"V-001910","VALCRETE INC","22663 HIGHWAY 50","ROCKY FORD","CO","81067","Vendor"
"V-001911","VALLEY BEND FARM","1373 CALDWELL HILL","WHEELING","WV","26003","Vendor"
"V-001912","VALLEY CHAPEL AUTO TRUCK","45 HOPE STATION ROAD","WESTON","WV","26452","Vendor"
"V-001913","VALMONT INDUSTRIES INC","PITTSBURGH GALVANIZING","ATLANTA","GA","30392-1021","Vendor"
"V-001914","VAN DALEN INDUSTRIES","30415 COMANCHE LANE","CHARLOTTE HALL","MD","20622","Vendor"
"V-001915","VANDER HAAGS INC","3809 4TH AVE W","SPENCER","IA","51301","Vendor"
"V-001916","VARNER CONSTRUCTION LLC","PO BOX 243","DURBIN","WV","26264","Vendor"
"V-001917","VAVCO LLC","101 MAHOOD ROAD","BUTLER","PA","16001","Vendor"
"V-001918","VCNA UNITED MATERIALS LLC","PO BOX 74008547","CHICAGO","IL","60674-8547","Vendor"
"V-001919","VECTOR MAGNETICS","236 CHERRY STREET","ITHACA","NY","14850","Vendor"
"V-001920","VELOCITY READY MIX LLC","7555 E 41ST AVE","DENVER","CO","80216","Vendor"
"V-001921","VENKATA SAI HARSHA CHENNA","216 BARTON CREEK DRIVE","CHARLOTTE","NC","28262","Vendor"
"V-001922","VERDANTAS LLC","PO BOX 51106","NEWARK","NJ","07101-5206","Vendor"
"V-001923","VERIFORCE LLC","PO BOX 843429","DALLAS","TX","75284-3429","Vendor"
"V-001924","VERIZON BUSINESS","THE CLAIMS CENTER","PLYMOUTH","MN","55447","Vendor"
"V-001925","VERIZON WIRELESS","PO BOX 16801","NEWARK","NJ","07101-6801","Vendor"
"V-001926","VERMEER HEATLAND OF TENNESSEE","1600 HEIL QUAKER BLVD","LA VERGNE","TN","37086","Vendor"
"V-001927","VERMEER SALES & SERVICE INC","PO BOX 69561","BALTIMORE","MD","21264-9561","Vendor"
"V-001928","VERTICAL ACCESS SOLUTIONS","PO BOX 64291","BALTIMORE","MD","21264-4291","Vendor"
"V-001929","VIKING HELICAL ANCHORS","PO BOX 734504","DALLAS","TX","75373-4504","Vendor"
"V-001930","VIKING MAT COMPANY","PO BOX 734504","DALLAS","TX","75373-4504","Vendor"
"V-001931","VILLAGE OF BEVERLY","INCOME TAX DEPARTMENT","BEVERLY","OH","45715","Vendor"
"V-001932","VIRTUAL RADIOLOGIC PROFESSIONA","PO BOX 4246","CAROL STREAM","IL","60197","Vendor"
"V-001933","VISION CHEMICAL SYSTEMS INC","16401 E 33RD DRIVE UNIT 30","AURORA","CO","80011","Vendor"
"V-001934","VORTEX COLORADO LLC","FILE 1525","PASADENA","CA","91199-1525","Vendor"
"V-001935","VSP INSURANCE",,,,,"Vendor"
"V-001936","W B EQUIPMENT SERVICE","127 OAK STREET","WOOD RIDGE","NJ","7075","Vendor"
"V-001937","WABASH VALLEY SERVICE COMPANY","909 N COURT STREET","GRAYVILLE","IL","62844","Vendor"
"V-001938","WADES BODY & FRAME SHOP INC","71 NORTH MAIDEN STREET","WAYNESBURG","PA","15370","Vendor"
"V-001939","WAMPLER WELDING INC","2899 US HIGHWAY 19","LEBANON","VA","24266","Vendor"
"V-001940","WARREN SERVICE COMPANY LLC","PO BOX 372","CARMI","IL","62821","Vendor"
"V-001941","WASATCH GEOTECH PLLC","PO BOX 1583","CRANBERRY TOWNSHIP","PA","16066","Vendor"
"V-001942","WASHINGTON HEALTH SYSTEMS","350 BONAR AVENUE","WAYNESBURG","PA","15370","Vendor"
"V-001944","WASHINGTON ROTATING","63 SPRINGFIELD AVE","WASHINGTON","PA","15301","Vendor"
"V-001945","WASTE MANAGEMENT","PO BOX 13648","PHILADELPHIA","PA","19101-3648","Vendor"
"V-001946","WATER WELL CONTROL BOARD",,,,,"Vendor"
"V-001947","WATER WORKS BOARD BIRMINGHAM","3600 FIRST AVENUE NORTH","BIRMINGHAM","AL","35222","Vendor"
"V-001948","WATERFRONT URGENT CARE PLLC","215 DON KNOTTS BLVD","MORGANTOWN","WV","26501-0113","Vendor"
"V-001949","WATSON & SONS PLUMBING INC","281 BOONE ROAD","WASHINGTON","PA","15301","Vendor"
"V-001950","WATSON INCORPORATED","4015 SOUTH FREEWAY","FORT WORTH","TX","76110","Vendor"
"V-001952","WAYNE L GARNER","276 WEST HARMONY DRIVE","PUEBLO WEST","CO","81007","Vendor"
"V-001953","WAYNE LUMBER COMPANY","542 W HIGH STREET","WAYNESBURG","Pa","15370","Vendor"
"V-001955","WAYNES WIRE ROPE LLC","PO BOX 1495","CAMBRIDGE","OH","43725","Vendor"
"V-001956","WAYNESBURG CENTRAL HIGH SCHOOL","ATTN NATALIE BLAIR","WAYNESBURG","PA","15370","Vendor"
"V-001957","WAYNESBURG GIRLS BASKETBALL","BOOSTER CLUB ATTN NATALIE BLAIR","WAYNESBURG","PA","15370","Vendor"
"V-001958","WAYNESBURG POWERSPORTS","100 ELM DRIVE","WAYNESBURG","PA","15370","Vendor"
"V-001959","WAYNESBURG WRESTLING ASSOC","30 ZIMMERMAN DRIVE","WAYNESBURG","PA","15370","Vendor"
"V-001960","WC WELDING SERVICES","162 BEAVER HOLLOW ROAD","LAKEWOOD","PA","18439","Vendor"
"V-001961","WCHS STUDENT COUNCIL",,,,,"Vendor"
"V-001962","WEAR PARTS & EQUIPMENT CO INC","PO BOX 472617","AURORA","CO","80047-2617","Vendor"
"V-001963","WELL CONTROL SCHOOL","8032 MAIN STREET","HOUMA","LA","70360","Vendor"
"V-001964","WELLNOW URGENT CARE PC","PO BOX 1848","ALBANY","NY","12201","Vendor"
"V-001965","WELLS FARGO BANK",,,,,"Vendor"
"V-001966","WELLS FARGO FINANCIAL LEASING","PO BOX 77096","MINNEAPOLIS","MN","55480-7796","Vendor"
"V-001967","WELLS FARGO VENDOR FIN SERV","PO BOX 070241","PHILADELPHIA","PA","19176-0241","Vendor"
"V-001968","WELLSBORO RENTAL CENTER LLC","25 WHITNEYVILLE ROAD","MANSFIELD","PA","16933","Vendor"
"V-001969","WENNING CONCRETE PUMPING LLC","5567 STATE ROUTE 118","CELINA","OH","45822","Vendor"
"V-001970","WEST ELECTRIC & MACHINE CO INC","8 WEST ELECTRIC DR","MORGANTOWN","WV","26508","Vendor"
"V-001971","WEST PADUCAH GLASS CO INC","6960 NOBLE ROAD","WEST PADUCAH","KY","42086","Vendor"
"V-001972","WEST PENN HEAVY HAUL LLC","865 STATE ROUTE 210","SHELOCTA","PA","15774","Vendor"
"V-001974","WEST RIVER SCALE LLC","1701 WEST MADISON ST","SIOUX FALLS","SD","57104","Vendor"
"V-001975","WEST VIRGINIA AMERICAN WATER","PO BOX 371880","PITTSBURGH","PA","15250-7800","Vendor"
"V-001976","WEST VIRGINIA CONSTRUCTION & DESIGN EXPO","DESIGN EXPO","CHARLESTON","WV","25311","Vendor"
"V-001977","WEST VIRGINIA EMERG PHYS LLP","PO BOX 679491","DALLAS","TX","75267","Vendor"
"V-001978","WEST VIRGINIA EXECUTIVE MAGAZINE","PO BOX 6277","CHARLESTON","WV","25362","Vendor"
"V-001979","WEST VIRGINIA PAGING","RR 8 BOX 343","FAIRMONT","WV","26554","Vendor"
"V-001980","WEST VIRGINIA STATE POLICE","TRAFFIC RECORDS","CHARLESTON","WV","25309-1698","Vendor"
"V-001981","WEST VIRGINIA DEPARTMENT OF REVENUE",,,,,"Vendor"
"V-001982","WESTERN BRANCH DIESEL","PO BOX 7788","PORTSMOUTH","VA","23707-0788","Vendor"
"V-001983","WESTERN EQUIPMENT SOLUTIONS LLC","PO BOX 26975","SALT LAKE CITY","UT","84126-0975","Vendor"
"V-001984","WESTERN NY FLUID SYSTEM TECH","10 THRUWAY PARK DRIVE","WEST HENRIETTA","NY","14586","Vendor"
"V-001985","WESTERN SLING COMPANY","853 MARVIN A SMITH ROAD","KILGORE","TX","75662","Vendor"
"V-001987","WESTSIDE TOWING","1040 ATCHISON CT","CASTLE ROCK","CO","80109","Vendor"
"V-001988","WESTWARD ENVIRONMENTAL INC","PO BOX 2205","BOERNE","TX","78006","Vendor"
"V-001989","WHALEY DISTRIBUTING","331 BROADWAY","CLARKSBURG","WV","26301","Vendor"
"V-001990","WHISLER BEARING COMPANY","PO BOX 7623","COLORADO SPRINGS","CO","80933","Vendor"
"V-001991","WHITCO CLEANING EQUIPMENT","PO BOX 283","BECKLEY","WV","25802-0283","Vendor"
"V-001992","WHITCO SUPPLY","200 N MORGAN AVENUE","BROUSSARD","LA","70518","Vendor"
"V-001993","WHITE CAP LP","PO BOX 4852","ORLANDO","FL","32802-4852","Vendor"
"V-001994","WHITES EQUIPMENT RENTAL LLC","PO BOX 1761","WOODWARD","OK","73802","Vendor"
"V-001995","WHITES WELDING LLC","PO BOX 1761","WOODWARD","OK","73802","Vendor"
"V-001996","WHITETAIL TREE SERVICE","136 WHITETAIL MEADOWS LANE","WAVELY","WV","26184","Vendor"
"V-001997","WHITTS PORTA JOHNS","120 LADD ROAD","WESTFIELD","PA","16950","Vendor"
"V-001998","WILENTZ GOLDMAN & SPITZER","125 HALF MILE RD","RED BANK","NJ","7701","Vendor"
"V-001999","WILLANDALE GOLF CART SALES","111 NORTH WOOSTER AVENUE","STARSBURG","OH","44680","Vendor"
"V-002001","WILLIAMS FORM ENGINEERING CORP","PO BOX 675350","DETROIT","MI","48267-5350","Vendor"
"V-002002","WILLIAMS SCOTSMAN INC","PO BOX 91975","CHICAGO","IL","60693-1975","Vendor"
"V-002003","WILLISTON BASIN",,,,,"Vendor"
"V-002004","WILLQUIP LLC","5801 US HWY 19N","JANE LEW","WV","26378","Vendor"
"V-002005","WILSON DRILL TOOLS","681 SOUTH MARCH STREET","SALT LAKE CITY","UT","84104","Vendor"
"V-002006","WILSON DRILLING & SERVICE LLC","205 INDUSTRIAL AVE","CARMI","IL","62821","Vendor"
"V-002007","WILSON OFFICE SOLUTIONS","PO BOX 1824","PADUCAH","KY","42002-1824","Vendor"
"V-002008","WILSON SALES & SERVICE INC","PO BOX 489","WISE","VA","24293","Vendor"
"V-002009","WILSON STEEL WORKS","220 EAST GENERAL ROBINSON ST","PITTSBURGH","PA","15212","Vendor"
"V-002010","WILSON WORKS INC","202 DISTRIBUTOR DRIVE","MORGANTOWN","WV","26501","Vendor"
"V-002011","WINGATE BUCKHANNON","1 COMMERCE BOULEVARD","BUCKHANNON","WV","26201","Vendor"
"V-002012","WINGED FOOT AVIATION LLC","613 N BEATTY ST","PITTSBURGH","PA","15206","Vendor"
"V-002013","WINNERS CHOICE","2018 PLEASANT VALLEY ROAD","FAIRMONT","WV","26554","Vendor"
"V-002014","WISE GLASS & MIRROR INC","PO BOX 3575","WISE","VA","24293","Vendor"
"V-002015","WISE TRUCK REPAIR LLC","10227 COEBURN MOUNTAIN ROAD","WISE","VA","24293","Vendor"
"V-002016","WISEMAN SHOTCRETE SERVICES","451 CADDY CT","ST CLAIRS","MO","63077","Vendor"
"V-002017","WITTERS SEPTIC AND SANITATION","4534 WARM SPRING ROAD","GREENCASTLE","PA","17225","Vendor"
"V-002018","WOC ENERGY","44 REUTER BOULEVARD","TOWANDA","PA","18848","Vendor"
"V-002019","WOJANIS SUPPLY CO INC","210 BILMAR DRIVE","PITTSBURGH","PA","15205","Vendor"
"V-002020","WOLF PACK RENTALS LLC","4122 HWY 90A","ALTAIR","TX","77412","Vendor"
"V-002021","WOLF RUN MINING COMPANY","21550 BARBOUR COUTY HWY","PHILIPPI","WV","26416","Vendor"
"V-002022","WOLFPACK INDUSTRIES USA","27120 FULSHEAR BEND DR","FULSHEAR","TX","77441","Vendor"
"V-002023","WOOD ENVIRONMENT & INFRASTRUCTURE SOLUTIONS","INFRASTRUCTURE SOLUTIONS","CHICAGO","IL","60674-8618","Vendor"
"V-002024","WOODFORD OIL COMPANY","PO BOX 567","ELKINS","WV","26241","Vendor"
"V-002025","WOODHULL LLC","125 COMMERCIAL WAY","SPRINGBORO","OH","45066","Vendor"
"V-002026","WOOSTER DUMPSTER","2270 GRENCHEN DR","MILLERSBURG","OH","44654","Vendor"
"V-002027","WORK CENTER SUSQUEHANNA PHYSIC","1100 GRAMPIAN BLVD","WILLIAMSPORT","PA","17701","Vendor"
"V-002028","WORKFORCE SAFETY & INSURANCE","PO BOX 5585","BISMARK","ND","58506","Vendor"
"V-002029","WORLD FUEL SERVICES INC","PO BOX 7410459","CHICAGO","IL","60674-0459","Vendor"
"V-002030","WORLD PETROLEUM SUPPLY INC","307 MAGNOLIA BUSINESS PARK DRIVE","MAGNOLIA","TX","77354","Vendor"
"V-002032","WORLDWIDE EXPRESS","PO BOX 21272","NEW YORK","NY","10087","Vendor"
"V-002033","WOSLEY IND GROUP FERFUSON","PO BOX 100286","ATLANTA","GA","30384-0286","Vendor"
"V-002034","WR MURDOCK & SONS INC","220 LAUREL CREEK ROAD","FAYETTEVILLE","WV","25840","Vendor"
"V-002035","WRIGHT EXPRESS","FLEET FUELING","CAROL STREAM","IL","60197-6293","Vendor"
"V-002036","WRIGHT ROOFING LLC","16 ORCHARD DR","BUCKHANNON","WV","26201","Vendor"
"V-002037","WRIGHT JONES PLUMBING & HEATIN","618 S UNION AVE","PUEBLO","CO","81004","Vendor"
"V-002038","WV COAL ASSOCIATION INC","200 ASSOCIATION DRIVE SUITE 160","CHARLESTON","WV","25311","Vendor"
"V-002039","WV CONTRACTOR LICENSING BOARD","BUILDING 3 ROOM 200","CHARLESTON","WV","25305","Vendor"
"V-002041","WV DIVISION OF FORESTRY","REGION 1","FARMINGTON","WV","26571","Vendor"
"V-002043","WV LOCAL 379","JASON HERSHMAN","MORGANTOWN","WV","26501","Vendor"
"V-002044","WV OUTDOOR POWER INC","59 DON KNOTTS BLVD","MORGANTOWN","WV","26508","Vendor"
"V-002045","WV PLUMBERS & PIPEFITTERS","LOCAL 152","ONA","WV","25545","Vendor"
"V-002050","WVU HOSPITAL C/O EDWARD HARMAN","1 MEDICAL CENTER DRIVE","MORGANTOWN","WV","26506-8114","Vendor"
"V-002051","WVU HOSPITALS","ONE HOSPITAL DRIVE","MORGANTOWN","WV","26506","Vendor"
"V-002052","WVU MEDICAL CORP DBA UHA","PO BOX 780","MORGANTOWN","WV","26507","Vendor"
"V-002053","WYOMING SECRETARY OF STATE","2020 CAREY AVE","CHEYENNE","WY","82002-0020","Vendor"
"V-002054","XCAL TOOLS BRISTOL LLC","15020 INDUSTRIAL PARK ROAD","BRISTOL","VA","24202","Vendor"
"V-002055","XCEL NDT LLC","PO BOX 661225","DALLAS","TX","75266-1225","Vendor"
"V-002056","XTREME MANUFACTURING LLC","8350 EASTGATE ROAD","HENDERSON","NV","89015","Vendor"
"V-002057","XTREME SERVICES LLC","195 ROLLING MEADOWS ROAD","WAYNESBURG","PA","15370","Vendor"
"V-002058","XYLEM DEWATERING SOLUTIONS INC","26717 NETWORK PLACE","CHICAGO","IL","60673-1267","Vendor"
"V-002059","YODER MACHINERY SALES CO INC","1500 HOLLOWAY ROAD","HOLLAND","OH","43528","Vendor"
"V-002060","YORK SHERWOOD ASSOCIATIES","HERITAGE HOTEL LANCASTER A/R","LANCASTER","PA","17601","Vendor"
"V-002061","YOST DRILLING","PO BOX 598","MT MORRIS","PA","15349","Vendor"
"V-002062","YOUNG BUSINESS FORMS CO","PO BOX 277","UNIONTOWN","PA","15401","Vendor"
"V-002063","YOUREKA LABS INC","27 SCHOOL ST FL 4","BOSTON","MA","2108","Vendor"
"V-002064","ZEBLEY EQUIPMENT SALES & SERVI","3002 VALLEY DRIVE","CONNELLSVILLE","PA","15425","Vendor"
"V-002065","ZIMMERMAN STEEL & SUPPLY CO LLC","18543 DAVIS ROAD","DALTON","OH","44618","Vendor"
"V-002069","ZTERS INC","13727 OFFICE PARK DRIVE","HOUSTON","TX","77070","Vendor"
"V-002070","ZURICH NORTH AMERICA","3059 PAYSPHERE CIRCLE","CHICAGO","IL","60674","Vendor"
"V-002072","CRILE CONSOLIDATED INDUS INC","1086 JOLLY SCHOOL ROAD","WASHINGTON","PA","15301","Vendor"
"V-002073","EUROPEAN GEOPHYSICAL SERVICES","18-22 THE STABLES","SHREWSBURY",,"SY4 4AS","Vendor"
"V-002074","FLEETFACTORS LTD","UNITS 3-4 WAUIS","MIDDLEBROUGH",,"TS66JB","Vendor"
"V-002075","FOREMOST INDUSTRIES LP","1225 - 64TH AVENUE NE","T2E 8P9",,,"Vendor"
"V-002076","FRANK YUZYK","101A 957 FIR STREET","ALBERTA",,"T8A4N6","Vendor"
"V-002077","LAURUS JET FZCO","IFZA DUBAL BLDG AZ","DUBAI",,,"Vendor"
"V-002078","MARSHALL MILLER & ASSOC INC","582 INDUSTRIAL PARK ROAD","BLUEFIELD","VA","24605","Vendor"
"V-002079","STRABAG AG UK BANK","THE TOWER 3RD FLOOR","LONDON SWIE6AS",,,"Vendor"
"V-002080","STRUCTURAL BOLT & MFG CO INC","1004 3RD AVE SO","NASHVILLE","TN","37210","Vendor"
"V-002081","JR CONTRACTING LLC","499 CARLTON DRIVE","BENTLEYVILLE","PA","15314","Vendor"
"V-002082","MONCO CONSTRUCTORS INC","PO BOX 907","BARRACKVILLE","WV","26559","Vendor"
"V-002083","TEAM PROFESSIONAL SERVICES IN","PO BOX 649202","DALLAS","TX","75264","Vendor"
"V-001685","STEPHENSON EQUIPMENT INC","7201 PAXTON STREET","HARRISBURG","PA","17111","Vendor"
"V-001214","MUSTANG EXTREME ENVIRONMENTAL","140 BUSINESS PARK DRIVE","FAIRMONT","WV","26554","Vendor"
"V-000248","BRUNDAGE BONE CONCRETE","PUMPING INC","DALLAS","TX","75320-9612","Vendor"
"V-001273","OBSERVER PUBLISHING COMPANY","PO BOX 1348","CHARLESTON","WV","15301","Vendor"
"V-000271","CACTUS WELLHEAD LLC","PO BOX 734254","DALLAS","TX","75373-4254","Vendor"
"V-001655","SOUTHWEST JCB INC","ATTN ACCOUNTS RECEIVABLE","MIRA LOMA","CA","91752","Vendor"
"V-001986","WESTON SANITARY BOARD","PO BOX 1226","WESTON","WV","26452","Vendor"
"V-001551","SCHNABEL ENGINEERING LLC","PO BOX 109278","ATLANTA","GA","30348","Vendor"
"V-000044","AH BECK FOUNDATION CO INC","PO BOX 100145","SAN ANTONIO","TX","78201","Vendor"
"V-001566","SELECT WATER SOLUTIONS LLC","PO BOX 845558","DALLAS","TX","75284-5558","Vendor"
"V-002000","WILLIAM MORRIS WELDING INC","C/O GOLDEN GATE FINANCIAL SERVICES LLC","KINGWOOD","TX","77325","Vendor"
"V-001700","STRATEGIC VALUE MEDIA","303 MERRICK ROAD SUITE 200","LYNBROOK","NY","11563","Vendor"
"V-000978","KSW OILFIELD RENTAL LLC","7619 E 126TH ST S SUITE 100","BIXBY","OK","74008","Vendor"
"V-001765","TEXAS SERIES OF LOCKTON CO LLC","PO BOX 675381","DALLAS","TX","75267-5381","Vendor"
"V-001297","OSCAR DUCKWORTH CONCRETE SERVICE","3200 CANFIELD ROAD","SEBASTOPOL","CA","95472","Vendor"
"V-000212","BLACK & DECKER US INC","PO BOX 223147","PITTSBURGH","PA","15251-3147","Vendor"
"V-001013","LEWIS INDUSTRIAL SUPPLY CO","5500 LINGLESTOWN ROAD","HARRISBURG","PA","17112","Vendor"
"V-000068","ALLIUM US HOLDING LLC","PO BOX 24598","NEW YORK","NY","10087-4598","Vendor"
"V-002086","POINT PLEASANT FOUNDATION","23000 WELLS POINT ROAD","BOZMAN","MD","21612","Vendor"
"V-002087","BARCLAY",,,,,"Vendor"
"V-002088","CORPORATE HELICOPTERS OF SAN DIEGO","3753 JOHN J MONTGOMERY DRIVE","SAN DIEGO","CA","92123","Vendor"
"V-002089","DEPAST PROGRAM","PO BOX 40359","CHARLESTON","WV","25364-0266","Vendor"
"V-002090","DEEP CREEK LAKE PRIVATE CHEF","PO BOX 8","OAKLAND","MD","21550","Vendor"
"V-002091","DANIEL STEEL INDUSTRIES INC","4640 N BELTLINE RD","SUNNYVALE","TX","75182","Vendor"
"V-002092","GREENE CO VERTERANS DAY PARADE","1466 E HIGH STREET","WAYNESBURG","PA","15370","Vendor"
"V-002093","GUARDIAN INSURANCE","PO BOX 677458","DALLAS","TX","75267-7458","Vendor"
"V-002094","IUOE LOCAL 147","400 NORTH CENTER DRIVE","NORFOLK","VA","23502","Vendor"
"V-000879","IUOE LOCAL 66","111 ZETA DRIVE","PITTSBURGH","PA","15238","Vendor"
"V-002095","KENTUCKY DIV OF UNEMPLOYMENT INSURANCE","PO BOX 2003","FRANKFORT","KY","40602-2003","Vendor"
"V-002096","LUDWIG HOLDINGS LLC","4255 ARROWHEAD DRIVE","COLORADO SPRINGS","CO","80908","Vendor"
"V-002097","LJ AVIATION","125 AVIATION LANE SUITE 112","LATROBE","PA","15650","Vendor"
"V-002098","LADYCROSS PLANTATION","EGTON","N YORKS UK",,"Y021 1UA","Vendor"
"V-002099","KIRBY DEVELOPMENT LLC","130 MEADOW RIDGE RD","MT MORRIS","PA","15349","Vendor"
"V-002100","IRON MINE RANCH LLC","130 MEADOW RIDGE RD","MT MORRIS","PA","15349","Vendor"
"V-002101","IREDELL COUNTY TAX COLLECTOR","PO BOX 63030","CHARLOTTE","NC","28263-3030","Vendor"
"V-002102","IUOE LOCAL 181","PO BOX 1179","HENDERSON","KY","42419","Vendor"
"V-002104","IN DEPARTMENT OF REVENUE",,,,,"Vendor"
"V-002105","H & K TRUCKING LLC","PO BOX 301","PARACHUTE","CO","81635","Vendor"
"V-002106","SUPERIOR ENERGY AUCTIONEERS LP","8177 S HARVARD AVENUE FF","TULSA","OK","74137","Vendor"
"V-002107","SOCIETY FOR MINING METALLURGY & EXPLORATION INC","12999 E ADAM AIRCRAFT CIRCLE","ENGLEWOOD","CO","80112","Vendor"
"V-002108","OHIO DEPARTMENT OF TAXATION","PO BOX 181140","COLUMBUS","OH","43218-1140","Vendor"
"V-002103","ILLINOIS DEPARTMENT OF REVENUE","PO BOX 19045","SPRINGFIELD","IL","62794-9045","Vendor"
"V-000845","ILLINOIS SECRETARY OF STATE","LIMITED LIABILITY DIVISION","SPRINGFIELD","IL","62756","Vendor"
"V-000844","ILLINOIS DEPT OF NATURAL RESOURCES",,,,,"Vendor"
"V-002109","MONTANA DEPARTMENT OF REVENUE","PO BOX 8021","HELENA","MT","59604-8021","Vendor"
"V-002110","NEW JERSEY DEPARTMENT OF REVENUE","PO BOX 642","TRENTON","NJ","08646-0642","Vendor"
"V-002042","WEST VIRGINIA DEPARTMENT OF TRANSPORTION","DIVISION OF HIGHWAYS","ELKINS","WV","26241-1516","Vendor"
"V-002040","WEST VIRGINIA DEPARTMENT OF ENVIRONMENTAL PROTECTION","PO BOX 40389","CHARLESTON","WV","25364","Vendor"
"V-002046","WEST VIRGINIA UNEMPLOYMENT COMPENSATION",,,,,"Vendor"
"V-002111","TIMECLOCK PLUS","PO BOX 913377","DENVER","CO","80291-3377","Vendor"
"V-002112","TRAPPE INVESTMENTS LLC","130 MEADOW RIDGE RD","MT MORRIS","PA","15349","Vendor"
"V-002113","WORLD WIDE EQUIPMENT CO LLC","4209 CLEARFIELD WOODLAND HWY","MINERAL CITY","PA","16855","Vendor"
"V-002114","WV LABORERS COMBINED FUND","ONE UNION SQUARE","CHARLESTON","WV","25302","Vendor"
"V-002115","MILLER SUPPLY OF PA INC","PO BOX 1086","WOOSTER","OH","44691","Vendor"
"V-001951","WATTS SPECIALTIES LLC","212 10TH STREET SE","PUYALLUP","WA","98372","Vendor"
"V-002116","POINT OF RENTAL SOFTWARE","14401 STATLER BLVD","FORT WORTH","TX","76155","Vendor"
"V-002117","PNC AVIATION FINANCE","PO BOX 640306","PITTSBURGH","PA","15264-0306","Vendor"
"V-002118","SUPERIOR SERVICES","PO BOX 982","HENDERSONVILLE","NC","28793","Vendor"
"V-002119","STONE WELL SERVICE LLC","3495 HACK ROAD","SIGINAW","MI","48601","Vendor"
"V-002120","PENNINGTONS MANCHES COOPER LLP","125 WOOD STREET","LONDON",,"EC2V7AW","Vendor"
"V-001306","PENNSYLVANIA DEPARTMENT OF REVENUE","DEPT 280410","HARRISBURG","PA","17128-0401","Vendor"
"V-002121","PENNSYLVANIA DEPARTMENT OF TRANSPORTATION",,,,,"Vendor"
"V-001309","PENNSYLVANIA UNEMPLOYMENT COMPENSATION FUND",,,,,"Vendor"
"V-001226","NORTH CAROLINA DEPARTMENT OF REVENUE",,,,,"Vendor"
"V-001254","NORTH CAROLINA DIVISION OF EMPLOYMENT SECURITY",,,,,"Vendor"
"V-001598","SHERIFF OF WETZEL COUNTY","PO BOX D","NEW MARTINSVILLE","WV","26155","Vendor"
"V-001473","RENEGADE WIRELINE SERVICES","PO BOX 862","LEVELLAND","TX","79336","Vendor"
"V-002122","MEC TRIC CONTROL COMPANY INC","PO BOX 221918","CHARLOTTE","NC","28222","Vendor"
"V-002123","PRIME NDT SERVICES INC","10119 STATE ROUTE 21 NW","STRASBURG","OH","44680","Vendor"
"V-000585","ENERGY FISHING & RENTAL SVC INC","PO BOX 6406","CORPUS CHRISTI","TX","78466","Vendor"
"V-002124","FORUM PRODUCTION EQUIPMENT","PO BOX 203325","DALLAS","TX","75320-3325","Vendor"
"V-002125","RDR ENERGY RESOURCES LLC","1272 EAST PIKE STREET","CLARKSBURG","WV","26301","Vendor"
"V-002126","AMACS PROCESSING TWR INTERNALS","PO BOX 201502","DALLAS","TX","75320-1502","Vendor"
"V-002127","UCHEALTH MEDICAL GROUP","PO BOX 738380","DALLAS","TX","75373","Vendor"
"V-002128","YOTTA EVENTS INC","157 85TH STREET","BROOKLYN","NY","11209","Vendor"
"V-000614","EXCEPTIONAL TIRE AND AUTO LLC","253 ALICIA ROAD SUITE 2","GREENSBORO","PA","15338","Vendor"
"V-002129","DRILLERS CHOICE INC","PRESITGE CAPITAL","HARTFORD","CA","06115-0525","Vendor"
"V-002130","WARREN DRILLING","303 SMITHSON STREET","DEXTER CITY","OH","45727","Vendor"
"V-002131","GEOSYNTEC CONSULTANTS INC","900 BROKEN SOUND PARKWAY NW","BOCA RATON","FL","33487-2775","Vendor"
"V-000647","FIRST CORP INTERNATIONAL INC","7900 RODEO TRI STE120","MANSFIELD","TX","76063","Vendor"
"V-002133","IWDA LLC","108 LAKE STREET","DUNMORE","PA","18510","Vendor"
"V-002134","TRI STATE HOSE & SUPPLY CO INC","865 4TH AVENUE","CORAOPOLIS","PA","15108","Vendor"
"V-002135","GILSON ENGINEERING SALES LLC","535 ROCHESTER ROAD","PITTSBURGH","PA","15237","Vendor"
"V-002136","UCHEALTH MEDICAL GROUP","PO BOX 732031","DALLAS","TX","75373","Vendor"
"V-002137","HUBBARD ENTERPRISES LLC","380 QUARRY ROAD","LANCASTER","OH","43130","Vendor"
"V-002141","EM RESOURCES LLC","10701 SOUTH RIVER FRONT PARKWAY SUITE 300","SOUTH JORDAN","UT","84095","Vendor"
"V-002142","R E HOVEY CONSTRUCTION","4075 E DENVER ROAD","ROSEBUSH","MI","48878","Vendor"
"V-002143","CNC SERVICES EAST","352 13TH STREET","MONACA","PA","15061","Vendor"
"V-002144","TRACEY ROAD EQUIPMENT INC","6803 MANLIUS CENTER ROAD","EAST SYRACUSE","NY","13057","Vendor"
"V-002145","BERKELEY CO EMERG AMBULANCE AUTHORITY","400 W STEPHEN ST","MARTINSBURG","WV","25401","Vendor"
"V-002146","PENN MECHANICAL GROUP INC","1380 RTE 286 HWY EAST BUILDING 1","INDIANA","PA","15701","Vendor"
"V-002147","WHOLE SOLUTIONS INC","1217 SALT SPRINGS ROAD","MINERAL RIDGE","OH","44440","Vendor"
"V-002148","6 GUNS LLC","10125 MASON DIXON HWY","BURTON","WV","26562","Vendor"
"V-002149","ALAN HAMSON TRUCKING","PO BOX 219","DAHLGREN","IL","62828","Vendor"
"V-002150","MONTANA MINING MACHINERY LLC","PO BOX 1165","EAST HELENA","MT","59636-1165","Vendor"
"V-002151","LIGHTNING MASTER CORPORATION","2100 PALMETTO STREET UNIT A","CLEARWATER","FL","33765","Vendor"
"V-002152","MEC TRIC CONTROL COMPANY","4110 MONROE ROAD","CHARLOTTE","NC","28205","Vendor"
"V-002153","K&K SALES & SERVICE","PO BOX 84","VICCO","KY","41773","Vendor"
"V-002158","HUNTER KEYSTONE PETERBILT LP","PO BOX 1054","BUFFALO","NY","14240-1054","Vendor"
"V-002159","TRI COUNTY ROADSIDE","33837 MONTERRA LANE","STERLING HEIGHTS","MI","48312","Vendor"
"V-002160","4 RIVERS EQUIPMENT LLC","PO BOX 209223","DALLAS","TX","75320-9223","Vendor"
"V-002161","NG COMPANIES","14115 MEAD ST UNIT C","LONGMONT","CO","80504","Vendor"
"V-002162","PJ DICK INC","PO BOX 6774","PITTSBURGH","PA","15212","Vendor"
"V-002163","JOHNSON CONTROLS FIRE PROTECTION LP","PO BOX 7411447","CHICAGO","IL","60674-1447","Vendor"
"V-002164","JEFF HACKETT ELECTRIC INC","413 CLEAVELAND ST","MUSCATINE","IA","52761","Vendor"
"V-002165","EAGLE AUTOMATION","PO BOX 96598","CHARLOTTE","NC","28296-0598","Vendor"
"V-002166","ENERGY CONFERENCE NETWORK","23501 CINCO RANCH BLD STE H150-915","KATY","TX","77494","Vendor"
"V-002167","GLOBAL MINE SERVICE INC","PO BOX 188","FAYETTE CITY","PA","15438","Vendor"
"V-002168","BRB CARSON TRANSPORTATION LLC","257 N RIVER AVE","WESTON","WV","26452","Vendor"
"V-002169","SM JOHNS & SON CONTRUCTION LLC","3 SARAH LANE","MOUNT JOY","PA","17552","Vendor"
"V-002170","CINCINNATI ASPHALT","6000 MADDEN WAY","HARRISON","OH","45030","Vendor"
"V-002171","FOR SHOR COMPANY","4446 WEST 1730 SOUTH","SALT LAKE CITY","UT","84104","Vendor"
"V-002172","W F WELLS INC","16645 HEIMBACH ROAD","THREE RIVERS","MI","49093","Vendor"
"V-002173","DAVIS SERVICE AND TOWING CENTER LLC","985 LOWER GEORGES FORK HOLLOW","CLINTWOOD","VA","24228","Vendor"
"V-002174","BLACK STAR TRADING COMPANY LLC","716 ARMORY ROAD","CLARKSBURG","WV","26301","Vendor"
"V-002175","LAWRENCE CONSTRUCTION COMPANY","9002 NORTH MOORE ROAD","LITTLETON","CO","80125","Vendor"
"V-002176","KOMADA LLC","5575 TECH CENTER DRIVE STE 217","COLORADO SPRINGS","CO","80919","Vendor"
"V-002177","CW CONCRETE ASPHALT AND SNOW REMOVAL","1193 N 2300 W","LEHI","UT","84043","Vendor"
"V-002178","CAST TRANSPORTATION","9850 HAVANA STREET","HENDERSON","CO","80640","Vendor"
"V-002179","BTR ENVIRONMENTAL","309 HALL STREET","BRIDGEPORT","OH","43912","Vendor"
"V-002180","FISHER & PHILLIPS LLP","SIX PPG PLACE SUITE 830","PITTSBURGH","PA","15222","Vendor"
"V-002181","CHICKAMAUGA CONSTRUCTION LLC","3500 LAMAR AVENUE","CHATTANOOGA","TN","37415","Vendor"
"V-002182","MIKE WALSH ELECTRICAL INC","927 N STATE STREET","SOUTH ABINGTON TWP","PA","18411","Vendor"
"V-002183","DB CUSTOM SERVICES","11218 LEWISTOWN ROAD","CORDOVA","MD","21625","Vendor"
"V-002186","AARDVARK PACKERS LLC","PO BOX 5786","HILLSBOROUGH","NJ","08844-5786","Vendor"
"V-002187","KEYSTONE GUN KRETE LLC","4435 OREGON PIKE","EPHRATA","PA","17522","Vendor"
"V-002188","KOBELT MANUFACTURING CO LTD","8238 129 ST","SURREY BC","CANADA","V3W 0A6","Vendor"
"V-002189","WEST PENN LACO","331 OHIO STREET","PITTSBURGH","PA","15209","Vendor"
"V-002190","ENERGY TECH SYSTEMS INC","11530 BRITTMOORE PARK DRIVE","HOUSTON","TX","77041-6915","Vendor"
"V-002191","ALTAVIEW CONCRETE","PO BOX 869","MAGNA","UT","84044","Vendor"
"V-002192","B&K EQUIPMENT LLC","PO BOX 7411447","WYALUSING","PA","18853","Vendor"
"V-002193","WINGFIELD SCALE COMPANY INC","2205 S HOLTZCLAW AVENUE","CHATTANOOGA","TN","37404","Vendor"
"V-002194","ADVANCED SURGICAL HOSPITAL LLC","100 TRICH DR STE 1","WASHINGTON","PA","15301","Vendor"
"V-002195","SPECTIVE TECHNICAL SERVICES LLC","8119 W 81ST ST S","TULSA","OK","74131","Vendor"
"V-002196","LAMAR SERVICES LLC","359 DAWSON ROAD","MORGANTOWN","WV","26501","Vendor"
"V-002197","GLASS TECHNOLOGY","1307 BLUE HORIZON DR","MORGANTOWN","WV","26501","Vendor"
"V-002198","WASHINGTON COUNTY CHAMBERS OF COMMERCE","1000 HORIZON VUE DRIVE SUITE 1C80","CANONSBURG","PA","15317","Vendor"
"V-002199","B&B OIL CO INC","11701 MT HOLLY RD BLDG 53","CHARLOTTE","NC","28214","Vendor"
"V-002200","SALENBIEN TRUCKING AND EXCAVATING INC","9217 N ANN ARBOR ROAD","DUNDEE","MI","48131","Vendor"
"V-002201","WORKWELL PHYSICIANS PC","112 THIRD AVENUE","CARNEGIE","PA","15106","Vendor"
"V-002203","UNIVERSITY OF PITTSBURGH PHYSICIANS","PO BOX 382053","PITTSBURGH","PA","15251-8053","Vendor"
"V-002205","TALON RESOURCES","246 MAPLE STREET","WESTFIELD","PA","16950","Vendor"
"V-002206","STANDING STONE TRANSPORT LLC","33299 ROUTE 6","WYSOX","PA","18854","Vendor"
"V-002207","ALLISON CRANE & RIGGING LLC","2817 LYCOMING CREEK ROAD","WILLIAMSPORT","PA","17701","Vendor"
"V-002208","GEM INC","6842 COMMODORE DRIVE","WALBRIDGE","OH","43465","Vendor"
"V-002209","CTOS RENTALS LLC","7701 INDEPENDENCE AVENUE","KANSAS CITY","MO","64125","Vendor"
"V-002210","WRAP LOGIC LLC","105 SHELDON AVENUE","FAIRCHANCE","PA","15436","Vendor"
"V-002211","TRAILERS PLUS","3800 AIRPORT ROAD","NAMPA","ID","83687","Vendor"
"V-002213","UNIVAR SOLUTIONS USA","3075 HIGHLAND PARKWAY SUITE 200","DOWNERS GROVE","IL","60515-5560","Vendor"
"V-002215","FIRE FIGHTER SALES & SERVICE CO INC","791 COMMONWEALTH DRIVE","WARRENDALE","PA","15086","Vendor"
"V-002216","ROCKET ELECTRIC","107 STIVASON ROAD","KITTANNING","PA","16201","Vendor"
"V-001907","VIRGINIA DEPARTMENT OF TAXATION",,,,,"Vendor"
"V-002217","JOHNSTONE SUPPLY","PO BOX 89","ANMORE","WV","26323","Vendor"
"V-002218","EDMONTON EXCHANGER","5545-89 STREET","ALBERTA CANADA",,"T6E5W9","Vendor"
"V-002219","STEEL NATION ENGINEERING INC","1120 WASHINGTON ROAD","WASHINGTON","PA","15301","Vendor"
"V-000814","HOLCIM WCR INC","1687 COLE BLVD #300","GOLDEN","CO","80401","Vendor"
"V-002220","XTREME TRUCKIN LLC","2350 EAST THIRD STREET SUITE 3","WILLIAMSPORT","PA","17701","Vendor"
"V-002221","THE SHINE SHOP LLC","148 TOLLGATE RUN ROAD","WAYNESBURG","PA","15370","Vendor"
"V-002155","SHERIFF OF BERKELEY COUNTY","400 WEST STEPHEN STREET SUITE 104","MARTINSBURG","WV","25401","Vendor"
"V-002222","NETJETS CARD PARTNERS INC",,,,,"Vendor"
"V-002224","ARSENAL RESOURCES LLC","6031 WALLACE ROAD EXT","WEXFORD","PA","15090","Vendor"
"V-002225","BURWELL MATERIAL HANDLING LLC","PO BOX 851688","MINNEAPOLIS","MN","55485","Vendor"
"V-002223","2 COUSINS AVIATION LLC","130 MEADOW RIDGE ROAD","MOUNT MORRIS","PA","15349","Vendor"
"V-002226","HAYMES BROTHERS INC","440 HAWKINS RD","CHATHAM","VA","24531","Vendor"
"V-002228","SECRETARY OF STATE DE","401 FEDERAL STREET","DOVER","DE","19901","Vendor"
"V-002227","NEW YORK DEPARTMENT OF STATE",,"ALBANY","NY","12231-0001","Vendor"
"V-002229","EFMS SOCCER","46 GINGER LANE","FAIRMONT","WV","26554","Vendor"
"V-002230","EQT PRODUCTION","303 SAND CUT ROAD","CLARKSBURG","WV","26301","Vendor"
"V-002232","GUARDIAN PROTECTION SERVICES INC","174 THORN HILL ROAD","WARRENDALE","PA","15086","Vendor"
"V-002233","LOUDON COUNTY",,,"VA",,"Vendor"
"V-002234","MAKE A WISH","717 INDIANA DRIVE","ERIE","PA","16505","Vendor"
"V-002235","SUBURBAN EXTENDED STAY","3097 JEFFERSON DAVIS HIGHWAY","STAFFORD","VA","22554","Vendor"
"V-002236","TT TECHNOLOGIES INC","2020 E NEW YORK STREET","AURORA","IL","60502","Vendor"
"V-000788","HEETER GEOTECHNICAL CONSTRUCTION LLC","CONSTRUCTION LLC","MT MORRIS","PA","15349","Vendor"
"V-002231","GATOS TECHNICAL FIELD SERVICE LLC","168 CHURCH HILL ROAD","VENETIA","PA","15367","Vendor"
"V-002239","CORNERSTONE PROFESSIONAL SERVICES LLC","1530 MUD LICK ROAD","BUCKHANNON","WV","26201","Vendor"
"V-002240","GAMCO INC","PO BOX 43234","CINCINNATI","OH","45243","Vendor"
"V-002242","COMMON GROUND ALLIANCE","908 KING STREET","ALEXANDRIA","VA","22314","Vendor"
"V-002243","T A FULMER LLC","333 ERTEL ROAD","WILLIAMSPORT","PA","17701","Vendor"
"V-000001","1ST AYD CORP","PO BOX 5298","ELDGIN","IL","60121-5298","Vendor"
"V-000002","2J OILFIELD SERVICES LLC","22403 WENBURY DRIVE","TOMBALL","TX","77375","Vendor"
"V-000003","307 RESOURCES INC","360 SIGNAL DRIVE","ROCK SPRINGS","WY","82901","Vendor"
"V-002244","WYLACO SUPPLY CO","315 VALLEJO STREET","DENVER","CO","80223","Vendor"
"V-002204","QUIKRETE CONSTRUCTION MATERIALS","KILGORE COMPANIES LLC, PO BOX 741805","LOS ANGELES","CA","90074-1805","Vendor"
"V-002245","KELLY GENERATOR & EQUIPMENT OF PA AND WV INC","1955 DALE LANE","OWINGS","MD","20736","Vendor"
"V-002246","COMMERCIAL MISCELLANEOUS SALES","PO BOX 1050","UNIONTOWN","PA","15401","Vendor"
"V-002247","EMMART OIL COMPANY","PO BOX 2247","WINCHESTER","VA","22604","Vendor"
"V-002248","PROQUALITY LAB LLC","406 SOUTH TENNESSEE STREET","CARTERSVILLE","GA","30120","Vendor"
"V-002249","WAREN TRUCKING LLC","303 SMITHSON STREET","DEXTER CITY","OH","45727","Vendor"
"V-002251","ESOLUTIONS","2110 PLEASANT VALLEY ROAD","FAIRMONT","WV","26554","Vendor"
"V-002252","TROOPS INC",,,,,"Vendor"
"V-002253","WILLIAMS","ATTN: LAUREN BROWN","PITTSBURGH","PA","15275","Vendor"
"V-002254","PACTEC INC","PO BOX 8069","CLINTON","LA","70722","Vendor"
"V-000049","AIRGAS USA LLC","PO BOX 734445","CHICAGO","IL","60673-4445","Vendor"
"V-002255","CHERRYS INDUSTRIAL EQUIPMENT CORP","68 CONGRESS CIRCLE WEST","ROSELLE","IL","60172","Vendor"
"V-002256","CARPENTERS COMBINED FUNDS INC","650 RIDGE ROAD","PITTSBURGH","PA","15205","Vendor"
"V-002257","ABERGELDIE ENERGY PTY LTD","5 GEORGE YOUNG STREET","AUBURN","WA",,"Vendor"
"V-002258","ADELMANS TRUCK PARTS & SALES","2000 WAYNESBURG DRIVE SE","CANTON","OH","44707","Vendor"
"V-002259","ADVANCED WINDOW WELLS","5514 CODY MESA COURT","COLORADO SPRINGS","CO","80918","Vendor"
"V-002260","AIR SERVICE OF WEST VIRGINIA","3715 COLLINS FERRY ROAD","MORGANTOWN","WV","26505","Vendor"
"V-002261","AKSELA","CERES","DALLAS","TX","75320-9784","Vendor"
"V-002262","APEX TRUCKING LLC","5255 W 9TH STREET DR","GREELEY","CO","80634-4463","Vendor"
"V-002263","ERNST CONCRETE","PO BOX 5055","VANDALIA","OH","45377","Vendor"
"V-002264","SECRETARY OF STATE AZ","1300 W WASHINGTON STREET","PHOENIX","AZ","85007","Vendor"
"V-002265","BASKI INC","4002 S CLAY STREET","ENGLEWOOD","CO","80110","Vendor"
"V-002266","BDO","PO BOX 642743","PITTSBURGH","PA","15264-2743","Vendor"
"V-002267","BENNYS BOAT REPAIR LLC","814 WYNN ROAD","UNIONTOWN","PA","15401","Vendor"
"V-002268","BERKSHIRE ASSOCIATES LLC","1925 CENTURY PARK E","LOS ANGELES","CA","90067","Vendor"
"V-002269","BFS PETROLEUM PRODUCTS INC","116 SHANNON DRIVE","MORGANTOWN","WV","26508","Vendor"
"V-002270","BRIDGESTONE HOSEPOWER LLC","PO BOX 947777","ATLANTA","GA","30394-7777","Vendor"
"V-002271","BUILDERS SUPPLY ASSOCIATION OF WV","400 ALLEN DRIVE","CHARLESTON","WV","25302","Vendor"
"V-002272","CAST & BAKER CORPORATION","2214 WASHINGTON ROAD","CANONSBURG","PA","15317","Vendor"
"V-002273","CASTLE BUILDERS SUPPLY AND TRUCKING INC","PO BOX 6774","PITTSBURGH","PA","15212","Vendor"
"V-002274","CENTRAL BUILDERS SUPPLY CO","PO BOX 152","SUNBURY","PA","17801","Vendor"
"V-002275","CENTRE CONCRETE NORTHEAST LLC","117 ARMSTRONG ROAD","PITTSTON","PA","18640","Vendor"
"V-002276","CITY OF COLORADO SPRINGS",,"COLORADO SPRINGS","CO",,"Vendor"
"V-002277","COMPTON METALS INC","192 SIMPSON STREET","CLARKSBURG","WV","26301","Vendor"
"V-002278","DEEP FOUNDATIONS INSTITUTE","326 LAFAYETTE AVENUE","HAWTHORNE","NJ","07506","Vendor"
"V-002279","D&G MACHINE INC","PO BOX 31","MANNINGTON","WV","26582","Vendor"
"V-002280","DYECO INC","2300 ACADEMY DRIVE","HARRISBURG","PA","17112","Vendor"
"V-002281","EXTEL TECH INC","7317 JACK NEWELL BLVD NORTH","FORT WORTH","TX","76118","Vendor"
"V-002282","FALCON DRILLING","1200 BROADWAY STREET","CARNEGIE","PA","15106","Vendor"
"V-002283","FASTMARKETS GLOBAL LIMITED",,,,,"Vendor"
"V-002284","FOPPS","PO BOX 797","CONNELLSVILLE","PA","15425","Vendor"
"V-002286","GIBSON THOMAS ENGINEERING CO","1004 LIGONIER STREET","LATRBOE","PA","15060","Vendor"
"V-002287","GREENESPORTS","214 MCCLELLAND ROAD","CANONSBURG","PA","15317","Vendor"
"V-002288","WAYNE T HOCKMEYER",,,,,"Vendor"
"V-002289","IOWA DEPARTMENT OF REVENUE",,,"IA",,"Vendor"
"V-002290","ILMO PRODUCTS COMPANY","PO BOX 6007","DECATUR","IL","62524-6007","Vendor"
"V-002291","GEORGE R INGRAM",,,,,"Vendor"
"V-002292","IUOE LOCAL 178","4025 RUFE SNOW DRIVE","FORT WORTH","TX","76180-8845","Vendor"
"V-002293","JEFFERSON CO ADULT PROBATION","200 MAIN STREET",,,,"Vendor"
"V-002294","KCI TECHNOLOGIES INC","PO BOX 791479","BALTIMORE","MD","21279-1479","Vendor"
"V-000996","LARGES PEST CONTROL LLC","8440 CRANES NEST ROAD","COEBURN","VA","24230","Vendor"
"V-002295","LYNCH HYDRAULIC MFG CO","PO BOX 2028","FAIRMONT","WV","26555-2028","Vendor"
"V-002296","MCCLUNG LOGAN EQUIPMENT CO","PO BOX 17593","BALTIMORE","MD","21297-1593","Vendor"
"V-002298","NAPA AUTO PARTS","PO BOX 409043","ATLANTA","GA","30384-9043","Vendor"
"V-002238","VENTURI SUPPLY LLC","PRODUCERS SUPPLY COMPANY","DALLAS","TX","75284-5546","Vendor"
"V-002299","OSHA VALVES LLC","215 WEST BRIDGE DRIVE","MORGAN","PA","15064","Vendor"
"V-002300","OZMAN TURF MANAGEMENT","29147 ALMSHOUSE ROAD","TRAPPE","MD","21673","Vendor"
"V-002301","PIONEER ATHLETICS","4529 INDUSTRIAL PARKWAY","CLEVELAND","OH","44135","Vendor"
"V-002302","POLCE SEAL COATING LLC","PO BOX 369","DELLSLOW","WV","26531","Vendor"
"V-002303","PRINCE WILLIAM COUNTY",,,,,"Vendor"
"V-002304","POWERS ENGINEERING AND CONSTRUCTION TESTING LLC","309 UNION AVENUE","NORTH VERSAILLES","PA","15137","Vendor"
"V-002306","JOE REAGAN","4420 FLYNNS COVE ROAD","CROSSVILLE","TN","38572","Vendor"
"V-002307","RES AUCTION SERVICES","95 TUNA STREET","CLARKSBURG","WV","26301","Vendor"
"V-002308","REXEL HOLDINGS USA","14951 DALLAS PARKWAY","DALLAS","TX","75254","Vendor"
"V-002309","RIPPLING","430 CALIFORNIA STREET 12TH FLOOR","SAN FRANCISCO","CA","94104","Vendor"
"V-002310","RIVER REFUGE SEE CO","26366 GAS ROAD","BROWNSVILLE","OH","97327","Vendor"
"V-002311","ROHANNAS GOLF COURSE","1005 ROLLING MEADOWS ROAD","WAYNESBURG","PA","15370","Vendor"
"V-002312","ROYAL ELECTRIC SERVICES INC",,,,,"Vendor"
"V-002313","SHALLENBERGER CONSTRUCTION INC","195 ENTERPRISE LANE","CONNELLSVILLE","PA","15425","Vendor"
"V-002314","SMS MILLCRAFT","ACCOUNTS RECEIVABLE DEPT","PITTSBURGH","PA","15212-5852","Vendor"
"V-002315","SOUTH CAROLINA DEPARTMENT OF REVENUE","300A OUTLET POINT BLVD","COLUMBIA","SC","29210","Vendor"
"V-002316","SPLIMAN THOMAS & BATTLE PLLC","PO BOX 615","MORGANTOWN","WV","26507-0615","Vendor"
"V-002318","STRUM CONTRACTING COMPANY","3550 FAIRFIELD ROAD","BALTIMORE","MD","21226","Vendor"
"V-002319","TEREX ADVANCE MIXER INC","12223 COLLECTIONS CENTER DRIVE","CHICAGO","IL","60693","Vendor"
"V-002320","TEXTRON AVIATION INC","ONE CESSNA BLVD","WCHITA","KS","67215","Vendor"
"V-002321","TWIN PINES MANUFACTURING CORP","6779 NEWPORT ROAD","CLARKSBURG","PA","15725","Vendor"
"V-002322","UNITED COMPANIES & TELLURIDE","OLDCASTLE SW GROUP INC","OGDEN","UT","84401","Vendor"
"V-002323","VERITEXT","PO BOX 71303","CHICAGO","IL","60694-1303","Vendor"
"V-002157","INTERSTATE STEEL SALES INC","10676 COLONIAL BLVD","FORT MYERS","FL","33913","Vendor"
"V-002324","WCHS SOCCER BOOSTERS","ATTN TREASURER","WAYNESBURG","PA","15370","Vendor"
"V-002325","WEST GREENE BASEBALL BOOSTERS","ATTN TY ASHCRAFT","ROGERSVILLE","PA","15359","Vendor"
"V-002326","WEST VIRGINIA STATE BOARD OF REGISTRATION FOR PE","300 CAPITOL STREET","CHARLESTON","WV","25301","Vendor"
"V-002327","WOODCHUCKS GENERAL CONTRACTORS INC","102 MARYLAND AVENUE","FAIRMONT","WV","26554","Vendor"
"V-002328","WYOMING BEARING AND SUPPLY LLC","206 S COLLEGE DRIVE","CHEYENNE","WY","82007","Vendor"
"V-002329","SECRETARY OF STATE MI",,,"MI",,"Vendor"
"V-002330","MICHIGAN DEPARTMENT OF REVENUE",,,"MI",,"Vendor"
"V-002332","INTERMOUNTAIN WORKMED","PO BOX 27128","SALT LAKE CITY","UT","84127","Vendor"
"V-002333","BRIAN MILLER","345 EAST PALM DRIVE","FLORIDA CITY","FL","33034","Vendor"
"V-002334","ARMSTRONG DRILLING INC","4827 TREESDALE COURT","MURRAYSVILLE","PA","15668","Vendor"
"V-002335","BBU SERVICES OF WV","PO BOX 169","KENNA","WV","25248","Vendor"
"V-000015","A1 AFFORDABLE LAWNCARE LLC","1318 BERNICE STREET","MIDDLETOWN","OH","45044","Vendor"
"V-002336","KILGORE COMPANIES LLC","PO BOX 741805","LOS ANGELES","CA","90074-1805","Vendor"
"V-002338","ANTERO RESOURCES","1615 WYNKOOP STREET","DENVER","CO","80202","Vendor"
"V-002339","MEAN GREEN HYDROSEEDING LLC","1343 CHAPLIN ROAD","MORGANTOWN","WV","26501-2033","Vendor"
"V-001973","WEST PENN POWER","PO BOX 371422","PITTSBURGH","PA","15250-7422","Vendor"
"V-001294","ORKIN","200 VILLANI DRIVE","BRIDGEVILLE","PA","15017-3483","Vendor"
"V-000507","DICKENSON COUNTY PSA","PO BOX 619","CLINTWOOD","VA","24228","Vendor"
"V-000395","COMCAST BUSINESS SERVICES","PO BOX 37601","PHILADELPHIA","PA","19101-0601","Vendor"
"V-002340","RG JOHNSON COMPANY INC","800 EVERGREENE DRIVE","WAYNESBURG","PA","15370","Vendor"
"V-001266","NORTHWEST LLC","1550 BLUE HORIZON DRIVE","MORGANTOWN","WV","26501","Vendor"
"V-000566","EASTERN RENTAL COMPANY LLC","1095 CHAPLIN ROAD","MORGANTOWN","WV","26501","Vendor"
"V-001784","THE MBC WOODSHOP INC","44 LOCKSIDE ROAD","MORGANTOWN","WV","26501-2330","Vendor"
"V-002085","DESTINATION UNKNOWN TRUCKING INC","3033 COUNTY ROAD 612","KALKASKA","MI","49646","Vendor"
"V-000588","ENERGY SOLUTIONS (US) LLC","23424 NETWORK PLACE","CHICAGO","IL","60673-1234","Vendor"
"V-000586","ENERGY MEASUREMT & CONTROL INC","PO BOX 30","SANDYVILLE","WV","25275","Vendor"
"V-002250","DEEPROCK DISPOSAL SOLUTIONS LL","20225 STATE ROUTE 7","MARIETTA","OH","45750","Vendor"
"V-000750","H & K ENTERPRISE INC","PO BOX 507","WAYNESBURG","PA","15370","Vendor"
"V-001251","NORTH AMERICAN DRILLERS LLC","130 Meadow Ridge Rd","MT MORRIS","PA","15349","Vendor"
"V-002341","LEGACY TUBULAR LLC","PO BOX 1347","MAGNOLIA","TX","77353","Vendor"
"V-001905","V & W ELECTRIC AND SUPPLY","PO BOX 468","FAIRMONT","WV","26554","Vendor"
"V-002342","ELLIS CONSULTING","7229 GEARY DOME ROAD","EVANSVILLE","WY","82636","Vendor"
"V-002343","HILLS WELDING","48 WEST VICTORIA STREET","BUCKHANNON","WV","26201","Vendor"
"V-002344","PARKVIEW MEDICAL CENTER","PO BOX 738380","DALLAS","TX","75373","Vendor"
"V-002345","NAPA AUTO PARTS DEN107","9951 S PARKER ROAD","PARKER","CO","80134","Vendor"
"V-002346","ROSS TRACTOR SALES & SERVICE INC","40 S WOODLAND AVENUE","WAYNESBURG","PA","15370","Vendor"
"V-002347","HILL INTERNATIONAL TRUCKS LLC","68139 INTERNATIONAL DRIVE","ST CLAIRSVILLE","OH","43950","Vendor"
"V-002348","WVU FOUNDATION","ROSENBAUM FAMILY HOUSE",,,,"Vendor"
"V-002350","PENNSYLVANIA DEPARTMENT OF STATE","BUREAU OF CHARITABLE ORGANIZATIONS","HARRISBURG","PA","17120","Vendor"
"V-002305","POWERWASH BROS","1067 WESTVIEW DRIVE","FAIRMONT","WV","26554","Vendor"
"V-002071","BLACK HILLS ENERGY","PO BOX 7966","CAROL STREAM","IL","60197-7966","Vendor"
"V-002067","ZINNS SEPTIC SERVICE LLC","PO BOX 816","BUCKHANNON","WV","26201","Vendor"
"V-002066","ZINNS R US INC","PO BOX 816","BUCKHANNON","WV","26201","Vendor"
"V-001115","MICROTEL INN & SUITES","300 COMFORT LANE","WAYNESBURG","PA","15370","Vendor"
"V-002351","PETERSON PRODUCTS","PO BOX 340","FREDONIA","WI","53021-0340","Vendor"
"V-002156","TRIPLE SEVEN CONTRACTING","4312 WALLACE PIKE","LUMBERPORT","WV","26386","Vendor"
"V-002352","RICHARD EDGELL JR","40 SUNNY GLEN FARMS CAMP GROUND","SALEM","WV","26426","Vendor"
"V-002353","INTERCARE HOLDINGS INSURANCE SERVICES","DEPT 67 PO BOX 4985","HOUSTON","TX","77210-4985","Vendor"
"V-002354","JOSEPHSON DUNLAP LLP","11 GREENWAY PLAZA SUITE 3050","HOUSTON","TX","77046","Vendor"
"V-002355","MILLER CONTRACTING SERVICES LLC","9580 STATE ROUTE 13 W","CARRIER MILLS","IL","62917","Vendor"
"V-002356","QUARRICK EQUIPMENT","168 QUARRICK ROAD","UNIONTOWN","PA","15401","Vendor"
"V-002349","UPMC GREENE","350 BONAR AVE","WAYNESBURG","PA","15370","Vendor"
"V-001943","WASHINGTON PHYSICIAN SERVICES","PO BOX 855","WASHINGTON","PA","15301-4261","Vendor"
"V-002357","CENTRAL FIRE PROTECTION LLC","207 MUENSTER ROAD","ST MARYS","PA","15857","Vendor"
"V-000426","CORE EXCAVATING LLC","921 CANYON ROAD","MORGANTOWN","WV","26508","Vendor"
"V-000425","CORE & MAIN LP","PO BOX 28330","ST LOUIS","MO","63146","Vendor"
"V-002358","QUIKERETE READY MIX","5 CONCOURSE PARKWAY","ATLANTA","GA","30328-6111","Vendor"
"V-002359","VALVE 48 LLC","3210 INDUSTRIAL BLVD","BETHEL PARK","PA","15102","Vendor"
"V-001367","PIRTEK NORTH VALLEY","150 W 60TH PLACE","DENVER","CO","80216","Vendor"
"V-001155","MON VALLEY MEMMA","CHAD GUTHRIE","WAYNESBURG","PA","15370","Vendor"
"V-002360","BRANDSAFWAY SOLUTIONS LLC","BRANDSAFWAY LLC","CHICAGO","IL","60693","Vendor"
"V-002361","AMERICAN EXPLORATION COMPANY","1730 WALTON ROAD","BLUE BELL","PA","19422-2301","Vendor"
"V-002362","WELD PLUS INC","4790 RIVER ROAD","CINCINNATI","OH","45233","Vendor"
"V-002068","ZONES LLC","CONNECTING BUSINESS AND TECHNOLOG","DALLAS","TX","75373-7040","Vendor"
"V-001675","STAR CITY LODGING","CANDLEWOOD SUITES","WESTOVER","WV","26501","Vendor"
"V-000731","GREENE CO CAREER&TECHNOLOGY CE","ATTN MARK KRUPA ADMIN DIRECTOR","WAYNESBURG","PA","15370","Vendor"
"V-001657","SOUTHWESTERN PENNSYLVANIA WATER","PO BOX 219","JEFFERSON","PA","15344-0219","Vendor"
"V-001729","LOWES","PO BOX 669821","DALLAS","TX","75266-0775","Vendor"
"V-002363","BOSS OILFIELD TRUCKING LLC","201 MEADOW RIDGE RD","MT MORRIS","PA","15349","Vendor"
"V-002364","NORTHEAST LUBRICANTS LTD","PO BOX 788732","PHILADELPHIA","PA","19178-8732","Vendor"
"V-002365","CENTERVILLE CLINICS INC","1070 OLD NATIONAL PIKE","FREDERICKTOWN","PA","15333","Vendor"
"V-002366","HUDSON VALLEY FORESTRY","SSI PARTNERS INC","NEW HARTFORD","CT","06057","Vendor"
"V-002367","THE CERTIFIED WELDING AND TESTING COMPANY INC","PO BOX 32","SPRINGVILLE","NY","14141","Vendor"
"V-002368","S&ME INC","PO BOX 640079","PITTSBURGH","PA","15264","Vendor"
"V-001868","UNITED CENTRAL INDUSTRIAL","SUPPLY COMPANY LLC","ATLANTA","GA","30374-3849","Vendor"
"V-002369","KING & SONS LLC","420 RAMBLING LANE","MORGANTOWN","WV","26508","Vendor"
"V-000854","INDUSTRIAL PIPING SPEC INC","PO BOX 581270","TULSA","OK","74158-1270","Vendor"
"V-002370","HOVIS AUTO SUPPLY INC","512 N SENECA ST","OIL CITY","PA","16301","Vendor"
"V-002371","VEIT LLC","PO BOX 180255","COLUMBUS","OH","43218-0255","Vendor"
"V-001321","PARAGON INTEGREATED SERVICES","DEPT 730100 PO BOX 660919","DALLAS","TX","75266","Vendor"
"V-001264","NORTHERN TOOL AND EQUIPMENT","TREVIPAY","DALLAS","TX","75284-3418","Vendor"
"V-000475","DAVID BENAMATI","DBA BENAMATI WATER SERVICE","CARMICHAELS","PA","15320","Vendor"
"V-002372","CLAY BATTTELLE FFA ALUMNI ASSOCIATION","PO BOX 181","BLACKSVILLE","WV","26521","Vendor"
"V-001247","NMAPC","PO BOX 791821","BALTIMORE","MD","21279-1821","Vendor"
"V-001545","SAVING GRACE SEPTIC","PO BOX 540","DELLSLOW","WV","26531","Vendor"
"V-001289","ONECIS INSURANCE COMPANY","A BUREAU VERITAS COMPANY","ATLANTA","GA","30384-7908","Vendor"
"V-001954","WAYNE WHITE COUNTIES","PO DRAWER E","FAIRFIELD","IL","62837","Vendor"
"V-002374","DJ TRUCKING & RECYCLING LLC","PO BOX 369","GRANVILLE","WV","26534","Vendor"
"V-002375","QUICKSILVER EXPRESS COURIER OF CO","1400 QUAIL STREET","LAKEWOOD","CO","80215","Vendor"
"V-002373","SUPER CITY MFG CO INC","PO BOX 761","SOMERSET","PA","15501","Vendor"
"V-002376","WEST GREENE SOFTBALL BOOSTERS",,,,,"Vendor"
"V-002377","PUEBLO BEARING SERVICE","420 N ELIZABETH","PUEBLO","CO","81003","Vendor"
"V-000828","HUNTING HILLS HAWKEYES SPONSORSHIP","PO BOX 512","WAYNESBURG","PA","15370","Vendor"
"V-002031","WORLDWIDE EQUIPMENT INC","PROBILLING & FUNDING SERVICE","DECATOR","AL","35609-2222","Vendor"
"V-001725","SWAGELOCK PITTSBURGH TRISTATE","DBF PITTSBURGH FLUID SYSTEMS LLC","PITTSBURGH","PA","15230","Vendor"
"V-000281","CANDLEWOOD SUITES","ST CLAIRSVILLE","ST CLAIRSVILLE","OH","43950","Vendor"
"V-002378","RADIOLOGY INC","PO BOX 910","HUNTINGTON","WV","25712-0910","Vendor"
"V-001635","SOLID CONSTRUCTION INC","4500 SEGER DRIVE","BOX ELDER","SD","57719","Vendor"
"V-002379","PROCESS SOLUTIONS INTERNATIONAL","7519 PRAIRIE OAK DRIVE","HOUSTON","TX","77086","Vendor"
"V-001785","THE NATIONAL BOARD OF BOILER","& PRESSURE VESSEL INSPECTORS","COLUMBUS","OH","43229","Vendor"
"V-000661","FORT WORTH F&D HEAD COMPANY","3040 PEDEN ROAD","FORT WOTH","TX","76179","Vendor"
"V-002380","DENVER INDUSTRIAL PUMPS","PO BOX 845263","DALLAS","TX","75284-5263","Vendor"
"V-000246","BRUCETON PETROLEUM CO INC","116 SHANNON DRIVE","MORGANTOWN","WV","26505","Vendor"
"V-001075","MATHENY MOTOR TRUCK COMPANY","396 INDUSTRIAL PARK ROAD","JANE LEW","WV","26378","Vendor"
"V-000024","ABBY SERVICES INC","CANONSBURG INDUSTRIAL PARK","CANONSBURG","PA","15317","Vendor"
"V-000809","HITE COMPANY","PO BOX 896537","CHARLOTTE","NC","28289-6537","Vendor"
"V-001448","RACINES LOCK & SECURITY","ACOMA SECURITY GROUP LLC","PALMER LAKE","CO","80133","Vendor"
"V-002383","MEMORIAL HEALTH SYSTEM","PO BOX 732029","DALLAS","TX","75373","Vendor"
"V-002384","CABEL HUNTINGTON HOSPITAL","1340 HAL GREER BLVD","HUNTINGTON","WV","25701","Vendor"
"V-001639","SOLUTION MINING RESEARCH INSTITUTE","PO BOX 187","CLARK SUMMIT","PA","18411","Vendor"
"V-001586","SHERIFF OF HARRISON COUNTY","ROBERT G MATHENY","CLARKSBURG","WV","26301","Vendor"
"V-001062","MARION COUNTY SHERIFF","PO BOX 1348","FAIRMONT","WV","26555-1348","Vendor"
"V-000171","BARBOUR COUNTY SHERIFF","ATTN TREASURER OFFICE","PHILIPPI","WV","26416-1199","Vendor"
"V-002154","SHERIFF OF BARBOUR COUNTY","ATTN: TREASURER OFFICE","PHILIPPI","WV","26416-1199","Vendor"
"V-002385","COMPRESSION LEASING SERVICES INC","1935 N LOOP AVE","CASPER","WY","82601","Vendor"
"V-002386","UPMC PRESBY SHADYSIDE","PO BOX 382007","PITTSBURGH","PA","15251","Vendor"
"V-002387","Ramp CC - SDIP",,,,,"Vendor"
"V-002388","Ramp CC - SDIG",,,,,"Vendor"
"V-001397","PREMIER COMP SOLUTIONS LLC","PO BOX 641004","PITTSBURGH","PA","15264-1004","Vendor"
"V-002390","GREAT LAKES PETROLEUM CO","PO BOX 936940","ATLANTA","GA","31193-6940","Vendor"
"V-002391","WEST TAYLOR ELEMENTARY PTO","200 MORROW CROSS ROAD","FLEMINGTON","WV","26347","Vendor"
"V-002393","MANSFIELD FIREMENS AMBULANCE ASSN","PO BOX 726","NEW CUMBERLAND","PA","17070","Vendor"
"V-002394","AMERICAN ASSOCIATION OF PETROLEUM GEOLOGISTS","PO BOX 843306","KANSAS CITY","MO","64184-3306","Vendor"
"V-002395","GLORY HOLE LINE BORING AMERICA LLC","2742 E GRANT AVE","WILLIAMSTOWN","NJ","08094","Vendor"
"V-002381","CRANE 1 SERVICES INC","9075 CENTRE POINTE DRIVE","WEST CHESTER","OH","45069-4890","Vendor"
"V-000007","4RIVERS EQUIPMENT LLC","PO BOX 209223","DALLAS","TX","75320-9223","Vendor"
"V-002396","AES DRILLING FLUIDS LLC","575 NORTH DAIRY ASHFORD","HOUSTON","TX","77079","Vendor"
"V-002397","REI DRILLING INC","250 W BERGER LANE","SALT LAKE CITY","UT","84107","Vendor"
"V-002398","D&R DEVELOPERS LLC","PO BOX 38","GRANVILLE","WV","26534","Vendor"
"V-002048","WVSFMO","1700 MACCORKLE AVE SE","CHARLESTON","WV","25314","Vendor"
"V-002399","TED MOREAU GARAGE DOOR SALES & SERVICES","1334 PHILADELPHIA STREET","INDIANA","PA","15701","Vendor"
"V-002400","CROSS PUMP AND EQUIPMENT COMPANY","PO BOX 889","CHARLESTON","WV","25323","Vendor"
"V-002401","ELIZUR CORPORATION","9800A MCKNIGHT ROAD","PITTSBURGH","PA","15237","Vendor"
"V-002402","CHEMWAY INC","1017 S SANTA FE AVENUE","PUEBLO","CO","81006","Vendor"
"V-002403","UNIVERSITY PHYSICIANS SURGEON","PO BOX 78000","DETROIT","MI","48278","Vendor"
"V-002404","CORNING HOSPITAL","PO BOX 826920","PHILADELPHIA","PA","19182","Vendor"
"V-002405","CONSTRUCT PRO SOLUTIONS CORP","258 COLORADO DRIVE","BIRDSBORO","PA","19508","Vendor"
"V-002214","BROWN STRAUSS STEEL","PO BOX 51694","LOS ANGELES","CA","90051-5994","Vendor"
"V-002406","TENNANT COLLISION REPAIR","1817 HUSKY HIGHWAY","FAIRMONT","WV","26554-9366","Vendor"
"V-002407","TURN THE WHEEL CDL DRIVING SCHOOL LLC","246 CHEAT ROAD","MORGANTOWN","WV","26508","Vendor"
"V-001721","SURESTAY PLUS HOTEL BY BW","2 NORTHRIDGE DRIVE","BUCKHANNON","WV","26201","Vendor"
"V-001788","THE ROCK PARTS CO INC","PO BOX 848033","DALLAS","TX","75284-8033","Vendor"
"V-002408","POOLE & KENT CORPORATION","4530 HOLLINS FERRY ROAD","BALTIMORE","MD","21227","Vendor"
"V-002409","ARCS & SPARKS","5273 CAIRO ROAD","HARRISVILLE","WV","26362","Vendor"
"V-002410","SHELLY MATERIALS INC","PO BOX 781246","DETROIT","MI","48278-1246","Vendor"
"V-000691","GALLAWAY GLOVE & SAFETY LLC","PO BOX 128","EIGHTY FOUR","PA","15330","Vendor"
"V-001221","NATIONAL OILWELL VARCO DHT LP","WELLS FARGO BANK NA","DALLAS","TX","75320-1153","Vendor"
"V-001340","PENNDRILL MANUFACTURING","PO BOX 644866","PITTSBURGH","PA","15264-4866","Vendor"
"V-000964","KITTANNING PLUM CREEK WATER AUTHORITY","274 SCHALL ROAD","KITTANNING","PA","16201","Vendor"
"V-002411","EQUIPMENT DEPOT OHIO INC","4310 ROSSPLAIN ROAD","CINCINNATI","OH","45236-1208","Vendor"
"V-002412","SMOKIN J DIESEL & AUTOMOTIVE SERVICE LLC","433E 4400S","PRICE","UT","84501","Vendor"
"V-001378","POINT SPRINGS & DRIVESHAFT INC","274 VAN KIRK DRIVE","FAIRMONT","WV","26554","Vendor"
"V-002413","BROWN BROTHERS CONSTRUCTION COMPANY INC","90 NORTH 200 EAST","LOA","UT","84747","Vendor"
"V-000707","GEOSTRUCTURAL SERVICES GROUP","4711 TROUTSDALE DRIVE SUITE 202","NASHVILLE","TN","37220","Vendor"
"V-002414","J WAGGONER WELDING SERVICES","1655 CORTNER ROAD","PUEBLO","CO","81006","Vendor"
"V-002415","MADSEN MACHINE COMPANY LLC","500 39TH STREET E","TUSCALOOSA","AL","35405","Vendor"
"V-000695","GAS FIELD SPECIALISTS INC","2107 SR 44 SOUTH","SINGLEHOUSE","PA","16748","Vendor"
"V-000136","ARCOSA AGGREGATES","PO BOX 736718","DALLAS","TX","75373-6718","Vendor"
"V-002416","KAATERSKILL KAHNCRETE LLC","441 MALDEN TURNPIKE","SAUGERTIES","NY","12477","Vendor"
"V-002417","DRILLING PRODUCTS INC","250 WEST BERGER LANE","SALT LAKE CITY","UT","84107","Vendor"
"V-002418","MICHAEL CULP JR","PO BOX 441","FAIRVIEW","WV","26570","Vendor"
"V-002419","QUADIENT FINANCE USA","PO BOX 6813","CAROL STREAM","IL","60197-6813","Vendor"
"V-000082","AMBIPAR RESPONSE PERS","PERS BY AMBIPAR C/O WITT OBRIENS","DALLAS","TX","75284-5267","Vendor"
"V-002132","CASMO SERVICES LLC","PO BOX 81","HOMER CITY","PA","15748","Vendor"
"V-001120","MIDEAST TRUCK & TRACTOR","831 NASSAU ST W","EAST CANTON","OH","44730","Vendor"
"V-001673","STALLION INFRASTRUCTURE SERVICES LTD","PO BOX 842364","DALLAS","TX","75284-2364","Vendor"
"V-000436","COUNTRY INN & SUITES","STATE COLLEGE","STATE COLLEGE","PA","16801","Vendor"
"V-001103","MERCHANTS AUTOMOTIVE GROUP INC","PO BOX 414438","BOSTON","MA","02241-4438","Vendor"
"V-002331","MARYLAND DEPARTMENT OF REVENUE","PO Box 2601","Annapolis","MD","21404-2601","Vendor"
"V-000705","GEORGIA DEPARTMENT OF REVENUE","PO Box 740239","Atlanta","GA","30374-0239","Vendor"
"V-000019","A7 AUSTIN LLC DBA AUSTIN HOSE","ATTN ACCOUNTS RECEIVABLE","AMARILLO","TX","79105-9533","Vendor"
"V-002420","STONEWALL GAS GATHERING LLC","DT MIDSTREAM TREASURY DEPT","DETROIT","MI","48226","Vendor"
"V-002421","DON PARKER SALES INC","1870 BABCOCK BLVD","PITTSBURGH","PA","15209","Vendor"
"V-002422","THE PITTSBURGH PAINTS CO","PO BOX 536864","ATLANTA","GA","30353-6864","Vendor"
"V-002423","INSTRUMENT CALIBRATION SOLUTIONS LLC","1424 SCALE STREET SW","CANTON","OH","44708","Vendor"
"V-002424","COMMERCIAL BUILDERS OF WEST VIRGINIA INC","PO BOX 51694","MORGANTOWN","WV","26507","Vendor"
"V-001388","PPG ARCHITECTURAL FINISHES","PO BOX 536864","ATLANTA","GA","30353","Vendor"
"V-002426","EQUIPMENT DEPOT PENNSYLVANIA INC","741 INDEPENDENCE AVE","MECHANICSBURG","PA","17055","Vendor"
"V-002138","CIACIE ENERGY SERVICES LLC","PO BOX 773173","DETROIT","MI","48277-3173","Vendor"
"V-000868","INTERNATIONAL CONSTRUCTION EQUIPMENT INC","PO BOX 402494","ATLANTA","GA","30384-2494","Vendor"
"V-002427","PINNACLE DRILLING PRODUCTS INC","6530 INDUSTRIAL DR","SACHSE","TX","75048","Vendor"
"V-002337","PINNACLE DRILLING PRODUCTS LP","72 TECHNOLOGY WAY SE","CALGARY",,"T3S 0B9","Vendor"
"V-002428","WHITACRE REBAR","4645 REBAR AVENUE NE","CANTON","OH","44705","Vendor"
"V-002429","NEURALOG LP","4800 SUGAR GROVE BLVD","STAFFORD","TX","77477","Vendor"
"V-000969","KLX ENERGY SERVICES LLC","DEPT 730123","DALLAS","TX","75266-0919","Vendor"
"V-000787","HEAVY CONSTRUCTION","SYSTEMS SPECIALISTS INC","DALLAS","TX","75373-4695","Vendor"
"V-001292","OPERATING ENGINEERS LOCAL 37","DECISION SCIENCE INC ADMINISTRAT","BALTIMORE","MD","21222","Vendor"
"V-002047","WV UNITED HEALTH SYSTEMS","1 MEDICAL CENTER DRIVE PO Box 8114","MORGANTOWN","WV","26505-8114","Vendor"
"V-000444","CREDIT ACCEPTANCE CORP","1100 SUPERIOR AVE SUITE 100","CLEVELAND","OH","44114-2521","Vendor"
"V-002430","TAXING AUTHORITY CONSULTING SERVICES PC","PO BOX 31800","HENRICO","VA","23294-1800","Vendor"
"V-002389","ATLAS EQUIPMENT SERVICES INC","PO BOX 554","MAYFIELD","KY","42066","Vendor"
"V-002431","CRITERION INC","1715 N BROWN ROAD","LAWRENCEVILLE","GA","30043","Vendor"
"V-002212","AMERICAN FENCE CO LLC","3075 HIGHLAND PARKWAY SUITE 200","DOWNERS GROVE","IL","60515-5560","Vendor"
"V-002432","FARIS MACHINERY COMPANY LLC","5770 E 77TH AVE","COMMERCE CITY","CO","80022","Vendor"
"V-002433","STURGEON ELECTRIC COMPANY INC","22389 NETWORK PLACE","CHICAGO","IL","60673-1223","Vendor"
"V-002434","BLUE RIDGE CONSTRUCTION GROUP INC","PO BOX 117","FRENCH CREEK","WV","26218","Vendor"
"V-002435","CRANE MAN INC","5525 ELK RIVER ROAD N","ELKVIEW","WV","25071","Vendor"
"V-002436","NATIONAL PILING PRODUCTS INC","1159 ELECTRIC AVE","WAYLAND","MI","49348","Vendor"
"V-002437","AIR HYDRO POWER LLC","2550 BLANKENBAKER PKWY","LOUSIVILLE","KY","40299","Vendor"
"V-002184","DCL INTERNATIONAL INC","16347 OLD HAMMOND HWY","BATON ROUGE","LA","70816","Vendor"
"V-002438","SMITH CONCRETE","PO BOX 781744","DETROIT","MI","48278-1744","Vendor"
"V-002185","PALA INTERSTATE LLC","PO BOX 5786","HILLSBOROUGH","NJ","08844","Vendor"
"V-002439","PIRTEK","131 W OXMOOR ROAD","BIRMINGHAM","AL","35209","Vendor"
"V-002440","JEFFERY WILLIAMSON","27999 OXFORD ROAD","OXFORD","MD","21654","Vendor"
"V-002441","BREAKTHROUGH T1D","BREAKTHROUGH T1D WESTERN PA AND WV","HAGERSTOWN","MD","21741-5053","Vendor"
"V-000266","C HAUL","1666 GENES STREET","PUEBLO","CO","81006","Vendor"
"V-002297","NAMCO MACHINE & GEAR WORKS LTD","12200 MAYFIELD ROAD","CHARDON","OH","44024","Vendor"
"V-002285","FRANK CALANDRA JR FOUNDATION","ATTN ASHLEY TEDESCO","PITTSBURGH","PA","15238","Vendor"
"V-000629","FASTENAL COMPANY","PO BOX 1286","WINONA","MN","55987-1286","Vendor"
"V-002443","A&B FENCE INC","35 GLADE FORK ROAD","MANNINGTON","WV","26582","Vendor"
"V-002444","EQUIPMENT SALES COMPANY","507 1ST STREET","HUNTINGTON","WV","25701","Vendor"
"V-002445","G3 ENGINEERING INC","1153 WHITE OAK DRIVE","FOREST CITY","PA","18421-9583","Vendor"
"V-002446","ABS EQUIPMENT SERVICES LLC","411 WASHINGTON PIKE","AVELLA","PA","15312","Vendor"
"V-002447","CINCINNATI GASKET & INDUSTRIAL MANUFACTURING","40 ILLNOIS AVENUE","CINCINNATI","OH","45215","Vendor"
"V-002448","HUNTS TANK TRUCK SERVICE LLC","5740 STATE ROUTE 142","BROUGHTON","IL","62817","Vendor"
"V-001787","THE ROCK PARTS CO","150 GREYDENE AVENUE","CANON CITY","CO","81212","Vendor"
"V-002449","THE ROCK PARTS COMPANY","3639 HOPI DRIVE","PUEBLO","CO","81008","Vendor"
"V-002450","FIVE STAR EQUIPMENT INC","1300 DUNHAM DRIVE","DUNMORE","PA","18512","Vendor"
"V-001344","PEOPLES NATURAL GAS","PO BOX 644760","PITTSBURGH","PA","15264-4760","Vendor"
"V-002451","BSCS LLC","815 DAYS RUN ROAD","FAIRVIEW","WV","26570","Vendor"
"V-001135","MILLERS HARDWARE LLC","103 W MAIN STREET","MANNINGTON","WV","26582","Vendor"
"V-000710","GEXPRO","PO BOX 840638","DALLAS","TX","75284-0638","Vendor"
"V-002139","AFC INDUSTRIES INC","26571 NETWORK PLACE","CHICAGO","IL","60673-1265","Vendor"
"V-002452","OHIO POWER TOOL","999 GOODALE BLVD","COLUMBUS","OH","43212","Vendor"
"V-002453","GFT INFRASTRUCTURE INC","PO BOX 829160","PHILADELPHIA","PA","19182-9160","Vendor"
"V-002454","PENROSE STEEL & TUBING INC","5425 COUNTY ROAD 123","PENROSE","CO","81240","Vendor"
"V-002455","MASTERFLO PUMP INC","23A DEWEY LANE","GIBSONIA","PA","15044","Vendor"
"V-001883","UNIVERSAL ENTERPRISES INC","91 ROOSEVELT STREET","SHINNSTON","WV","26431","Vendor"
"V-002456","SPM OIL & GAS INC","601 HERBERT DRIVE","FORT WORTH","TX","76108","Vendor"
"V-002049","WVU ATHLETICS","MOUNTAINEER ATHLETIC CLUB","MORGANTOWN","WV","26507","Vendor"
"V-002457","SMITH EXCAVATING AND CONSTRUCTION LLC","12476 RENOVO ROAD","RENOVO","PA","17764","Vendor"
"V-002458","JD FIELDS AND COMPANY INC","2727 ALLEN PARKWAY","HOUSTON","TX","77019","Vendor"
"V-002202","1PATH MANAGED SERVICES LLC","IDEAL INTEGRATIONS LLC","PITTSBURGH","PA","15251","Vendor"
"V-000734","GREENE COUNTY TREASURER","JEANNIE HIGH - TREASURER, COUNTY OFFICE BUILDING","WAYNESBURG","PA","15370","Vendor"
"V-001723","SUSAN BATTAGLIA","TAX COLLECTOR","KITTANNING","PA","16201","Vendor"
"V-002459","GEHMAN IRON INC","314 S WATER STREET","KNOXVILLE","PA","16928","Vendor"
"V-002237","HEIDELBERG MATERIALS","PO BOX 412345","BOSTON","MA","02241-2345","Vendor"
"V-001792","THE WORKFORCE LLC","4075 MONROEVILLE BOULEVARD","MONROEVILLE","PA","15146","Vendor"
"V-002460","HARRIS OIL COMPANY INC","PO BOX 685","SPENCER","WV","25276","Vendor"
"V-002461","EASTERN SOLUTIONS LLC","PO BOX 110","SPENCER","WV","25276","Vendor"
"V-002462","CXT INCORPORATED","PO BOX 676208","DALLAS","TX","75267-6208","Vendor"
"V-002463","SHORE IRON SOLUTIONS LLC","2925 OCEAN GATEWAY","CAMBRIDGE","MD","21613","Vendor"
"V-002464","WALKER SUPPLY INC","PO BOX 791908","BALTIMORE","MD","21279-1908","Vendor"
"V-002465","ALFAB INC","PO BOX 311327","ENTERPRISE","AL","36331","Vendor"
"V-002466","BERGEY'S TRUCK PARTS INC","PO BOX 831082","PHILADELPHIA","PA","19182-1082","Vendor"
"V-002467","WORKOVER SOLUTIONS INC","PO BOX 21","IMPERIAL","PA","15126","Vendor"
"V-002468","DP CURTIS TRUCKING INC","1450 SR 118","RICHFIELD","UT","84701","Vendor"
"V-002469","CHISSY'S RECYCLING AND SOILD WASTE","PO BOX 252","BLACKSVILLE","WV","26521","Vendor"
"V-002470","PARAGON AGGREGATE PRODUCTS","PO BOX 99","NORCO","CA","92860","Vendor"
"V-002471","OLD DOMINION FREIGHT LINE INC","PO BOX 415202","BOSTON","MA","02241-5202","Vendor"
"V-002472","VIRGINIA WATER WELL ASSOCIATION","PO BOX 1170","POWHATAN","VA","23139","Vendor"
"V-002473","ARIZONA AIRCRAFT INTERIOR DESIGN. INC.","2630 N OGDEN ROAD","MESA","AZ","85215-1099","Vendor"
"V-000989","LAKECREST CONSTRUCTION LLC","PO BOX 21","BELINGTON","WV","26250","Vendor"
"V-000201","BEST WESTERN PLUS","100 LODGEVILLE ROAD","BRIDGEPORT","WV","26330","Vendor"
"V-002474","SCHROCK AG PARTS","247 WES WHITE ROAD","OAKLAND","MD","21550","Vendor"
"V-001089","MCM BUSINESS SYSTEMS","PO BOX 180255","COLUMBUS","OH","43218-0255","Vendor"
"V-000583","EMERSON LLLP","PO BOX 730156","DALLAS","TX","75373-0156","Vendor"
"V-001466","REFLEX USA LLC","1220 N 2200 W SUITE 600","SALT LAKE CITY","UT","84116","Vendor"
"V-001410","PRODUCTIVITY PLUS","CNH INDUSTRIAL ACCOUNTS","NEWARK","NJ","07101-8065","Vendor"
"V-002475","UNIVERSITY OF COLORADO HOSPITAL","PO BOX 731605","DALLAS","TX","75373","Vendor"
"V-000571","ECOPAN INC","PO BOX 209359","DALLAS","TX","75320-9359","Vendor"
"V-001642","SONESTA ESSENTIALS","15 LAWLESS ROAD","MORGANTOWN","WV","26501","Vendor"
"V-002476","WHATS SMOKIN BBQ & CATERING LLC","130 RESERVOIR HILL ROAD","JEFFERSON","PA","15344","Vendor"
"V-000208","BISHOP LIFTING PRODUCTS INC","WESTERN SLING LLC DBA BISHOP LIFTING","DALLAS","TX","75284-5524","Vendor"
"V-002140","AMRIZE CEMENT INC","26571 NETWORK PLACE","CHICAGO","IL","60673-1265","Vendor"
"V-002477","AMERICAN FRICTION LLC","PO BOX 1119","CLEVELAND","TX","77328","Vendor"
"V-002478","HAWKINS TOWING LLC","21 MORAN CIRCLE","WHITE HALL","WV","26554","Vendor"
